customerID,churn_probability,predicted_future_12_month_revenue,revenue_at_risk,priority_rank,retention_segment,recommended_action
1400-MMYXY,0.8169267186026278,1270.7462513169485,1038.106565264945,1,Critical Priority,Immediate personal call
6496-SLWHQ,0.8148667525569171,1259.941103861715,1026.684115716773,2,Critical Priority,Immediate personal call
7216-EWTRS,0.845599971486015,1209.555650315599,1022.8002234176188,3,Critical Priority,Immediate personal call
8884-ADFVN,0.8224041022094306,1223.3501134915728,1006.0881517738419,4,Critical Priority,Immediate personal call
5419-JPRRN,0.8236828937231117,1217.360807438206,1002.7192725758051,5,Critical Priority,Immediate personal call
3389-YGYAI,0.7889789173452831,1265.9515147541572,998.8090555223562,6,Critical Priority,Immediate personal call
6023-YEBUP,0.8178990396664724,1211.3629643862982,990.7726052590845,7,Critical Priority,Immediate personal call
4822-RVYBB,0.8195643441530094,1207.1463621988441,989.3341166321868,8,Critical Priority,Immediate personal call
6861-XWTWQ,0.8289386948289789,1190.9544022857658,987.2281878315894,9,Critical Priority,Immediate personal call
0781-LKXBR,0.8156807716618049,1205.9472024065465,983.6679446423666,10,Critical Priority,Immediate personal call
3606-TWKGI,0.765265917999115,1282.7448994560846,981.640953040943,11,Critical Priority,Immediate personal call
4587-VVTOX,0.7748310950625449,1263.5776117285884,979.0592245921773,12,Critical Priority,Immediate personal call
5178-LMXOP,0.855435672203444,1141.1529701417164,976.1829581001358,13,Critical Priority,Immediate personal call
9681-OXGVC,0.806863433611827,1205.972840208501,973.0553866932383,14,Critical Priority,Immediate personal call
2012-NWRPA,0.8105688711905039,1194.5644495031938,968.2767573981096,15,Critical Priority,Immediate personal call
9300-AGZNL,0.8553261177496366,1127.9481403749419,964.7635039298212,16,Critical Priority,Immediate personal call
5150-ITWWB,0.847349955424956,1138.1481529259377,964.4097866487892,17,Critical Priority,Immediate personal call
9221-OTIVJ,0.7663289895734967,1258.1566354224844,964.1619031485028,18,Critical Priority,Immediate personal call
5567-WSELE,0.8492292976753906,1135.1551270898087,964.006991331097,19,Critical Priority,Immediate personal call
9497-QCMMS,0.8564120988875543,1122.548855173974,961.3644211633643,20,Critical Priority,Immediate personal call
7450-NWRTR,0.8054044229026716,1193.3509143613733,961.1301045015973,21,Critical Priority,Immediate personal call
2720-WGKHP,0.8514941047029672,1127.9488217384146,960.4417721169181,22,Critical Priority,Immediate personal call
1875-QIVME,0.7664602675396639,1252.7862939610995,960.2109180394484,23,Critical Priority,Immediate personal call
4424-TKOPW,0.8522994210671934,1126.1490600047587,959.8161918774198,24,Critical Priority,Immediate personal call
8098-LLAZX,0.837974068496792,1145.3556795202594,959.7783586434996,25,Critical Priority,Immediate personal call
2656-TABEH,0.7982350039275871,1202.3726157623842,959.7759096655099,26,Critical Priority,Immediate personal call
7024-OHCCK,0.8487527171970173,1126.156858300984,955.8286934730164,27,Critical Priority,Immediate personal call
2446-BEGGB,0.8094060803153958,1178.9577322351095,954.255556905948,28,Critical Priority,Immediate personal call
0295-PPHDO,0.8324001589989375,1145.3664020932367,953.4031752144513,29,Critical Priority,Immediate personal call
1374-DMZUI,0.8418983787683136,1131.5575062288972,952.6564299772245,30,Critical Priority,Immediate personal call
9305-CDSKC,0.7964943558775639,1195.7762344748692,952.4290216517597,31,Critical Priority,Immediate personal call
2027-FECZV,0.7437042826619493,1280.365100740691,952.2130087917502,32,Critical Priority,Immediate personal call
3902-FOIGH,0.7816532637236554,1216.1556750019079,950.6120525612864,33,Critical Priority,Immediate personal call
0107-YHINA,0.7937301422226417,1196.9671584106738,950.0689128811355,34,Critical Priority,Immediate personal call
2968-SSGAA,0.7856745951229586,1207.1760881816354,948.4475843242233,35,Critical Priority,Immediate personal call
3158-MOERK,0.8230717338965705,1151.974008109673,948.1572442586105,36,Critical Priority,Immediate personal call
9057-SIHCH,0.8177923954000406,1159.1737364077694,947.9634665817249,37,Critical Priority,Immediate personal call
1455-UGQVH,0.7989817999076765,1181.9782026675248,944.3790718189393,38,Critical Priority,Immediate personal call
4910-GMJOT,0.8316462558996515,1135.1755505654114,944.0644964165499,39,Critical Priority,Immediate personal call
3292-PBZEJ,0.7060013053380377,1336.751504453482,943.7483070567441,40,Critical Priority,Immediate personal call
7851-WZEKY,0.8262291271977859,1141.7753582856226,943.3680577322692,41,Critical Priority,Immediate personal call
3049-SOLAY,0.8251720188004702,1142.3825372802785,942.6621045299707,42,Critical Priority,Immediate personal call
4078-SAYYN,0.7792546884023581,1208.9765312787642,942.1006301673972,43,Critical Priority,Immediate personal call
1075-BGWOH,0.7928928808777109,1184.9613287781674,939.5474017036015,44,Critical Priority,Immediate personal call
8149-RSOUN,0.8336905992092197,1126.1767418971317,938.8829627677065,45,Critical Priority,Immediate personal call
0897-FEGMU,0.7844780918966561,1193.985093884929,936.6551482038989,46,Critical Priority,Immediate personal call
3811-VBYBZ,0.7801656138714436,1197.5687181764224,934.3019341693464,47,Critical Priority,Immediate personal call
2660-EMUBI,0.8142707523293263,1144.1521282491,931.6496142485946,48,Critical Priority,Immediate personal call
0680-DFNNY,0.7652408707179825,1213.1774795349247,928.3729907747532,49,Critical Priority,Immediate personal call
2265-CYWIV,0.7766221985030216,1195.1516093725063,928.1812704153003,50,Critical Priority,Immediate personal call
3621-CEOVK,0.7701783035230553,1202.3666627337163,926.0367165169312,51,Critical Priority,Immediate personal call
6688-UZPWD,0.7555550807992478,1223.9823244067898,924.7860640140232,52,Critical Priority,Immediate personal call
5956-YHHRX,0.7376705335476931,1252.1544008917156,923.6774049898838,53,Critical Priority,Immediate personal call
9061-TIHDA,0.8064129673410544,1142.9609082370455,921.6984975662624,54,Critical Priority,Immediate personal call
8118-LSUEL,0.7191570317286262,1276.752507311959,918.1855434105496,55,Critical Priority,Immediate personal call
8161-QYMTT,0.812101613894811,1129.1726346711696,917.0029189823126,56,Critical Priority,Immediate personal call
3793-MMFUH,0.802054041697681,1140.5624471684318,914.7927205600386,57,Critical Priority,Immediate personal call
5299-SJCZT,0.7500106024925778,1218.5519901400396,913.9269122934608,58,Critical Priority,Immediate personal call
4626-GYCZP,0.8105774646326346,1126.173031781743,912.8504808392927,59,Critical Priority,Immediate personal call
0564-JJHGS,0.7964014618659563,1145.9717735789038,912.6535957353617,60,Critical Priority,Immediate personal call
3320-VEOYC,0.7951093189403892,1147.1544565924178,912.1131987006295,61,Critical Priority,Immediate personal call
5052-PNLOS,0.7213545633342735,1264.1510916856505,911.9011587314476,62,Critical Priority,Immediate personal call
0702-PGIBZ,0.7471334732268563,1220.3673066662145,911.7772644420329,63,Critical Priority,Immediate personal call
7234-FECYN,0.7492562875573754,1216.1445130687537,911.2039229951664,64,Critical Priority,Immediate personal call
7943-RQCHR,0.7974716171319401,1136.9807632068494,906.7098878824737,65,Critical Priority,Immediate personal call
8245-UMPYT,0.7836290502375082,1156.7623468617535,906.4725792217869,66,Critical Priority,Immediate personal call
0365-BZUWY,0.7365375154976025,1230.5816766468715,906.3695707343608,67,Critical Priority,Immediate personal call
6683-VLCTZ,0.7649112223850895,1182.5577948672196,904.5517284129008,68,Critical Priority,Immediate personal call
6350-XFYGW,0.7953246210302998,1136.9523193024304,904.2461724787258,69,Critical Priority,Immediate personal call
5565-FILXA,0.7824654548102712,1153.762743972327,902.7794902054533,70,Critical Priority,Immediate personal call
6734-GMPVK,0.7138400541279809,1263.5540989209976,901.975526367397,71,Critical Priority,Immediate personal call
3319-DWOEP,0.7846914736104407,1148.9586706403798,901.5780723822926,72,Critical Priority,Immediate personal call
6521-YYTYI,0.804961010896512,1119.5734678647368,901.212990465312,73,Critical Priority,Immediate personal call
7526-BEZQB,0.781401429757639,1152.5729440260607,900.622146361935,74,Critical Priority,Immediate personal call
6892-XPFPU,0.7197975498076289,1250.963180879661,900.4402324967376,75,Critical Priority,Immediate personal call
5995-SNNEW,0.7177904370978794,1253.3621818277295,899.6513883360777,76,Critical Priority,Immediate personal call
6615-NGGZJ,0.7439286295775841,1206.5722963890114,897.6036749389559,77,Critical Priority,Immediate personal call
2982-VPSGI,0.7940698325012421,1127.9898943188127,895.7027464448333,78,Critical Priority,Immediate personal call
7225-CBZPL,0.7872756559102023,1137.5643484899688,895.5767185975021,79,Critical Priority,Immediate personal call
6108-OQZDQ,0.7617874449599121,1175.387638674339,895.3955461031892,80,Critical Priority,Immediate personal call
1658-BYGOY,0.7799853882693516,1145.357420312653,893.3620521897475,81,Critical Priority,Immediate personal call
0754-UKWQP,0.7755182879600158,1150.1697742485821,891.9776941886182,82,Critical Priority,Immediate personal call
7181-BQYBV,0.7248590854065126,1229.3731898004721,891.1223259820572,83,Critical Priority,Immediate personal call
5935-FCCNB,0.7834804938881302,1130.3665227982724,885.6201215565989,84,Critical Priority,Immediate personal call
3957-LXOLK,0.6947321465110322,1273.7641095361214,884.9248739667431,85,Valuable but Stable,Maintain relationship
7145-FEJWU,0.7003002212870706,1263.578773476696,884.8844946793754,86,Critical Priority,Immediate personal call
3988-RQIXO,0.805949349636739,1095.5596176354188,882.9655613215402,87,Critical Priority,Immediate personal call
3643-AHCFP,0.7694056122848764,1147.1462429205237,882.620757414561,88,Critical Priority,Immediate personal call
5519-NPHVG,0.7799372560808778,1130.3836809405293,881.6283464313589,89,Critical Priority,Immediate personal call
3452-GWUIN,0.7733065232179651,1139.3732712467954,881.0847830353389,90,Critical Priority,Immediate personal call
7668-XCFYV,0.7929190115320409,1110.575720781355,880.5966027534358,91,Critical Priority,Immediate personal call
1626-ERCMM,0.7752352524336953,1134.5667896909604,879.556171608959,92,Critical Priority,Immediate personal call
9094-AZPHK,0.7313982359109839,1201.7814114256269,878.9808042673158,93,Critical Priority,Immediate personal call
3178-FESZO,0.7301243999549817,1202.9762716211117,878.3223284774452,94,Critical Priority,Immediate personal call
3473-XIIIT,0.7317933736820376,1199.9889081087413,878.1439314459203,95,Critical Priority,Immediate personal call
8510-AWCXC,0.7237357237931747,1209.5492584597112,875.3940080348368,96,Critical Priority,Immediate personal call
4298-OYIFC,0.7040426689226408,1241.3888624101994,873.9907278621176,97,Critical Priority,Immediate personal call
0655-RBDUG,0.7426694053884387,1176.5602751419588,873.7953199433364,98,Critical Priority,Immediate personal call
9809-IMGCQ,0.7528153011830581,1160.3581602136767,873.5353778614782,99,Critical Priority,Immediate personal call
3068-OMWZA,0.8197229207844511,1065.5545524016136,873.4594899498192,100,Critical Priority,Immediate personal call
4192-GORJT,0.7696636674948292,1133.3806192115094,872.3218840498907,101,Critical Priority,Immediate personal call
0916-QOFDP,0.7580075915617968,1149.5721648740505,871.3844280226598,102,Critical Priority,Immediate personal call
7398-SKNQZ,0.7649856894922683,1138.7745577183712,871.1462402124411,103,Critical Priority,Immediate personal call
8625-AZYZY,0.6930182545335324,1255.783110462364,870.2806192853176,104,Valuable but Stable,Maintain relationship
4597-NUCQV,0.7162005877445556,1214.9574331545127,870.1532277098787,105,Critical Priority,Immediate personal call
1415-YFWLT,0.8119954755869254,1071.5627945200065,870.1041409575275,106,Critical Priority,Immediate personal call
0236-HFWSV,0.7760816590741721,1120.179276910672,869.3505916853408,107,Critical Priority,Immediate personal call
2430-USGXP,0.7169251233005792,1212.5836912282944,869.3317123461164,108,Critical Priority,Immediate personal call
4021-RQSNY,0.7333921091441872,1181.9705836138867,866.8478992629742,109,Critical Priority,Immediate personal call
8414-MYSHR,0.7897053567684194,1096.7543859488555,866.1128136430697,110,Critical Priority,Immediate personal call
1450-GALXR,0.7325122172856449,1181.9906036263853,865.8225578731613,111,Critical Priority,Immediate personal call
5380-AFSSK,0.7665707401902219,1126.784100235004,863.7597217517201,112,Critical Priority,Immediate personal call
4695-WJZUE,0.8127780785391027,1062.5632095628846,863.6280837948632,113,Critical Priority,Immediate personal call
4927-WWOOZ,0.7869695359728196,1097.378166405926,863.6031864031753,114,Critical Priority,Immediate personal call
5883-GTGVD,0.7196702669024072,1199.3766562717515,863.1557183356081,115,Critical Priority,Immediate personal call
6210-KBBPI,0.7232448437241088,1193.3546300268831,863.0875829012348,116,Critical Priority,Immediate personal call
8775-LHDJH,0.793403948089632,1087.1672701826028,862.5628043967047,117,Critical Priority,Immediate personal call
4094-NSEDU,0.7624035720792013,1130.9691688300488,862.2549342274745,118,Critical Priority,Immediate personal call
3096-GKWEB,0.7580798698183979,1136.9856742351767,861.9259519095862,119,Critical Priority,Immediate personal call
2725-KXXWT,0.791367945627215,1088.9798349953735,861.7837348497524,120,Critical Priority,Immediate personal call
5955-ERIHD,0.7580969993544084,1136.3857536572914,861.4906299566906,121,Critical Priority,Immediate personal call
4145-UQXUQ,0.778233819202741,1105.167052424625,860.0783760654517,122,Critical Priority,Immediate personal call
0880-TKATG,0.7073462685390401,1213.7650996405832,858.5522141136828,123,Critical Priority,Immediate personal call
2865-TCHJW,0.8008061625300215,1070.3637594113397,857.1538946854021,124,Critical Priority,Immediate personal call
7274-RTAPZ,0.7882982464673776,1086.5735756305346,856.5440443273388,125,Critical Priority,Immediate personal call
3387-VATUS,0.7523837096158681,1138.1600594316214,856.3330876517803,126,Critical Priority,Immediate personal call
1273-MTETI,0.8029759499558113,1066.164095757142,856.1041275993697,127,Critical Priority,Immediate personal call
9546-CQJSU,0.7804584824504464,1096.7794670709684,855.9908384530173,128,Critical Priority,Immediate personal call
1724-BQUHA,0.7969100620408508,1073.9574039892136,855.8474614422753,129,Critical Priority,Immediate personal call
7392-YYPYJ,0.7083191912643657,1207.777588452564,855.492044679946,130,Critical Priority,Immediate personal call
9290-SHCMB,0.7356455882152495,1162.1629141410933,854.9400205752731,131,Critical Priority,Immediate personal call
8357-EQXFO,0.7465032417392864,1144.1817735833179,854.135403118953,132,Critical Priority,Immediate personal call
8313-NDOIA,0.6832808128842228,1249.7851259264385,853.9541967736277,133,Valuable but Stable,Maintain relationship
3318-NMQXL,0.7729298432118699,1103.9726351161542,853.2933957705238,134,Critical Priority,Immediate personal call
3027-ZTDHO,0.79041261362034,1078.7746081180258,852.6770575098268,135,Critical Priority,Immediate personal call
0011-IGKFF,0.7246659575647688,1175.9650038158552,852.1818055528737,136,Critical Priority,Immediate personal call
7969-AULMZ,0.7294271719654802,1168.1848096185586,852.1057420130982,137,Critical Priority,Immediate personal call
4060-LDNLU,0.7379095587662134,1154.3608428477573,851.8139002027829,138,Critical Priority,Immediate personal call
7079-QRCBC,0.7178588556920306,1184.9885658884975,850.6545359168572,139,Critical Priority,Immediate personal call
0970-ETWGE,0.7915446743324337,1074.5751640728283,850.5742482917484,140,Critical Priority,Immediate personal call
9944-HKVVB,0.7451371728525847,1141.1806468675957,850.3361209210041,141,Critical Priority,Immediate personal call
9172-ANCRX,0.717956862809354,1184.3711150577303,850.3273701688645,142,Critical Priority,Immediate personal call
0871-URUWO,0.6928323087073491,1226.9788482276745,850.0905881526638,143,Valuable but Stable,Maintain relationship
9134-CEQMF,0.7914333209661056,1073.9653437694567,849.9719586219665,144,Critical Priority,Immediate personal call
2107-FBPTK,0.6802075841752336,1249.168728569769,849.6940430876907,145,Valuable but Stable,Maintain relationship
4826-XTSOH,0.8226678436277569,1032.5615616724874,849.4551933540143,146,Critical Priority,Immediate personal call
6326-MTTXK,0.7017102968429766,1210.1592755808913,849.1812244951487,147,Critical Priority,Immediate personal call
0325-XBFAC,0.7469517055841528,1136.3756891380567,848.8177591860385,148,Critical Priority,Immediate personal call
7577-SWIFR,0.7925114218468452,1070.9756406055167,848.7604276996138,149,Critical Priority,Immediate personal call
2462-XIIJB,0.764189668236845,1109.9719655786384,848.2291081277384,150,Critical Priority,Immediate personal call
1455-ESIQH,0.7929935529525443,1069.1758788718605,847.8495789177557,151,Critical Priority,Immediate personal call
4847-TAJYI,0.7888404220252963,1072.1661219152554,845.7679760928553,152,Critical Priority,Immediate personal call
9189-JWSHV,0.7533265917801851,1122.5789018833702,845.6685381601421,153,Critical Priority,Immediate personal call
2034-GDRCN,0.7794958043628232,1084.7822935565766,845.5832464744319,154,Critical Priority,Immediate personal call
6328-ZPBGN,0.7402889648714549,1141.7509044163746,845.2255951714454,155,Critical Priority,Immediate personal call
7029-RPUAV,0.7011057044315772,1205.3638679180735,845.0874837130715,156,Critical Priority,Immediate personal call
0187-QSXOE,0.7903966443463525,1067.9661379906036,844.1168517433067,157,Critical Priority,Immediate personal call
7548-SEPYI,0.7301817486605556,1154.9801828859036,843.3454496079174,158,Critical Priority,Immediate personal call
3722-WPXTK,0.7953917845350764,1060.177070203581,843.2561317923953,159,Critical Priority,Immediate personal call
2081-VEYEH,0.6508185402613131,1295.3714888012926,843.0517814377812,160,Valuable but Stable,Maintain relationship
7209-JCUDS,0.7402759968422764,1138.7767341765434,843.0090820733327,161,Critical Priority,Immediate personal call
1309-BXVOQ,0.6619763994553456,1273.1887412189574,842.8208987392092,162,Valuable but Stable,Maintain relationship
8168-UQWWF,0.7168176921981746,1174.1711165805336,841.666630033012,163,Critical Priority,Immediate personal call
2454-RPBRZ,0.7145199550066086,1177.1667878623318,841.1091602986673,164,Critical Priority,Immediate personal call
2612-RANWT,0.699737103278744,1201.768144526731,840.9217602638058,165,Valuable but Stable,Maintain relationship
9330-IJWIO,0.6979569524631909,1204.1705382183638,840.4591991008496,166,Valuable but Stable,Maintain relationship
5192-EBGOV,0.8171186089674103,1028.3633388702178,840.294820970714,167,Critical Priority,Immediate personal call
3629-ZNKXA,0.6867020948242941,1221.5551161357323,838.8444571937413,168,Valuable but Stable,Maintain relationship
8868-WOZGU,0.6610817544516215,1268.3775909985488,838.5012831644419,169,Valuable but Stable,Maintain relationship
8087-LGYHQ,0.7428705052424889,1128.5774029890204,838.3868655637095,170,Critical Priority,Immediate personal call
9025-AOMKI,0.7467283435290479,1122.5706040663013,838.2552876688319,171,Critical Priority,Immediate personal call
5382-SOYZL,0.7344890346002609,1141.1812666809672,838.1851268684065,172,Critical Priority,Immediate personal call
1624-NALOJ,0.7778440972711839,1077.5566714318059,838.1710963484147,173,Critical Priority,Immediate personal call
8337-UPOAQ,0.7773657361588725,1077.5654536748718,837.6624621553361,174,Critical Priority,Immediate personal call
4929-XIHVW,0.7306060120336919,1145.960900425395,837.2459234063366,175,Critical Priority,Immediate personal call
7938-OUHIO,0.7064000523427375,1184.3810442661827,836.6468316633776,176,Critical Priority,Immediate personal call
4132-KALRO,0.6911604706689348,1210.1874949122544,836.4337585812128,177,Valuable but Stable,Maintain relationship
5760-IFJOZ,0.6456418051211669,1295.3532391280696,836.3342035801974,178,Valuable but Stable,Maintain relationship
6969-MVBAI,0.7734065876785355,1081.165736630639,836.1807030824527,179,Critical Priority,Immediate personal call
1069-XAIEM,0.8191263111395242,1020.5641517487081,835.9709489031568,180,Critical Priority,Immediate personal call
4735-ASGMA,0.7083220737290985,1180.1827656961354,835.9495039772295,181,Critical Priority,Immediate personal call
4115-NZRKS,0.781232820178386,1069.767120967187,835.7371848473082,182,Critical Priority,Immediate personal call
5293-WXJAK,0.6691037474922095,1248.5623960466544,835.4177781726687,183,Valuable but Stable,Maintain relationship
9919-KNPOO,0.7380110669540563,1131.5962314208523,835.1305421120924,184,Critical Priority,Immediate personal call
5277-ZLOOR,0.8134324750144799,1026.5642585000346,835.0407055530875,185,Critical Priority,Immediate personal call
9611-CTWIH,0.7768483579991972,1073.3844839402284,833.8569738507821,186,Critical Priority,Immediate personal call
0094-OIFMO,0.7312373056445601,1139.9656916599868,833.5854408966861,187,Critical Priority,Immediate personal call
0115-TFERT,0.6244532528207623,1334.3857777895864,833.2615394584701,188,Valuable but Stable,Maintain relationship
7402-EYFXX,0.7399630754975001,1123.1658098386783,831.1012269418687,189,Critical Priority,Immediate personal call
6215-NQCPY,0.6939353446696347,1196.3651351365752,830.2000524017334,190,Valuable but Stable,Maintain relationship
7228-OMTPN,0.7804372413305853,1061.3789554497698,828.3396639975566,191,Critical Priority,Immediate personal call
5698-BQJOH,0.7304738191235749,1132.772863067057,827.4609194841395,192,Critical Priority,Immediate personal call
4445-ZJNMU,0.6937130865118238,1191.5754332528477,826.6114716134967,193,Valuable but Stable,Maintain relationship
8603-IJWDN,0.7951478556084864,1039.1744563265481,826.2973405511694,194,Critical Priority,Immediate personal call
2545-EBUPK,0.8179640616702422,1008.5664215544747,824.9710866389198,195,Critical Priority,Immediate personal call
2645-QTLMB,0.7294052104462436,1130.9769242012114,824.94046140683,196,Critical Priority,Immediate personal call
3001-UNBTL,0.6610362445257196,1247.3655772239545,824.5538567187793,197,Valuable but Stable,Maintain relationship
6851-WEFYX,0.6816842057389048,1209.5710183774477,824.5454589474286,198,Valuable but Stable,Maintain relationship
2985-FMWYF,0.7344324720920764,1121.9922878483353,824.0275696326975,199,Critical Priority,Immediate personal call
4958-XCBDQ,0.6771232112607538,1216.7634882587738,823.8988005146174,200,Valuable but Stable,Maintain relationship
6030-REHUX,0.6193739327704868,1330.178336625303,823.8777876417184,201,Valuable but Stable,Maintain relationship
1579-KLYDT,0.7590049854467867,1085.376584612286,823.8062388079312,202,Critical Priority,Immediate personal call
6892-EZDTG,0.7483145966665156,1099.7882113682335,822.9875718086082,203,Critical Priority,Immediate personal call
2672-HUYVI,0.7524822158563836,1093.183907100862,822.6014487537956,204,Critical Priority,Immediate personal call
2754-SDJRD,0.6844112589401515,1201.7706131383675,822.5053382953079,205,Valuable but Stable,Maintain relationship
1567-DSCIC,0.7289703363817971,1127.976764631943,822.2616015445986,206,Critical Priority,Immediate personal call
1393-IMKZG,0.7134865590846087,1150.1880708972676,820.6437290046554,207,Critical Priority,Immediate personal call
2180-DXNEG,0.7120905854924865,1151.984147913191,820.3170663655674,208,Critical Priority,Immediate personal call
2990-HWIML,0.7632045801325902,1073.986448608532,819.6713765783663,209,Critical Priority,Immediate personal call
9360-OMDZZ,0.7256387754870045,1129.1842178502066,819.3798531400748,210,Critical Priority,Immediate personal call
4750-ZRXIU,0.806925890973753,1015.1669106381586,819.1644638537684,211,Critical Priority,Immediate personal call
9253-QXKBE,0.7223980320087088,1133.3730808064447,818.746483106223,212,Critical Priority,Immediate personal call
3006-XIMLN,0.7242346636517143,1130.370496745488,818.6534965122897,213,Critical Priority,Immediate personal call
5519-YLDGW,0.655832928088517,1246.7808632080328,817.6799442024529,214,Valuable but Stable,Maintain relationship
1960-UYCNN,0.7151695410261801,1142.975922197021,817.4215656816184,215,Critical Priority,Immediate personal call
6474-FVJLC,0.7917445435337728,1031.9760907553973,817.0614389128993,216,Critical Priority,Immediate personal call
7218-HKQFK,0.722157144583913,1130.3901519475976,816.3193243962526,217,Critical Priority,Immediate personal call
7156-MHUGY,0.751606226973763,1085.961266454702,816.2152501196678,218,Critical Priority,Immediate personal call
0684-AOSIH,0.7157792898990458,1139.9690289500936,815.9662220488028,219,Critical Priority,Immediate personal call
2371-JQHZZ,0.731021656932002,1115.9925421900273,815.814717315511,220,Critical Priority,Immediate personal call
0259-GBZSH,0.7933543545488719,1027.7768663192007,815.3912523989318,221,Critical Priority,Immediate personal call
4228-ZGYUW,0.7544178906639046,1080.57615791738,815.2059857577361,222,Critical Priority,Immediate personal call
3338-CVVEH,0.7183422419003676,1134.5668705949058,815.0073094090288,223,Critical Priority,Immediate personal call
1941-HOSAM,0.75374858709962,1081.184518103433,814.9413029144462,224,Critical Priority,Immediate personal call
6857-VWJDT,0.7098638014598652,1147.7701389125036,814.7604740105473,225,Critical Priority,Immediate personal call
2369-UAPKZ,0.651778314273711,1249.160717357846,814.1758666164363,226,Valuable but Stable,Maintain relationship
9725-SCPZG,0.7468018905844553,1090.176749718415,814.146057760929,227,Critical Priority,Immediate personal call
1254-IZEYF,0.6780990805291601,1199.372065970029,813.2930951466359,228,Valuable but Stable,Maintain relationship
5419-CONWX,0.6788403790945762,1197.561791719732,812.9533006802027,229,Valuable but Stable,Maintain relationship
6543-XRMYR,0.6793474636501293,1196.3717817171298,812.7521354921183,230,Valuable but Stable,Maintain relationship
9282-IZGQK,0.796655053265659,1019.9847961304433,812.5760420914606,231,Critical Priority,Immediate personal call
8111-SLLHI,0.640543215213689,1267.771177512541,812.0622261991274,232,Valuable but Stable,Maintain relationship
6630-UJZMY,0.8125545738174669,998.9758516975533,811.7223974300464,233,Critical Priority,Immediate personal call
1143-NMNQJ,0.7892439300150823,1028.3843655843107,811.6461182598285,234,Critical Priority,Immediate personal call
6029-WTIPC,0.6685574112847695,1213.1653275184071,811.0706708261458,235,Valuable but Stable,Maintain relationship
7028-DVOIQ,0.6822844128450822,1188.567221098164,810.9408885738719,236,Valuable but Stable,Maintain relationship
4912-PIGUY,0.7977945406227372,1015.1856511163613,809.9095701791719,237,Critical Priority,Immediate personal call
2809-ZMYOQ,0.6656597889674567,1216.1898868463156,809.5687034224735,238,Valuable but Stable,Maintain relationship
0722-SVSFK,0.6716750540517045,1204.7888676643995,809.2266278093773,239,Valuable but Stable,Maintain relationship
0196-VULGZ,0.7993917742925727,1012.1752475289752,809.1245670172115,240,Critical Priority,Immediate personal call
5299-RULOA,0.672522010802282,1202.9788806460413,809.029775764754,241,Valuable but Stable,Maintain relationship
3992-YWPKO,0.613085935498213,1318.7834016837373,808.5275555407898,242,Valuable but Stable,Maintain relationship
8972-HJWNV,0.7968982229014989,1014.5756112039892,808.513501567661,243,Critical Priority,Immediate personal call
8593-WHYHV,0.7894040253416005,1023.5778840284756,808.0165019027165,244,Critical Priority,Immediate personal call
7330-WZLNC,0.7415368257888635,1089.583665854358,807.9664130090343,245,Critical Priority,Immediate personal call
6356-ELRKD,0.7042156362241596,1147.1692971276448,807.8545564335664,246,Critical Priority,Immediate personal call
3393-FMZPV,0.6715367293284591,1202.988066216125,807.8506714079443,247,Valuable but Stable,Maintain relationship
1389-CXMLU,0.7390946936819306,1092.5438850388027,807.4933880468203,248,Critical Priority,Immediate personal call
3045-XETSH,0.7091107163448414,1138.1843558701635,807.0987239235834,249,Critical Priority,Immediate personal call
7779-LGOVN,0.7761714312324738,1039.7665212693655,807.0370689612538,250,Critical Priority,Immediate personal call
1583-IHQZE,0.5952421503862222,1355.3750009971159,806.7763301732513,251,Valuable but Stable,Maintain relationship
7780-OTDSO,0.6759699076943921,1192.7742328129793,806.279488054839,252,Valuable but Stable,Maintain relationship
2357-COQEK,0.6503660467442474,1239.5786146849962,806.1798432613916,253,Valuable but Stable,Maintain relationship
2205-YMZZJ,0.792201930703063,1017.5610583528935,806.1138350354144,254,Critical Priority,Immediate personal call
9223-UCPVT,0.7110411412774881,1132.7707383280654,805.4465985865304,255,Critical Priority,Immediate personal call
5349-IECLD,0.7068313950765666,1139.3627477520513,805.3373604918526,256,Critical Priority,Immediate personal call
6100-QQHEB,0.7249077408466428,1110.5921380653187,805.076837806973,257,Critical Priority,Immediate personal call
9402-ORRAH,0.7329234820376739,1097.9688390355789,804.7271446748188,258,Critical Priority,Immediate personal call
8622-ZLFKO,0.7389443467388245,1088.990784084243,804.7035835497311,259,Critical Priority,Immediate personal call
4951-UKAAQ,0.7538281812409087,1067.3857035001283,804.6254235520495,260,Critical Priority,Immediate personal call
0697-ZMSWS,0.7825675478918772,1027.7780094371458,804.3057166224219,261,Critical Priority,Immediate personal call
5168-MSWXT,0.707029821897218,1136.9858373898082,803.8828941093753,262,Critical Priority,Immediate personal call
3489-HHPFY,0.7968216401836646,1008.5937831763933,803.6693525896611,263,Critical Priority,Immediate personal call
2439-LYPMQ,0.6516019588408122,1231.1753408980642,802.2362638056833,264,Valuable but Stable,Maintain relationship
4273-MBHYA,0.7481839023702891,1072.186930678081,802.1930018651492,265,Critical Priority,Immediate personal call
3663-MITLP,0.6596635330106798,1214.9829903078942,801.4799719343861,266,Valuable but Stable,Maintain relationship
8397-MVTAZ,0.666108468836489,1200.5920933053158,799.724560968799,267,Valuable but Stable,Maintain relationship
7488-MXJIV,0.7779878376205225,1027.7860273423712,799.6050289486785,268,Critical Priority,Immediate personal call
6583-KQJLK,0.7038089179608211,1135.7755501219783,799.3689609777059,269,Critical Priority,Immediate personal call
2642-DTVCO,0.7821588582018719,1020.5618043602651,798.2414556228672,270,Critical Priority,Immediate personal call
0306-JAELE,0.6917799681470562,1153.18260094436,797.7486229490288,271,Valuable but Stable,Maintain relationship
2929-ERCFZ,0.705554549762283,1130.394509329295,797.5549890835877,272,Critical Priority,Immediate personal call
8780-IXSTS,0.7373467912447857,1081.1854591274364,797.2086290281356,273,Critical Priority,Immediate personal call
3462-BJQQA,0.740056570146586,1076.9860150822394,797.0305764176014,274,Critical Priority,Immediate personal call
3398-FSHON,0.7273543475787955,1095.5670762179,796.8654759512791,275,Critical Priority,Immediate personal call
4112-LUEIZ,0.7419221361379855,1073.981375766198,796.8105564808701,276,Critical Priority,Immediate personal call
3097-NQYSN,0.764065240960255,1042.165684588221,796.2825749154082,277,Critical Priority,Immediate personal call
0329-GTIAJ,0.6775667726555546,1174.7913149438382,795.9995598102718,278,Valuable but Stable,Maintain relationship
5244-IRFIH,0.7017831034680118,1133.975726838221,795.805004837921,279,Critical Priority,Immediate personal call
5383-MMTWC,0.7891462759512325,1007.9771662107236,795.4414269590691,280,Critical Priority,Immediate personal call
9451-LPGOO,0.7631807461058895,1041.578226818926,794.9124482713173,281,Critical Priority,Immediate personal call
9547-ITEFG,0.6453855077032239,1231.1843550658764,794.5885400704569,282,Valuable but Stable,Maintain relationship
4548-SDBKE,0.7767974366454302,1022.3874235048762,794.1879298371138,283,Critical Priority,Immediate personal call
3001-CBHLQ,0.6308486788512657,1258.7775773882897,794.0981716629994,284,Valuable but Stable,Maintain relationship
9965-YOKZB,0.7878380876560711,1006.1637104910176,792.6940935421801,285,Critical Priority,Immediate personal call
0420-HLGXF,0.6618472199309986,1196.9766329386746,792.2156568328292,286,Valuable but Stable,Maintain relationship
1104-TNLZA,0.623840863560404,1269.5746239639295,792.012529768033,287,Valuable but Stable,Maintain relationship
1925-TIBLE,0.7626301311707441,1037.9932983101373,791.6049652446134,288,Critical Priority,Immediate personal call
8058-JMEQO,0.7810460348097508,1013.3705557218665,791.4890543395175,289,Critical Priority,Immediate personal call
5219-YIPTK,0.6316167098911777,1252.7974381404174,791.2877960383466,290,Valuable but Stable,Maintain relationship
6986-IXNDM,0.7097548318005774,1114.7787005162902,791.2195690798059,291,Critical Priority,Immediate personal call
6116-RFVHN,0.656079476392667,1205.3992562246233,790.837712867961,292,Valuable but Stable,Maintain relationship
2845-AFFTX,0.6602878898970798,1197.576695000578,790.7453889318502,293,Valuable but Stable,Maintain relationship
1173-XZPYF,0.7384374271744714,1070.3890939152695,790.4153685864053,294,Critical Priority,Immediate personal call
3318-OSATS,0.6893621393212087,1145.36900349169,789.5740265592324,295,Valuable but Stable,Maintain relationship
5380-WJKOV,0.6180638031679162,1276.1806466918945,788.761064023683,296,Valuable but Stable,Maintain relationship
6979-ZNSFF,0.7547446311507299,1044.5865289770509,788.3960745178055,297,Critical Priority,Immediate personal call
8290-YWKHZ,0.7048366576779204,1118.3849087459553,788.2786810779251,298,Critical Priority,Immediate personal call
5348-CAGXB,0.7329351157421355,1074.5814210277142,787.5984581952962,299,Critical Priority,Immediate personal call
5229-PRWKT,0.7560720196600964,1038.579305292972,785.2407529300373,300,Critical Priority,Immediate personal call
8739-XNIKG,0.7789389563508948,1007.9893296356287,785.1621564392148,301,Critical Priority,Immediate personal call
1195-OIYEJ,0.7180025749771878,1093.180878348946,784.906685570367,302,Critical Priority,Immediate personal call
1465-VINDH,0.6399106185098724,1225.193628946721,784.0144128936513,303,Valuable but Stable,Maintain relationship
7892-POOKP,0.6230991971354414,1257.6033740344737,783.6116526757028,304,Valuable but Stable,Maintain relationship
2034-CGRHZ,0.6335317654078026,1235.3632269296781,782.6418460766389,305,Valuable but Stable,Maintain relationship
9279-CJEOJ,0.6835917060891257,1144.7573209405286,782.5466100797528,306,Valuable but Stable,Maintain relationship
3217-FZDMN,0.6895929151989942,1133.3678777135676,781.5624587853963,307,Valuable but Stable,Maintain relationship
8382-SHQEH,0.7668228733860603,1018.7963015722797,781.2363073667467,308,Critical Priority,Immediate personal call
6230-BSUXY,0.7656068349795241,1019.9675573396132,780.8941333565775,309,Critical Priority,Immediate personal call
0480-BIXDE,0.6710447769822723,1161.594223756963,779.4817368248869,310,Valuable but Stable,Maintain relationship
3727-RJMEO,0.783164946056888,994.1906164648117,778.6152405139285,311,Critical Priority,Immediate personal call
9874-QLCLH,0.6219647473804425,1250.3813118420221,777.6930967490496,312,Valuable but Stable,Maintain relationship
0939-YAPAF,0.646232510633824,1202.9936782232571,777.4136249548341,313,Valuable but Stable,Maintain relationship
4140-MUHUG,0.7457485368251658,1042.1662010573157,777.1939195671348,314,Critical Priority,Immediate personal call
5797-APWZC,0.7147646621874262,1087.1728384100497,777.0727265855045,315,Critical Priority,Immediate personal call
7294-TMAOP,0.7149640470836088,1086.5729178321644,776.8605707847298,316,Critical Priority,Immediate personal call
1866-RZZQS,0.6578316797442867,1180.7723417664915,776.7494529798461,317,Valuable but Stable,Maintain relationship
1571-SAVHK,0.6473839027926493,1199.3865771218757,776.4635632542768,318,Valuable but Stable,Maintain relationship
2215-ZAFGX,0.7563855195151417,1025.9818741298538,776.0378328768281,319,Critical Priority,Immediate personal call
4817-VYYWS,0.6453615343042907,1202.3915524556035,775.9772571272663,320,Valuable but Stable,Maintain relationship
3874-EQOEP,0.679929314696628,1139.9674612846059,775.0972947276969,321,Valuable but Stable,Maintain relationship
8413-VONUO,0.6747325487911967,1147.7628374700412,774.4329447339769,322,Valuable but Stable,Maintain relationship
2665-NPTGL,0.657679172122112,1177.1669520157288,774.1981864512145,323,Valuable but Stable,Maintain relationship
2754-VDLTR,0.6774513743730066,1142.368126001038,773.8988569993193,324,Valuable but Stable,Maintain relationship
2840-XANRC,0.6923519174627197,1117.7750651328533,773.8937096367474,325,Valuable but Stable,Maintain relationship
2691-NZETQ,0.7555478551726432,1024.182112396198,773.8185983271344,326,Critical Priority,Immediate personal call
0195-IESCP,0.754913822776136,1022.9893100481972,772.2687707076063,327,Critical Priority,Immediate personal call
1028-FFNJK,0.63404723411808,1217.9776793664112,772.2553788198306,328,Valuable but Stable,Maintain relationship
7249-WBIYX,0.7517349586830036,1027.1889737023948,772.1738607058066,329,Critical Priority,Immediate personal call
5644-PDMZC,0.7187370607911918,1073.9544460757054,771.890861996085,330,Critical Priority,Immediate personal call
2025-JKFWI,0.6488892570784973,1187.9887675055274,770.8731487642614,331,Valuable but Stable,Maintain relationship
5590-BYNII,0.6373641788185487,1208.968236816476,770.553047476242,332,Valuable but Stable,Maintain relationship
6198-RTPMF,0.6931152341717485,1111.1877502242653,770.18115770547,333,Valuable but Stable,Maintain relationship
2568-OIADY,0.6437980411828024,1194.0028093352207,768.6966698167781,334,Valuable but Stable,Maintain relationship
5923-GXUOC,0.6135933078138982,1252.7627264355485,768.6868252195459,335,Valuable but Stable,Maintain relationship
3336-JORSO,0.5798324588713588,1325.3758017662867,768.4959100667446,336,Valuable but Stable,Maintain relationship
4598-XLKNJ,0.6500111704133461,1181.9801842526067,768.3003229714194,337,Valuable but Stable,Maintain relationship
6899-PPEEA,0.6629331820429036,1158.5764172283373,768.0587509130484,338,Valuable but Stable,Maintain relationship
1666-JXLKU,0.6386734729419726,1200.5953586386613,766.788407299767,339,Valuable but Stable,Maintain relationship
4952-YSOGZ,0.7422230098108639,1031.395558874549,765.5255160134258,340,Critical Priority,Immediate personal call
4039-HEUNW,0.6596427461060937,1157.979731670379,763.8529301342463,341,Valuable but Stable,Maintain relationship
0302-JOIVN,0.6288879835111529,1213.7765005665165,763.3294558745004,342,Valuable but Stable,Maintain relationship
5609-CEBID,0.6758100978396497,1129.171795876991,763.1057018494023,343,Valuable but Stable,Maintain relationship
1731-TVIUK,0.6800641321031802,1121.9935918023566,763.0275982343994,344,Valuable but Stable,Maintain relationship
4566-NECEV,0.6584030242752441,1158.5619943100799,762.8007208641147,345,Valuable but Stable,Maintain relationship
3565-UNOCC,0.6417320595555571,1188.567487085968,762.7418614084513,346,Valuable but Stable,Maintain relationship
3372-KWFBM,0.7338798769072357,1039.1643314280195,762.6217916347848,347,Critical Priority,Immediate personal call
2984-AFWNC,0.6661037371878789,1144.7717142403123,762.5367170824466,348,Valuable but Stable,Maintain relationship
5138-WVKYJ,0.6443492602845766,1182.555098933254,761.9785032433965,349,Valuable but Stable,Maintain relationship
8931-GJJIQ,0.7609487535915501,999.5929473901248,760.6390074154194,350,Critical Priority,Immediate personal call
4844-JJWUY,0.7369223129883286,1031.9671705249148,760.4796342312411,351,Critical Priority,Immediate personal call
3990-QYKBE,0.6849729904645224,1109.9816291766995,760.3074358978464,352,Valuable but Stable,Maintain relationship
9647-ERGBE,0.6329984366176675,1200.6008167682185,759.978440016177,353,Valuable but Stable,Maintain relationship
5937-EORGB,0.6561918057306114,1157.9543823723366,759.8401771225784,354,Valuable but Stable,Maintain relationship
7858-GTZSP,0.731409267429743,1038.5898290430882,759.6342260203871,355,Critical Priority,Immediate personal call
8443-WVPSS,0.6336755387217891,1198.191765782747,759.264812674394,356,Valuable but Stable,Maintain relationship
7503-ZGUZJ,0.7473624252445569,1015.7824857041176,759.1576620367737,357,Critical Priority,Immediate personal call
9124-LHCJQ,0.7403323834295593,1025.3887936375072,759.1285295356163,358,Critical Priority,Immediate personal call
0125-LZQXK,0.6236549526079105,1216.1850112557772,758.4798055571729,359,Valuable but Stable,Maintain relationship
7315-WYOAW,0.6267050611102076,1208.9728193308222,757.669384619303,360,Valuable but Stable,Maintain relationship
7142-HVGBG,0.612404546347268,1235.9781123385105,756.9186151818183,361,Valuable but Stable,Maintain relationship
2080-CAZNM,0.6041415385896928,1252.7757470352813,756.8538673217465,362,Valuable but Stable,Maintain relationship
2202-CUYXZ,0.7430631102471642,1018.1807818783532,756.5725785764186,363,Critical Priority,Immediate personal call
6507-ZJSUR,0.6970173788723554,1085.374736564842,756.5250539746993,364,Valuable but Stable,Maintain relationship
5947-SGKCL,0.5983105354253528,1264.1772940174149,756.3705936561332,365,Valuable but Stable,Maintain relationship
1564-NTYXF,0.7686815325875641,983.9771728593772,756.3650812647246,366,Critical Priority,Immediate personal call
6393-WRYZE,0.6452334424120479,1171.7997678643142,756.0843980367301,367,Valuable but Stable,Maintain relationship
9734-YWGEX,0.6404678447424523,1179.5751622691757,755.4799618902674,368,Valuable but Stable,Maintain relationship
0220-EBGCE,0.7332378892528815,1030.1796551905318,755.3667559231668,369,Critical Priority,Immediate personal call
5597-GLBUC,0.7365646694896734,1025.3876271092022,755.2642986604899,370,Critical Priority,Immediate personal call
4853-OITSN,0.7055242831419054,1069.7756531403563,754.7527008045136,371,Critical Priority,Immediate personal call
8709-KRDVL,0.6288978468724212,1199.9939142344804,754.6735889220736,372,Valuable but Stable,Maintain relationship
6087-MVHJH,0.710702501093621,1061.393472455353,754.3349955184627,373,Critical Priority,Immediate personal call
5429-LWCMV,0.704804906339554,1069.7908367194518,753.9938304769663,374,Critical Priority,Immediate personal call
7508-MYBOG,0.7293930408743353,1033.1909049351389,753.6022559543472,375,Critical Priority,Immediate personal call
2876-GZYZC,0.7304439054284588,1031.3914634719374,753.3736086040155,376,Critical Priority,Immediate personal call
7613-LLQFO,0.7432488131953634,1013.3855860846807,753.1976341667266,377,Critical Priority,Immediate personal call
4514-GFCFI,0.7397508908715815,1016.9750683424882,752.3082128005432,378,Critical Priority,Immediate personal call
8017-LXHFA,0.6605377197952772,1136.9742651322333,751.0143885563564,379,Valuable but Stable,Maintain relationship
4433-JCGCG,0.6186066155598818,1211.9781956871893,749.7377297664243,380,Valuable but Stable,Maintain relationship
2657-VPXTA,0.7020502533572872,1066.2004342237801,748.5262849764545,381,Critical Priority,Immediate personal call
4813-HQMGZ,0.6906499025444173,1083.002919120673,747.9758605460122,382,Valuable but Stable,Maintain relationship
5167-ZFFMM,0.6860124775415363,1090.1774012014598,747.8752999580068,383,Valuable but Stable,Maintain relationship
1641-RQDAY,0.6196003295658238,1204.782260208336,746.4834854801431,384,Valuable but Stable,Maintain relationship
3585-ISXZP,0.6503087628874944,1147.7601749698347,746.3984994761673,385,Valuable but Stable,Maintain relationship
8634-MPHTR,0.6213403924046589,1200.580386070841,745.9690881945933,386,Valuable but Stable,Maintain relationship
7120-RFMVS,0.7356515668000289,1013.9695555697703,745.9282922424304,387,Critical Priority,Immediate personal call
4716-HHKQH,0.5805274037950535,1284.558731408685,745.7215453669513,388,Valuable but Stable,Maintain relationship
0396-YCHWO,0.6511594590539074,1144.7969062901955,745.4453342265103,389,Valuable but Stable,Maintain relationship
3254-YRILK,0.703803365372177,1058.368971637095,744.8836440436777,390,Critical Priority,Immediate personal call
9185-TQCVP,0.7289426027844075,1021.7921943463177,744.827861651596,391,Critical Priority,Immediate personal call
4385-GZQXV,0.6568177585069986,1133.3799502089498,744.4240784330161,392,Valuable but Stable,Maintain relationship
5889-LFOLL,0.7312167070063375,1015.1936078690339,742.326526919878,393,Critical Priority,Immediate personal call
2123-AGEEN,0.733334659686028,1012.1728976169412,742.2614674173404,394,Critical Priority,Immediate personal call
8580-AECUZ,0.7797468404808144,949.16541446319,740.1087330213352,395,Critical Priority,Immediate personal call
0345-HKJVM,0.6904460180902374,1071.5783102023954,739.8669773511092,396,Valuable but Stable,Maintain relationship
7714-YXSMB,0.6124006513238577,1205.9771276605466,738.5411784609938,397,Valuable but Stable,Maintain relationship
1751-NCDLI,0.6224743947306336,1186.1816108381206,738.3676802470671,398,Valuable but Stable,Maintain relationship
2472-OVKUP,0.675697701415153,1091.9859148462347,737.8523726393237,399,Valuable but Stable,Maintain relationship
6567-HOOPW,0.7756009295450308,950.3730539151859,737.1102240311678,400,Critical Priority,Immediate personal call
4395-PZMSN,0.7174830239679615,1026.5628124816128,736.541390992363,401,Critical Priority,Immediate personal call
4086-YQSNZ,0.763266614639893,964.7790875646765,736.3836680408555,402,Critical Priority,Immediate personal call
8374-XGEJJ,0.6070639629365444,1211.9773532243662,735.7477750377278,403,Valuable but Stable,Maintain relationship
0337-CNPZE,0.5767546815796668,1275.5932939545437,735.7044040799111,404,Valuable but Stable,Maintain relationship
4713-LZDRV,0.7700911586947469,955.1728802927405,735.5701901384352,405,Critical Priority,Immediate personal call
6161-UUUTA,0.7664808731750812,958.7655064363006,734.8754225434446,406,Critical Priority,Immediate personal call
9851-QXEEQ,0.5844663789897523,1256.3880371659884,734.3165666884476,407,Valuable but Stable,Maintain relationship
5095-AESKG,0.6687439382890613,1097.992106790437,734.2755657053405,408,Valuable but Stable,Maintain relationship
4124-MMETB,0.6455708957505059,1135.7865396083325,733.2307337563186,409,Valuable but Stable,Maintain relationship
9801-GDWGV,0.5902655129134113,1241.3964582881354,732.7535171803385,410,Valuable but Stable,Maintain relationship
8875-AKBYH,0.7235463148016681,1012.1706308770715,732.3523299215846,411,Critical Priority,Immediate personal call
5366-IJEQJ,0.6878246046407172,1064.3882221114459,732.1124080580411,412,Valuable but Stable,Maintain relationship
6015-VVHHE,0.7336887133907137,997.7746729802908,732.0560160727497,413,Critical Priority,Immediate personal call
7479-NITWS,0.6822399092736895,1072.182890027142,731.4859576169197,414,Valuable but Stable,Maintain relationship
1200-TUZHR,0.7148907979241366,1022.360226932078,730.8759183973746,415,Critical Priority,Immediate personal call
1304-NECVQ,0.7753761803599543,942.5733101138345,730.8488929053036,416,Critical Priority,Immediate personal call
8818-DOPVL,0.5829041408611745,1253.3790744305304,730.5998525543024,417,Valuable but Stable,Maintain relationship
1628-BIZYP,0.7162062281126648,1019.981525630604,730.5171212164962,418,Critical Priority,Immediate personal call
0576-WNXXC,0.6368517503654488,1146.5730409370467,730.1970480425936,419,Valuable but Stable,Maintain relationship
5868-YWPDW,0.7222614373130892,1010.3722152954799,729.7528884405234,420,Critical Priority,Immediate personal call
6127-ISGTU,0.7157744470961349,1019.4018926669476,729.6618260924379,421,Critical Priority,Immediate personal call
6907-NZZIJ,0.612931603285991,1189.7973085008484,729.2643718847818,422,Valuable but Stable,Maintain relationship
9957-YODKZ,0.7514720268031961,969.571240329637,728.6056651006011,423,Critical Priority,Immediate personal call
3247-ZVOUO,0.7091156586844108,1026.5598124612932,727.9496375924351,424,Critical Priority,Immediate personal call
4633-MKHYU,0.6857531622660203,1060.7949522915694,727.443493049776,425,Valuable but Stable,Maintain relationship
0318-QUUOB,0.752563339506924,966.5902532347823,727.420388909211,426,Critical Priority,Immediate personal call
8242-SOQUO,0.7155314353834829,1016.3721805627883,727.2462452419323,427,Critical Priority,Immediate personal call
2004-OCQXK,0.7390987338626306,983.389031049498,726.8215877430831,428,Critical Priority,Immediate personal call
2249-YPRNG,0.572057341964031,1270.1799066136318,726.6157411935154,429,Valuable but Stable,Maintain relationship
4391-RESHN,0.5817953988489732,1248.5914955054034,726.4247871270021,430,Valuable but Stable,Maintain relationship
3440-JPSCL,0.605449016414284,1199.3936134060548,726.1716835302698,431,Valuable but Stable,Maintain relationship
9912-GVSEQ,0.644440257565455,1126.1828582216986,725.7575712181916,432,Valuable but Stable,Maintain relationship
3951-NJCVI,0.6360971049471911,1140.5887837624393,725.5252232865254,433,Valuable but Stable,Maintain relationship
6712-OAWRH,0.6625097211600086,1094.9767311443525,725.4327288271427,434,Valuable but Stable,Maintain relationship
4971-PUYQO,0.63927450619981,1134.5980577439136,725.3196130995038,435,Valuable but Stable,Maintain relationship
7394-FKDNK,0.675366141033745,1073.3866930797672,724.9290287422552,436,Valuable but Stable,Maintain relationship
6457-USBER,0.7475920428846604,969.5830594619107,724.852580169489,437,Critical Priority,Immediate personal call
4123-DVHPH,0.6859890185519735,1056.5801258807705,724.8023635744704,438,Valuable but Stable,Maintain relationship
3834-XUIFC,0.7086438240517183,1022.385480632692,724.5071566505048,439,Critical Priority,Immediate personal call
4285-GYRQC,0.6996004807574615,1034.9970215895012,724.0844138865558,440,Valuable but Stable,Maintain relationship
4686-UXDML,0.6039353634591695,1198.1905342674843,723.6296358061696,441,Valuable but Stable,Maintain relationship
7439-DKZTW,0.7483676060440823,966.5836761814846,723.359911785226,442,Critical Priority,Immediate personal call
5442-UTCVD,0.6560726330551288,1102.1666102561564,723.1013500562025,443,Valuable but Stable,Maintain relationship
4614-NUVZD,0.7422925609094528,973.1903812254477,722.3919803322842,444,Critical Priority,Immediate personal call
9129-UXERG,0.5808611738680867,1243.1770842735086,722.1133004970155,445,Valuable but Stable,Maintain relationship
2074-GKOWZ,0.6717807810905605,1074.576051929285,721.8795395062658,446,Valuable but Stable,Maintain relationship
0771-WLCLA,0.532502699944925,1355.3818473231436,721.7444931559141,447,Valuable but Stable,Maintain relationship
0447-RXSGD,0.6032400307776349,1195.770518440921,721.3366443472896,448,Valuable but Stable,Maintain relationship
0334-GDDSO,0.7388540547703802,976.1629471702549,721.2419516333473,449,Critical Priority,Immediate personal call
6900-PXRMS,0.5683566157939991,1268.957355469139,721.2203081413426,450,Valuable but Stable,Maintain relationship
4884-ZTHVF,0.6891536790760217,1045.1704123917013,720.2830349611437,451,Valuable but Stable,Maintain relationship
9878-TNQGW,0.7413142518761314,971.3835025590395,720.1004344843706,452,Critical Priority,Immediate personal call
9300-RENDD,0.7505716011847259,959.384629246861,720.086857325831,453,Critical Priority,Immediate personal call
4289-DTDKW,0.5920100934439195,1215.5953975608802,719.6447449000152,454,Valuable but Stable,Maintain relationship
9846-GKXAS,0.6597526460649483,1089.576406543086,718.8509173067389,455,Valuable but Stable,Maintain relationship
2845-HSJCY,0.6860498961900807,1047.0042435330263,718.2971525864067,456,Valuable but Stable,Maintain relationship
1771-OADNZ,0.6241157680365537,1150.7738477091896,718.2161037994009,457,Valuable but Stable,Maintain relationship
3211-AAPKX,0.6070746907664031,1182.594251848869,717.9230397432779,458,Valuable but Stable,Maintain relationship
1761-AEZZR,0.7520337520151699,954.5852646237784,717.8803381734139,459,Critical Priority,Immediate personal call
9248-OJYKK,0.7825009537676955,917.3642301842217,717.8383850715212,460,Critical Priority,Immediate personal call
5494-HECPR,0.7453133651468855,962.9919510103979,717.7307716169244,461,Critical Priority,Immediate personal call
2514-GINMM,0.7522161163591506,953.985344045893,717.6031505617499,462,Critical Priority,Immediate personal call
9231-ZJYAM,0.7584152285996498,946.1756539604069,717.5940248938051,463,Critical Priority,Immediate personal call
8086-OVPWV,0.7445799375164256,962.3846938907598,716.5723352439463,464,Critical Priority,Immediate personal call
6229-LSCKB,0.7492499994715057,956.3678682151776,716.5586247547869,465,Critical Priority,Immediate personal call
0148-DCDOS,0.63056525043952,1136.3739249674209,716.5579085900221,466,Valuable but Stable,Maintain relationship
2868-MZAGQ,0.7532709537794874,950.9855215474661,716.349770846543,467,Critical Priority,Immediate personal call
4998-IKFSE,0.5939784920773812,1205.3814976228393,715.9706843359895,468,Valuable but Stable,Maintain relationship
9689-PTNPG,0.7426623933065817,962.9848340776455,715.1726215940456,469,Critical Priority,Immediate personal call
5960-WPXQM,0.7538533447763643,948.5860588449252,715.094773268476,470,Critical Priority,Immediate personal call
0495-RVCBF,0.7474970454720335,956.392605044659,714.9006465821841,471,Critical Priority,Immediate personal call
4234-XTNEA,0.7450859318101742,959.3853106103337,714.8244981210939,472,Critical Priority,Immediate personal call
5357-TZHPP,0.7056502440258197,1012.767394976089,714.6595594062709,473,Critical Priority,Immediate personal call
8740-CRYFY,0.7542161822616339,947.3862176891547,714.5340162328034,474,Critical Priority,Immediate personal call
0654-HMSHN,0.57035838933825,1252.7766580084926,714.5316768622795,475,Valuable but Stable,Maintain relationship
8058-INTPH,0.7475350870268376,955.7929040757742,714.4887317279178,476,Critical Priority,Immediate personal call
4009-ALQFH,0.5982059497001955,1193.9925837166356,714.2534674772002,477,Valuable but Stable,Maintain relationship
0168-XZKBB,0.6849554361054256,1042.2009187170077,713.8611847892832,478,Valuable but Stable,Maintain relationship
8808-ELEHO,0.7317150129004996,974.9653112042528,713.3967552653594,479,Critical Priority,Immediate personal call
6894-LFHLY,0.7848226409758395,908.9653420938273,713.376580337585,480,Critical Priority,Immediate personal call
7760-OYPDY,0.7368814897867607,967.7919969969532,713.1480085508191,481,Critical Priority,Immediate personal call
7831-QGOXH,0.6974185098342778,1022.396281230022,713.0380909155492,482,Valuable but Stable,Maintain relationship
2789-HQBOU,0.7374789776601274,964.1851369878884,711.0662691009178,483,Critical Priority,Immediate personal call
4529-CKBCL,0.7386877514597514,962.3927117959854,710.907708297829,484,Critical Priority,Immediate personal call
8258-GSTJK,0.7694044768108929,923.9647192679057,710.9025914200465,485,Critical Priority,Immediate personal call
4873-ILOLJ,0.6556091109226176,1084.1895646788666,710.8045565706916,486,Valuable but Stable,Maintain relationship
4988-IQIGL,0.7861412197639766,904.1659774707449,710.8021443979395,487,Critical Priority,Immediate personal call
3588-WSTTJ,0.5976587065275054,1188.5670282301257,710.3574327132579,488,Valuable but Stable,Maintain relationship
9133-AYJZG,0.5991184192300384,1184.3937237030677,709.5920954909608,489,Valuable but Stable,Maintain relationship
2952-QAYZF,0.6930137249185088,1023.5825365084924,709.3567463872857,490,Valuable but Stable,Maintain relationship
1981-INRFU,0.741206838324948,956.9934265950176,709.3300720242512,491,Critical Priority,Immediate personal call
2612-RRIDN,0.728788737496474,971.9850054728707,708.3717250040768,492,Critical Priority,Immediate personal call
9190-MFJLN,0.6155069874057549,1150.7652711742169,708.3040652716089,493,Valuable but Stable,Maintain relationship
2959-MJHIC,0.7342251956009016,964.1926150136592,707.9345113553487,494,Critical Priority,Immediate personal call
4102-OQUPX,0.7929518940734382,892.7740635442217,707.9268846670307,495,Critical Priority,Immediate personal call
6956-SMUCM,0.5951126428822702,1187.9737532778563,706.978199987955,496,Valuable but Stable,Maintain relationship
7994-UYIVZ,0.6876677067804994,1027.7772907634521,706.7692526203776,497,Valuable but Stable,Maintain relationship
3427-GGZZI,0.6610012785459037,1069.2022627391734,706.744062694767,498,Valuable but Stable,Maintain relationship
6357-JJPQT,0.7315049973628392,965.99291662677,706.6286459295868,499,Critical Priority,Immediate personal call
5240-IJOQT,0.7882713438845406,896.3670099582359,706.580427553546,500,Critical Priority,Immediate personal call
4795-KTRTH,0.726625433402358,971.979241201526,706.2648373961538,501,Critical Priority,Immediate personal call
9961-JBNMK,0.6078002705747481,1161.5506249938828,705.9907841575497,502,Valuable but Stable,Maintain relationship
7074-IEVOJ,0.7407920516163417,952.773842928953,705.807289829725,503,Critical Priority,Immediate personal call
8118-TJAFG,0.5792323799535471,1217.9921141100583,705.5004710206215,504,Valuable but Stable,Maintain relationship
8949-JTMAY,0.5962513346840622,1183.1967691005382,705.4826527700661,505,Valuable but Stable,Maintain relationship
0723-DRCLG,0.7891500883634494,893.3817824183321,705.0123125377227,506,Critical Priority,Immediate personal call
6331-EWIEB,0.6891145323304151,1022.9897662386277,704.9571143403325,507,Valuable but Stable,Maintain relationship
7576-OYWBN,0.7724860932706967,912.5662282880847,704.9447205410373,508,Critical Priority,Immediate personal call
6595-YGXIT,0.6602449230433106,1067.371868486211,704.7268571672731,509,Valuable but Stable,Maintain relationship
3551-HUAZH,0.7892492301510331,892.7674864909241,704.6160514168347,510,Critical Priority,Immediate personal call
8784-CGILN,0.5878393741209297,1198.1838889561884,704.3396673657872,511,Valuable but Stable,Maintain relationship
7314-OXENN,0.7151763175142215,983.9817982789118,703.7204789941337,512,Critical Priority,Immediate personal call
3384-CTMSF,0.5624674230099985,1249.1996554654988,702.6341110346572,513,Valuable but Stable,Maintain relationship
2057-ZBLPD,0.6767133402921075,1038.0026177897555,702.4302187164573,514,Valuable but Stable,Maintain relationship
4806-KEXQR,0.7324869640371187,958.7865331503934,702.2986368270059,515,Critical Priority,Immediate personal call
6513-EECDB,0.7956687315088329,882.5754137201712,702.2376598956121,516,Critical Priority,Immediate personal call
1678-FYZOW,0.7363011768249169,952.7946639132932,701.543832311859,517,Critical Priority,Immediate personal call
0147-ESWWR,0.5773233637140197,1214.9920070444646,701.4432723925582,518,Valuable but Stable,Maintain relationship
6137-NICCO,0.6214738041186375,1128.5980607590702,701.3941301408565,519,Valuable but Stable,Maintain relationship
8739-WWKDU,0.6529286958909316,1073.9709948429495,701.2264810874934,520,Valuable but Stable,Maintain relationship
1704-NRWYE,0.7222966798319426,970.175883893183,700.7548197890663,521,Critical Priority,Immediate personal call
9837-BMCLM,0.7438500332186824,941.9882952151324,700.6980246873862,522,Critical Priority,Immediate personal call
4423-YLHDV,0.5592647621227164,1252.7700478060035,700.6301427806885,523,Valuable but Stable,Maintain relationship
5130-IEKQT,0.551076387132454,1271.3508410494373,700.6114282633307,524,Valuable but Stable,Maintain relationship
1833-VGRUM,0.7862210343567964,890.3756024756079,700.0320271444282,525,Critical Priority,Immediate personal call
7563-BIUPC,0.7236860502089189,967.186322213261,699.9392493386056,526,Critical Priority,Immediate personal call
8473-VUVJN,0.7916794450805623,883.7686778226443,699.6614964382134,527,Critical Priority,Immediate personal call
3597-MVHJT,0.6098409648788425,1147.181656392527,699.5983682257274,528,Valuable but Stable,Maintain relationship
0899-LIIBW,0.5774897194779784,1210.1823664568851,698.8678753223827,529,Valuable but Stable,Maintain relationship
4706-AXVKM,0.6863064795970615,1017.575920622342,698.3689478050584,530,Valuable but Stable,Maintain relationship
7089-IVVAZ,0.5630949912148892,1240.1674606079014,698.3320853359976,531,Valuable but Stable,Maintain relationship
9436-ZBZCT,0.6464272839316607,1079.3933280936753,697.7492973735505,532,Valuable but Stable,Maintain relationship
6518-LGAOV,0.5537624273950232,1260.0098699807427,697.7461241422237,533,Valuable but Stable,Maintain relationship
2688-BHGOG,0.7304487982814276,954.5699309629395,697.2644589474644,534,Critical Priority,Immediate personal call
3138-BKYAV,0.6807299653212877,1024.1845961021654,697.1931445872241,535,Valuable but Stable,Maintain relationship
7005-CCBKV,0.688235541165897,1012.7858855133442,697.0352420014586,536,Valuable but Stable,Maintain relationship
8266-VBFQL,0.6425285771471623,1084.7889062197055,697.0078724183738,537,Valuable but Stable,Maintain relationship
2379-ENZGV,0.6845471680252737,1018.1853903233123,696.9959254705313,538,Valuable but Stable,Maintain relationship
6833-JMZYP,0.6178672522978164,1127.9939270165296,696.9505082943267,539,Valuable but Stable,Maintain relationship
8063-RJYNF,0.6161103131845875,1130.9738636806076,696.8046613558421,540,Valuable but Stable,Maintain relationship
7748-UMTRK,0.5731817306415714,1215.5828689183659,696.7498925448754,541,Valuable but Stable,Maintain relationship
7379-FNIUJ,0.5793913798009477,1202.351554892073,696.6321263947331,542,Valuable but Stable,Maintain relationship
1932-UEDCX,0.5768992312637848,1207.1611537856738,696.4103416304588,543,Valuable but Stable,Maintain relationship
8922-LIEGH,0.6467495742303802,1076.3782558417156,696.1471786764688,544,Valuable but Stable,Maintain relationship
9600-NAXZN,0.5721029699179103,1216.7907057537716,696.1295765302428,545,Valuable but Stable,Maintain relationship
8800-JOOCF,0.6900849840122666,1008.5976703783919,696.0181072378818,546,Valuable but Stable,Maintain relationship
5959-BELXA,0.6030202861898936,1153.7704056199989,695.7469601944013,547,Valuable but Stable,Maintain relationship
7279-BUYWN,0.5120491282032574,1358.3577135775647,695.545883025562,548,Valuable but Stable,Maintain relationship
1379-FRVEB,0.6366002292857695,1091.9860141249706,695.1585469688098,549,Valuable but Stable,Maintain relationship
7493-TPUWZ,0.7317767805236621,949.7856439759763,695.0310807363331,550,Critical Priority,Immediate personal call
8519-IMDHU,0.676575271394026,1027.1615747702554,694.9521212157006,551,Valuable but Stable,Maintain relationship
1891-UAWWU,0.6375242976521797,1089.570240677936,694.6275024309175,552,Valuable but Stable,Maintain relationship
2609-IAICY,0.75001333619174,925.7914815304619,694.3559576805554,553,Critical Priority,Immediate personal call
1723-HKXJQ,0.5686364867292578,1220.989468435496,694.2991616645845,554,Valuable but Stable,Maintain relationship
9992-RRAMN,0.6797570501766759,1021.1977246762143,694.1663529730366,555,Valuable but Stable,Maintain relationship
6242-MBHPK,0.6082663150171722,1141.1710934388693,694.1359358101781,556,Valuable but Stable,Maintain relationship
4210-QFJMF,0.7307630457016421,949.7955227783389,694.0754690192823,557,Critical Priority,Immediate personal call
6088-BXMRG,0.5850593365418101,1186.2052872535116,694.0004783629267,558,Valuable but Stable,Maintain relationship
9314-IJWSQ,0.6815421638022757,1017.6044188269146,693.5403175020526,559,Valuable but Stable,Maintain relationship
4803-AXVYP,0.5804957651753138,1194.5874489795935,693.4529552642352,560,Valuable but Stable,Maintain relationship
0432-CAJZV,0.6369078285155679,1088.3709563026366,693.1919823981243,561,Valuable but Stable,Maintain relationship
0023-XUOPT,0.6135759943805548,1129.1859318600048,692.8413809815357,562,Valuable but Stable,Maintain relationship
6941-PMGEP,0.7216690157321344,959.9948539658619,692.7985413694577,563,Critical Priority,Immediate personal call
8752-STIVR,0.7305649040953883,947.9959806536833,692.5725926890717,564,Critical Priority,Immediate personal call
3106-ULWFW,0.6769273486163203,1022.4003831679245,692.090780602173,565,Valuable but Stable,Maintain relationship
6877-TJMBR,0.679739648613032,1017.5986180696985,691.7021270758039,566,Valuable but Stable,Maintain relationship
6060-DRTNL,0.679117275287675,1018.1754529749447,691.4605393891387,567,Valuable but Stable,Maintain relationship
6821-BUXUX,0.5954491316174453,1159.7757692091902,690.587474646567,568,Valuable but Stable,Maintain relationship
9971-ZWPBF,0.5281194969131482,1306.7813745929561,690.1367221255042,569,Valuable but Stable,Maintain relationship
2114-MGINA,0.6404311158945889,1077.5961352897218,690.126095407293,570,Valuable but Stable,Maintain relationship
3422-GALYP,0.7235546898208186,953.3858488067609,689.8268021129338,571,Critical Priority,Immediate personal call
5628-FCGYG,0.68344710984822,1009.1920547017378,689.7293930676894,572,Valuable but Stable,Maintain relationship
5445-UTODQ,0.7086419099841901,973.2012660685823,689.6512039858721,573,Critical Priority,Immediate personal call
0722-TROQR,0.7672800403247372,898.7765346564206,689.6132957541059,574,Critical Priority,Immediate personal call
6402-ZFPPI,0.5589604891014355,1233.5641078692197,689.513597072555,575,Valuable but Stable,Maintain relationship
8225-BTJAU,0.7249847234814558,950.9710888591003,689.4395118953738,576,Critical Priority,Immediate personal call
8938-UMKPI,0.539816014595559,1276.7972232911509,689.235588523705,577,Valuable but Stable,Maintain relationship
1342-JPNKI,0.6674566247615811,1032.5716606691828,689.1967954547134,578,Valuable but Stable,Maintain relationship
0637-KVDLV,0.7507082443119892,917.9853970852004,689.139205749875,579,Critical Priority,Immediate personal call
1010-DIAUQ,0.5949952590243613,1157.952308576032,688.9761337790534,580,Valuable but Stable,Maintain relationship
0886-QGENL,0.5669804267327231,1214.9679859713856,688.8630671526533,581,Valuable but Stable,Maintain relationship
0114-PEGZZ,0.5336672413806564,1290.577401399299,688.73888159298,582,Valuable but Stable,Maintain relationship
5834-ASPWA,0.7602343329368478,905.3863835861362,688.3058133757113,583,Critical Priority,Immediate personal call
8861-HGGKB,0.6633394738687616,1037.380169065777,688.1352155499794,584,Valuable but Stable,Maintain relationship
4325-NFSKC,0.6325579443561369,1087.1559665837312,687.689143416714,585,Valuable but Stable,Maintain relationship
2832-KJCRD,0.5527029173523349,1243.8054373245416,687.4548938279709,586,Valuable but Stable,Maintain relationship
9787-XVQIU,0.7607688246830873,903.5866218524801,687.4205323060725,587,Critical Priority,Immediate personal call
0434-CSFON,0.5698449301550972,1206.0080345276544,687.2375642018973,588,Valuable but Stable,Maintain relationship
6005-OBZPH,0.6421715342529498,1069.7800304574503,686.9822834720283,589,Valuable but Stable,Maintain relationship
8844-TONUD,0.5922399985384685,1159.7909384729098,686.8745837061251,590,Valuable but Stable,Maintain relationship
9391-EOYLI,0.7114551188481701,965.3771225085909,686.8224954276541,591,Critical Priority,Immediate personal call
2018-QKYGT,0.7060184005750038,972.5928900252035,686.6684766262147,592,Critical Priority,Immediate personal call
5980-NOPLP,0.5953000101181714,1153.2090435845969,686.5053553142773,593,Valuable but Stable,Maintain relationship
1112-CUNAO,0.6366923566166994,1078.1627478460484,686.4579807424368,594,Valuable but Stable,Maintain relationship
1452-VOQCH,0.7614802087671725,901.1869395409389,686.2360188598834,595,Critical Priority,Immediate personal call
0674-DGMAQ,0.6116244948159083,1121.979704061113,686.2302696900805,596,Valuable but Stable,Maintain relationship
0021-IKXGC,0.79304502807078,865.1789382044248,686.1258553345757,597,Critical Priority,Immediate personal call
1197-BVMVG,0.7677639967522931,893.3772494554528,685.9028876494888,598,Critical Priority,Immediate personal call
6275-YDUVO,0.6627853912450866,1034.39160983805,685.579647827147,599,Valuable but Stable,Maintain relationship
2603-HVKCG,0.5634002486904709,1216.785855560889,685.5374536260523,600,Valuable but Stable,Maintain relationship
5835-BEQEU,0.7422929324317206,923.3853636496409,685.4224293480227,601,Critical Priority,Immediate personal call
1157-BQCUW,0.7620127926057664,899.387177807283,685.3445349947467,602,Critical Priority,Immediate personal call
7903-CMPEY,0.7111470570549573,963.5606365691569,685.2333109901572,603,Critical Priority,Immediate personal call
4143-OOBWZ,0.7022184387424185,975.5915313322332,685.078361982446,604,Critical Priority,Immediate personal call
6358-LYNGM,0.7621901387139447,898.7872572293977,685.0467842620005,605,Critical Priority,Immediate personal call
2697-NQBPF,0.5415089715837823,1264.1934148501211,684.572075958479,606,Valuable but Stable,Maintain relationship
3198-VELRD,0.672815772608326,1016.9867624609462,684.2447343176017,607,Valuable but Stable,Maintain relationship
6319-IEJWJ,0.6316438271999034,1082.397305165186,683.6895763853998,608,Valuable but Stable,Maintain relationship
2077-MPJQO,0.7547113423867351,904.7765632827644,682.8451346351919,609,Critical Priority,Immediate personal call
8816-VXNZD,0.7574571629147819,901.194737837164,682.6164093558689,610,Critical Priority,Immediate personal call
9692-TUSXH,0.5921289861638717,1152.5801655076496,682.476124874632,611,Valuable but Stable,Maintain relationship
5956-VKDTT,0.7647208168279391,892.1846667164524,682.2721870927681,612,Critical Priority,Immediate personal call
9851-KIELU,0.516087410776411,1321.1687880291388,681.8385790125672,613,Valuable but Stable,Maintain relationship
8063-GBATB,0.6664858480076149,1022.9815495105411,681.8027255216768,614,Valuable but Stable,Maintain relationship
4077-CROMM,0.5450260275415326,1250.410021810837,681.5060069856817,615,Valuable but Stable,Maintain relationship
8276-MQBYC,0.580501913484176,1173.5801084665954,681.2654985918255,616,Valuable but Stable,Maintain relationship
1618-CFHME,0.7479881523976551,910.7941484468017,681.2632323113189,617,Critical Priority,Immediate personal call
3519-ZKXGG,0.7477163525481954,910.2014862856868,680.57253540948,618,Critical Priority,Immediate personal call
3049-NDXFL,0.6610085179653001,1029.579781588109,680.5610055545933,619,Valuable but Stable,Maintain relationship
3644-QXEHN,0.584481067616731,1163.9772141174158,680.3226447888954,620,Valuable but Stable,Maintain relationship
4647-MUZON,0.5907803525331593,1151.3994506977726,680.224173389716,621,Valuable but Stable,Maintain relationship
7817-BOQPW,0.7502683899246665,906.5947044016045,680.1893491856208,622,Critical Priority,Immediate personal call
5288-AHOUP,0.721504066243167,941.9729615542934,679.6373220525411,623,Critical Priority,Immediate personal call
9601-BRXPO,0.5394386533789876,1259.3910704968291,679.364223146331,624,Valuable but Stable,Maintain relationship
6437-UKHMV,0.710174326550842,956.3969128344961,679.2085334875426,625,Critical Priority,Immediate personal call
5655-JSMZM,0.5883522483469505,1154.377351248588,679.1805100479041,626,Valuable but Stable,Maintain relationship
4415-IJZTP,0.7596071182324744,893.9956909025403,679.0854904787286,627,Critical Priority,Immediate personal call
6646-VRFOL,0.544466808519551,1246.1835757972883,678.5055943438315,628,Valuable but Stable,Maintain relationship
9334-GWGOW,0.754718856801096,898.1774369260258,677.8714484013487,629,Critical Priority,Immediate personal call
3753-TSEMP,0.6403886558153398,1057.7928462355858,677.3985389318892,630,Valuable but Stable,Maintain relationship
9121-PHQSR,0.6634794937587232,1020.5779286952054,677.1325274720211,631,Valuable but Stable,Maintain relationship
9600-UDOPK,0.5992939559935716,1128.5995206347882,676.3628714536708,632,Valuable but Stable,Maintain relationship
4581-SSPWD,0.7432094215625978,909.5949886545038,676.0195653741515,633,Critical Priority,Immediate personal call
8443-ZRDBZ,0.7399549079909972,912.587474611178,675.2735808096506,634,Critical Priority,Immediate personal call
2026-TGDHM,0.709025085920041,951.597328602413,674.7063776736073,635,Critical Priority,Immediate personal call
1792-UXAFY,0.6305757926733074,1069.777224354986,674.5756212314959,636,Valuable but Stable,Maintain relationship
9102-IAYHT,0.6577737250822102,1025.4052108208416,674.4846052403341,637,Valuable but Stable,Maintain relationship
6000-APYLU,0.6953023550773211,969.5885103696928,674.157174715959,638,Valuable but Stable,Maintain relationship
8429-XIBUM,0.554282422543838,1216.1572625702174,674.0945936917026,639,Valuable but Stable,Maintain relationship
5339-PXDVH,0.6196518873121756,1087.7577755745506,674.0311585732642,640,Valuable but Stable,Maintain relationship
6502-HCJTI,0.5929438612907206,1136.357330807611,673.7961035350817,641,Valuable but Stable,Maintain relationship
5449-FIBXJ,0.5435151690474034,1239.5870206564077,673.7343490810346,642,Valuable but Stable,Maintain relationship
1320-HTRDR,0.7432297845865096,905.995465187192,673.3628144274313,643,Critical Priority,Immediate personal call
1569-TTNYJ,0.7124672096848887,944.9955818600824,673.2783653724008,644,Critical Priority,Immediate personal call
8800-ZKRFW,0.5219046421359561,1290.0092362141218,673.2618087784093,645,Valuable but Stable,Maintain relationship
7638-QVMVY,0.710079250877279,947.9980247441016,673.1537272434318,646,Critical Priority,Immediate personal call
1268-ASBGA,0.6565653255794945,1024.185030849742,672.4443782335054,647,Valuable but Stable,Maintain relationship
7363-QTBIW,0.7024294018553457,957.004553583624,672.2281361465872,648,Critical Priority,Immediate personal call
5561-NWEVX,0.7069654010312096,950.3703985850458,671.8789899638674,649,Critical Priority,Immediate personal call
7130-VTEWQ,0.7385840217222456,908.9779099343618,671.3565603760021,650,Critical Priority,Immediate personal call
0404-SWRVG,0.7518767465989334,892.7894141774901,671.267600129739,651,Critical Priority,Immediate personal call
1184-PJVDB,0.699651717603861,959.3973385714133,671.2439957960623,652,Valuable but Stable,Maintain relationship
7594-RQHXR,0.7026737102022612,955.1964145094569,671.1914085552571,653,Critical Priority,Immediate personal call
7341-LXCAF,0.7487348410062066,895.796275483687,670.7138818982304,654,Critical Priority,Immediate personal call
8035-PWSEV,0.6261223300501695,1070.999893951514,670.5769490844064,655,Valuable but Stable,Maintain relationship
7480-QNVZJ,0.5839133404967646,1148.3788268332078,670.5537169319339,656,Valuable but Stable,Maintain relationship
1302-UHBDD,0.6207655960137385,1079.3584535476775,670.0285937289912,657,Valuable but Stable,Maintain relationship
4090-KPJIP,0.7449482157435187,899.3963388304537,670.0036978579997,658,Critical Priority,Immediate personal call
5919-TMRGD,0.7035325589001916,952.1970312290308,669.9016139577258,659,Critical Priority,Immediate personal call
8621-MNIHH,0.5919907189747802,1130.987673752563,669.5342061363939,660,Valuable but Stable,Maintain relationship
5117-IFGPS,0.6616150141145474,1011.5832000147382,669.27863315579,661,Valuable but Stable,Maintain relationship
0689-NKYLF,0.670317658203176,998.391579169811,669.2395053188785,662,Valuable but Stable,Maintain relationship
5630-IXDXV,0.5243133965158255,1276.1973027132653,669.1273424099273,663,Valuable but Stable,Maintain relationship
4749-OJKQU,0.736503227833327,907.7959082843208,668.5946166652892,664,Critical Priority,Immediate personal call
4521-YEEHE,0.6266479449631284,1066.2121761836122,668.1396691001255,665,Valuable but Stable,Maintain relationship
3191-CSNMG,0.6889314863035018,968.4028266121775,667.1631986784397,666,Valuable but Stable,Maintain relationship
5569-OUICF,0.548611045529527,1215.5889907524825,666.885547150902,667,Valuable but Stable,Maintain relationship
9524-EGPJC,0.616703559450581,1081.2033939684468,666.7819815503899,668,Valuable but Stable,Maintain relationship
9897-KXHCM,0.6913047422144744,963.6032423800943,666.1434910706027,669,Valuable but Stable,Maintain relationship
9208-OLGAQ,0.6533728688273035,1019.3792199407649,666.0347253556363,670,Valuable but Stable,Maintain relationship
9306-CPCBC,0.7474814852127807,890.9974507400593,666.004097799981,671,Critical Priority,Immediate personal call
0235-KGSLC,0.6485346609225012,1026.5920263933056,665.7805117427258,672,Valuable but Stable,Maintain relationship
9885-CSMWE,0.7072006518545408,941.3657891523108,665.7344997220785,673,Critical Priority,Immediate personal call
9054-FOWNV,0.6250851465912767,1064.999733090143,665.7155142783226,674,Valuable but Stable,Maintain relationship
5692-ICXLW,0.6111744148681925,1088.3731768930336,665.1858395458355,675,Valuable but Stable,Maintain relationship
7056-IMHCC,0.5437075806379568,1222.7827372610295,664.8362437220527,676,Valuable but Stable,Maintain relationship
0872-NXJYS,0.696371481023178,954.5982942187851,664.7550279273348,677,Valuable but Stable,Maintain relationship
5275-SQEIZ,0.6847774561377005,970.187692345892,664.3626599407258,678,Valuable but Stable,Maintain relationship
6267-DCFFZ,0.6145742480069576,1080.5879033665744,664.1014981169275,679,Valuable but Stable,Maintain relationship
7426-RHZGU,0.5770536555741335,1150.7756229058277,664.0592799434085,680,Valuable but Stable,Maintain relationship
6032-KRXXO,0.6129782615226387,1082.9938117039328,663.8516639380526,681,Valuable but Stable,Maintain relationship
8083-YTZES,0.7440696429133553,892.1901749630774,663.851624895581,682,Critical Priority,Immediate personal call
9415-DPEWS,0.6260854539619005,1060.2063933514614,663.779801074759,683,Valuable but Stable,Maintain relationship
1754-GKYPY,0.6159965970552858,1076.9651459300924,663.4068650400861,684,Valuable but Stable,Maintain relationship
0135-NMXAP,0.6158569500952489,1076.9800820821936,663.2656686644706,685,Valuable but Stable,Maintain relationship
8185-UPYBR,0.7320378304047347,905.9962880346827,663.2235570476522,686,Critical Priority,Immediate personal call
7861-UVUFT,0.6555203591381394,1011.605569959756,663.1280465261615,687,Valuable but Stable,Maintain relationship
9317-WZPGV,0.6928131348725757,956.9626208455143,662.9962733038568,688,Valuable but Stable,Maintain relationship
0611-DFXKO,0.620381273683527,1068.000272981466,662.5673696465964,689,Valuable but Stable,Maintain relationship
4822-YCXMX,0.6509257700371829,1017.5936682460232,662.3779420880043,690,Valuable but Stable,Maintain relationship
6407-UTSLV,0.6582326638816439,1005.5615448895521,661.8934543895912,691,Valuable but Stable,Maintain relationship
7928-VJYAB,0.6086096086677276,1087.1820814224184,661.6694611250637,692,Valuable but Stable,Maintain relationship
5091-HFAZW,0.604248463295128,1093.7764008136644,660.9127093801327,693,Valuable but Stable,Maintain relationship
5144-TVGLP,0.5810159529689265,1136.9637033971183,660.5940496203566,694,Valuable but Stable,Maintain relationship
9741-YLNTD,0.6258980612965632,1055.380813280598,660.5608049619165,695,Valuable but Stable,Maintain relationship
0258-NOKBL,0.6088554464884081,1084.7697906732997,660.4679952375288,696,Valuable but Stable,Maintain relationship
6860-YRJZP,0.7427172371320693,888.5734933535089,659.9588499723093,697,Critical Priority,Immediate personal call
0848-ZGQIJ,0.5804348982748548,1135.7867752641894,659.2502813623952,698,Valuable but Stable,Maintain relationship
3223-WZWJM,0.6541238050498932,1007.3956997854457,658.9615083345556,699,Valuable but Stable,Maintain relationship
4902-OHLSK,0.5564110877328095,1183.7742902118077,658.6651404468864,700,Valuable but Stable,Maintain relationship
6559-PDZLR,0.5561934266824168,1183.7967950481707,658.4199959335047,701,Valuable but Stable,Maintain relationship
6618-RYATB,0.6897309972887887,954.5963175737844,658.4146701283715,702,Valuable but Stable,Maintain relationship
2038-OEQZH,0.6376044697524531,1032.572244134423,658.3726782024294,703,Valuable but Stable,Maintain relationship
0637-YLETY,0.5734748531840125,1147.1918108476125,657.885655299736,704,Valuable but Stable,Maintain relationship
4229-CZMLL,0.7313866785279928,898.7906640467615,657.36351846913,705,Critical Priority,Immediate personal call
5216-WASFJ,0.6454433295989966,1018.1914873946472,657.1849037933559,706,Valuable but Stable,Maintain relationship
0709-TVGUR,0.7341183384441858,894.5804974285871,656.7279483768476,707,Critical Priority,Immediate personal call
4631-OACRM,0.6891098647942079,952.7742574101201,656.5661397032897,708,Valuable but Stable,Maintain relationship
6772-KSATR,0.6693546216173094,980.3724006562686,656.2167972853299,709,Valuable but Stable,Maintain relationship
4583-PARNH,0.5972519470682189,1098.5812679664177,656.1298013056157,710,Valuable but Stable,Maintain relationship
7295-JOMMD,0.5569780490298095,1177.184106430943,655.6657069488064,711,Valuable but Stable,Maintain relationship
6645-MXQJT,0.5625451790371764,1165.1615691107227,655.4560235026288,712,Valuable but Stable,Maintain relationship
1251-STYSZ,0.6806188953910071,962.9639813246174,655.4114812704875,713,Valuable but Stable,Maintain relationship
7901-TBKJX,0.5404856832588998,1212.5783528465045,655.3812395431943,714,Valuable but Stable,Maintain relationship
3801-HMYNL,0.6118786129072384,1069.7822833351129,654.5768996398272,715,Valuable but Stable,Maintain relationship
9658-WYUFB,0.5777569376845498,1132.7820686582422,654.4726990519555,716,Valuable but Stable,Maintain relationship
0495-ZBNGW,0.6823696746829732,958.7619673833465,654.2300917817814,717,Valuable but Stable,Maintain relationship
1508-DFXCU,0.6692784550501671,977.3897415816207,654.1458962276292,718,Valuable but Stable,Maintain relationship
2824-MYYBN,0.5722520034847207,1143.009274836806,654.0893475269801,719,Valuable but Stable,Maintain relationship
3640-PHQXK,0.6049975198154771,1078.8013896661187,652.6721651214918,720,Valuable but Stable,Maintain relationship
6786-OBWQR,0.6720708601000465,970.2039510727788,652.0458038699458,721,Valuable but Stable,Maintain relationship
4484-GLZOU,0.5171955908071619,1260.6093515589089,651.9815983565431,722,Valuable but Stable,Maintain relationship
9050-QLROH,0.5990101750980363,1088.3880210192453,651.9554990453435,723,Valuable but Stable,Maintain relationship
9606-PBKBQ,0.6386610634705336,1019.9841321955507,651.4241505910798,724,Valuable but Stable,Maintain relationship
7235-NXZCP,0.7252304553693757,898.1721653614604,651.3818084851902,725,Critical Priority,Immediate personal call
3269-ATYWD,0.5674013238148692,1147.7613900762399,651.2413321528529,726,Valuable but Stable,Maintain relationship
5940-NFXKV,0.6486675353191113,1003.8016344476907,651.1335321664791,727,Valuable but Stable,Maintain relationship
2982-IHMFT,0.7287691875277905,893.3799176711304,651.0677567548341,728,Critical Priority,Immediate personal call
5899-OUVKV,0.5739708006562944,1133.992879813984,650.8788011653694,729,Valuable but Stable,Maintain relationship
6435-SRWBJ,0.6553298334749694,993.0043634209044,650.7453841205393,730,Valuable but Stable,Maintain relationship
6692-UDPJC,0.5916335357283088,1099.8086537118672,650.6836824201432,731,Valuable but Stable,Maintain relationship
2685-SREOM,0.6085119456214481,1069.208799912983,650.6263271106229,732,Valuable but Stable,Maintain relationship
2516-VQRRV,0.7185161264864766,905.3790105923094,650.5294196929448,733,Critical Priority,Immediate personal call
0840-DFEZH,0.7194489343714792,904.1984289074271,650.5245961378141,734,Critical Priority,Immediate personal call
3312-UUMZW,0.5478397851837027,1186.1983964650508,649.846674704666,735,Valuable but Stable,Maintain relationship
2867-UIMSS,0.6723034947321875,965.9750799000035,649.4284220409764,736,Valuable but Stable,Maintain relationship
8481-YYXWG,0.6045221677542276,1072.2002553714071,648.1688226437595,737,Valuable but Stable,Maintain relationship
2880-FPNAE,0.7277817364825284,890.3783887649436,648.0011299018664,738,Critical Priority,Immediate personal call
7240-FQLHE,0.5413354121347252,1196.9616037994997,647.9577031022438,739,Valuable but Stable,Maintain relationship
7180-PISOG,0.7246716430360095,893.9981202801813,647.855086694543,740,Critical Priority,Immediate personal call
7517-LDMPS,0.6381430733096568,1015.1974543019469,647.8412235043843,741,Valuable but Stable,Maintain relationship
8943-URTMR,0.6775499520306065,955.7982977453429,647.6010907882925,742,Valuable but Stable,Maintain relationship
6711-FLDFB,0.7201698247063122,898.7991437064594,647.2880217692643,743,Critical Priority,Immediate personal call
1285-OKIPP,0.6748842871952708,958.7760329653797,647.0628795877498,744,Valuable but Stable,Maintain relationship
5685-IIXLY,0.6449485468426204,1003.2045008737975,647.015285024532,745,Valuable but Stable,Maintain relationship
8999-BOHSE,0.601022668553837,1076.3504955023388,646.9110471060604,746,Valuable but Stable,Maintain relationship
8775-ERLNB,0.725460183902768,891.5657662938556,646.7954647769528,747,Critical Priority,Immediate personal call
8182-BJDSI,0.5990996514734316,1079.4004677811809,646.6684440479645,748,Valuable but Stable,Maintain relationship
1226-IENZN,0.6840389067703565,944.9759712610837,646.4003303056875,749,Valuable but Stable,Maintain relationship
8059-UDZFY,0.5111893027587667,1264.1624165470064,646.2263042885019,750,Valuable but Stable,Maintain relationship
5228-EXCET,0.6657407149790485,970.191156401469,645.8957541290639,751,Valuable but Stable,Maintain relationship
5393-RXQSZ,0.6761707252020128,955.1765094980678,645.8623931232358,752,Valuable but Stable,Maintain relationship
0946-CLJTI,0.5448158898372242,1184.390025466138,645.2745056386666,753,Valuable but Stable,Maintain relationship
5928-QLDHB,0.7051935391572838,914.9905637400831,645.2454339393875,754,Critical Priority,Immediate personal call
0952-KMEEH,0.5478282609432867,1177.7624907066856,645.2115770880775,755,Valuable but Stable,Maintain relationship
7354-OIJLX,0.7087041150259167,910.1911991170006,645.0562482745918,756,Critical Priority,Immediate personal call
3003-CMDUU,0.5640708517488444,1141.812112583517,644.0629308821319,757,Valuable but Stable,Maintain relationship
3030-YDNRM,0.7160372217243323,898.1921061958216,643.1389802951825,758,Critical Priority,Immediate personal call
8372-JUXUI,0.7207697991063687,892.1917814932277,643.064891111227,759,Critical Priority,Immediate personal call
5183-SNMJQ,0.5634983204178756,1141.1921543323504,643.0598622403365,760,Valuable but Stable,Maintain relationship
1219-NNDDO,0.6970783270655104,922.1974089709319,642.8438270696055,761,Valuable but Stable,Maintain relationship
6372-RFVNS,0.6795023165291271,945.5923752104261,642.532209447764,762,Valuable but Stable,Maintain relationship
9507-EXLTT,0.674655562661189,952.1899364808776,642.4002373568283,763,Valuable but Stable,Maintain relationship
4822-NGOCH,0.6338453389894841,1013.3971358884493,642.3370511281864,764,Valuable but Stable,Maintain relationship
4559-UWIHT,0.6472441681572781,991.7994552051233,641.9364133630817,765,Valuable but Stable,Maintain relationship
6365-MTGZX,0.5570095425519702,1151.9957056945718,641.6726010507675,766,Valuable but Stable,Maintain relationship
5569-KGJHX,0.6262687797783009,1024.190117185407,641.4182949506998,767,Valuable but Stable,Maintain relationship
8903-WMRNW,0.5251975059267588,1220.971124253591,641.2509892665768,768,Valuable but Stable,Maintain relationship
3199-XGZCY,0.7101090540632933,902.9992691151293,641.2279568111896,769,Critical Priority,Immediate personal call
6689-TCZHQ,0.6766986362636723,947.3675007760544,641.0822958156796,770,Valuable but Stable,Maintain relationship
8361-LTMKD,0.7180653696469603,892.7808199407359,641.0749894844608,771,Critical Priority,Immediate personal call
9019-QVLZD,0.6713743145060438,954.5846068254082,640.8835860454298,772,Valuable but Stable,Maintain relationship
0122-OAHPZ,0.7229817939067448,886.2008115708677,640.7070525111191,773,Critical Priority,Immediate personal call
1766-GKNMI,0.6286120260735605,1018.7962348556849,640.4275653487471,774,Valuable but Stable,Maintain relationship
7422-WNBTY,0.5715510113706395,1120.2011886505502,640.2521223118144,775,Valuable but Stable,Maintain relationship
8393-DLHGA,0.5562595854738138,1150.790218434505,640.1380898736975,776,Valuable but Stable,Maintain relationship
0928-XUTSN,0.6625301625195898,965.9995106524971,640.0038127864432,777,Valuable but Stable,Maintain relationship
2013-SGDXK,0.6326394960643874,1011.5821993508398,639.9668528250199,778,Valuable but Stable,Maintain relationship
5701-YVSVF,0.643176900455022,994.795683081389,639.8296040303242,779,Valuable but Stable,Maintain relationship
2504-DSHIH,0.6140809113841561,1041.5666846335719,639.6062189671577,780,Valuable but Stable,Maintain relationship
2860-RANUS,0.6211740930859817,1029.580464451303,639.5487112645819,781,Valuable but Stable,Maintain relationship
8734-DKSTZ,0.6200137802056369,1031.39119096079,639.4767511783933,782,Valuable but Stable,Maintain relationship
3295-YVUSR,0.7339211116626997,871.1757393566214,639.374267082186,783,Critical Priority,Immediate personal call
2737-YNGYW,0.6611859249484319,966.5834801375867,639.0913923546444,784,Valuable but Stable,Maintain relationship
3647-GMGDH,0.5622427474695069,1136.3963634083057,638.930613577042,785,Valuable but Stable,Maintain relationship
8010-EZLOU,0.66364204196193,962.3729502405658,638.671149826576,786,Valuable but Stable,Maintain relationship
8183-ONMXC,0.6590431960251762,968.9831624491279,638.6017602750558,787,Valuable but Stable,Maintain relationship
4659-NZRUF,0.5590758637641589,1141.782020444467,638.3427693103769,788,Valuable but Stable,Maintain relationship
3934-HXCFZ,0.5359519813087595,1190.9811676497584,638.3087165033079,789,Valuable but Stable,Maintain relationship
9661-ACXBS,0.505629048242549,1262.386529812681,638.2992995833999,790,Valuable but Stable,Maintain relationship
2018-PZKMU,0.5158450374395672,1237.1799148801974,638.193119510856,791,Valuable but Stable,Maintain relationship
5318-IXUZF,0.6101111715962798,1045.7767885674884,638.0401017011054,792,Valuable but Stable,Maintain relationship
5119-KEPFY,0.5596860708232474,1139.9875204862306,638.0351361284746,793,Valuable but Stable,Maintain relationship
8107-KNCIM,0.7078775799265681,901.1818093597617,637.926398283434,794,Critical Priority,Immediate personal call
5482-VXSXJ,0.5703011150676632,1118.3935248238072,637.8210742914715,795,Valuable but Stable,Maintain relationship
8708-XPXHZ,0.5639087723336017,1130.4143495185783,637.4505680653084,796,Valuable but Stable,Maintain relationship
8337-MSSXB,0.6153192304979637,1035.596116676993,637.2222056203667,797,Valuable but Stable,Maintain relationship
3352-ALMCK,0.5172848062062039,1231.7953244153139,637.1890056758837,798,Valuable but Stable,Maintain relationship
6432-TWQLB,0.6216800778016252,1024.800134433494,637.0978273057304,799,Valuable but Stable,Maintain relationship
3143-JQEGI,0.6008197257830025,1060.19481644075,636.985958890492,800,Valuable but Stable,Maintain relationship
3174-RKMOW,0.4827697373410202,1319.400953051641,636.9668515522324,801,Valuable but Stable,Maintain relationship
7270-BDIOA,0.5893100088995816,1080.0064978755677,636.4586388746568,802,Valuable but Stable,Maintain relationship
3771-PZOBW,0.5844999787561258,1088.3896033551914,636.1637000394976,803,Valuable but Stable,Maintain relationship
9921-ZVRHG,0.6588886412061101,965.39903339477,636.0904573351721,804,Valuable but Stable,Maintain relationship
6661-HBGWL,0.5059550959912869,1256.965851263069,635.9682779335757,805,Valuable but Stable,Maintain relationship
0742-NXBGR,0.6438832874650388,987.5917648477664,635.8938322235794,806,Valuable but Stable,Maintain relationship
7198-GLXTC,0.670694674741962,947.9783635359173,635.8040401941395,807,Valuable but Stable,Maintain relationship
4236-XPXAV,0.5341905766503728,1189.8056320978785,635.5829567122271,808,Valuable but Stable,Maintain relationship
9172-JITSM,0.5829699915136486,1089.6082385768714,635.2089055963603,809,Valuable but Stable,Maintain relationship
4283-FUTGF,0.6628872972701226,958.1750300216643,635.1620559627796,810,Valuable but Stable,Maintain relationship
6101-IMRMM,0.5599010624377836,1133.974550931639,634.9135558440332,811,Valuable but Stable,Maintain relationship
4282-YMKNA,0.7078055386334894,897.0007446997489,634.9020952568469,812,Critical Priority,Immediate personal call
2777-PHDEI,0.6778159327384916,936.5869894888488,634.8335838711199,813,Valuable but Stable,Maintain relationship
8541-QVFKM,0.7197330650355209,882.0020488891433,634.8060380145926,814,Critical Priority,Immediate personal call
8714-CTZJW,0.6383768813087395,994.1981396689165,634.6731078047935,815,Valuable but Stable,Maintain relationship
0524-IAVZO,0.6221429885236461,1020.0111327244509,634.5927744405793,816,Valuable but Stable,Maintain relationship
1965-AKTSX,0.6696561600585517,947.3820527261854,634.4202275370056,817,Valuable but Stable,Maintain relationship
9685-WKZGT,0.7049474745049189,899.3754705728084,634.0124666119742,818,Critical Priority,Immediate personal call
3757-NJYBX,0.496677946734418,1276.1468187831483,633.8339816848735,819,Valuable but Stable,Maintain relationship
9696-RMYBA,0.6592246417557717,961.1918287405038,633.6413389600336,820,Valuable but Stable,Maintain relationship
4062-HBMOS,0.5122505300861788,1236.5981530939735,633.4480594259776,821,Valuable but Stable,Maintain relationship
3908-BLSYF,0.6288834713596865,1006.7848203085255,633.1503327078636,822,Valuable but Stable,Maintain relationship
0137-OCGAB,0.657477558779234,962.3964867138889,632.7540926623591,823,Valuable but Stable,Maintain relationship
0013-EXCHZ,0.6284594569379339,1006.7933560374091,632.7288057839901,824,Valuable but Stable,Maintain relationship
6110-OHIHY,0.6646246524379176,950.9786477888167,632.0438532625232,825,Valuable but Stable,Maintain relationship
9274-CNFMO,0.7027519041934622,899.366777896783,632.0317157353029,826,Critical Priority,Immediate personal call
0875-CABNR,0.6225243150156975,1015.1788831161184,631.9735388302624,827,Valuable but Stable,Maintain relationship
8565-CLBZW,0.5860450430865553,1078.193833162795,631.8701514115484,828,Valuable but Stable,Maintain relationship
2786-GCDPI,0.5013352215503242,1259.390983751612,631.3770578575952,829,Valuable but Stable,Maintain relationship
7693-LCKZL,0.6561854749781193,961.7970086614398,631.1172269610412,830,Valuable but Stable,Maintain relationship
2692-BUCFV,0.5180485190719865,1217.353827271326,630.6483474045252,831,Valuable but Stable,Maintain relationship
4612-SSVHJ,0.6451235731132996,977.3822062170068,630.5323011720752,832,Valuable but Stable,Maintain relationship
2800-QQUSO,0.5236930669672634,1203.6017497651596,630.3178917416811,833,Valuable but Stable,Maintain relationship
1024-VRZHF,0.700815137060032,899.4005684953082,630.3135326819101,834,Critical Priority,Immediate personal call
3317-VLGQT,0.6723988423706898,937.2105813307724,630.1793099443726,835,Valuable but Stable,Maintain relationship
9058-MJLZC,0.5551149935048013,1135.186556929812,630.1590781768303,836,Valuable but Stable,Maintain relationship
3904-UKFRE,0.6554474400521489,961.1769862543568,630.0009950774578,837,Valuable but Stable,Maintain relationship
5649-ANRML,0.5519931755554044,1141.1692086090186,629.9176153061399,838,Valuable but Stable,Maintain relationship
3797-FKOGQ,0.6086396394614421,1034.3770998641667,629.5629051284984,839,Valuable but Stable,Maintain relationship
0225-ZORZP,0.6223416289567222,1011.5755441725598,629.5455719731335,840,Valuable but Stable,Maintain relationship
8065-YKXKD,0.7016842014034806,897.0014260632216,629.411729304955,841,Critical Priority,Immediate personal call
2272-QAGFO,0.7058491555735409,891.5843013565243,629.324026235128,842,Critical Priority,Immediate personal call
7625-XCQRH,0.6854338762468355,917.9993276526802,629.2278375449654,843,Valuable but Stable,Maintain relationship
2254-DLXRI,0.6620884888892163,949.7981545782974,628.8504249145112,844,Valuable but Stable,Maintain relationship
1513-XNPPH,0.5860222455582927,1072.8037438660065,628.6868590237007,845,Valuable but Stable,Maintain relationship
2135-DQWAQ,0.613477211807781,1023.5965047631285,627.9531297582741,846,Valuable but Stable,Maintain relationship
3707-GNWHM,0.7044175169457881,890.9930020229846,627.6310781011043,847,Critical Priority,Immediate personal call
3276-HDUEG,0.6965133304767098,900.5995295653746,627.2795777633372,848,Valuable but Stable,Maintain relationship
5934-RMPOV,0.616574122978086,1017.0031524945133,627.0578268152532,849,Valuable but Stable,Maintain relationship
0376-YMCJC,0.5767033085516817,1087.198427877439,626.990930409106,850,Valuable but Stable,Maintain relationship
8644-XLFBW,0.72914881695007,859.7712448772905,626.9011860499653,851,Critical Priority,Immediate personal call
5949-XIKAE,0.6243644621462343,1002.606843995331,625.9920828952783,852,Valuable but Stable,Maintain relationship
5647-FXOTP,0.492449184962316,1270.7928873311207,625.8009216221186,853,Valuable but Stable,Maintain relationship
5666-CYCYZ,0.581755068415026,1074.608355792545,625.1588575434506,854,Valuable but Stable,Maintain relationship
1597-LHYNC,0.5481472483947774,1139.9664632954998,624.8694801177542,855,Valuable but Stable,Maintain relationship
7321-PKUYW,0.5775471895421618,1081.790308516428,624.7849523576111,856,Valuable but Stable,Maintain relationship
0793-TWELN,0.6493904194382529,961.7847051284674,624.5737730726719,857,Valuable but Stable,Maintain relationship
7048-GXDAY,0.48915474247483,1276.7759829228803,624.5410271246894,858,Valuable but Stable,Maintain relationship
2082-OJVTK,0.5826945110255094,1070.4035682264198,623.7182837876542,859,Valuable but Stable,Maintain relationship
1980-KXVPM,0.6925543076194588,900.5801731549366,623.7006782751295,860,Valuable but Stable,Maintain relationship
0923-PNFUB,0.6201892973105899,1004.984435721047,623.2805909979159,861,Valuable but Stable,Maintain relationship
1363-TXLSL,0.738681056102858,843.5799663276846,623.1365404341474,862,High Risk - Lower Value,Automated retention campaign
6996-KNSML,0.6931638848909931,898.7983816944133,623.0145779890372,863,Valuable but Stable,Maintain relationship
0112-QAWRZ,0.5717111711529932,1089.582367421722,622.9264113463236,864,Valuable but Stable,Maintain relationship
2761-OCIAX,0.6948226916737184,896.3722191180944,622.8197580291785,865,Valuable but Stable,Maintain relationship
5385-SUIRI,0.4980587219086333,1250.3731456871542,622.7592508498213,866,Valuable but Stable,Maintain relationship
7952-OBOYL,0.5775004876273588,1078.1940304145905,622.6575783213334,867,Valuable but Stable,Maintain relationship
8132-YPVBX,0.6036497014288902,1031.3959340301099,622.6018476322471,868,Valuable but Stable,Maintain relationship
9093-FPDLG,0.5506839528833796,1130.400575605851,622.4934573162775,869,Valuable but Stable,Maintain relationship
8699-ASUFO,0.6970953432767143,892.7828640311541,622.3547770733655,870,Valuable but Stable,Maintain relationship
1320-REHCS,0.4680203639088225,1328.980472843356,621.9899245278665,871,Valuable but Stable,Maintain relationship
4128-ETESU,0.5197371792311034,1196.3802842272737,621.803314211989,872,Valuable but Stable,Maintain relationship
2587-EKXTS,0.4644547638715601,1337.9752246832777,621.4289670462693,873,Valuable but Stable,Maintain relationship
3672-YITQD,0.6157056198728725,1009.1882872475062,621.3628999681683,874,Valuable but Stable,Maintain relationship
7137-RYLPP,0.6040377064277515,1028.3866467123094,621.1843114010296,875,Valuable but Stable,Maintain relationship
5989-PGKJB,0.6000719241518532,1034.9975588260534,621.0729766172207,876,Valuable but Stable,Maintain relationship
3878-AVSOQ,0.7263357690120963,854.9796785504332,621.0023223096438,877,Critical Priority,Immediate personal call
5159-YFPKQ,0.6826742269624773,909.5976334598215,620.9588612690824,878,Valuable but Stable,Maintain relationship
0772-GYEQQ,0.5856956392913585,1060.1964130780311,620.9524159321426,879,Valuable but Stable,Maintain relationship
0093-EXYQL,0.5648889227491912,1098.585793700283,620.5789455509181,880,Valuable but Stable,Maintain relationship
9488-HGMJH,0.7267244651104686,853.7798373946625,620.4626956527391,881,Critical Priority,Immediate personal call
5364-XYIRR,0.5460491304775289,1135.8083180740073,620.2071444734562,882,Valuable but Stable,Maintain relationship
1236-WFCDV,0.5709447060372027,1085.3581292740269,619.6794780634475,883,Valuable but Stable,Maintain relationship
6856-RAURS,0.6893383278561298,898.8004491951915,619.5775987245516,884,Valuable but Stable,Maintain relationship
7825-ECJRF,0.4842426571573797,1279.1831405183198,619.4350429555129,885,Valuable but Stable,Maintain relationship
0027-KWYKW,0.6162010867754464,1005.0122189625779,619.2896215473434,886,Valuable but Stable,Maintain relationship
3746-EUBYR,0.6917969119401266,895.184289634501,619.2857271864638,887,Valuable but Stable,Maintain relationship
6960-HVYXR,0.6787697064533162,911.9848521445042,619.0276903799961,888,Valuable but Stable,Maintain relationship
9866-QEVEE,0.5992021670181061,1031.9776527535519,618.363245844187,889,Valuable but Stable,Maintain relationship
5480-TBGPH,0.5188393390236559,1191.6033552232523,618.2506972024028,890,Valuable but Stable,Maintain relationship
2774-LVQUS,0.6201822066063463,996.5967126166208,618.0715483272066,891,Valuable but Stable,Maintain relationship
9603-OAIHC,0.7352860814445733,840.5737863849605,618.0622055560254,892,High Risk - Lower Value,Automated retention campaign
6376-GAHQE,0.6611266022013332,934.1815529715007,617.612275955213,893,Valuable but Stable,Maintain relationship
6212-ATMLK,0.5377307281885574,1148.4071900890535,617.5338345835618,894,Valuable but Stable,Maintain relationship
8051-HJRLT,0.729049393931452,846.5807904600388,617.1992121989008,895,Critical Priority,Immediate personal call
5539-TMZLF,0.7364268589151004,836.9742629176486,616.3703274332254,896,High Risk - Lower Value,Automated retention campaign
1977-STDKI,0.7034854019550568,875.9820364027462,616.2405749841951,897,Critical Priority,Immediate personal call
8062-YBDOE,0.7368064158356448,835.7744217618781,615.8039561454779,898,High Risk - Lower Value,Automated retention campaign
2506-TNFCO,0.7372596711746089,834.5889559556301,615.308779233808,899,High Risk - Lower Value,Automated retention campaign
9605-WGJVW,0.7303998484011248,842.3813464148416,615.2752077173357,900,High Risk - Lower Value,Automated retention campaign
4658-HCOHW,0.4986653507697744,1233.6099597917064,615.1585433126186,901,Valuable but Stable,Maintain relationship
1846-XWOQN,0.7305924234514969,841.7814258369564,614.9991319186785,902,High Risk - Lower Value,Automated retention campaign
0402-CQAJN,0.5026113000814509,1222.787536465863,614.586833426502,903,Valuable but Stable,Maintain relationship
6918-UMQCG,0.6384294830165766,962.3862997918083,614.4157878383203,904,Valuable but Stable,Maintain relationship
1894-IGFSG,0.5735917275546872,1070.989291440074,614.3105978696825,905,Valuable but Stable,Maintain relationship
8000-REIQB,0.731361854772034,839.381743525415,613.8917888065313,906,High Risk - Lower Value,Automated retention campaign
0947-IDHRQ,0.6368861847028665,963.6006720752157,613.7039556151021,907,Valuable but Stable,Maintain relationship
5550-VFRLC,0.7317460486405779,838.1819023696444,613.3362951010299,908,High Risk - Lower Value,Automated retention campaign
6599-RCLCJ,0.4661293792328654,1314.6061141696628,612.7765319336343,909,Valuable but Stable,Maintain relationship
7783-YKGDV,0.5119461314450797,1196.3639383055706,612.473890015937,910,Valuable but Stable,Maintain relationship
8821-XNHVZ,0.6373475575639785,960.6072086788188,612.2406582297962,911,Valuable but Stable,Maintain relationship
4871-JTKJF,0.7325133914833504,835.7822200581032,612.221668556245,912,High Risk - Lower Value,Automated retention campaign
5439-WIKXB,0.5394132509901892,1134.5856261202741,612.0105211122764,913,Valuable but Stable,Maintain relationship
4342-HENTK,0.7218357761598894,847.7813129792822,611.9588820682503,914,Critical Priority,Immediate personal call
2636-ALXXZ,0.732705009318371,835.1822994802178,611.9422545231915,915,High Risk - Lower Value,Automated retention campaign
8375-DKEBR,0.732705009318371,835.1822994802178,611.9422545231915,916,High Risk - Lower Value,Automated retention campaign
2674-MIAHT,0.6350313638819055,963.5983719600777,611.9151883801918,917,Valuable but Stable,Maintain relationship
9367-WXLCH,0.6028273198038576,1013.9640843241968,611.2452513305283,918,Valuable but Stable,Maintain relationship
5804-LEPIM,0.7228763620582516,844.1817895119702,610.2390609182377,919,Critical Priority,Immediate personal call
7206-GZCDC,0.7340438903645207,830.9828554350206,609.9778880297406,920,High Risk - Lower Value,Automated retention campaign
3932-CMDTD,0.4810644732578553,1267.7788687759885,609.8833737151606,921,Valuable but Stable,Maintain relationship
3420-YJLQT,0.6379783390668603,954.5850321641612,609.004573318177,922,Valuable but Stable,Maintain relationship
7181-OQCUT,0.488606377560521,1246.162823492125,608.8831030370781,923,Valuable but Stable,Maintain relationship
9799-CAYJJ,0.7321005413196932,831.5900344296763,608.8075143620283,924,High Risk - Lower Value,Automated retention campaign
4439-JMPMT,0.5914683419295653,1029.0112834202043,608.6275976313623,925,Valuable but Stable,Maintain relationship
4183-MYFRB,0.5628337443401331,1080.5988655614326,608.1975056336412,926,Valuable but Stable,Maintain relationship
4137-BTIKL,0.5585004201712868,1088.960746700471,608.1850345822512,927,Valuable but Stable,Maintain relationship
9095-HFAFX,0.6255949740961017,971.9980432609015,608.0770906952652,928,Valuable but Stable,Maintain relationship
3370-HXOPH,0.6651401259568135,913.1860560272203,607.396688327951,929,Valuable but Stable,Maintain relationship
3853-LYGAM,0.5290074298449366,1147.7800132718683,607.1841548483383,930,Valuable but Stable,Maintain relationship
6651-AZVTJ,0.5065866721510996,1197.606361488549,606.6914212134709,931,Valuable but Stable,Maintain relationship
5276-KQWHG,0.7255057018891443,835.1829808436905,605.9300147228695,932,High Risk - Lower Value,Automated retention campaign
2959-FENLU,0.5919329490715108,1023.5976548026606,605.9011784700213,933,Valuable but Stable,Maintain relationship
7044-YAACC,0.7185276791166486,842.3821692623324,605.2749050093115,934,High Risk - Lower Value,Automated retention campaign
9492-TOKRI,0.5603212334436188,1079.9983524616719,605.1460089684002,935,Valuable but Stable,Maintain relationship
6168-WFVVF,0.717301694072354,843.5825502975576,605.1031924183148,936,High Risk - Lower Value,Automated retention campaign
2055-PDADH,0.715479937189131,844.7823914533284,604.4248523755114,937,Critical Priority,Immediate personal call
6400-BWQKW,0.6371655083421696,948.587815141936,604.4074374420995,938,Valuable but Stable,Maintain relationship
9050-IKDZA,0.6179837757404609,977.9663380728834,604.3673301493526,939,Valuable but Stable,Maintain relationship
0644-OQMDK,0.712779441280829,847.7748774100025,604.2765034522249,940,Critical Priority,Immediate personal call
9840-DVNDC,0.6251387891828436,965.991720549296,603.8788945448388,941,Valuable but Stable,Maintain relationship
0378-NHQXU,0.570120551677599,1058.996462695556,603.7556475366163,942,Valuable but Stable,Maintain relationship
2675-DHUTR,0.5086188078657581,1186.7909094052745,603.6241775276296,943,Valuable but Stable,Maintain relationship
7823-JSOAG,0.6749950273388593,893.9807992386653,603.4325940225182,944,Valuable but Stable,Maintain relationship
0925-VYDLG,0.6680920565406269,902.9874062031702,603.2787132405624,945,Valuable but Stable,Maintain relationship
4919-IKATY,0.5947162736334967,1013.9848421443351,603.0332868409283,946,Valuable but Stable,Maintain relationship
1448-PWKYE,0.6279910416948219,959.9861017950166,602.8626720788038,947,Valuable but Stable,Maintain relationship
4690-PKDQG,0.5257851751457162,1146.5912792943636,602.8606966043378,948,Valuable but Stable,Maintain relationship
0004-TLHLJ,0.6795931417909238,886.7942159309002,602.6592673264994,949,Valuable but Stable,Maintain relationship
0895-DQHEW,0.4814994598586621,1251.6041073213496,602.6467016321128,950,Valuable but Stable,Maintain relationship
5857-TYBCJ,0.5628298542857153,1070.3897927073224,602.4473310583793,951,Valuable but Stable,Maintain relationship
8937-RDTHP,0.5929144445009598,1015.1776805217589,601.9135105163315,952,Valuable but Stable,Maintain relationship
6481-ESCNL,0.4987576493629551,1206.5706362342548,601.7863343185621,953,Valuable but Stable,Maintain relationship
3365-SAIGS,0.5999866003641035,1002.6027485927196,601.5482146438518,954,Valuable but Stable,Maintain relationship
0315-LVCRK,0.5909145079230685,1017.5789992315996,601.3021936037892,955,Valuable but Stable,Maintain relationship
4238-JSSWH,0.4901642973478102,1224.558353845328,600.2347850739862,956,Valuable but Stable,Maintain relationship
8436-BJUMM,0.5972330057641989,1005.006464756771,600.2230317591378,957,Valuable but Stable,Maintain relationship
5196-SGOAK,0.6604341686014262,908.3983125681735,599.9372843199002,958,Valuable but Stable,Maintain relationship
0082-OQIQY,0.5304811998527639,1130.4019717080646,599.6569942676241,959,Valuable but Stable,Maintain relationship
4299-SIMNS,0.615703455537604,973.7787252073123,599.558926039145,960,Valuable but Stable,Maintain relationship
0093-XWZFY,0.4779563689376853,1253.9922316193074,599.353573700829,961,Valuable but Stable,Maintain relationship
5981-ITEMU,0.5141756637920784,1165.1869102113046,599.1107529997383,962,Valuable but Stable,Maintain relationship
4301-VVZKA,0.661982948099874,904.8032605136398,598.9643298451975,963,Valuable but Stable,Maintain relationship
4274-OWWYO,0.6712101808724816,892.1926586690449,598.8487957983499,964,Valuable but Stable,Maintain relationship
5570-PTWEH,0.6632148848083191,901.8071563236253,598.0919293004911,965,Valuable but Stable,Maintain relationship
2038-LLMLM,0.4799072555673312,1246.2119332708103,598.0661487512526,966,Valuable but Stable,Maintain relationship
1602-IJQQE,0.661248332206266,904.1879287224134,597.892759868734,967,Valuable but Stable,Maintain relationship
5520-FVEWJ,0.5893662161464975,1014.0066027767281,597.6212346260847,968,Valuable but Stable,Maintain relationship
7495-OOKFY,0.6174264794959867,967.78639937508,597.5369494702527,969,Valuable but Stable,Maintain relationship
5747-PMBSQ,0.5382285947627832,1109.9857403068258,597.4260652120704,970,Valuable but Stable,Maintain relationship
4373-MAVJG,0.5476138394927957,1090.7896261653673,597.3314952633281,971,Valuable but Stable,Maintain relationship
6424-ELEYH,0.6656248458899153,897.0077917005428,597.0706731127271,972,Valuable but Stable,Maintain relationship
3249-ZPQRG,0.63408578058056,941.3803438814048,596.9158901732366,973,Valuable but Stable,Maintain relationship
6221-AVQYL,0.6782977597052452,878.995117650988,596.2204190945137,974,Valuable but Stable,Maintain relationship
3765-JXVKY,0.6648076355909471,896.3999010104674,595.9334987347279,975,Valuable but Stable,Maintain relationship
2276-YDAVZ,0.6611621233976176,901.2006586924424,595.8397411084269,976,Valuable but Stable,Maintain relationship
3550-SAHFP,0.5957109485646248,1000.2092206913562,595.835583621132,977,Valuable but Stable,Maintain relationship
3096-JRDSO,0.4754093454570657,1251.5649095873819,595.0056544639689,978,Valuable but Stable,Maintain relationship
0963-ZBDRN,0.5153795433896967,1154.400838913895,594.954577248126,979,Valuable but Stable,Maintain relationship
2154-KVJFF,0.6216690024802057,957.0020282954437,594.9384963019621,980,Valuable but Stable,Maintain relationship
7465-ZZRVX,0.7047126873850336,844.1938748118928,594.9141341926736,981,Critical Priority,Immediate personal call
2446-PLQVO,0.704916197969473,843.5939542340076,594.6630428486702,982,High Risk - Lower Value,Automated retention campaign
5271-DBYSJ,0.6259528483934301,949.7764871951354,594.5152974969012,983,Valuable but Stable,Maintain relationship
9850-OWRHQ,0.6684063659191636,889.2088241880338,594.3528387187761,984,Valuable but Stable,Maintain relationship
1833-TCXKK,0.4596603215190652,1292.9824737432991,594.3327395993612,985,Valuable but Stable,Maintain relationship
1482-OXZSY,0.493256031852457,1204.7642224981787,594.2572197072622,986,Valuable but Stable,Maintain relationship
5842-POCOP,0.5570459046904119,1066.7918870220412,594.2520518225847,987,Valuable but Stable,Maintain relationship
9278-VZKCD,0.4534783152214777,1309.178298242467,593.6839690115152,988,Valuable but Stable,Maintain relationship
4770-UEZOX,0.6617720930951368,896.9927046556003,593.6047396510045,989,Valuable but Stable,Maintain relationship
1031-IIDEO,0.6980514870047466,850.200878886971,593.4839877597926,990,Valuable but Stable,Maintain relationship
3494-JCHRQ,0.7059325263988411,840.594351344581,593.4028941212752,991,High Risk - Lower Value,Automated retention campaign
3074-GQWYX,0.6507919192980733,910.7783730601127,592.7272054589674,992,Valuable but Stable,Maintain relationship
5542-TBBWB,0.7065413421362594,838.7945896109252,592.643055120336,993,High Risk - Lower Value,Automated retention campaign
5875-YPQFJ,0.7065413421362594,838.7945896109252,592.643055120336,994,High Risk - Lower Value,Automated retention campaign
9804-ICWBG,0.7065413421362594,838.7945896109252,592.643055120336,995,High Risk - Lower Value,Automated retention campaign
1447-GIQMR,0.7141698534935486,829.8023579959431,592.6198284385638,996,High Risk - Lower Value,Automated retention campaign
1307-ATKGB,0.551458055828773,1074.5939055767726,592.5934659748151,997,Valuable but Stable,Maintain relationship
4277-PVRAN,0.6164424655037046,961.1869376401689,592.5164456488613,998,Valuable but Stable,Maintain relationship
4603-JANFB,0.706744116876126,838.1946690330398,592.3891511360324,999,High Risk - Lower Value,Automated retention campaign
6352-TWCAU,0.5710112083224665,1037.4058788561915,592.3703844065043,1000,Valuable but Stable,Maintain relationship
1608-GMEWB,0.525679742485197,1126.7682580310905,592.3192477222776,1001,Valuable but Stable,Maintain relationship
5376-DEQCP,0.6990813658372451,847.2012759975446,592.2626251634204,1002,Valuable but Stable,Maintain relationship
4510-HIMLV,0.7069468096174247,837.5947484551544,592.1349351726808,1003,High Risk - Lower Value,Automated retention campaign
0921-OHLVP,0.5940862376560075,996.5859478350236,592.0579962501554,1004,Valuable but Stable,Maintain relationship
9250-WYPLL,0.6528328829784708,906.5882923974274,591.8506486003413,1005,Valuable but Stable,Maintain relationship
0581-MDMPW,0.5542548307764866,1067.4029068793216,591.6132175227283,1006,Valuable but Stable,Maintain relationship
2252-ISRNH,0.5456536974804012,1084.1835807550497,591.588779586534,1007,Valuable but Stable,Maintain relationship
6198-ZFIOJ,0.6520348877901996,907.1882129753127,591.5183646519497,1008,Valuable but Stable,Maintain relationship
7254-IQWOZ,0.7075543953786521,835.7949867214986,591.3704164902384,1009,High Risk - Lower Value,Automated retention campaign
6502-MJQAE,0.7077567596550025,835.1950661436132,591.1149536936491,1010,High Risk - Lower Value,Automated retention campaign
1820-TQVEV,0.7079590416980303,834.5951455657279,590.8591794605408,1011,High Risk - Lower Value,Automated retention campaign
2799-ARNLO,0.7099899729670311,832.1919990979799,590.8479749429544,1012,High Risk - Lower Value,Automated retention campaign
9565-DJPIB,0.5494845763335106,1075.184797453707,590.7974629090816,1013,Valuable but Stable,Maintain relationship
6653-CBBOM,0.7003145751224918,843.6017525302327,590.7866028957994,1014,High Risk - Lower Value,Automated retention campaign
8835-VSDSE,0.6961219174330455,848.4083755700856,590.5956651681034,1015,Valuable but Stable,Maintain relationship
3244-DCJWY,0.7005198287203094,843.0018319523474,590.5394989301655,1016,High Risk - Lower Value,Automated retention campaign
1640-PLFMP,0.7005198287203094,843.0018319523474,590.5394989301655,1017,High Risk - Lower Value,Automated retention campaign
3428-XZMAZ,0.7087673466066458,832.1954632541866,589.8329703487582,1018,High Risk - Lower Value,Automated retention campaign
6457-GIRWB,0.7087673466066458,832.1954632541866,589.8329703487582,1019,High Risk - Lower Value,Automated retention campaign
4702-IOQDC,0.7011351062951781,841.2020702186915,589.7963029185061,1020,High Risk - Lower Value,Automated retention campaign
0328-GRPMV,0.7011351062951781,841.2020702186915,589.7963029185061,1021,High Risk - Lower Value,Automated retention campaign
6818-DJXAA,0.5392178392594561,1093.2035510167304,589.474856650006,1022,Valuable but Stable,Maintain relationship
6496-JDSSB,0.6139733018019268,959.9870964843984,589.406447315771,1023,Valuable but Stable,Maintain relationship
1212-GLHMD,0.5701904245171707,1032.5767400073785,588.7653697313633,1024,Valuable but Stable,Maintain relationship
2507-QZPQS,0.5126745545097695,1148.3813378366904,588.7458907827584,1025,Valuable but Stable,Maintain relationship
8945-GRKHX,0.6237720956658892,943.7894674350407,588.7095339693489,1026,Valuable but Stable,Maintain relationship
9717-QEBGU,0.6978352522146419,843.5946355974803,588.6900752990866,1027,Low Priority,No immediate intervention
2823-LKABH,0.5160996344253489,1140.5894459969422,588.6577961084331,1028,Valuable but Stable,Maintain relationship
3716-BDVDB,0.7097758719350779,829.19586036476,588.5432147953546,1029,High Risk - Lower Value,Automated retention campaign
6467-CHFZW,0.4935670651302759,1192.206915188231,588.4340681574749,1030,Valuable but Stable,Maintain relationship
2719-BDAQO,0.5224114222904631,1126.1667243264023,588.3223601915478,1031,Valuable but Stable,Maintain relationship
7321-VGNKU,0.6965695766457247,844.2089315248884,588.0502580328312,1032,Valuable but Stable,Maintain relationship
3167-SNQPL,0.4844361237221929,1213.7689026666317,587.9935023023627,1033,Valuable but Stable,Maintain relationship
1264-BYWMS,0.5061368212199752,1161.6010513236688,587.9290636427429,1034,Valuable but Stable,Maintain relationship
4806-HIPDW,0.7104586313539075,827.410473980627,587.8409129121642,1035,High Risk - Lower Value,Automated retention campaign
3721-CNEYS,0.6901351303865569,851.4014014062146,587.5820171707752,1036,Valuable but Stable,Maintain relationship
9167-APMXZ,0.5817703613512918,1009.7906533674393,587.4662732987322,1037,Valuable but Stable,Maintain relationship
8873-GLDMH,0.6628159175528288,886.2048425134909,587.3906758303395,1038,Valuable but Stable,Maintain relationship
7665-TOALD,0.7031807813983162,835.2028644398383,587.2986028429175,1039,High Risk - Lower Value,Automated retention campaign
9237-HQITU,0.69185517432012,848.4017985167881,586.9711742063357,1040,Valuable but Stable,Maintain relationship
8378-LKJAF,0.483523055512128,1213.801280221585,586.9009037972735,1041,Valuable but Stable,Maintain relationship
0488-GSLFR,0.703588944167083,834.0030232840677,586.7953065845923,1042,High Risk - Lower Value,Automated retention campaign
2897-DOVND,0.7000439261101576,837.5954298186272,586.3535931821567,1043,High Risk - Lower Value,Automated retention campaign
7379-POKDZ,0.6949998827061182,843.6018940142507,586.3032173905634,1044,Low Priority,No immediate intervention
1475-VWVDO,0.652058379622488,898.7946715790247,586.0665971631452,1045,Valuable but Stable,Maintain relationship
3855-ONCAR,0.6189007072717212,946.811079477875,585.9820467415586,1046,Valuable but Stable,Maintain relationship
8854-CCVSQ,0.6050158740033308,967.7948444915726,585.5312436959864,1047,Valuable but Stable,Maintain relationship
8111-RKSPX,0.6757772879262807,866.3835689331269,585.4823385175204,1048,Valuable but Stable,Maintain relationship
9728-FTTVZ,0.7048114808722565,830.4034998167559,585.2779204273523,1049,High Risk - Lower Value,Automated retention campaign
7660-HDPJV,0.7048114808722565,830.4034998167559,585.2779204273523,1050,High Risk - Lower Value,Automated retention campaign
0354-WYROK,0.493033358110797,1186.797265765432,585.130641337043,1051,Valuable but Stable,Maintain relationship
5129-JLPIS,0.4620931300948284,1265.9811776894544,585.0012050396571,1052,Valuable but Stable,Maintain relationship
1035-IPQPU,0.4708915659476655,1241.9987436830438,584.8467333179417,1053,Valuable but Stable,Maintain relationship
0362-ZBZWJ,0.57384782828421,1018.8010043999942,584.6367438287085,1054,Valuable but Stable,Maintain relationship
3196-NVXLZ,0.5757546841525238,1015.2067161458034,584.5100222040479,1055,Valuable but Stable,Maintain relationship
8325-QRPZR,0.6476998817085209,901.8020727646764,584.0970958541799,1056,Valuable but Stable,Maintain relationship
1194-HVAIF,0.5121470996015023,1139.9953097258208,583.8452914353954,1057,Valuable but Stable,Maintain relationship
7774-OJSXI,0.4702793303122684,1241.3784559818507,583.7946289432225,1058,Valuable but Stable,Maintain relationship
3186-BAXNB,0.5305063197973127,1100.385560592531,583.7614941080463,1059,Valuable but Stable,Maintain relationship
1867-BDVFH,0.6542523145085484,892.2051721812529,583.7272989160826,1060,Valuable but Stable,Maintain relationship
7703-ZEKEF,0.6002358984254137,971.9964937265381,583.4271886783006,1061,Valuable but Stable,Maintain relationship
2362-IBOOY,0.5736278487676887,1017.0012426663382,583.3802350247577,1062,Valuable but Stable,Maintain relationship
7394-LWLYN,0.6928278680439097,841.8026721600496,583.2243506663134,1063,Low Priority,No immediate intervention
1522-VVDMG,0.5412044637509371,1077.0036317080767,582.8791729563815,1064,Valuable but Stable,Maintain relationship
7278-CKDNC,0.6026490299612819,965.9786059791326,582.1460698566756,1065,Valuable but Stable,Maintain relationship
3488-PGMQJ,0.6510437590608995,893.9766249873896,582.0179024443662,1066,Valuable but Stable,Maintain relationship
5599-HVLTW,0.6031494038202477,964.1686060984965,581.5377199505075,1067,Valuable but Stable,Maintain relationship
4482-EWFMI,0.6952681165774579,836.4033869590818,581.5246075500476,1068,Low Priority,No immediate intervention
3331-HQDTW,0.4413256362503287,1317.5836220027707,581.4834302933854,1069,Valuable but Stable,Maintain relationship
4369-HTUIF,0.5688667740580466,1021.745134858263,581.2368587763239,1070,Valuable but Stable,Maintain relationship
1580-BMCMR,0.5548395009319101,1047.5603790043588,581.2278778828211,1071,Valuable but Stable,Maintain relationship
2874-YXVVA,0.460818965165212,1261.2049364257102,581.1871536649528,1072,Valuable but Stable,Maintain relationship
0727-IWKVK,0.6057659028159047,958.7998067741261,580.8082305702435,1073,Valuable but Stable,Maintain relationship
0378-TOVMS,0.5640295149211403,1029.590937893682,580.7196772673753,1074,Valuable but Stable,Maintain relationship
8189-XRIKE,0.5319830359615338,1091.372839763282,580.5918366632313,1075,Valuable but Stable,Maintain relationship
5712-PTIWW,0.605746645825993,958.1985176869714,580.4255381243214,1076,Valuable but Stable,Maintain relationship
6377-WHAOX,0.4554226623343376,1273.8130551801678,580.1233329063884,1077,Valuable but Stable,Maintain relationship
7409-KIUTL,0.6800061564902246,851.9837262815752,579.3541791009535,1078,Valuable but Stable,Maintain relationship
0311-UNPFF,0.5436508750922868,1065.5911666067104,579.3095702163489,1079,Valuable but Stable,Maintain relationship
1965-DDBWU,0.5420435581685006,1068.6004589380175,579.2279950232557,1080,Valuable but Stable,Maintain relationship
4947-DSMXK,0.4938813240858256,1172.3906572119877,579.0218501297077,1081,Valuable but Stable,Maintain relationship
9633-XQABV,0.6867331523775602,843.003194679293,578.9182413464649,1082,Low Priority,No immediate intervention
4572-DVCGN,0.6008586591870857,962.98784249177,578.6195838530695,1083,Valuable but Stable,Maintain relationship
0177-PXBAT,0.4386448846066857,1318.7562401938803,578.4656788041914,1084,Valuable but Stable,Maintain relationship
0219-YTZUE,0.5679656034205339,1017.5828558591504,577.9520607584326,1085,Valuable but Stable,Maintain relationship
3587-PMCOY,0.4864183376421951,1186.7615721395593,577.2625910977624,1086,Valuable but Stable,Maintain relationship
4636-QRJKY,0.59746463076395,966.0149104546725,577.1597417872711,1087,Valuable but Stable,Maintain relationship
5729-KLZAR,0.5947677337784831,970.1945940057102,577.0404400009118,1088,Valuable but Stable,Maintain relationship
6077-BDPXA,0.6854248284093565,841.8033535235223,576.9929191432811,1089,Low Priority,No immediate intervention
2519-FAKOD,0.4844284976616558,1190.9831418994304,576.9461741706997,1090,Valuable but Stable,Maintain relationship
5564-NEMQO,0.638431102465197,903.567160176993,576.8653782231448,1091,Valuable but Stable,Maintain relationship
8610-WFCJF,0.5027790700177144,1147.2168952436762,576.7966436992251,1092,Valuable but Stable,Maintain relationship
7979-CORPM,0.5304023725894665,1086.5937687030216,576.3319129610127,1093,Valuable but Stable,Maintain relationship
7245-NIIWQ,0.6869792633323684,838.2038300562103,575.828649694385,1094,Low Priority,No immediate intervention
8714-EUHJO,0.5263509647925636,1093.810833414713,575.7283874683923,1095,Valuable but Stable,Maintain relationship
2754-XBHTB,0.6178279798817076,931.7915106872616,575.6868667188354,1096,Valuable but Stable,Maintain relationship
5922-ABDVO,0.5351144196752924,1075.796443679817,575.6741896484687,1097,Valuable but Stable,Maintain relationship
3744-ZRRDZ,0.5822800751652004,988.1941882300913,575.4057862004317,1098,Valuable but Stable,Maintain relationship
0679-IDSTG,0.6922036319089404,830.9930831088868,575.2164302191794,1099,Low Priority,No immediate intervention
9903-LYSAB,0.6552179156536966,877.8081972357463,575.1556573365347,1100,Valuable but Stable,Maintain relationship
1016-DJTSV,0.6875956276945975,836.3791118840727,575.090620426579,1101,Low Priority,No immediate intervention
3750-CKVKH,0.7070856181917746,812.9986861253294,574.859678568029,1102,High Risk - Lower Value,Automated retention campaign
9710-ZUSHQ,0.4486334290559376,1280.9512763968542,574.6775635835008,1103,Valuable but Stable,Maintain relationship
1689-YQBYY,0.625190269132111,919.2035007924922,574.6770840476368,1104,Valuable but Stable,Maintain relationship
3999-QGRJH,0.6870105419114167,836.3791118840727,574.6012668988662,1105,Low Priority,No immediate intervention
6284-AHOOQ,0.528917827238568,1085.9673192176929,574.3874749327144,1106,Valuable but Stable,Maintain relationship
0620-DLSLK,0.5844257873960902,982.8022187483823,574.3749605466478,1107,Valuable but Stable,Maintain relationship
2474-BRUCM,0.4699504622063784,1222.1563100715443,574.3529228065643,1108,Valuable but Stable,Maintain relationship
2568-BRGYX,0.6811900152714516,842.3961571686552,573.8318511663284,1109,Low Priority,No immediate intervention
7912-SYRQT,0.6363501283825618,901.1888048371183,573.4716116550276,1110,Valuable but Stable,Maintain relationship
5399-ZIMKF,0.6400959264000995,895.7949075902479,573.3946712384712,1111,Valuable but Stable,Maintain relationship
1196-AMORA,0.6491258195116633,883.1849542906207,573.29815723427,1112,Valuable but Stable,Maintain relationship
2397-BRLOM,0.5938171507238066,965.3828254126018,573.2608787442092,1113,Valuable but Stable,Maintain relationship
3296-SILRA,0.6249992930543822,916.7879250583409,572.9918050422569,1114,Valuable but Stable,Maintain relationship
9529-OFXHY,0.5440293611592594,1052.9683119691158,572.8456780815018,1115,Valuable but Stable,Maintain relationship
2868-SNELZ,0.5918923640222766,967.1868749782533,572.4705258821964,1116,Valuable but Stable,Maintain relationship
7752-XUSCI,0.4502651251958923,1270.8068752374436,572.2000167785882,1117,Valuable but Stable,Maintain relationship
7801-KICAO,0.6426455936983114,889.8078300363801,571.8310812111357,1118,Valuable but Stable,Maintain relationship
9355-NPPFS,0.604160290224529,945.5905037699217,571.2882331911945,1119,Valuable but Stable,Maintain relationship
6339-YPSAH,0.6450391504362666,885.5977815924932,571.2452406666642,1120,Valuable but Stable,Maintain relationship
6347-DCUIK,0.6417498519561194,889.7992931384688,571.028564642272,1121,Valuable but Stable,Maintain relationship
9560-ARGQJ,0.587410135617177,972.0046307513375,570.9653719701672,1122,Valuable but Stable,Maintain relationship
9408-SSNVZ,0.678112036448974,841.8040348869952,570.8374483881835,1123,Low Priority,No immediate intervention
6719-OXYBR,0.5572663667474488,1023.5811500733441,570.4073485725476,1124,Valuable but Stable,Maintain relationship
5652-MSDEY,0.6274873257517181,909.0045499270238,570.3888341298523,1125,Valuable but Stable,Maintain relationship
2187-PKZAY,0.5940491501506994,959.3818834551786,569.9199925365261,1126,Valuable but Stable,Maintain relationship
9090-SGQXL,0.4509771540076512,1263.5914930080537,569.850895345051,1127,Valuable but Stable,Maintain relationship
2344-JMOGN,0.5003666560281753,1138.201891063583,569.5182741164305,1128,Valuable but Stable,Maintain relationship
7508-SMHXL,0.5330647662382655,1067.9688757593315,569.2965791063913,1129,Valuable but Stable,Maintain relationship
9508-ILZDG,0.4921274358574029,1156.189160295382,568.99240682229,1130,Valuable but Stable,Maintain relationship
1550-EENBN,0.4543496130356482,1252.1731305234302,568.9243773069567,1131,Valuable but Stable,Maintain relationship
4412-YLTKF,0.6073384294156359,936.5911384218002,568.8277910136985,1132,Valuable but Stable,Maintain relationship
4441-NIHPT,0.6370818456865232,891.586946161842,568.0138572507971,1133,Valuable but Stable,Maintain relationship
7534-BFESC,0.6215828531635637,913.1804574988979,567.6173142253733,1134,Valuable but Stable,Maintain relationship
0139-IVFJG,0.5233255216128461,1084.1757925262013,567.376862143795,1135,Valuable but Stable,Maintain relationship
8104-OSKWT,0.5923361142449113,957.5907119910522,567.2155613777978,1136,Valuable but Stable,Maintain relationship
2378-VTKDH,0.452660196104907,1252.1909579378146,566.8170045809225,1137,Valuable but Stable,Maintain relationship
2739-CACDQ,0.5709663295061923,991.7815760808544,566.2738861667518,1138,Valuable but Stable,Maintain relationship
2058-DCJBE,0.6764009372464874,836.9975533311601,566.1459295462136,1139,Low Priority,No immediate intervention
9490-DFPMD,0.5572503375420287,1015.7929426370092,566.050960157284,1140,Valuable but Stable,Maintain relationship
0390-DCFDQ,0.6693284296632626,845.3922386636617,565.8450595542588,1141,Valuable but Stable,Maintain relationship
4059-IIEBK,0.6002605857478462,942.5884623375318,565.7987025218886,1142,Valuable but Stable,Maintain relationship
6047-YHPVI,0.6762351471263568,836.3976327532749,565.6014762410474,1143,Low Priority,No immediate intervention
4290-BSXUX,0.5917280164083756,955.792746442528,565.5693459499506,1144,Valuable but Stable,Maintain relationship
9168-INPSZ,0.4523528167496017,1249.786287283313,565.3443473876335,1145,Valuable but Stable,Maintain relationship
9420-LOJKX,0.4753060173130853,1189.182972422895,565.2258224788628,1146,Valuable but Stable,Maintain relationship
5019-GQVCR,0.5550748897679328,1018.185508015798,565.1692086251758,1147,Valuable but Stable,Maintain relationship
3916-NRPAP,0.5491308065083925,1028.376676854086,564.7133139553049,1148,Valuable but Stable,Maintain relationship
7206-PQBBZ,0.6702311904971793,842.3869388066416,564.5940008556499,1149,Low Priority,No immediate intervention
6923-JHPMP,0.5847425867059381,965.3861920376241,564.5024191022759,1150,Valuable but Stable,Maintain relationship
6522-YRBXD,0.4971816831390273,1134.5720891228593,564.0884609126657,1151,Valuable but Stable,Maintain relationship
0018-NYROU,0.6812664318627584,827.413199434518,563.6888380549029,1152,Low Priority,No immediate intervention
0231-LXVAP,0.6188462067832806,910.8001746718273,563.6452332332098,1153,Valuable but Stable,Maintain relationship
4446-BZKHU,0.4440200855108666,1266.6068913127915,562.3989001893585,1154,Valuable but Stable,Maintain relationship
9927-DSWDF,0.4479720084019667,1255.1883418779933,562.289242433819,1155,Valuable but Stable,Maintain relationship
8309-IEYJD,0.6636961107568211,847.1854233440199,562.2736705632971,1156,Valuable but Stable,Maintain relationship
3536-IQCTX,0.5485674543638228,1023.5751995682672,561.5000415771062,1157,Valuable but Stable,Maintain relationship
5914-DVBWJ,0.5475857726125312,1025.389569019832,561.488739380555,1158,Valuable but Stable,Maintain relationship
3545-CNWRG,0.4757063346993964,1180.2176646536955,561.4370193998908,1159,Valuable but Stable,Maintain relationship
8637-XJIVR,0.5923525076271381,947.392062167002,561.1900637306692,1160,Valuable but Stable,Maintain relationship
2656-FMOKZ,0.6280855117275215,893.389456759749,561.1249741209193,1161,Valuable but Stable,Maintain relationship
9444-JTXHZ,0.6132255206695038,914.3866393819084,560.7252230282086,1162,Valuable but Stable,Maintain relationship
3422-LYEPQ,0.6575351721978381,852.0030699982682,560.2219853443979,1163,Valuable but Stable,Maintain relationship
8914-RBTSB,0.4975129747989035,1125.5908746389775,559.9960644481374,1164,Valuable but Stable,Maintain relationship
2024-BASKD,0.6252293171086959,895.2035705331972,559.7075170777372,1165,Valuable but Stable,Maintain relationship
9494-MRNYX,0.6213613392447396,900.584695139713,559.5885122753275,1166,Valuable but Stable,Maintain relationship
1907-UBQFC,0.6396516334783332,874.1806086441198,559.1710542742948,1167,Valuable but Stable,Maintain relationship
4854-CIDCF,0.6306673275770521,886.1723912315513,558.8799737505683,1168,Valuable but Stable,Maintain relationship
4585-HETAI,0.631386696368177,885.0124801673355,558.7851060974608,1169,Valuable but Stable,Maintain relationship
4553-DVPZG,0.4593753571612425,1216.216904803796,558.7000750297847,1170,Valuable but Stable,Maintain relationship
3453-RTHJQ,0.6736326866542449,829.1992671821238,558.5757301236251,1171,Low Priority,No immediate intervention
8380-PEFPE,0.6495831748883333,859.7954604574796,558.5086649585461,1172,Valuable but Stable,Maintain relationship
6877-LGWXO,0.5917042008019627,942.5757726351902,557.7260442423977,1173,Valuable but Stable,Maintain relationship
4536-PLEQY,0.5461747537626367,1020.6000763883201,557.4259954115189,1174,Valuable but Stable,Maintain relationship
3005-NFMTA,0.4700781901651831,1185.5732543139293,557.3121296961382,1175,Valuable but Stable,Maintain relationship
8012-SOUDQ,0.5145461313741895,1082.989866349964,557.2482460478244,1176,Valuable but Stable,Maintain relationship
6103-BOCOU,0.5747767819820713,968.4068126458696,556.6177514221075,1177,Valuable but Stable,Maintain relationship
8224-DWCKX,0.6326742441444998,879.5812869039803,556.4884258556222,1178,Valuable but Stable,Maintain relationship
9773-PEQBZ,0.5805172449169719,958.18220824303,556.241295657704,1179,Valuable but Stable,Maintain relationship
0529-ONKER,0.612649347966705,907.76658393208,556.142605751952,1180,Valuable but Stable,Maintain relationship
1853-UDXBW,0.6619268639781014,840.0046584405619,556.0216492885573,1181,Low Priority,No immediate intervention
9898-KZQDZ,0.4899036533660791,1134.596424005542,555.842933216404,1182,Valuable but Stable,Maintain relationship
5054-IEXZT,0.6146494898524477,904.1947208473198,555.7628238960815,1183,Valuable but Stable,Maintain relationship
5022-KVDQT,0.569323483655535,975.5987426477409,555.4312748141716,1184,Valuable but Stable,Maintain relationship
1343-EHPYB,0.447587661877859,1240.8116691906687,555.3719938438148,1185,Valuable but Stable,Maintain relationship
7881-INRLC,0.4587763857056064,1210.1975002523113,555.2100351557151,1186,Valuable but Stable,Maintain relationship
5027-QPKTE,0.6671322706789105,832.2061284883207,555.1915641713185,1187,Low Priority,No immediate intervention
0940-OUQEC,0.5731587229678239,968.3792929807935,555.0350389133557,1188,Valuable but Stable,Maintain relationship
5405-ZMYXQ,0.6198336584992027,895.204859730953,554.8781033133022,1189,Valuable but Stable,Maintain relationship
4291-SHSBH,0.6648129059125191,834.5992337465644,554.8523418594152,1190,Low Priority,No immediate intervention
7599-FKVXZ,0.4350913435160961,1273.7929492488884,554.2162856500292,1191,Valuable but Stable,Maintain relationship
7598-UAASY,0.604333632112757,916.7870030569225,554.0452194311592,1192,Valuable but Stable,Maintain relationship
9399-APLBT,0.6177472530359641,896.4101286843336,553.7548945883622,1193,Valuable but Stable,Maintain relationship
6330-JKLPC,0.573246506859799,965.9868690860226,553.7485983759965,1194,Valuable but Stable,Maintain relationship
6693-FRIRW,0.455393984232937,1215.57325871371,553.564749412651,1195,Valuable but Stable,Maintain relationship
0491-KAPQG,0.6258651662176627,884.4027906296053,553.5168995607627,1196,Valuable but Stable,Maintain relationship
0876-WDUUZ,0.5395892337216598,1024.8059502204733,552.9742573928626,1197,Valuable but Stable,Maintain relationship
5281-BUZGT,0.5064054259649534,1090.1671526521945,552.066561311835,1198,Valuable but Stable,Maintain relationship
9979-RGMZT,0.4891641291641019,1128.5849993897136,552.0632984141378,1199,Valuable but Stable,Maintain relationship
0508-OOLTO,0.6414361672178599,859.8105171704751,551.5135626674355,1200,Valuable but Stable,Maintain relationship
6910-HADCM,0.601933455331686,916.1876223584918,551.4839812583688,1201,Valuable but Stable,Maintain relationship
5134-IKDAY,0.6578622830626288,837.6127744252458,551.033852105815,1202,Low Priority,No immediate intervention
7586-ZATGZ,0.5406985118617879,1018.8039494628857,550.8657793534944,1203,Valuable but Stable,Maintain relationship
4547-KQRTM,0.5732433993809031,960.5881237645095,550.6508014716911,1204,Valuable but Stable,Maintain relationship
0818-OCPZO,0.5630993950160764,977.3791410493718,550.3616030262336,1205,Valuable but Stable,Maintain relationship
0196-JTUQI,0.6096190892988466,902.4045880290496,550.12306313337,1206,Valuable but Stable,Maintain relationship
6086-ESGRL,0.5719514628172134,961.7879922793643,550.0960491042132,1207,Valuable but Stable,Maintain relationship
6298-QDFNH,0.5776641674006705,952.1996349204453,550.0516093055414,1208,Valuable but Stable,Maintain relationship
5119-NZPTV,0.653776895865875,841.1725092850207,549.9391520080698,1209,Low Priority,No immediate intervention
1472-TNCWL,0.4838191906391201,1136.399619563458,549.8119441797962,1210,Valuable but Stable,Maintain relationship
5879-SESNB,0.6087449877958301,902.9928571109522,549.6923757817283,1211,Valuable but Stable,Maintain relationship
6394-MFYNG,0.426366472065757,1288.7862950314475,549.4952658592562,1212,Valuable but Stable,Maintain relationship
6416-TVAIH,0.6684622197280861,822.0070411040026,549.4806513284976,1213,Low Priority,No immediate intervention
5889-JTMUL,0.4815723465492884,1140.5975244232927,549.2802263048343,1214,Valuable but Stable,Maintain relationship
5043-TRZWM,0.6056774921567779,906.5888931123268,549.1004871974633,1215,Valuable but Stable,Maintain relationship
7562-GSUHK,0.490935324254724,1118.3950132791765,549.059618489079,1216,Valuable but Stable,Maintain relationship
3737-GCSPV,0.4753947364718289,1154.396234551245,548.7938937085607,1217,Valuable but Stable,Maintain relationship
9940-RHLFB,0.6068449866651648,903.5892902229003,548.3386307761017,1218,Valuable but Stable,Maintain relationship
5331-RGMTT,0.4610887931103574,1188.5913021857768,548.0461290263079,1219,Valuable but Stable,Maintain relationship
3871-IKPYH,0.6608618906561919,829.1668393105441,547.964765096185,1220,Low Priority,No immediate intervention
9904-EHEVJ,0.4996888589124293,1096.1943624176072,547.7561101026921,1221,Valuable but Stable,Maintain relationship
6175-IRFIT,0.5794664466008624,944.9852974340046,547.5872723941417,1222,Valuable but Stable,Maintain relationship
5186-SAMNZ,0.6565380328117422,833.9646388473399,547.5295034233875,1223,Low Priority,No immediate intervention
5828-AVIPD,0.4518979512384638,1211.390520489384,547.424894358849,1224,Valuable but Stable,Maintain relationship
9512-UIBFX,0.4793155657048292,1141.7882718591188,547.2768914412928,1225,Valuable but Stable,Maintain relationship
1902-XBTFB,0.5101222309419269,1072.7966513457404,547.2574211315176,1226,Valuable but Stable,Maintain relationship
8433-WXGNA,0.602039848640044,908.3820028435625,546.8821634992784,1227,Valuable but Stable,Maintain relationship
7072-MBHEV,0.5834420917654841,937.1949429863205,546.7989779279725,1228,Valuable but Stable,Maintain relationship
1989-PRJHP,0.6035034926455319,905.9900317079902,546.7681484378082,1229,Valuable but Stable,Maintain relationship
2800-VEQXM,0.6094189261633397,897.0046949937987,546.6516379865949,1230,Valuable but Stable,Maintain relationship
5899-MQZZL,0.6070924554158549,900.0077853491624,546.3879363010087,1231,Valuable but Stable,Maintain relationship
4550-EVXNY,0.6534663954372276,835.8064356382923,546.171418779792,1232,Low Priority,No immediate intervention
2916-BQZLN,0.5368757080162903,1016.983756448514,545.9938742843624,1233,Valuable but Stable,Maintain relationship
3791-LGQCY,0.452014986005975,1207.7833423920624,545.9361706095979,1234,Valuable but Stable,Maintain relationship
5222-IMUKT,0.4990627918346871,1092.5854475824478,545.2687437884476,1235,Valuable but Stable,Maintain relationship
4817-QRJSX,0.560763956708904,972.0011940535455,545.0632355032454,1236,Valuable but Stable,Maintain relationship
7233-DRTRF,0.4435684417409787,1228.8132576329626,545.062781878909,1237,Valuable but Stable,Maintain relationship
3768-NLUBH,0.4512899797301401,1207.1778699677116,544.7872764684023,1238,Valuable but Stable,Maintain relationship
3703-KBKZP,0.6097581230182271,893.3676063400185,544.7381548071761,1239,Valuable but Stable,Maintain relationship
2398-YPMUR,0.6469715776380166,841.796179251927,544.6182021402739,1240,Low Priority,No immediate intervention
0685-MLYYM,0.6413860080448379,848.9726980404574,544.5192097352245,1241,Valuable but Stable,Maintain relationship
8417-FMLZI,0.5429945307408789,1002.6020214914928,544.4074141796297,1242,Valuable but Stable,Maintain relationship
5307-DZCVC,0.5277905821431664,1031.3951992089303,544.3606726101484,1243,Valuable but Stable,Maintain relationship
5226-NOZFC,0.5286092691665832,1028.997587994703,543.9376629640569,1244,Valuable but Stable,Maintain relationship
3420-ZDBMA,0.6344096993737339,857.3790003257362,543.9295538460028,1245,Valuable but Stable,Maintain relationship
3858-VOBET,0.6042367275487739,899.4021678036836,543.451822623971,1246,Valuable but Stable,Maintain relationship
8849-AYPTR,0.4962915908285976,1094.9923883107595,543.4355143399523,1247,Valuable but Stable,Maintain relationship
8270-RKSAP,0.6416021693271405,845.999087453331,542.7948497588384,1248,Valuable but Stable,Maintain relationship
5976-JCJRH,0.6433625466359366,843.60666355856,542.7449314260809,1249,Low Priority,No immediate intervention
5982-FPVQN,0.4753282696874515,1141.8125038251062,542.7357617506843,1250,Valuable but Stable,Maintain relationship
8563-OYMQY,0.497123641636876,1091.3914703415849,542.5565021876332,1251,Valuable but Stable,Maintain relationship
5908-QMGOE,0.609139209053097,890.3819013963342,542.3665271717557,1252,Valuable but Stable,Maintain relationship
8272-ONJLV,0.4721057603836288,1148.363616952781,542.1490785783869,1253,Valuable but Stable,Maintain relationship
6140-QNRQQ,0.6311951764491447,858.5966809872363,541.9420835543885,1254,Valuable but Stable,Maintain relationship
0207-MDKNV,0.4294499758988402,1261.1743416332738,541.6112906186451,1255,Valuable but Stable,Maintain relationship
1918-ZBFQJ,0.5694964733201253,951.0047859584355,541.5938717138896,1256,Valuable but Stable,Maintain relationship
0506-LVNGN,0.5973837641634389,906.5840678295256,541.5786029706044,1257,Valuable but Stable,Maintain relationship
3070-DVEYC,0.6117841243151749,884.968863370752,541.4099011234712,1258,Valuable but Stable,Maintain relationship
8042-JVNFH,0.6321055380650373,856.196998675695,541.2068645375703,1259,Valuable but Stable,Maintain relationship
8676-TRMJS,0.6011017271918614,899.9847173236143,540.9823680295037,1260,Valuable but Stable,Maintain relationship
7483-IQWIB,0.4848394226883058,1115.4084197109278,540.7939742743217,1261,Valuable but Stable,Maintain relationship
0388-EOPEX,0.605583179292255,892.7984431680673,540.6637196808938,1262,Valuable but Stable,Maintain relationship
5364-EVNIB,0.5645337663439726,957.5961140189488,540.5953408834694,1263,Valuable but Stable,Maintain relationship
3323-CPBWR,0.4648995344379223,1162.7969148180532,540.5837443447654,1264,Valuable but Stable,Maintain relationship
4910-AQFFX,0.567666343829565,952.189782060688,540.5260922142611,1265,Valuable but Stable,Maintain relationship
0376-OIWME,0.4812349690033621,1123.1951004908512,540.520759369443,1266,Valuable but Stable,Maintain relationship
2037-SGXHH,0.4756674013045733,1135.8064007225012,540.266079016773,1267,Valuable but Stable,Maintain relationship
4505-EXZHB,0.6050460300241831,892.773561678708,540.1690992042525,1268,Valuable but Stable,Maintain relationship
5626-MGTUK,0.5049284832558847,1069.177372685608,539.8581091216557,1269,Valuable but Stable,Maintain relationship
8212-DJRCH,0.4977124014495979,1084.1854361050587,539.6125370205283,1270,Valuable but Stable,Maintain relationship
4315-MURBD,0.454592646924827,1186.7766448000584,539.4999362682238,1271,Valuable but Stable,Maintain relationship
0682-USIXD,0.5221465440614814,1032.6180580825117,539.1779503632615,1272,Valuable but Stable,Maintain relationship
2322-VCZHZ,0.4992319520438224,1079.9705303436815,539.1557960132783,1273,Valuable but Stable,Maintain relationship
9921-QFQUL,0.498271441277219,1081.7983749125613,539.0292354390352,1274,Valuable but Stable,Maintain relationship
3315-TOTBP,0.5905143392864902,911.999761337589,538.5489364957032,1275,Valuable but Stable,Maintain relationship
6379-RXJRQ,0.6401756383365423,841.2069812470187,538.520216192966,1276,Low Priority,No immediate intervention
9053-EJUNL,0.5030942878921519,1070.4029381508224,538.5136039266552,1277,Valuable but Stable,Maintain relationship
2260-USTRB,0.6392330182825801,842.3720065974321,538.47200029403,1278,Low Priority,No immediate intervention
9617-INGJY,0.6355109719166293,847.1981900074153,538.4037451376216,1279,Valuable but Stable,Maintain relationship
0280-XJGEX,0.4325987546321224,1244.3850553351822,538.3194252208245,1280,Valuable but Stable,Maintain relationship
3914-FDRHP,0.5199261416530941,1034.9867325882615,538.1166585367575,1281,Valuable but Stable,Maintain relationship
1658-TJVOA,0.6051016170996246,889.1745031417282,538.040929734815,1282,Valuable but Stable,Maintain relationship
2815-CPTUL,0.63782203551234,842.9809064564887,537.671797654115,1283,Low Priority,No immediate intervention
1013-QCWAM,0.4444999706136437,1209.6011405689235,537.6676714371164,1284,Valuable but Stable,Maintain relationship
1730-ZMAME,0.5634769283336342,953.9934800411527,537.5533157839028,1285,Valuable but Stable,Maintain relationship
8785-CJSHH,0.448732180594907,1197.6192057900012,537.4102777364878,1286,Valuable but Stable,Maintain relationship
3411-WLRSQ,0.6003297234456072,895.177413494437,537.4016090778694,1287,Valuable but Stable,Maintain relationship
2482-CZGBB,0.639669196270402,840.0005630379505,537.322485025171,1288,Low Priority,No immediate intervention
9625-QSTYE,0.5513296510512273,973.8017679180774,536.8857888993418,1289,Valuable but Stable,Maintain relationship
9430-FRQOC,0.5133625052034371,1045.2051352601181,536.5691266886315,1290,Valuable but Stable,Maintain relationship
0455-XFASS,0.6427351628012209,834.6145342627648,536.4361085556433,1291,Low Priority,No immediate intervention
8981-FJGLA,0.5730405010072855,936.0014456184108,536.3667373407177,1292,Valuable but Stable,Maintain relationship
5716-LIBJC,0.4286993236914481,1249.781086574862,535.7803065770065,1293,Valuable but Stable,Maintain relationship
2495-KZNFB,0.492327202335906,1087.7935698970805,535.5503649864174,1294,Valuable but Stable,Maintain relationship
2359-KMGLI,0.5557858281768809,962.9995680493265,535.2215124622735,1295,Valuable but Stable,Maintain relationship
0968-GSIKN,0.6294824006480803,849.6056706151818,534.8118171430667,1296,Valuable but Stable,Maintain relationship
5950-AAAGJ,0.5283984787924848,1011.5714352563837,534.5128075794037,1297,Valuable but Stable,Maintain relationship
2227-JRSJX,0.4492249769020388,1189.7915727525983,534.4840917880264,1298,Valuable but Stable,Maintain relationship
5032-MIYKT,0.629938573470359,848.4058294594112,534.4435579335981,1299,Valuable but Stable,Maintain relationship
7268-IGMFD,0.4739986845872897,1126.7546729641397,534.080232837584,1300,Valuable but Stable,Maintain relationship
7908-QCBCA,0.6410194008985459,832.8144714876908,533.8502335726787,1301,Low Priority,No immediate intervention
9885-AIBVB,0.5178542785171002,1029.6046720639893,533.1851846095327,1302,Valuable but Stable,Maintain relationship
4818-QIUFN,0.5612078812857809,949.7766304267047,533.0221304565191,1303,Valuable but Stable,Maintain relationship
8128-YVJRG,0.5573155531531269,955.7922557461285,532.6778897106285,1304,Valuable but Stable,Maintain relationship
3197-ARFOY,0.4226119547028424,1259.9710310000605,532.4788202798912,1305,Valuable but Stable,Maintain relationship
2619-WFQWU,0.6324433608164208,841.8067031026728,532.3950604680454,1306,Low Priority,No immediate intervention
9985-MWVIX,0.6324433608164208,841.8067031026728,532.3950604680454,1307,Low Priority,No immediate intervention
4154-AQUGT,0.4981134210447059,1068.574375428447,532.2712377853736,1308,Valuable but Stable,Maintain relationship
2070-XYMFH,0.5585805953434119,952.1910602990232,531.875449342503,1309,Valuable but Stable,Maintain relationship
3066-RRJIO,0.6333524311052546,839.4070207911316,531.6404773048822,1310,Low Priority,No immediate intervention
3524-WQDSG,0.4458703532086099,1191.6008446442022,531.2994894851884,1311,Valuable but Stable,Maintain relationship
7892-QVYKW,0.5171799308952073,1027.2006046407387,531.2475377236124,1312,Valuable but Stable,Maintain relationship
2277-DJJDL,0.4468436220083757,1188.0020913763283,530.8511574641238,1313,Valuable but Stable,Maintain relationship
3956-MGXOG,0.5484566692325884,967.209572260359,530.4725404517931,1314,Valuable but Stable,Maintain relationship
1428-GTBJJ,0.5925837240186842,894.5991546153138,530.1248985459093,1315,Valuable but Stable,Maintain relationship
2325-NBPZG,0.5924886154730155,894.5923092118983,530.0357586977653,1316,Valuable but Stable,Maintain relationship
4816-LXZYW,0.5578604624035903,949.8084322686021,529.8605712201916,1317,Valuable but Stable,Maintain relationship
9947-OTFQU,0.5933963483098172,892.7815533759284,529.7733136116422,1318,Valuable but Stable,Maintain relationship
7011-CVEUC,0.460631553514183,1148.4079987723633,528.9929605426277,1319,Valuable but Stable,Maintain relationship
2979-SXESE,0.4669119385037827,1132.782638609918,528.9097376967867,1320,Valuable but Stable,Maintain relationship
3223-DWFIO,0.6351294558914462,832.168486290389,528.5347179076232,1321,Low Priority,No immediate intervention
9779-DPNEJ,0.5495010826157245,961.8164265524209,528.5191676681428,1322,Valuable but Stable,Maintain relationship
2984-MIIZL,0.588783440072531,897.5827651519535,528.4818682159819,1323,Valuable but Stable,Maintain relationship
8485-GJCDN,0.6375182626035051,828.5906108834663,528.2416466600043,1324,Low Priority,No immediate intervention
5583-SXDAG,0.6285581519473058,839.992551725398,527.9841659620179,1325,Low Priority,No immediate intervention
5931-FLJJF,0.6273848960744428,841.1890845030758,527.749326359918,1326,Low Priority,No immediate intervention
2460-NGXBJ,0.5841591321520792,902.3878151740156,527.1380829766638,1327,Valuable but Stable,Maintain relationship
5373-SFODM,0.5150426350292061,1022.9910186672013,526.8839898655672,1328,Valuable but Stable,Maintain relationship
4550-VBOFE,0.4264801457082359,1235.3965885743896,526.8721171026632,1329,Valuable but Stable,Maintain relationship
8982-NHAVY,0.4367836285394234,1205.9652576255166,526.7458811181536,1330,Valuable but Stable,Maintain relationship
7813-ZGGAW,0.4541109953608144,1159.1676979896874,526.3907971242008,1331,Valuable but Stable,Maintain relationship
4840-ORQXB,0.4187720686151313,1256.9769554379745,526.3868398303102,1332,Valuable but Stable,Maintain relationship
6413-XKKPU,0.4905560614294702,1072.7906287898156,526.2639455975768,1333,Valuable but Stable,Maintain relationship
4220-TINQT,0.4122187655256545,1276.2233969435192,526.0832332230149,1334,Valuable but Stable,Maintain relationship
2528-HFYZX,0.5731941874250519,917.3862368494692,525.8404585858577,1335,Valuable but Stable,Maintain relationship
0111-KLBQG,0.4660024053189385,1127.38880984106,525.3658971155893,1336,Valuable but Stable,Maintain relationship
1384-RCUXW,0.5434835443554578,966.5983529149522,525.3302988103659,1337,Valuable but Stable,Maintain relationship
8617-ENBDS,0.594782364472902,883.1985692284483,525.3109333047805,1338,Valuable but Stable,Maintain relationship
8837-VVWLQ,0.5152457426774367,1019.3767436157998,525.2295273324298,1339,Valuable but Stable,Maintain relationship
4879-GZLFH,0.474853855886386,1105.820931994071,525.1033334772617,1340,Valuable but Stable,Maintain relationship
4759-TRPLW,0.6214730623783699,844.7853392951829,525.0113318641276,1341,Valuable but Stable,Maintain relationship
1624-WOIWJ,0.5165086337092795,1016.39167185401,524.9750737428051,1342,Valuable but Stable,Maintain relationship
5515-AKOAJ,0.4370218055806971,1201.2180421115165,524.9584776596848,1343,Valuable but Stable,Maintain relationship
6710-HSJRD,0.3827985622756252,1369.2084258458449,524.1310168694614,1344,Valuable but Stable,Maintain relationship
4029-HPFVY,0.6212357675958448,843.600029267049,524.0745117255923,1345,Low Priority,No immediate intervention
4587-NUKOX,0.5521120903862913,949.1902194257888,524.0593962213948,1346,Valuable but Stable,Maintain relationship
3177-LASXD,0.6118740898129174,856.1916285712289,523.88147343746,1347,Valuable but Stable,Maintain relationship
1469-LBJQJ,0.4148585554212544,1262.4186523811834,523.7251784637044,1348,Valuable but Stable,Maintain relationship
7153-OANIO,0.6235418301261171,839.3860540942151,523.3923163522468,1349,Low Priority,No immediate intervention
5442-XSDCW,0.5485746752924465,953.9923641736045,523.3360514080085,1350,Valuable but Stable,Maintain relationship
6705-LXORM,0.6223598030276792,840.5824310937788,523.144716244052,1351,Low Priority,No immediate intervention
4480-QQRHC,0.5887178125435608,888.5739152741694,523.1192916834764,1352,Valuable but Stable,Maintain relationship
1092-GANHU,0.5682924417308827,919.7987054397381,522.7146522152536,1353,Valuable but Stable,Maintain relationship
0581-BXBUB,0.5986345889035809,872.9760215091426,522.5936417588092,1354,Valuable but Stable,Maintain relationship
6311-UEUME,0.5519010579953335,946.8131735847318,522.5471922253329,1355,Valuable but Stable,Maintain relationship
9793-WECQC,0.4566118270467573,1143.5824143638674,522.1732556012273,1356,Valuable but Stable,Maintain relationship
0428-IKYCP,0.4992084057408539,1043.988231232765,521.1677005259226,1357,Valuable but Stable,Maintain relationship
7571-YXDAD,0.5797816803902773,898.7918389228331,521.1030426917476,1358,Valuable but Stable,Maintain relationship
4983-CCWMC,0.6237980948098518,835.2011411766546,520.9968806490112,1359,Low Priority,No immediate intervention
1915-IOFGU,0.6158157897065165,845.9929787471787,520.975834293362,1360,Valuable but Stable,Maintain relationship
7852-LECYP,0.4628443646906209,1125.5543924919166,520.956507717659,1361,Valuable but Stable,Maintain relationship
1452-KIOVK,0.4871858519302799,1069.1983598379707,520.8983138201197,1362,Valuable but Stable,Maintain relationship
6988-CJEYV,0.4394721685925346,1184.390626634206,520.5067171476054,1363,Valuable but Stable,Maintain relationship
7595-EUIVN,0.5720488668828639,909.5896976293487,520.3297558571958,1364,Valuable but Stable,Maintain relationship
9274-UARKJ,0.520924716775639,998.3919206396948,520.0870284903193,1365,Valuable but Stable,Maintain relationship
7326-RIGQZ,0.62082400251951,837.6083829463844,520.0073888446689,1366,Low Priority,No immediate intervention
8490-BXHEO,0.5378096786706135,966.5789965045142,519.8355395198568,1367,Valuable but Stable,Maintain relationship
2262-SLNVK,0.6176654918255254,841.193614124096,519.576267388451,1368,Low Priority,No immediate intervention
3932-IJWDZ,0.4176867530462927,1243.7923873917434,519.515603753354,1369,Valuable but Stable,Maintain relationship
5536-RTPWK,0.4367437595736987,1188.5950826464139,519.1114850058059,1370,Valuable but Stable,Maintain relationship
0324-BRPCJ,0.4315329379614863,1202.4034563612454,518.876696138614,1371,Valuable but Stable,Maintain relationship
6680-WKXRZ,0.580781085779732,892.7787351982377,518.5090031894882,1372,Valuable but Stable,Maintain relationship
4652-NNHNY,0.5841564304456165,886.1957014183128,517.6769176167709,1373,Valuable but Stable,Maintain relationship
0634-SZPQA,0.47882337463847,1080.5779077558473,517.4059603514321,1374,Valuable but Stable,Maintain relationship
0564-MUUQK,0.451003561219635,1146.0003215987217,516.8502261998705,1375,Valuable but Stable,Maintain relationship
9506-UXUSK,0.6136959787791206,841.8023688620248,516.6107286973627,1376,Low Priority,No immediate intervention
9840-EFJQB,0.5789787617809358,892.1920008706747,516.5602199349588,1377,Valuable but Stable,Maintain relationship
9944-AEXBM,0.5022426815114166,1027.7870664335007,516.1985322683139,1378,Valuable but Stable,Maintain relationship
2080-GKCWQ,0.573406189441257,899.3839308725462,515.7123126463256,1379,Valuable but Stable,Maintain relationship
0320-JDNQG,0.4303384900485039,1198.195081336603,515.629462085938,1380,Valuable but Stable,Maintain relationship
9659-QEQSY,0.3714520879034013,1387.7922280221214,515.4983206749301,1381,Valuable but Stable,Maintain relationship
0504-HHAPI,0.4856000551922285,1059.5767427940145,514.5305247811751,1382,Valuable but Stable,Maintain relationship
2974-GGUXS,0.4663138275169445,1103.393531635386,514.5276609943356,1383,Valuable but Stable,Maintain relationship
2856-HYAPG,0.6243417901913327,823.7959173654222,514.3302178002389,1384,Low Priority,No immediate intervention
4450-DLLMH,0.6002990323650066,855.5976052835194,513.6144145455136,1385,Valuable but Stable,Maintain relationship
5442-BHQNG,0.6082262481815142,844.1938983769953,513.4608875475664,1386,Valuable but Stable,Maintain relationship
2672-TGEFF,0.4815959625656666,1065.6188740439402,513.1977473733332,1387,Valuable but Stable,Maintain relationship
8818-XYFCQ,0.429404454177566,1194.5917423841552,512.9630151034956,1388,Valuable but Stable,Maintain relationship
6486-LHTMA,0.4712087077967274,1088.3815975126836,512.8548861536894,1389,Valuable but Stable,Maintain relationship
3348-CFRNX,0.4624956974321772,1108.2041457382575,512.5396492804456,1390,Valuable but Stable,Maintain relationship
2027-CWDNU,0.4988536261249391,1027.2123615064686,512.4286113378637,1391,Valuable but Stable,Maintain relationship
5649-RXQTV,0.430867964685325,1188.0032950918492,511.8725617956846,1392,Valuable but Stable,Maintain relationship
2856-NNASM,0.4759131764834191,1074.5879286851596,511.4105545512921,1393,Valuable but Stable,Maintain relationship
7538-GWHML,0.6118402399760036,835.7950102866012,511.3730196645004,1394,Low Priority,No immediate intervention
2424-WVHPL,0.5697844456614501,896.373059748364,510.73942695457947,1395,Valuable but Stable,Maintain relationship
2905-KFQUV,0.604496339908691,844.8134102311067,510.6866143904835,1396,Valuable but Stable,Maintain relationship
0265-EDXBD,0.5676312477903517,898.7943915907302,510.1837820056162,1397,Valuable but Stable,Maintain relationship
0468-YRPXN,0.4301645162988018,1185.6031590005778,510.0044094138149,1398,Valuable but Stable,Maintain relationship
9889-TMAHG,0.4237266638452899,1203.54945548573,509.97599554578363,1399,Valuable but Stable,Maintain relationship
9576-SYUHJ,0.4662194793424165,1093.7879224426,509.9452357122123,1400,Valuable but Stable,Maintain relationship
6168-YBYNP,0.3814159208238308,1336.2048542819093,509.6498049052071,1401,Valuable but Stable,Maintain relationship
3496-LFSZU,0.6023862203364105,845.9938015946693,509.6150085706441,1402,Valuable but Stable,Maintain relationship
1077-HUUJM,0.5974517088017579,852.6082999999176,509.3922857735126,1403,Valuable but Stable,Maintain relationship
2956-GGUCQ,0.53776262727612,946.1786111703562,508.81949581544114,1404,Valuable but Stable,Maintain relationship
9408-HRXRK,0.4032242811685446,1261.8000826266755,508.7884312955514,1405,Valuable but Stable,Maintain relationship
2575-GFSOE,0.6143428244901272,828.0181333599173,508.68699877737447,1406,Low Priority,No immediate intervention
8456-QDAVC,0.5382909961108114,944.3888581613555,508.35601917562786,1407,Valuable but Stable,Maintain relationship
6993-OHLXR,0.6137600179328722,827.3961221962068,507.82265879673275,1408,Low Priority,No immediate intervention
5832-XKAES,0.6061524435857482,837.59998794696,507.71327944144304,1409,Low Priority,No immediate intervention
9894-EZEWG,0.5692986232601617,891.6050945157176,507.5895527995444,1410,Valuable but Stable,Maintain relationship
3955-JBZZM,0.5363189267871727,945.5909457668857,507.13832121336384,1411,Valuable but Stable,Maintain relationship
5760-FXFVO,0.5346886831502462,947.384703486326,506.55587954379007,1412,Valuable but Stable,Maintain relationship
7410-YTJIK,0.5593788140519645,905.3945262746984,506.458516356681,1413,Valuable but Stable,Maintain relationship
6178-KFNHS,0.5387360574634456,939.5967452750614,506.1946461549719,1414,Valuable but Stable,Maintain relationship
9465-RWMXL,0.5339689159203346,946.8125387799075,505.56846491208694,1415,Valuable but Stable,Maintain relationship
5453-AXEPF,0.5229231417139956,965.9909572668591,505.139026241296,1416,Valuable but Stable,Maintain relationship
0869-PAPRP,0.4910613549954555,1028.3948343074576,505.0049608053471,1417,Valuable but Stable,Maintain relationship
9191-MYQKX,0.559839071878096,901.7986286370917,504.8621072771292,1418,Valuable but Stable,Maintain relationship
2091-RFFBA,0.5691852824099422,886.7965199124787,504.7515276265381,1419,Valuable but Stable,Maintain relationship
9763-PDTKK,0.4455199122883587,1132.776274400342,504.67438641317403,1420,Valuable but Stable,Maintain relationship
1818-ESQMW,0.4714714667868745,1070.4142820065565,504.6697916072503,1421,Valuable but Stable,Maintain relationship
0650-BWOZN,0.5709985270873871,882.5927459385215,503.9591579489082,1422,Valuable but Stable,Maintain relationship
0439-IFYUN,0.5617962287108983,896.3909192298837,503.5890378740441,1423,Valuable but Stable,Maintain relationship
3235-ETOOB,0.5627658654076286,893.9945742084492,503.1096302241424,1424,Valuable but Stable,Maintain relationship
4547-LYTDD,0.5769321403517512,871.8003938782798,502.9696671996957,1425,Valuable but Stable,Maintain relationship
2347-WKKAE,0.4436027011773548,1132.796460265538,502.51156965793865,1426,Valuable but Stable,Maintain relationship
9576-ANLXO,0.601710962412016,834.5942854080163,502.1845306964263,1427,Low Priority,No immediate intervention
7786-WBJYI,0.5368414639901712,935.3789152178946,502.15018623111274,1428,Valuable but Stable,Maintain relationship
2675-OTVVJ,0.467378473115988,1073.3640906127443,501.66726976811543,1429,Valuable but Stable,Maintain relationship
3071-VBYPO,0.4652296369969088,1078.1731204351647,501.5980894398761,1430,Valuable but Stable,Maintain relationship
5461-QKNTN,0.4432017088299562,1131.5973276304117,501.52586931321025,1431,Valuable but Stable,Maintain relationship
4248-QPAVC,0.4890034407041127,1024.165229865212,500.8203212536072,1432,Valuable but Stable,Maintain relationship
5153-RTHKF,0.4887915950762218,1024.1984886846467,500.6196129588241,1433,Valuable but Stable,Maintain relationship
4360-PNRQB,0.5515440674712917,907.1877073179465,500.35399805409594,1434,Valuable but Stable,Maintain relationship
8019-ENHXU,0.4190688950937745,1193.412747138478,500.122161334148,1435,Valuable but Stable,Maintain relationship
5981-ZVXOT,0.3843802105140379,1300.1565762395753,499.75445847617874,1436,Valuable but Stable,Maintain relationship
4184-TJFAN,0.4716180599211168,1059.5859623463534,499.7198758814367,1437,Valuable but Stable,Maintain relationship
6551-GNYDG,0.5147136158572644,970.7997631320363,499.6838563550662,1438,Valuable but Stable,Maintain relationship
4763-PGDPO,0.5914525401115739,844.7951816818263,499.6562560797347,1439,Valuable but Stable,Maintain relationship
6583-QGCSI,0.4726184982653239,1056.6047075206172,499.37093012846594,1440,Valuable but Stable,Maintain relationship
3671-SHRSP,0.5161878247390095,967.2099784415902,499.2620148376287,1441,Valuable but Stable,Maintain relationship
2085-BOJKI,0.4303483316476149,1159.7705267169763,499.1053112667263,1442,Valuable but Stable,Maintain relationship
5233-AOZUF,0.5547451635793169,899.4206313340429,498.9492452560161,1443,Valuable but Stable,Maintain relationship
2919-HBCJO,0.5421211957771361,919.7888264575305,498.6370184616052,1444,Valuable but Stable,Maintain relationship
3376-BMGFE,0.5858548251373488,850.7928223743926,498.4410801802612,1445,Valuable but Stable,Maintain relationship
0812-WUPTB,0.5857174315889453,850.1753488959235,497.96252175555577,1446,Valuable but Stable,Maintain relationship
5312-UXESG,0.4232124528307047,1176.5827837016623,497.944485848759,1447,Valuable but Stable,Maintain relationship
1122-JWTJW,0.586656124970745,847.8083382591669,497.3719544410095,1448,Valuable but Stable,Maintain relationship
5294-DMSFH,0.4720559784942398,1053.619606122504,497.3674341288741,1449,Valuable but Stable,Maintain relationship
0947-MUGVO,0.5624038279771763,883.7927285783102,497.04841369083516,1450,Valuable but Stable,Maintain relationship
8016-NCFVO,0.3554885947876688,1397.9693282250537,496.9621520469857,1451,Valuable but Stable,Maintain relationship
9574-RKJIF,0.4380628039241194,1132.7933557610293,496.234633691289,1452,Valuable but Stable,Maintain relationship
4013-UBXWQ,0.5539640830720345,895.7726838522062,496.22589345116285,1453,Valuable but Stable,Maintain relationship
2203-GHNWN,0.5191487906606235,955.8184071427262,496.2119701593097,1454,Valuable but Stable,Maintain relationship
4546-FOKWR,0.5531303709111922,897.010072372391,496.163514042416,1455,Valuable but Stable,Maintain relationship
3312-ZWLGF,0.5213168746482522,951.6004740688841,496.08538505538576,1456,Valuable but Stable,Maintain relationship
9796-BPKIW,0.5909813746793634,839.383272901832,496.05988050238795,1457,Low Priority,No immediate intervention
3966-HRMZA,0.5507717331107289,900.5751974068946,496.0113622723322,1458,Valuable but Stable,Maintain relationship
1855-AGAWH,0.4402010205071335,1125.5946140470146,495.4878977808289,1459,Valuable but Stable,Maintain relationship
8695-ARGXZ,0.5463566493328612,906.5947218301847,495.324054521997,1460,Valuable but Stable,Maintain relationship
8685-WHQPW,0.5547605689429346,892.7795722391949,495.2789034360455,1461,Valuable but Stable,Maintain relationship
1062-LHZOD,0.5902095230625264,838.8095295908873,495.0733724001397,1462,Low Priority,No immediate intervention
2079-FBMZK,0.5955328860655651,831.0115395181009,494.894700483003,1463,Low Priority,No immediate intervention
5099-BAILX,0.3723493156318959,1328.974547065085,494.84276309189323,1464,Valuable but Stable,Maintain relationship
0330-IVZHA,0.5895017731286611,839.4031548976288,494.8296481819444,1465,Low Priority,No immediate intervention
7982-VCELR,0.4345975263991787,1137.6081665232177,494.4016951824954,1466,Valuable but Stable,Maintain relationship
9699-UBQFS,0.4359111013819225,1133.9856373579817,494.3169281319992,1467,Valuable but Stable,Maintain relationship
7018-WBJNK,0.525869579741437,939.6036352872201,494.1089688120169,1468,Valuable but Stable,Maintain relationship
5650-YLIBA,0.507324993614177,973.8029079955716,494.0345540803204,1469,Valuable but Stable,Maintain relationship
4619-EVPHY,0.4524104619558742,1091.9648428442272,494.0163189907304,1470,Valuable but Stable,Maintain relationship
4013-TLDHQ,0.52609817249739,939.0026642853406,494.00758565069793,1471,Valuable but Stable,Maintain relationship
4741-WWJQZ,0.5127198880330006,961.804425339543,493.136257269735,1472,Valuable but Stable,Maintain relationship
5572-ZDXHY,0.4872841693962439,1011.6094567754586,492.9412738982149,1473,Valuable but Stable,Maintain relationship
9714-EDSUC,0.4325803666228197,1138.7836169975433,492.6154345448579,1474,Valuable but Stable,Maintain relationship
0515-YPMCW,0.58216472621242,845.402078894328,492.16326979892716,1475,Valuable but Stable,Maintain relationship
2468-SJFLM,0.5515506430062111,891.6074284855932,491.76665049034335,1476,Valuable but Stable,Maintain relationship
1262-OPMFY,0.5408210877158972,908.9990382986609,491.60584862538633,1477,Valuable but Stable,Maintain relationship
9281-OFDMF,0.4513101921682245,1088.3699520972198,491.19245223111756,1478,Valuable but Stable,Maintain relationship
7739-LAXOG,0.4494899639450485,1092.6004508139372,491.11293724270035,1479,Valuable but Stable,Maintain relationship
6715-OFDBP,0.584201470686469,840.5590401177124,491.05582743557426,1480,Low Priority,No immediate intervention
6862-CQUMB,0.4258165216054036,1153.1989846154834,491.0511803478485,1481,Valuable but Stable,Maintain relationship
8123-QBNAZ,0.3914382501030596,1253.9983393436491,490.86291558482077,1482,Valuable but Stable,Maintain relationship
3398-ZOUAA,0.5916805354779807,829.1954997278923,490.61883729493115,1483,Low Priority,No immediate intervention
0958-YHXGP,0.5845289177261911,838.8111883940828,490.3093961286134,1484,Low Priority,No immediate intervention
9432-VOFYX,0.5769683706655196,849.6040618284248,490.1946712639537,1485,Valuable but Stable,Maintain relationship
2696-NARTR,0.5530126073796018,886.2102446132571,490.08543806009203,1486,Valuable but Stable,Maintain relationship
8384-FZBJK,0.4056204119103334,1207.2195415663166,489.67288771633315,1487,Valuable but Stable,Maintain relationship
2608-BHKFN,0.5825209139204935,840.6087518595573,489.6721783827947,1488,Low Priority,No immediate intervention
9450-TRJUU,0.4898185719110828,997.7948663249407,488.7384564834922,1489,Valuable but Stable,Maintain relationship
9643-AVVWI,0.508808183169481,960.0181883817869,488.4651102401935,1490,Valuable but Stable,Maintain relationship
0380-NEAVX,0.4074327927250358,1198.1650436749644,488.1717298900052,1491,Valuable but Stable,Maintain relationship
1086-LXKFY,0.5886673914426659,829.2185986409473,488.1339493977094,1492,Low Priority,No immediate intervention
1845-CSBRZ,0.4765233287440872,1024.1699538563369,488.04087561129984,1493,Valuable but Stable,Maintain relationship
8778-LMWTJ,0.5430956655365784,898.1959208600467,487.806311421727,1494,Valuable but Stable,Maintain relationship
0397-GZBBC,0.4330609207745149,1126.1844535951213,487.7064764358472,1495,Valuable but Stable,Maintain relationship
3374-LXDEV,0.454588033066697,1072.7959327191647,487.6801929367577,1496,Valuable but Stable,Maintain relationship
9540-JYROE,0.5796146373615421,841.2037537728716,487.57400869023087,1497,Low Priority,No immediate intervention
1173-NOEYG,0.4505074359170042,1081.786366879474,487.3528023528434,1498,Valuable but Stable,Maintain relationship
2657-ALMWY,0.4774327586840381,1019.3839934348446,486.68731214394927,1499,Valuable but Stable,Maintain relationship
5016-IBERQ,0.4812895999295949,1010.9945898741128,486.5811816914966,1500,Valuable but Stable,Maintain relationship
6075-SLNIL,0.4257550630531024,1141.199796768935,485.8715914295455,1501,Valuable but Stable,Maintain relationship
6741-EGCBI,0.4474022708197579,1085.9679589454934,485.86453086971136,1502,Valuable but Stable,Maintain relationship
3002-WQZWT,0.5441233931808597,890.4152456124657,484.4957647826234,1503,Valuable but Stable,Maintain relationship
0141-YEAYS,0.4669864457857081,1037.3729119519776,484.4390891068243,1504,Valuable but Stable,Maintain relationship
2955-BJZHG,0.4993006925804719,970.1958730436313,484.4194713494007,1505,Valuable but Stable,Maintain relationship
1319-YLZJG,0.4770222647214295,1015.1903300202321,484.2683903495465,1506,Valuable but Stable,Maintain relationship
2014-MKGMH,0.3989695850829002,1213.1950699432302,484.02793367987067,1507,Valuable but Stable,Maintain relationship
5606-AMZBO,0.5156370614121486,937.8031053755219,483.56603743902167,1508,Valuable but Stable,Maintain relationship
6591-QGOYB,0.3776870642845333,1279.763842476433,483.3502486424179,1509,Valuable but Stable,Maintain relationship
3088-LHEFH,0.5098025188676348,947.9812802005322,483.2832444855964,1510,Valuable but Stable,Maintain relationship
3370-GQEAL,0.4712331364760053,1025.3980337641674,483.20153158701737,1511,Valuable but Stable,Maintain relationship
2311-QYMUQ,0.4501252087180884,1073.4114172206446,483.1695382168217,1512,Valuable but Stable,Maintain relationship
4329-YPDDQ,0.3717944090510611,1298.3685985233424,482.72618581844046,1513,Valuable but Stable,Maintain relationship
3005-TYFRD,0.3877102878514822,1243.8181775968712,482.24110367098893,1514,Valuable but Stable,Maintain relationship
8819-IMISP,0.4987962146183274,965.404019905177,481.5398707060187,1515,Valuable but Stable,Maintain relationship
0256-LTHVJ,0.4941717539637036,972.619085135193,480.6408792398311,1516,Valuable but Stable,Maintain relationship
4846-WHAFZ,0.5234813133572297,918.003055196649,480.55744500029124,1517,Valuable but Stable,Maintain relationship
3884-HCSWG,0.5719889179431026,840.013130878485,480.47820178918244,1518,Low Priority,No immediate intervention
7603-USHJS,0.5427788292543358,885.0047876851372,480.36186254422086,1519,Valuable but Stable,Maintain relationship
8058-DMYRU,0.4445086267982834,1080.5896611313974,480.33142640193984,1520,Valuable but Stable,Maintain relationship
8535-SFUTN,0.3753486614091276,1277.389691869571,479.4665109410614,1521,Valuable but Stable,Maintain relationship
8327-LZKAS,0.3714499866403357,1290.5839082083592,479.3873754622272,1522,Valuable but Stable,Maintain relationship
8212-CRQXP,0.4988294689364711,960.0177919355297,478.88516532076386,1523,Valuable but Stable,Maintain relationship
7395-IGJOS,0.4893755845846652,977.9603841860687,478.5899347117011,1524,Valuable but Stable,Maintain relationship
2694-CIUMO,0.5012554133887739,954.6148381101548,478.5058553039631,1525,Valuable but Stable,Maintain relationship
0570-BFQHT,0.4948201027675411,966.5915394349672,478.2889248774463,1526,Valuable but Stable,Maintain relationship
3692-JHONH,0.3741445835740711,1277.9817302556846,478.149942281784,1527,Valuable but Stable,Maintain relationship
2811-POVEX,0.4503234618274483,1061.3824113294118,477.9654017926254,1528,Valuable but Stable,Maintain relationship
1769-GRUIK,0.559983739428684,853.2120649554346,477.7848826594134,1529,Valuable but Stable,Maintain relationship
8486-AYEQH,0.523107310314559,912.6136697211675,477.39488212413926,1530,Valuable but Stable,Maintain relationship
0221-WMXNQ,0.5279170559853877,904.154900471095,477.3187932114617,1531,Valuable but Stable,Maintain relationship
7272-QDCKA,0.3969764999216984,1202.36918223556,477.31230957758737,1532,Valuable but Stable,Maintain relationship
8782-LKFPK,0.4396784755765117,1084.8063671799882,476.96600981739084,1533,Valuable but Stable,Maintain relationship
8687-BAFGU,0.5371232284988113,887.9947366175901,476.9625998219916,1534,Valuable but Stable,Maintain relationship
8468-EHYJA,0.3987659391029318,1195.8082071740687,476.8475827207607,1535,Valuable but Stable,Maintain relationship
9283-LZQOH,0.5340220085557467,892.8110136144168,476.78073075106295,1536,Valuable but Stable,Maintain relationship
5044-LRQAQ,0.573885875920224,830.4041438700078,476.55720947262313,1537,Low Priority,No immediate intervention
3500-RMZLT,0.4121649306773896,1155.5749198855417,476.2874567471543,1538,Valuable but Stable,Maintain relationship
2027-WKXMW,0.3649425196989224,1305.0260850352872,476.2595077455979,1539,Valuable but Stable,Maintain relationship
5998-VVEJY,0.492738258674763,966.0105117540363,475.9903374232005,1540,Valuable but Stable,Maintain relationship
5605-IYGFG,0.5673512162628582,838.1965343292192,475.5518232189951,1541,Low Priority,No immediate intervention
7658-UYUQS,0.4577527416401592,1038.5592436141083,475.4033411200881,1542,Valuable but Stable,Maintain relationship
0817-HSUSE,0.5240402178138749,905.9627733679852,474.7609290870211,1543,Valuable but Stable,Maintain relationship
9526-JAWYF,0.4403686361522454,1077.5866347075498,474.5353566620516,1544,Valuable but Stable,Maintain relationship
0363-QJVFX,0.3652997178252583,1297.788107447555,474.08162944756776,1545,Valuable but Stable,Maintain relationship
1391-UBDAR,0.5416274195384708,874.7921178229078,473.8113974090155,1546,Valuable but Stable,Maintain relationship
2920-RNCEZ,0.5644500913588486,839.4092959910095,473.8046538095921,1547,Low Priority,No immediate intervention
8696-JKZNU,0.517618179281879,914.9968752539248,473.6190166175452,1548,Valuable but Stable,Maintain relationship
7207-RMRDB,0.373915719239158,1266.0211451055911,473.3852070441395,1549,Valuable but Stable,Maintain relationship
8630-FJLIB,0.564858110710158,837.6141299304164,473.1331349366278,1550,Low Priority,No immediate intervention
2189-WWOEW,0.4589794113992939,1030.7910628570698,473.1118753057905,1551,Valuable but Stable,Maintain relationship
8120-JDCAM,0.5668345533057094,834.6121296361083,473.0869936858103,1552,Low Priority,No immediate intervention
0133-BMFZO,0.4568360773712656,1034.9932964145803,472.8222776395924,1553,Valuable but Stable,Maintain relationship
2037-XJFUP,0.4112040509474259,1149.5927998893726,472.71721625450357,1554,Valuable but Stable,Maintain relationship
6906-ANDWJ,0.5255436434894493,898.7970028110003,472.35705161468985,1555,Valuable but Stable,Maintain relationship
4629-NRXKX,0.5586954680614262,844.804046628747,471.9881922514347,1556,Valuable but Stable,Maintain relationship
5108-ADXWO,0.5348057820137474,881.9916296878637,471.69422324479746,1557,Valuable but Stable,Maintain relationship
3761-FLYZI,0.3611982386728878,1305.5816664849503,471.5737983779777,1558,Valuable but Stable,Maintain relationship
7064-FRRSW,0.3966272108847128,1187.9726067707425,471.1822616309213,1559,Valuable but Stable,Maintain relationship
3161-GETRM,0.4356562142530247,1080.6101829961667,470.77454140737825,1560,Valuable but Stable,Maintain relationship
7567-ECMCM,0.4911124726001633,958.204797970296,470.58632758853196,1561,Valuable but Stable,Maintain relationship
3540-RZJYU,0.4548952964804305,1034.379527607242,470.5343818841839,1562,Valuable but Stable,Maintain relationship
3737-XBQDD,0.4618778987949957,1018.1861760326246,470.2776915680603,1563,Valuable but Stable,Maintain relationship
8631-WUXGY,0.3923410619973341,1197.6100664374442,469.8716053247647,1564,Valuable but Stable,Maintain relationship
7460-ITWWP,0.4545707278533385,1033.202367099189,469.6635520320706,1565,Valuable but Stable,Maintain relationship
1565-RHDJD,0.4656072947894211,1008.5768123392029,469.6007211805939,1566,Valuable but Stable,Maintain relationship
5175-WLYXL,0.4961386811107247,946.2051414476881,469.4489709380427,1567,Valuable but Stable,Maintain relationship
7130-YXBRO,0.3509485025932315,1337.374585431699,469.34960816349854,1568,Valuable but Stable,Maintain relationship
3096-IZETN,0.500114850972414,937.1841642750517,468.6997186501239,1569,Valuable but Stable,Maintain relationship
4811-JBUVU,0.4337659195126762,1078.8086478506866,467.95042511317996,1570,Valuable but Stable,Maintain relationship
6771-XWBDM,0.3730129248367523,1254.018190147867,467.7649929055465,1571,Valuable but Stable,Maintain relationship
1095-JUDTC,0.4098775299198035,1140.6000829955096,467.5063446445223,1572,Valuable but Stable,Maintain relationship
3627-FCRDW,0.548418778557589,851.9976354338138,467.2515025585662,1573,Valuable but Stable,Maintain relationship
1746-TGTWV,0.5159674581005816,904.1925476861909,466.5339304631329,1574,Valuable but Stable,Maintain relationship
5302-BDJNT,0.4070080240960049,1145.9943007760091,466.4288759841262,1575,Valuable but Stable,Maintain relationship
5609-IMCGG,0.4608073273476991,1012.1940227960984,466.4264224019861,1576,Valuable but Stable,Maintain relationship
5035-BVCXS,0.5120903981182499,910.8017225243132,466.41281669426326,1577,Valuable but Stable,Maintain relationship
1323-OOEPC,0.394668453839236,1180.821218193236,466.0328844448876,1578,Valuable but Stable,Maintain relationship
2432-TFSMK,0.433063311343043,1075.1852348124912,465.62327809504467,1579,Valuable but Stable,Maintain relationship
7975-TZMLR,0.3758930383956912,1237.1899137522173,465.05107575282415,1580,Valuable but Stable,Maintain relationship
1685-BQULA,0.41448590713074,1120.7972984437904,464.5546849551572,1581,Valuable but Stable,Maintain relationship
3466-RITXD,0.4189516278540794,1108.7881376461924,464.5285952121654,1582,Valuable but Stable,Maintain relationship
6635-CPNUN,0.4004868579945249,1159.1889410384695,464.2399368184972,1583,Valuable but Stable,Maintain relationship
2506-CLAKW,0.3938656463440513,1177.776818095013,463.8858277080324,1584,Valuable but Stable,Maintain relationship
2360-RDGRO,0.3707097937579132,1251.0024889498059,463.7588746692186,1585,Valuable but Stable,Maintain relationship
8584-KMVXD,0.5111913485875014,907.1947848621168,463.75012550521365,1586,Valuable but Stable,Maintain relationship
8329-UTMVM,0.3692994777316392,1255.7544179726374,463.7494507164935,1587,Valuable but Stable,Maintain relationship
5055-MGMGF,0.3672835097319777,1260.6090164921961,463.00090397703036,1588,Valuable but Stable,Maintain relationship
7576-JMYWV,0.3501205426766771,1322.387293111609,462.99495669297863,1589,Valuable but Stable,Maintain relationship
4919-MOAVT,0.5538777259742973,835.7915439744173,462.92631976509716,1590,Low Priority,No immediate intervention
2067-QYTCF,0.3467249231616929,1333.8229541372548,462.46966128454187,1591,Valuable but Stable,Maintain relationship
5940-AHUHD,0.5455917713930081,847.18973391282,462.2197476314666,1592,Valuable but Stable,Maintain relationship
2208-UGTGR,0.3905066514750487,1183.1955550227444,462.04573423209365,1593,Valuable but Stable,Maintain relationship
5498-TXHLF,0.440251549071665,1049.4093166284279,462.00407725590276,1594,Valuable but Stable,Maintain relationship
2911-WDXMV,0.4778557701310094,966.6020104571079,461.89634811716326,1595,Valuable but Stable,Maintain relationship
7901-HXJVA,0.5032271805807077,917.3885229431831,461.65483989779796,1596,Valuable but Stable,Maintain relationship
3877-JRJIP,0.6425282889709275,718.1634067344397,461.44030493061183,1597,Low Priority,No immediate intervention
8990-ZXLSU,0.5567789572746553,828.6007328962866,461.34745205900964,1598,Low Priority,No immediate intervention
7924-GJZFI,0.5546755122155794,831.6057057895497,461.27132082021694,1599,Low Priority,No immediate intervention
0537-QYZZN,0.4809452214746196,958.180673348631,460.83241615635745,1600,Valuable but Stable,Maintain relationship
3714-NTNFO,0.4543869391460759,1014.0182957982827,460.7566696659019,1601,Valuable but Stable,Maintain relationship
2040-VZIKE,0.3807091749163223,1210.2055624416298,460.73636115629665,1602,Valuable but Stable,Maintain relationship
7547-EKNFS,0.4030794828369831,1142.994501309565,460.71763247337486,1603,Valuable but Stable,Maintain relationship
6034-YMTOB,0.5074613056183237,907.815807838613,460.6813951067358,1604,Valuable but Stable,Maintain relationship
3804-RVTGV,0.3696488570384991,1246.1957261061768,460.6548258014107,1605,Valuable but Stable,Maintain relationship
2325-WINES,0.3687496966353343,1248.590540704505,460.41738310653426,1606,Valuable but Stable,Maintain relationship
4911-BANWH,0.4427604225921686,1038.6112033069726,459.8559352851559,1607,Valuable but Stable,Maintain relationship
6362-QHAFM,0.3538089805518074,1299.5948021765616,459.808312088517,1608,Valuable but Stable,Maintain relationship
2971-SGAFL,0.4865809715498859,944.9550245381738,459.79713391073085,1609,Valuable but Stable,Maintain relationship
2983-ZANRP,0.5209380436371871,882.6026155755618,459.78127986699747,1610,Valuable but Stable,Maintain relationship
9747-DDZOS,0.5211918216960227,881.9821282381469,459.6818721197749,1611,Valuable but Stable,Maintain relationship
5673-FSSMF,0.636276423848746,721.7705088889762,459.24555823536735,1612,Low Priority,No immediate intervention
5884-GCYMI,0.5514055413657983,832.7916400435726,459.2059251231372,1613,Low Priority,No immediate intervention
0310-MVLET,0.385765283131476,1189.8245702615336,458.9930122237273,1614,Valuable but Stable,Maintain relationship
1346-UFHAX,0.477989771590036,959.995633794399,458.8680937248166,1615,Valuable but Stable,Maintain relationship
8040-MNRTF,0.537695844448492,853.1967379878982,458.76034051310177,1616,Valuable but Stable,Maintain relationship
0511-JTEOY,0.537695844448492,853.1967379878982,458.76034051310177,1617,Valuable but Stable,Maintain relationship
2573-GYRUU,0.4197172426315571,1092.5939180623022,458.5805066051189,1618,Valuable but Stable,Maintain relationship
0151-ONTOV,0.5386683161648534,850.7970556763571,458.29741737919835,1619,Valuable but Stable,Maintain relationship
9821-POOTN,0.507666927284214,902.4165241080809,458.12702392445027,1620,Valuable but Stable,Maintain relationship
2105-PHWON,0.4018331752409911,1140.0209022336612,458.09821898565156,1621,Valuable but Stable,Maintain relationship
0519-XUZJU,0.5393974772694843,848.9972939427012,457.94699856131183,1622,Valuable but Stable,Maintain relationship
6946-LMSQS,0.4283643279500816,1068.5641211921427,457.7347516460418,1623,Valuable but Stable,Maintain relationship
7682-AZNDK,0.4243326563296055,1078.2106899616788,457.52000615441585,1624,Valuable but Stable,Maintain relationship
0701-RFGFI,0.3994263094614855,1144.8071917512527,457.26611164617003,1625,Valuable but Stable,Maintain relationship
3755-JBMNH,0.5289738015260664,861.5777829354531,455.7520751497667,1626,Valuable but Stable,Maintain relationship
0089-IIQKO,0.3797900989403256,1199.4228457279687,455.5289212503121,1627,Valuable but Stable,Maintain relationship
1481-ZUWZA,0.4016290232341671,1133.9859450353206,455.4416674658097,1628,Valuable but Stable,Maintain relationship
4110-PFEUZ,0.5452244388899573,834.5992000734535,455.0438805580559,1629,Low Priority,No immediate intervention
6458-CYIDZ,0.4696459412000855,968.3600195908484,454.78635282127726,1630,Valuable but Stable,Maintain relationship
4607-CHPCA,0.4192323904506662,1084.7956411918137,454.78146980730725,1631,Valuable but Stable,Maintain relationship
0577-WHMEV,0.4177912028630715,1088.3833180077024,454.7169756065388,1632,Valuable but Stable,Maintain relationship
3717-OEAUQ,0.535853725567259,848.3902564320634,454.61307964408337,1633,Valuable but Stable,Maintain relationship
9365-SRSZE,0.5363063944524519,846.5972846674028,454.03553729321084,1634,Valuable but Stable,Maintain relationship
0666-UXTJO,0.4440136176924396,1022.3932811401613,453.9565394634865,1635,Valuable but Stable,Maintain relationship
8802-UNOJF,0.4511549412158129,1005.5883419474412,453.6761492986046,1636,Valuable but Stable,Maintain relationship
2501-XWWTZ,0.5376616700476493,842.3924706183692,452.92214258823776,1637,Low Priority,No immediate intervention
7978-DKUQH,0.505364221684163,895.221788003745,452.41306212921734,1638,Valuable but Stable,Maintain relationship
0829-XXPLX,0.4216975097275459,1072.7802223217104,452.3887482380283,1639,Valuable but Stable,Maintain relationship
1548-FEHVL,0.3545653589486572,1274.3978676610373,451.85733739063903,1640,Valuable but Stable,Maintain relationship
7855-DIWPO,0.548269211011222,823.8180007294726,451.6740452767902,1641,Low Priority,No immediate intervention
5022-JNQEQ,0.4960675112503639,910.2237309718154,451.53242090420923,1642,Valuable but Stable,Maintain relationship
4760-THGOT,0.3998212164382104,1129.206618085519,451.4807636530299,1643,Valuable but Stable,Maintain relationship
0727-BMPLR,0.3757935187338673,1199.9823845413875,450.9456027054647,1644,Valuable but Stable,Maintain relationship
8160-HOWOX,0.5620498932950181,802.1693481574912,450.85919653645215,1645,Low Priority,No immediate intervention
3703-VAVCL,0.4172803108069635,1079.994508577281,450.6604442089416,1646,Valuable but Stable,Maintain relationship
3976-BWUCK,0.3990329543699184,1129.2217089779028,450.5966746721008,1647,Valuable but Stable,Maintain relationship
2452-KDRRH,0.3702458204943498,1216.7898500182348,450.51135638919817,1648,Valuable but Stable,Maintain relationship
8519-QJGJD,0.4979685844476195,904.1980685259314,450.2622322441297,1649,Valuable but Stable,Maintain relationship
8640-SDGKB,0.5043201768337656,892.7665647449267,450.24019180343487,1650,Valuable but Stable,Maintain relationship
4704-ERYFC,0.5417713738732998,831.0243060808667,450.22518002753674,1651,Low Priority,No immediate intervention
3571-RFHAR,0.343538568387188,1309.8124370357923,449.9710894750099,1652,Valuable but Stable,Maintain relationship
2604-IJPDU,0.3883622189095445,1158.60178053575,449.957158321413,1653,Valuable but Stable,Maintain relationship
2615-YVMYX,0.3487872014806738,1289.9859873598944,449.93060248054144,1654,Valuable but Stable,Maintain relationship
8543-MSDMF,0.4843552291580444,928.7419471743763,449.8410186523334,1655,Valuable but Stable,Maintain relationship
8642-GVWRF,0.46924608282413,956.384675939023,448.7797628574115,1656,Valuable but Stable,Maintain relationship
4566-GOLUK,0.3481536058722849,1288.198100556068,448.49081378642336,1657,Valuable but Stable,Maintain relationship
6259-WJQLC,0.4604015889342238,973.1864603222757,448.05659266164866,1658,Valuable but Stable,Maintain relationship
8992-JQYUN,0.7415918214499033,604.174603046343,448.05094434690983,1659,High Risk - Lower Value,Automated retention campaign
4503-BDXBD,0.4978960639635409,899.390063143801,447.80277240721904,1660,Valuable but Stable,Maintain relationship
9777-WJJPR,0.4206691711548931,1063.7984756187961,447.5072230143977,1661,Valuable but Stable,Maintain relationship
2373-NTKOD,0.5628896190605732,794.9631842901151,447.47652397224317,1662,Low Priority,No immediate intervention
5118-MUEYH,0.3545144822641518,1261.2222845271688,447.12156521915995,1663,Valuable but Stable,Maintain relationship
5502-RLUYV,0.3584142506853428,1247.4263326450375,447.09537430013626,1664,Valuable but Stable,Maintain relationship
0411-EZJZE,0.617856533049981,722.9719323806928,446.69293163318014,1665,Low Priority,No immediate intervention
7562-UXTPG,0.5303660603699587,841.8148794643458,446.4700411823168,1666,Low Priority,No immediate intervention
6331-LWDTQ,0.5153858378686326,865.7603431658018,446.2006198559416,1667,Valuable but Stable,Maintain relationship
4523-WXCEF,0.3677767730502429,1213.2080033569512,446.18972451334776,1668,Valuable but Stable,Maintain relationship
4828-FAZPK,0.4648433137491642,959.4171777726568,445.97866018371275,1669,Valuable but Stable,Maintain relationship
7529-ZDFXI,0.4134867708042689,1078.1985999635722,445.82085738462115,1670,Valuable but Stable,Maintain relationship
6729-GDNGC,0.4603814511842217,968.36513988225,445.8173483752021,1671,Valuable but Stable,Maintain relationship
7030-NJVDP,0.4155363288279172,1071.0029460868327,445.0406323808062,1672,Valuable but Stable,Maintain relationship
5649-VUKMC,0.3883162545262733,1145.9764452435606,445.0012809923124,1673,Valuable but Stable,Maintain relationship
9469-WEJBT,0.4102594794831557,1084.2180476897188,444.81073189142734,1674,Valuable but Stable,Maintain relationship
3162-KKZXO,0.3698187885409061,1201.7821462750437,444.44161742552666,1675,Valuable but Stable,Maintain relationship
1399-UBQIU,0.533381258335068,832.1642402081545,443.86080958367126,1676,Low Priority,No immediate intervention
8155-IBNHG,0.48973991596221,904.8210678459799,443.1269937277273,1677,Valuable but Stable,Maintain relationship
6557-BZXLQ,0.5297977001806092,835.7761861193741,442.7923012717652,1678,Low Priority,No immediate intervention
9445-SZLCH,0.378946319510978,1168.1985263167053,442.68453200586384,1679,Valuable but Stable,Maintain relationship
1258-YMZNM,0.3338495409879292,1325.9376889999796,442.6636888512388,1680,Valuable but Stable,Maintain relationship
7481-ATQQS,0.4056408347633079,1090.1961383571613,442.22807161893365,1681,Valuable but Stable,Maintain relationship
7126-RBHSD,0.4668084717769194,946.7936693651827,441.97130588442286,1682,Valuable but Stable,Maintain relationship
5651-YLPRD,0.4276614790127178,1033.219146190828,441.868028204227,1683,Valuable but Stable,Maintain relationship
1421-HCERK,0.3482709348799714,1268.360221315435,441.733000042094,1684,Valuable but Stable,Maintain relationship
9412-GHEEC,0.3508795157163606,1257.5786977711464,441.2586044491513,1685,Valuable but Stable,Maintain relationship
5886-VLQVU,0.4092151771728802,1078.2041318342474,441.217494837083,1686,Valuable but Stable,Maintain relationship
5389-FFVKB,0.4573477068658564,963.595546172723,440.6982133882473,1687,Valuable but Stable,Maintain relationship
7277-OZCGZ,0.4124054003312721,1068.6031222912734,440.6976984437799,1688,Valuable but Stable,Maintain relationship
9824-BEMCV,0.5319954076301698,828.0171486984198,440.5013205465868,1689,Low Priority,No immediate intervention
4480-MBMLB,0.3500444066353864,1257.5774955174606,440.2079682164248,1690,Valuable but Stable,Maintain relationship
4176-FXYBO,0.334774084741797,1314.5832567391803,440.08840659174984,1691,Valuable but Stable,Maintain relationship
4501-EQDRN,0.5257299733895923,836.3842283201315,439.7122580982174,1692,Low Priority,No immediate intervention
0927-LCSMG,0.4908065956358716,895.7913249010987,439.66029057485525,1693,Valuable but Stable,Maintain relationship
0637-UBJRP,0.4356149066942349,1008.5837897998684,439.3541334869875,1694,Valuable but Stable,Maintain relationship
7410-OIEDU,0.4583784801999389,958.1895100206532,439.2134513467911,1695,Valuable but Stable,Maintain relationship
4829-AUOAX,0.3808253283557361,1152.5854314048818,438.93372537280186,1696,Valuable but Stable,Maintain relationship
0422-UXFAP,0.3697003750184719,1186.2086278090526,438.5417745511537,1697,Valuable but Stable,Maintain relationship
8020-BWHYL,0.4852931900985627,903.5924802024219,438.5072772665057,1698,Valuable but Stable,Maintain relationship
3799-ISUZQ,0.5223571195698591,839.398804862631,438.4659418784261,1699,Low Priority,No immediate intervention
6233-HXJMX,0.4088887894524259,1071.6164399484462,438.1719488878384,1700,Valuable but Stable,Maintain relationship
4391-LNRXK,0.3845253622965215,1139.3890597952234,438.1239910144513,1701,Valuable but Stable,Maintain relationship
9552-TGUZV,0.486107812161031,899.9984922933983,437.49629803697036,1702,Valuable but Stable,Maintain relationship
7503-QQRVF,0.4904595459052228,891.593528765261,437.2905572502451,1703,Valuable but Stable,Maintain relationship
6745-JEFZB,0.3982516136778426,1098.0163098226783,437.28676723147163,1704,Valuable but Stable,Maintain relationship
7129-CAKJW,0.454930977020306,960.5832355866281,436.9990698747515,1705,Valuable but Stable,Maintain relationship
5712-AHQNN,0.3972384405298586,1099.8115336591638,436.88741850751836,1706,Valuable but Stable,Maintain relationship
9518-XXBXE,0.4833627685343346,903.5656451273438,436.749991781265,1707,Valuable but Stable,Maintain relationship
2683-BPJSO,0.4308662264966623,1013.3988252968227,436.6393277917923,1708,Valuable but Stable,Maintain relationship
2041-JIJCI,0.5679170509039785,767.9722564663633,436.14453906845085,1709,Low Priority,No immediate intervention
0265-PSUAE,0.3603555369201899,1208.3671029211584,435.4417761698484,1710,Valuable but Stable,Maintain relationship
9137-UIYPG,0.3387439196551697,1282.8037934750619,434.54198515026326,1711,Valuable but Stable,Maintain relationship
1728-CXQBE,0.3841586691697201,1131.0003163605206,434.48357636359,1712,Valuable but Stable,Maintain relationship
9048-JVYVF,0.5217417870464076,832.1699690163055,434.1778467609209,1713,Low Priority,No immediate intervention
6845-RGTYS,0.3662720089352753,1185.0061128904765,434.03456956897645,1714,Valuable but Stable,Maintain relationship
5394-SVGJV,0.3658854811310041,1185.5822483357588,433.7873313527067,1715,Valuable but Stable,Maintain relationship
4512-ZUIYL,0.516357692979195,839.984433150916,433.7324240402438,1716,Low Priority,No immediate intervention
9470-XCCEM,0.4031268169507503,1075.7983416639377,433.68316115587896,1717,Valuable but Stable,Maintain relationship
8348-HFYIV,0.7334442717480651,590.9704546430412,433.4438947302883,1718,High Risk - Lower Value,Automated retention campaign
9732-EQMWY,0.3633558495199537,1192.8072162429137,433.41347937147503,1719,Valuable but Stable,Maintain relationship
5028-GZLDO,0.5104133862278516,848.3901022543004,433.0296649338107,1720,Valuable but Stable,Maintain relationship
0481-SUMCB,0.3532576772712161,1225.7621345748462,433.009884546918,1721,Valuable but Stable,Maintain relationship
6166-ILMNY,0.5171116596210852,836.9848302614895,432.81461465419113,1722,Low Priority,No immediate intervention
9158-VCTQB,0.3174035131122035,1363.189314747348,432.68107753782556,1723,Valuable but Stable,Maintain relationship
9079-YEXQJ,0.323972284139749,1333.201186776749,431.92023369788745,1724,Valuable but Stable,Maintain relationship
6961-VCPMC,0.447147535977747,964.8003682887794,431.4081073907505,1725,Valuable but Stable,Maintain relationship
2359-KLTEK,0.3786585178753417,1138.805861233408,431.2185395623943,1726,Valuable but Stable,Maintain relationship
3094-JOJAI,0.4840482532886695,889.7962879516555,430.7043389657408,1727,Valuable but Stable,Maintain relationship
3866-MDTUB,0.5069799932901068,848.9556912496504,430.40355065334575,1728,Valuable but Stable,Maintain relationship
7641-EUYET,0.3557444036613129,1208.3776214292538,429.8735763330256,1729,Valuable but Stable,Maintain relationship
0730-KOAVE,0.3796165124305536,1131.5876254507248,429.5693478831757,1730,Valuable but Stable,Maintain relationship
4660-IRIBM,0.4069767850328027,1054.798405122825,429.2784637746151,1731,Valuable but Stable,Maintain relationship
0407-BDJKB,0.3721571052763519,1149.01599281181,427.6144658010768,1732,Valuable but Stable,Maintain relationship
4993-JCRGJ,0.4222894508695958,1011.6131239781477,427.1935506172083,1733,Valuable but Stable,Maintain relationship
7020-OZKXZ,0.4714492490136371,905.9784166109359,427.1228441337898,1734,Valuable but Stable,Maintain relationship
6017-PPLPX,0.5051912784716004,845.4168895475121,427.09723927199144,1735,Valuable but Stable,Maintain relationship
6711-VTNRE,0.4064197740946612,1050.623035207596,426.99397662771844,1736,Valuable but Stable,Maintain relationship
7718-RXDGG,0.51763101500226,823.2027495469409,426.1152748006343,1737,Low Priority,No immediate intervention
3943-KDREE,0.4733550544948101,899.4019890094448,425.7364775203063,1738,Valuable but Stable,Maintain relationship
1427-VERSM,0.3589117003971971,1184.4315318797617,425.10633511102225,1739,Valuable but Stable,Maintain relationship
5122-CYFXA,0.4703571579947395,903.57345370721,425.00224172521456,1740,Valuable but Stable,Maintain relationship
6847-KJLTS,0.3526542829398317,1204.7962819455145,424.87656889807073,1741,Valuable but Stable,Maintain relationship
0578-SKVMF,0.4250364084077433,999.6081044909272,424.86983854809586,1742,Valuable but Stable,Maintain relationship
6260-ONULR,0.5636861052826786,753.5686071778152,424.77615324335545,1743,Low Priority,No immediate intervention
6390-DSAZX,0.4804082228011055,883.2008184317963,424.2969355593011,1744,Valuable but Stable,Maintain relationship
5813-UECBU,0.4207769252041836,1006.1879110957677,423.3806554084976,1745,Valuable but Stable,Maintain relationship
2302-ANTDP,0.3000930197584218,1409.3689689154928,422.94178983566354,1746,Valuable but Stable,Maintain relationship
3452-ABWRL,0.4089313653810495,1032.5908854672693,422.2588006741574,1747,Valuable but Stable,Maintain relationship
1216-BGTSP,0.3243914425191441,1301.3952870124172,422.16149444157355,1748,Valuable but Stable,Maintain relationship
5816-QVHRX,0.3507277707376966,1203.6022432777586,422.13673163969906,1749,Valuable but Stable,Maintain relationship
7993-PYKOF,0.4687087023366603,899.985323892707,421.8309532837896,1750,Valuable but Stable,Maintain relationship
3838-OZURD,0.334699238079536,1260.0157299017499,421.7263047663461,1751,Valuable but Stable,Maintain relationship
2883-ILGWO,0.334703817570861,1258.7792148685242,421.31820869534613,1752,Valuable but Stable,Maintain relationship
0867-MKZVY,0.425900841019876,988.7901539075727,421.1265581414079,1753,Valuable but Stable,Maintain relationship
5419-KLXBN,0.3936264814861342,1069.8034467153725,421.10296661231115,1754,Valuable but Stable,Maintain relationship
2921-XWDJH,0.4205060129573036,1001.3938157626951,421.0921208664716,1755,Valuable but Stable,Maintain relationship
2122-YWVYA,0.4649739375412302,904.80117948804,420.7089671185033,1756,Valuable but Stable,Maintain relationship
3481-JHUZH,0.4366844549289002,963.017728281661,420.5348717615448,1757,Valuable but Stable,Maintain relationship
4361-BKAXE,0.3054962180739847,1373.9813080959862,419.7460933276701,1758,Valuable but Stable,Maintain relationship
4636-JGAAI,0.3935703628438207,1066.2013382171135,419.6252475466765,1759,Valuable but Stable,Maintain relationship
3349-ANQNH,0.3513081483688147,1193.9859042164255,419.45697718873737,1760,Valuable but Stable,Maintain relationship
6807-SIWJI,0.3325233327629225,1258.1730105426852,418.3718826580133,1761,Valuable but Stable,Maintain relationship
9233-PSYHO,0.3480363400417688,1201.7653114594339,418.2580005894977,1762,Valuable but Stable,Maintain relationship
3329-WDIOK,0.6885980423921918,607.1779915332379,418.10157635341045,1763,Low Priority,No immediate intervention
2403-BCASL,0.3111183104101473,1343.376546285992,417.94904132511687,1764,Valuable but Stable,Maintain relationship
2519-LBNQL,0.3337357434792561,1252.1827980181731,417.89815706853017,1765,Valuable but Stable,Maintain relationship
2195-ZRVAX,0.4081650903049629,1023.6255655395901,417.8082213969355,1766,Valuable but Stable,Maintain relationship
4526-ZJJTM,0.3937585257287602,1060.7717467633079,417.68791914024183,1767,Valuable but Stable,Maintain relationship
6652-YFFJO,0.5360604702863785,778.7751710738553,417.47058445320573,1768,Low Priority,No immediate intervention
1357-BIJKI,0.3535878585414828,1179.0023028423263,416.88089947749495,1769,Valuable but Stable,Maintain relationship
3677-TNKIO,0.4889632522998611,852.0140564741058,416.6035640587763,1770,Valuable but Stable,Maintain relationship
2523-EWWZL,0.4560424725656513,913.2219696948453,416.4680050609115,1771,Valuable but Stable,Maintain relationship
9940-HPQPG,0.3778020129049811,1100.9668594181023,415.9474956298344,1772,Valuable but Stable,Maintain relationship
0943-ZQPXH,0.3719517493213171,1115.4032044900741,414.8761731086858,1773,Valuable but Stable,Maintain relationship
9800-ONTFE,0.4560984853611172,909.6081410534701,414.8708954066292,1774,Valuable but Stable,Maintain relationship
9398-MMQTO,0.4643687708796072,893.3899645854987,414.8623997707438,1775,Valuable but Stable,Maintain relationship
7517-SAWMO,0.4722416022043991,878.4119324778567,414.82265838880545,1776,Valuable but Stable,Maintain relationship
5671-UUNXD,0.3428748945751333,1207.7957020057636,414.12282399352534,1777,Valuable but Stable,Maintain relationship
8178-EYZUO,0.3683070437005667,1124.3949222033323,414.122569748638,1778,Valuable but Stable,Maintain relationship
2640-PMGFL,0.4338466466031721,954.0164321803713,413.8968299057767,1779,Valuable but Stable,Maintain relationship
7318-EIVKO,0.5817590087569231,710.9691293441252,413.61269594401097,1780,Low Priority,No immediate intervention
1785-BPHTP,0.4032823107845606,1025.3999972060124,413.52568035172266,1781,Valuable but Stable,Maintain relationship
3211-ILJTT,0.4894505365607948,844.8012530777578,413.48842660614037,1782,Valuable but Stable,Maintain relationship
5213-TWWJU,0.3783874471513215,1091.99584978308,413.1975218992576,1783,Valuable but Stable,Maintain relationship
9369-XFEHK,0.4266735220946085,967.1889335747984,412.6739088192876,1784,Valuable but Stable,Maintain relationship
8564-LDKFL,0.3243199540315288,1271.9770935976717,412.52755252475447,1785,Valuable but Stable,Maintain relationship
0410-IPFTY,0.4099718436955994,1006.208147412065,412.5170093360578,1786,Valuable but Stable,Maintain relationship
1644-IRKSF,0.3661599210979819,1125.6074256907536,412.15232617822886,1787,Valuable but Stable,Maintain relationship
6692-YQHXC,0.4909315958480913,839.4092887692346,412.0925417051917,1788,Low Priority,No immediate intervention
7486-KSRVI,0.3425065350738421,1199.998154559043,411.0072100130227,1789,Valuable but Stable,Maintain relationship
5600-KTXFM,0.4892625015222129,839.4016754376499,410.6877635065613,1790,Low Priority,No immediate intervention
4818-DRBQT,0.4262782165887572,961.7996895833351,409.9942563912043,1791,Valuable but Stable,Maintain relationship
1670-SVOWZ,0.3809805229689625,1075.820696912173,409.86673173043334,1792,Valuable but Stable,Maintain relationship
0118-JPNOY,0.3979571680960833,1029.5801072456673,409.7287838075475,1793,Valuable but Stable,Maintain relationship
0691-IFBQW,0.3102650755632156,1319.961450307991,409.53793912034047,1794,Valuable but Stable,Maintain relationship
3569-EDBPQ,0.4044800296399582,1012.2067766549535,409.41742702316213,1795,Valuable but Stable,Maintain relationship
4657-FWVFY,0.3539502810725017,1156.217419522105,409.2434806207717,1796,Valuable but Stable,Maintain relationship
9356-AXGMP,0.307914508066383,1328.3842092956343,409.0287703284164,1797,Valuable but Stable,Maintain relationship
1587-FKLZB,0.3425130031169499,1194.0024143689864,408.9613526744103,1798,Valuable but Stable,Maintain relationship
0641-EVBOJ,0.4140896842509721,987.5920285086572,408.9516712539269,1799,Valuable but Stable,Maintain relationship
9822-WMWVG,0.3198474761774686,1277.9982529432305,408.76451576310643,1800,Valuable but Stable,Maintain relationship
5977-CKHON,0.3676760835262448,1110.605563148697,408.3431038009725,1801,Valuable but Stable,Maintain relationship
1552-AAGRX,0.3197598354788747,1276.7691497607107,408.2594932719876,1802,Valuable but Stable,Maintain relationship
3987-KQDDU,0.449262935926185,907.1784751375058,407.56166514931544,1803,Valuable but Stable,Maintain relationship
1228-ZLNBX,0.4510327153896525,903.5965053334357,407.55158541714013,1804,Valuable but Stable,Maintain relationship
9921-EZKBY,0.3563061656874196,1143.5759507826074,407.4631621956961,1805,Valuable but Stable,Maintain relationship
8404-GFGCZ,0.5174006466368433,787.1583742391027,407.276251836918,1806,Low Priority,No immediate intervention
4398-HSCJH,0.5334956259230887,763.1817268136735,407.1541130395245,1807,Low Priority,No immediate intervention
2636-OHFMN,0.6981280827880512,582.5807079604854,406.7159527177592,1808,Low Priority,No immediate intervention
4465-VDKIQ,0.4350725534744769,933.6020399225298,406.18462343807556,1809,Valuable but Stable,Maintain relationship
2476-YGEFM,0.4447432835137355,912.0169445446696,405.61341053696077,1810,Valuable but Stable,Maintain relationship
2960-NKRSO,0.392370592970752,1031.4089558117073,404.6945435871837,1811,Valuable but Stable,Maintain relationship
9239-ZBZZV,0.7031778092176456,575.3830433681393,404.59658789658977,1812,High Risk - Lower Value,Automated retention campaign
6416-YJTTB,0.4239140978153791,953.9760138519506,404.4038812495612,1813,Valuable but Stable,Maintain relationship
2951-QOQTK,0.4168559219567078,969.5947978792535,404.18133339438396,1814,Valuable but Stable,Maintain relationship
5895-QSXOD,0.4806786700920324,840.5960584638636,404.0565954670143,1815,Low Priority,No immediate intervention
3130-ICDUP,0.4172008881424021,966.5824596789104,403.25906064090896,1816,Valuable but Stable,Maintain relationship
6080-TCMYC,0.4135494644397909,974.4179868909824,402.970036619265,1817,Valuable but Stable,Maintain relationship
2792-LSHWX,0.4019222430978618,1000.801854417741,402.2445262240782,1818,Valuable but Stable,Maintain relationship
7537-CBQUZ,0.3058992607949105,1312.7609201775745,401.5725950827665,1819,Valuable but Stable,Maintain relationship
6173-GOLSU,0.3533828287778237,1135.8032130582835,401.3733523654774,1820,Valuable but Stable,Maintain relationship
8993-IZEUX,0.4819555806411763,829.7813918480044,399.9177725133484,1821,Low Priority,No immediate intervention
1304-BCCFO,0.4752139005330396,840.5730549309969,399.452000116732,1822,Low Priority,No immediate intervention
9620-ENEJV,0.4717844356487029,846.6008642707606,399.4131109696849,1823,Valuable but Stable,Maintain relationship
4989-LIXVT,0.3467361353947433,1150.7938438313295,399.0218100461369,1824,Valuable but Stable,Maintain relationship
0348-SDKOL,0.3253732002379615,1225.2326618611824,398.6578722258491,1825,Valuable but Stable,Maintain relationship
2737-WFVYW,0.7334226497688623,542.9806707097096,398.23432228518925,1826,High Risk - Lower Value,Automated retention campaign
3898-GUYTS,0.341519473141546,1164.5914882184452,397.7306714814924,1827,Valuable but Stable,Maintain relationship
4983-CLMLV,0.3226770179498165,1232.428822242565,397.6764571966354,1828,Valuable but Stable,Maintain relationship
9909-IDLEK,0.3422949064788447,1161.5981569564933,397.60913250142124,1829,Valuable but Stable,Maintain relationship
9272-LSVYH,0.4719952828209849,841.7965809831071,397.3240153188598,1830,Low Priority,No immediate intervention
7240-ETPTR,0.6788662520331173,584.9903937580202,397.1302360858847,1831,Low Priority,No immediate intervention
1084-UQCHV,0.4742365112470618,836.9800012223601,396.92647576325356,1832,Low Priority,No immediate intervention
2139-FQHLM,0.3670817198499065,1079.39631729133,396.22665655095676,1833,Valuable but Stable,Maintain relationship
9919-YLNNG,0.3180244378841008,1245.602431127592,396.1320129864218,1834,Valuable but Stable,Maintain relationship
6022-UGGSO,0.4427150129422403,892.8009348511905,395.25637742748904,1835,Valuable but Stable,Maintain relationship
7967-HYCDE,0.4653746455155136,848.3796111259218,394.8143607903151,1836,Valuable but Stable,Maintain relationship
3058-HJCUY,0.3206512966267397,1231.2068255547317,394.78806502981683,1837,Valuable but Stable,Maintain relationship
1956-YIFGE,0.3282408452404979,1200.5920545644153,394.08335077924966,1838,Valuable but Stable,Maintain relationship
3627-FHKBK,0.4359729927558272,903.5860113647329,393.9390975869835,1839,Valuable but Stable,Maintain relationship
6646-QVXLR,0.3163577883391173,1244.985113810495,393.8607371202125,1840,Valuable but Stable,Maintain relationship
2869-ADAWR,0.3674483374343524,1071.6178611850419,393.7642014574003,1841,Valuable but Stable,Maintain relationship
0599-XNYDO,0.4675671939369667,837.6120485297773,391.63991513886236,1842,Low Priority,No immediate intervention
4821-SJHJV,0.3640256627292039,1075.1965475862874,391.39913579925025,1843,Valuable but Stable,Maintain relationship
4116-TZAQJ,0.4391791005612992,891.0014320537558,391.30920752819804,1844,Valuable but Stable,Maintain relationship
2235-DWLJU,0.7335958365590309,532.7641813799298,390.8335853280969,1845,High Risk - Lower Value,Automated retention campaign
6078-VESFR,0.4623138665701899,845.3694271475362,390.8260085448039,1846,Valuable but Stable,Maintain relationship
5035-PGZXH,0.3048166464617152,1281.5979670832105,390.6523944384559,1847,Valuable but Stable,Maintain relationship
2386-OWURY,0.3410106085650981,1143.6277822584764,389.9892059999165,1848,Valuable but Stable,Maintain relationship
3192-LNKRK,0.3863772998177883,1008.6194776067513,389.70767030132475,1849,Valuable but Stable,Maintain relationship
3969-GYXEL,0.4249774167722301,916.7863654068416,389.6135013026014,1850,Valuable but Stable,Maintain relationship
7351-KYHQH,0.4997171664153571,779.3550909913002,389.4571177015553,1851,Low Priority,No immediate intervention
9495-SKLKD,0.3381174521323045,1151.3988645019458,389.3080504534264,1852,Valuable but Stable,Maintain relationship
2133-TSRRM,0.3076198387214854,1264.178997874627,388.8865394412818,1853,Valuable but Stable,Maintain relationship
2074-GUHPQ,0.349544697010668,1112.410081156983,388.8370447696302,1854,Valuable but Stable,Maintain relationship
8677-HDZEE,0.3069144419961103,1265.4060231176354,388.37138348366614,1855,Valuable but Stable,Maintain relationship
6217-TOWGS,0.4292323910762966,904.7648839392912,388.35439449512995,1856,Valuable but Stable,Maintain relationship
8840-DQLGN,0.3213496940489011,1205.9757503302196,387.53993839901005,1857,Valuable but Stable,Maintain relationship
7077-XJMET,0.4355136455958543,889.7789898165798,387.51089162961523,1858,Valuable but Stable,Maintain relationship
1910-FMXJM,0.4014712414471627,964.8134618153022,387.34485827992404,1859,Valuable but Stable,Maintain relationship
8152-UOBNY,0.3022389369387997,1281.5844936586864,387.3447349606513,1860,Valuable but Stable,Maintain relationship
4097-YODCF,0.3109721576451704,1245.5756035737713,387.3393329535211,1861,Valuable but Stable,Maintain relationship
4948-WBBKL,0.4309368248767417,898.7883171066666,387.3209836102569,1862,Valuable but Stable,Maintain relationship
2495-INZWQ,0.7245255601492855,534.5753470500356,387.31350276342573,1863,High Risk - Lower Value,Automated retention campaign
7296-PIXQY,0.4594672610176201,842.4125406788788,387.0609827126189,1864,Low Priority,No immediate intervention
5301-GAUUY,0.4013284730347035,964.1948389319969,386.95884241652016,1865,Valuable but Stable,Maintain relationship
0475-RIJEP,0.414063916789837,934.2163262168139,386.82527116234604,1866,Valuable but Stable,Maintain relationship
3207-OYBWH,0.338287074535765,1142.9839371930352,386.6566923544025,1867,Valuable but Stable,Maintain relationship
0080-OROZO,0.3236586218904508,1191.0050194479968,385.4790432591482,1868,Valuable but Stable,Maintain relationship
5149-TGWDZ,0.3068939410449757,1254.5969115476444,385.02819060771134,1869,Valuable but Stable,Maintain relationship
5419-JKZNQ,0.4116172760103087,934.7845197484039,384.7734576754426,1870,Valuable but Stable,Maintain relationship
1866-OBPNR,0.4297896786991075,895.1985912660751,384.7471149121401,1871,Valuable but Stable,Maintain relationship
2178-PMGCJ,0.4587792144714918,836.4139282384077,383.7293249702314,1872,Low Priority,No immediate intervention
2632-UCGVD,0.3192390820540079,1200.6090698210892,383.2813373554008,1873,Valuable but Stable,Maintain relationship
1216-JWVUX,0.422585448164909,906.0174123576195,382.8697742463558,1874,Valuable but Stable,Maintain relationship
2141-RRYGO,0.464659464774398,823.7595613163892,382.7676768640663,1875,Low Priority,No immediate intervention
6646-JPPHA,0.404213227325013,946.1690904803465,382.4540616582331,1876,Valuable but Stable,Maintain relationship
5339-TJFEK,0.3020617388685855,1266.0033115546844,382.4111617015956,1877,Valuable but Stable,Maintain relationship
7251-LJBQN,0.3071181215379763,1244.9858812736925,382.3577251980784,1878,Valuable but Stable,Maintain relationship
8008-HAWED,0.6265250046207802,608.9762483412737,381.5388468059619,1879,Low Priority,No immediate intervention
9029-FEGVJ,0.4007499729763933,951.595392951095,381.3518280096117,1880,Valuable but Stable,Maintain relationship
2144-BFDSO,0.2921055282097594,1304.959014194847,381.1857421334727,1881,Valuable but Stable,Maintain relationship
6204-IEUXJ,0.3965289653056333,961.2027022698334,381.14471298003576,1882,Valuable but Stable,Maintain relationship
1636-NTNCO,0.6229783270455631,611.354311814395,380.86048640622334,1883,Low Priority,No immediate intervention
9286-DOJGF,0.4231295593076932,899.396177464795,380.5611082137025,1884,Valuable but Stable,Maintain relationship
8033-VCZGH,0.3049292969470304,1247.3879919281253,380.3651433988113,1885,Valuable but Stable,Maintain relationship
5501-TVMGM,0.5727857690261107,662.9698841300492,379.7397149225817,1886,Low Priority,No immediate intervention
5909-ECHUI,0.5625799708613831,674.9760939839805,379.72803128563794,1887,Low Priority,No immediate intervention
7067-KSAZT,0.2976877118350786,1274.9909850914041,379.5491489622129,1888,Valuable but Stable,Maintain relationship
8552-OBVRU,0.3026270526318163,1253.9958985020924,379.49308277607446,1889,Valuable but Stable,Maintain relationship
1597-FZREH,0.4139076139579285,916.7613673350234,379.4545101224476,1890,Valuable but Stable,Maintain relationship
0064-YIJGF,0.4171514898638284,909.0038289967235,379.1923015579079,1891,Valuable but Stable,Maintain relationship
3583-EKAPL,0.5739821503056728,659.9702812406226,378.8111611643322,1892,Low Priority,No immediate intervention
4248-HCETZ,0.396176232182184,955.7986598641028,378.6647117897411,1893,Valuable but Stable,Maintain relationship
8496-EJAUI,0.4271993926521202,886.2102755610343,378.5884914817419,1894,Valuable but Stable,Maintain relationship
2207-QPJED,0.3505296790988576,1079.9976004955313,378.5712123292348,1895,Valuable but Stable,Maintain relationship
7789-HKSBS,0.299759571461542,1262.3577676231982,378.4038234538787,1896,Valuable but Stable,Maintain relationship
9052-VKDUW,0.2880786429311915,1312.7912375632577,378.1871181691827,1897,Valuable but Stable,Maintain relationship
4471-KXAUH,0.3737935750450337,1011.6336888371386,378.1421731864292,1898,Valuable but Stable,Maintain relationship
0327-WFZSY,0.3142282920237913,1199.9860209684898,377.069557821354,1899,Valuable but Stable,Maintain relationship
0365-GXEZS,0.4017042401280983,938.4101613910226,376.9633408100668,1900,Valuable but Stable,Maintain relationship
9822-OAOVB,0.5664275363524455,665.3773647378156,376.8880614531234,1901,Low Priority,No immediate intervention
5628-RKIFK,0.3091779989444837,1218.5686982467475,376.75463170031384,1902,Valuable but Stable,Maintain relationship
3063-QFSZL,0.5666677484701251,664.7774441599302,376.70793751583193,1903,Low Priority,No immediate intervention
6664-FPDAC,0.2803667810240714,1343.3843373604423,376.6403423439024,1904,Valuable but Stable,Maintain relationship
2969-QWUBZ,0.6087185461903333,616.7675833213348,375.43786665668813,1905,Low Priority,No immediate intervention
7929-DMBCV,0.3860235387751666,972.028043176462,375.2257050156783,1906,Valuable but Stable,Maintain relationship
1842-EZJMK,0.301524700985026,1244.408709174741,375.21996393707593,1907,Valuable but Stable,Maintain relationship
4007-NHVHI,0.322640985296191,1162.183965581439,374.96817975063004,1908,Valuable but Stable,Maintain relationship
9626-VFRGG,0.3526026651185199,1062.0054777963394,374.46596184145636,1909,Valuable but Stable,Maintain relationship
0674-EYYZV,0.5700767801425679,655.778855100651,373.8442982013587,1910,Low Priority,No immediate intervention
6825-UYPFK,0.4113621483883841,907.1904563369401,373.1838151162022,1911,Valuable but Stable,Maintain relationship
0533-BNWKF,0.363730737114078,1025.4101768056885,372.97319945381014,1912,Valuable but Stable,Maintain relationship
8761-NSOBC,0.3086807838518909,1206.5987870833221,372.4538593916207,1913,Valuable but Stable,Maintain relationship
0596-BQCEQ,0.3097635078506014,1201.8269893515032,372.28214405104904,1914,Valuable but Stable,Maintain relationship
3669-LVWZB,0.6062964604340361,611.9756328931367,371.0386600949878,1915,Low Priority,No immediate intervention
7568-PODML,0.6825429000068712,543.576823933993,371.014501784432,1916,Low Priority,No immediate intervention
2669-OIDSD,0.3087966333441491,1200.6284947032157,370.75003706140654,1917,Valuable but Stable,Maintain relationship
7511-YMXVQ,0.6798374216820599,544.7774036914498,370.3600655162419,1918,Low Priority,No immediate intervention
2929-QNSRW,0.3140788091982552,1179.014189319388,370.30337260927956,1919,Valuable but Stable,Maintain relationship
1518-VOWAV,0.4122669404574724,895.7594034953413,369.29198866503486,1920,Valuable but Stable,Maintain relationship
7047-FWEYA,0.2980293114090639,1237.814708032086,368.9050650868141,1921,Valuable but Stable,Maintain relationship
8988-ECPJR,0.3860592550723914,955.2095874881117,368.76750178366666,1922,Valuable but Stable,Maintain relationship
6778-YSNIH,0.5202694433452901,707.977764366473,368.3391973677879,1923,Low Priority,No immediate intervention
7927-AUXBZ,0.3597227145624996,1021.8105868039379,367.5684780538132,1924,Valuable but Stable,Maintain relationship
4860-IJUDE,0.4151355572970425,884.9971534325687,367.3937864965256,1925,Valuable but Stable,Maintain relationship
1930-WNXSB,0.3294451408042122,1114.2241252313995,367.0757238243086,1926,Valuable but Stable,Maintain relationship
8648-PFRMP,0.6599467896942026,556.1665348252391,367.0403191932655,1927,Low Priority,No immediate intervention
6874-SGLHU,0.3152688184084746,1163.9734530616172,366.9645352055681,1928,Valuable but Stable,Maintain relationship
3657-COGMW,0.2824142685109493,1297.1694116652006,366.3391505302061,1929,Valuable but Stable,Maintain relationship
9812-GHVRI,0.3640541161536198,1006.194718739041,366.30932900898165,1930,Valuable but Stable,Maintain relationship
9169-BSVIN,0.4082377694866501,896.9384765377048,366.1641630285066,1931,Valuable but Stable,Maintain relationship
7627-JKIAZ,0.3859574604972479,947.4282225997144,365.6669907980071,1932,Valuable but Stable,Maintain relationship
3234-VKACU,0.4334763542650635,843.5593225380584,365.66301974010435,1933,Low Priority,No immediate intervention
6891-JPYFF,0.2893053439475494,1263.0065260011972,365.3945374127759,1934,Valuable but Stable,Maintain relationship
3346-BRMIS,0.6297682068968921,580.1765964465719,365.37677482769936,1935,Low Priority,No immediate intervention
5543-QDCRY,0.5396289767628577,676.77032112083,365.2048758899041,1936,Low Priority,No immediate intervention
4484-CGXFK,0.5501114526442629,663.5789657311051,365.04238878251573,1937,Low Priority,No immediate intervention
3009-JWMPU,0.3141196465606111,1161.0050831865472,364.6945063856311,1938,Valuable but Stable,Maintain relationship
5522-NYKPB,0.3537729065559885,1030.808418032495,364.67209014973616,1939,Valuable but Stable,Maintain relationship
2070-FNEXE,0.397513578931466,917.3529743903331,364.6602639933268,1940,Valuable but Stable,Maintain relationship
3567-PQTSO,0.2887055619397839,1263.0008144559888,364.635359867921,1941,Valuable but Stable,Maintain relationship
2931-SVLTV,0.2758831961461794,1321.2006885667302,364.4970687123225,1942,Valuable but Stable,Maintain relationship
6234-PFPXL,0.3165604902486685,1150.787951691313,364.2939981596631,1943,Valuable but Stable,Maintain relationship
4010-YLMVT,0.2846443885916514,1279.1996048380165,364.1169894057993,1944,Valuable but Stable,Maintain relationship
6908-VVYHM,0.3346149024966097,1087.82334507714,364.00190254652296,1945,Valuable but Stable,Maintain relationship
1436-ZMJAN,0.4472653459671487,813.5849544080927,363.88835610700244,1946,Low Priority,No immediate intervention
6994-KERXL,0.5424845505305351,670.7708957329764,363.8828478806682,1947,Low Priority,No immediate intervention
7964-VEXDG,0.3773039040981814,964.1833668487934,363.7901485785788,1948,Valuable but Stable,Maintain relationship
2806-MLNTI,0.288045239975032,1261.1661345977884,363.2729018886035,1949,Valuable but Stable,Maintain relationship
0486-HECZI,0.3128059522776361,1161.0030063878892,363.16865101036205,1950,Valuable but Stable,Maintain relationship
2674-MLXMN,0.3036953760679609,1195.8043551699604,363.1602533470466,1951,Valuable but Stable,Maintain relationship
8749-JMNKX,0.3226261217879091,1125.5731790706666,363.1393095520569,1952,Valuable but Stable,Maintain relationship
7245-JMTTQ,0.271040790361869,1338.002210301731,362.6531765861089,1953,Valuable but Stable,Maintain relationship
1891-FZYSA,0.3357269021288631,1079.4068370900163,362.38591355294557,1954,Valuable but Stable,Maintain relationship
9389-ACWBI,0.4301754160383531,839.4113636465303,361.09413258396745,1955,Low Priority,No immediate intervention
0129-KPTWJ,0.3175093993166125,1135.8259528757255,360.6354160257906,1956,Valuable but Stable,Maintain relationship
6702-OHFWR,0.6938371635594771,519.5577936969348,360.4885058839012,1957,Low Priority,No immediate intervention
3317-HRTNN,0.6569945922178654,548.3529789468798,360.26494179465703,1958,Low Priority,No immediate intervention
5433-KYGHE,0.3484156463031443,1032.0057050171058,359.56693470206704,1959,Valuable but Stable,Maintain relationship
2886-KEFUM,0.2784883919305819,1290.0082017712118,359.2523096885264,1960,Valuable but Stable,Maintain relationship
1656-DRSMG,0.2724945190594941,1318.222318823799,359.20835678138224,1961,Valuable but Stable,Maintain relationship
4488-KQFDT,0.2879577922087979,1247.4059009611117,359.2002492289881,1962,Valuable but Stable,Maintain relationship
0988-JRWWP,0.5521759007532154,650.3809326266287,359.124677305825,1963,Low Priority,No immediate intervention
2378-HTWFW,0.3286862686860853,1091.962115447115,358.9129532728765,1964,Valuable but Stable,Maintain relationship
8645-KWHJO,0.5424100757971021,659.98461317619,357.98230405781834,1965,Low Priority,No immediate intervention
1230-QAJDW,0.4568184427098566,782.9760198937596,357.677886087029,1966,Low Priority,No immediate intervention
4088-YLDSU,0.2860548270582482,1249.8102519372264,357.5142554735289,1967,Valuable but Stable,Maintain relationship
9643-YBLUR,0.4310941435607599,828.5742331708079,357.1934994252828,1968,Low Priority,No immediate intervention
5839-SUYVZ,0.3984653484201916,894.6170976493481,356.4739135175081,1969,Valuable but Stable,Maintain relationship
8651-ENBZX,0.2800976559558056,1271.9913764196538,356.2818029311438,1970,Valuable but Stable,Maintain relationship
2884-GBPFB,0.4220175949917159,843.631495941604,356.0273349765393,1971,Low Priority,No immediate intervention
9722-UJOJR,0.4193055726336564,849.0225452860788,355.99988453006375,1972,Valuable but Stable,Maintain relationship
2988-PLAHS,0.4237679099950666,839.3608814289439,355.69420645476043,1973,Low Priority,No immediate intervention
3946-JEWRQ,0.3112789569442371,1142.40452400291,355.6064886400035,1974,Valuable but Stable,Maintain relationship
8544-GOQSH,0.3698632404468464,960.6199344123391,355.2980017795848,1975,Valuable but Stable,Maintain relationship
7767-UXAGJ,0.5867679473831852,605.3723346110129,355.2130821822708,1976,Low Priority,No immediate intervention
5136-KCKGI,0.2852645177728441,1244.3929670825514,354.98115967472273,1977,Valuable but Stable,Maintain relationship
3511-APPBJ,0.2958625780282722,1199.3733201286298,354.8496825115846,1978,Valuable but Stable,Maintain relationship
7615-ESMYF,0.6630466169945991,535.1798241559028,354.84917189033575,1979,Low Priority,No immediate intervention
6439-GTPCA,0.338900307343097,1047.0244699694927,354.8369146684043,1980,Valuable but Stable,Maintain relationship
7159-FVYPK,0.4274952171720653,829.7670753623213,354.721456084245,1981,Low Priority,No immediate intervention
4343-EJVQB,0.3974986214282593,892.1838102695234,354.6418346427472,1982,Valuable but Stable,Maintain relationship
7426-GSWPO,0.2852013347463441,1241.9670373518484,354.2106567637098,1983,Valuable but Stable,Maintain relationship
2740-TVLFN,0.5881902971160059,601.7728111437009,353.9569285829475,1984,Low Priority,No immediate intervention
3143-ILDAL,0.3122139883607227,1133.4197153865357,353.8694898275055,1985,Valuable but Stable,Maintain relationship
7587-AOVVU,0.2925521147985695,1208.987884682115,353.69196242960186,1986,Valuable but Stable,Maintain relationship
4724-WXVWF,0.3085365585650009,1144.803562666716,353.2137514581409,1987,Valuable but Stable,Maintain relationship
8404-FYDIB,0.3396364638193891,1039.7912677083934,353.1510292747585,1988,Valuable but Stable,Maintain relationship
4191-XOVOM,0.278236796251456,1264.8046388741213,351.9151906043152,1989,Valuable but Stable,Maintain relationship
3023-GFLBR,0.3402846284134935,1033.8111027605376,351.79002695261346,1990,Valuable but Stable,Maintain relationship
3780-YVMFA,0.4275171912731418,822.5926725575956,351.6725089336905,1991,Low Priority,No immediate intervention
4931-TRZWN,0.4072414122135562,863.3612801170982,351.59646696539073,1992,Valuable but Stable,Maintain relationship
3583-KRKMD,0.3859131430844287,910.801736669982,351.4903609250689,1993,Valuable but Stable,Maintain relationship
1174-FGIFN,0.3234731497813136,1085.4151262199603,351.1026496986526,1994,Valuable but Stable,Maintain relationship
7504-UWHNB,0.4188088392098982,837.00272450602,350.5441394658884,1995,Low Priority,No immediate intervention
0248-IPDFW,0.5830834174606553,601.1806888620408,350.53849057302966,1996,Low Priority,No immediate intervention
8751-EDEKA,0.324559936840811,1078.8065524591211,350.13738652958546,1997,Valuable but Stable,Maintain relationship
0237-YFUTL,0.2660976446820148,1315.7977853669317,350.13069156395176,1998,Valuable but Stable,Maintain relationship
0691-NIKRI,0.2749279843515346,1271.4029516602668,349.5442507985487,1999,Valuable but Stable,Maintain relationship
7284-BUYEC,0.5716924923015272,611.3833564337135,349.5232747912626,2000,Low Priority,No immediate intervention
7798-JVXYM,0.4179650549551998,835.784785778043,349.3288339184396,2001,Low Priority,No immediate intervention
5916-QEWPT,0.4209321587117278,827.9691412749628,348.5188379835656,2002,Low Priority,No immediate intervention
9170-CCKOU,0.3216701336392136,1082.3815534244297,348.1698189386559,2003,Valuable but Stable,Maintain relationship
3208-YPIOE,0.3851492566888223,903.0041369919643,347.79137214938646,2004,Valuable but Stable,Maintain relationship
2927-QRRQV,0.3061633568763089,1135.8034479074372,347.7413963630268,2005,Valuable but Stable,Maintain relationship
3707-LRWZD,0.3443658803988764,1008.5944378304055,347.3255115488774,2006,Valuable but Stable,Maintain relationship
7826-VVKWT,0.2995190383863385,1158.6140590846326,347.0269688379215,2007,Valuable but Stable,Maintain relationship
3424-NMNBO,0.2654944841987502,1306.1702321353744,346.780992056543,2008,Valuable but Stable,Maintain relationship
7273-TEFQD,0.7021806957824633,493.75743394848473,346.7069385177107,2009,High Risk - Lower Value,Automated retention campaign
1169-WCVAK,0.3252699942227794,1065.6047757811148,346.6092592620893,2010,Valuable but Stable,Maintain relationship
6726-WEXXK,0.3358530954007607,1030.7686396390577,346.1868382648088,2011,Valuable but Stable,Maintain relationship
7401-RUBNK,0.3855554899127494,897.6002535121185,346.0747054886729,2012,Valuable but Stable,Maintain relationship
0708-LGSMF,0.4376104653471733,790.1643547211157,345.78419097025636,2013,Low Priority,No immediate intervention
1899-VXWXM,0.2715748185336807,1273.1903879171418,345.7664485574243,2014,Valuable but Stable,Maintain relationship
6172-FECYY,0.3406082009257044,1014.0124886903288,345.38096948900903,2015,Valuable but Stable,Maintain relationship
3014-WJKSM,0.3821396218973755,903.6201613801381,345.30906680865144,2016,Valuable but Stable,Maintain relationship
8725-JEDFD,0.4167006237329664,828.6183675432624,345.28579059186984,2017,Low Priority,No immediate intervention
6821-JPCDC,0.2961135721849808,1164.6139707111488,344.8580030838129,2018,Valuable but Stable,Maintain relationship
8065-BVEPF,0.2899780585638667,1189.1820891957354,344.83671350390233,2019,Valuable but Stable,Maintain relationship
0520-FDVVT,0.2807454451743508,1228.172297711441,344.8037784718038,2020,Valuable but Stable,Maintain relationship
8779-QRDMV,0.7246110757989087,475.7584538849799,344.73984509002076,2021,High Risk - Lower Value,Automated retention campaign
6199-IWKGC,0.2865037550553938,1202.9851558341948,344.6597644223949,2022,Valuable but Stable,Maintain relationship
6599-SFQVE,0.5220349573404091,659.9814863542115,344.53340707438053,2023,Low Priority,No immediate intervention
1689-MRZQR,0.3664734688138626,939.6115067505174,344.34268821628217,2024,Valuable but Stable,Maintain relationship
3137-LUPIX,0.4454406181246875,772.7858497294072,344.230206581479,2025,Low Priority,No immediate intervention
1307-TVUFB,0.3612719980945343,952.1826760493976,343.99693792736656,2026,Valuable but Stable,Maintain relationship
7271-AJDTL,0.3031784234196358,1133.427007393986,343.6306131629446,2027,Valuable but Stable,Maintain relationship
8417-GSODA,0.3103709694840885,1106.376958640567,343.38728926813,2028,Valuable but Stable,Maintain relationship
0979-PHULV,0.287708432942576,1193.42510284114,343.35846617275695,2029,Valuable but Stable,Maintain relationship
1784-EZDKJ,0.2677353466756611,1281.5833178420369,343.12515389618176,2030,Valuable but Stable,Maintain relationship
1370-GGAWX,0.3036224402403779,1129.805243762511,343.0342251075486,2031,Valuable but Stable,Maintain relationship
2455-USLMV,0.3371306890013659,1017.0042892347451,342.863356747054,2032,Valuable but Stable,Maintain relationship
0585-EGDDA,0.3570453285634214,960.0207701975521,342.7709313228939,2033,Valuable but Stable,Maintain relationship
9003-CPATH,0.357067128720859,958.8027308244483,342.3569381052044,2034,Valuable but Stable,Maintain relationship
9734-UYXQI,0.5772696732269521,592.7824821351192,342.1953497568018,2035,Low Priority,No immediate intervention
0899-WZRSD,0.2706304309436256,1264.2039243607592,342.1320528503749,2036,Valuable but Stable,Maintain relationship
5018-GWURO,0.3328575483229257,1027.2180935374845,341.91729620783684,2037,Valuable but Stable,Maintain relationship
0100-DUVFC,0.2717849292446634,1257.5888968538686,341.793709350303,2038,Valuable but Stable,Maintain relationship
6987-XQSJT,0.3580305822616751,954.0084336218341,341.5641949721739,2039,Valuable but Stable,Maintain relationship
6985-HAYWX,0.3588597478637642,951.5983378704962,341.4903395957833,2040,Valuable but Stable,Maintain relationship
4143-HHPMK,0.3333251454827035,1024.2157192129118,341.3968536123156,2041,Valuable but Stable,Maintain relationship
0531-ZZJWQ,0.3833482947176163,888.011492548668,340.4176913581771,2042,Valuable but Stable,Maintain relationship
4558-FANTW,0.3087080733676514,1102.1972590237585,340.2571923043307,2043,Valuable but Stable,Maintain relationship
3685-YLCMQ,0.2708335759754872,1255.8049247532003,340.1141384985369,2044,Valuable but Stable,Maintain relationship
5575-TPIZQ,0.3174893891238554,1069.801789726775,339.650716703961,2045,Valuable but Stable,Maintain relationship
5804-HYIEZ,0.2668655940279904,1272.6078888192048,339.6152602144439,2046,Valuable but Stable,Maintain relationship
6578-KRMAW,0.3027571956507865,1120.7937439445252,339.32837081959013,2047,Valuable but Stable,Maintain relationship
0431-APWVY,0.3137380542698261,1081.1959389302629,339.2123101644184,2048,Valuable but Stable,Maintain relationship
5356-CSVSQ,0.4367269241726823,775.1716822767843,338.53834450650373,2049,Low Priority,No immediate intervention
5536-SLHPM,0.361398757101617,933.0378351446437,337.19871395005765,2050,Valuable but Stable,Maintain relationship
0178-SZBHO,0.3219679010387548,1046.4119747955174,336.9110671467311,2051,Valuable but Stable,Maintain relationship
7821-DPRQE,0.2602859969837938,1292.415370256571,336.39762316441056,2052,Valuable but Stable,Maintain relationship
2858-EIMXH,0.2924570041527464,1150.1948130328599,336.3825292116185,2053,Valuable but Stable,Maintain relationship
8903-XEBGX,0.5066548960921682,663.5741366919758,336.2030852751232,2054,Low Priority,No immediate intervention
8495-LJDFO,0.2566261286804475,1307.3800927246423,335.5078919098094,2055,Valuable but Stable,Maintain relationship
6353-BRMMA,0.2683647557909541,1249.1978615814564,335.2406790578896,2056,Valuable but Stable,Maintain relationship
3325-FUYCG,0.2630835007000804,1273.1659829343614,334.9489637626306,2057,Valuable but Stable,Maintain relationship
8623-TMRBY,0.3311833873047183,1010.405289229008,334.6294462374665,2058,Valuable but Stable,Maintain relationship
2782-LFZVW,0.4729059795570468,707.3839409605523,334.52609552287413,2059,Low Priority,No immediate intervention
3733-LSYCE,0.3694244505001132,904.1965073894149,334.03229788645615,2060,Valuable but Stable,Maintain relationship
2873-ZLIWT,0.3278907266864618,1018.2351030875001,333.86984788902475,2061,Valuable but Stable,Maintain relationship
7176-WIONM,0.5573551533704683,598.1806693810331,333.3990787261151,2062,Low Priority,No immediate intervention
9681-KYGYB,0.3149397525336203,1058.3898669467876,333.3290427803126,2063,Valuable but Stable,Maintain relationship
6927-WTFIV,0.3892197590766961,855.5808487718132,333.0089718296003,2064,Valuable but Stable,Maintain relationship
0929-PECLO,0.3092886535289222,1075.193083689432,332.54502113791415,2065,Valuable but Stable,Maintain relationship
3814-MLAXC,0.3468443865706738,958.227307483449,332.35576265936527,2066,Valuable but Stable,Maintain relationship
0924-BJCRC,0.3090527886679183,1073.4006216325376,331.7374554734128,2067,Valuable but Stable,Maintain relationship
4824-GUCBY,0.3379871964795491,980.3700143275915,331.35251265519804,2068,Valuable but Stable,Maintain relationship
1025-FALIX,0.3995462553507397,828.6253302982517,331.0741478094363,2069,Low Priority,No immediate intervention
0060-FUALY,0.2910677956997866,1137.016707022593,330.94894658689617,2070,Valuable but Stable,Maintain relationship
5370-IIVVL,0.2634842105454878,1253.9966141425446,330.40830790406307,2071,Valuable but Stable,Maintain relationship
2582-FFFZR,0.5438492075453779,607.1897358116249,330.21965665083957,2072,Low Priority,No immediate intervention
6629-CZTTH,0.4938515628230077,668.3738816371128,330.07748599656816,2073,Low Priority,No immediate intervention
4554-YGZIH,0.3053899403979351,1080.5889334010687,330.00098996602065,2074,Valuable but Stable,Maintain relationship
5934-TSSAU,0.3650097086743531,903.6275221160954,329.8328185977236,2075,Valuable but Stable,Maintain relationship
3995-WFCSM,0.4515715821895154,730.1649484170384,329.7217410160079,2076,Low Priority,No immediate intervention
2522-AHJXR,0.2506807643070423,1313.3959167662974,329.24309225272395,2077,Valuable but Stable,Maintain relationship
4937-QPZPO,0.2746352024319836,1198.8096259037154,329.2353242874774,2078,Valuable but Stable,Maintain relationship
8313-KTIHG,0.4473378117879843,735.5776534682554,329.0516979026296,2079,Low Priority,No immediate intervention
3518-PZXZQ,0.4957091170554593,663.5891119725536,328.94717278353085,2080,Low Priority,No immediate intervention
2931-FSOHN,0.4571972630419321,718.7554665107633,328.61303208514806,2081,Low Priority,No immediate intervention
2731-GJRDG,0.2499244989987552,1314.5731478854807,328.5440353824953,2082,Valuable but Stable,Maintain relationship
2172-EJXVF,0.2584596074459983,1270.7890521737459,328.4476395714986,2083,Valuable but Stable,Maintain relationship
4183-WCSEP,0.3487884262201309,941.4217026744881,328.3569940853107,2084,Valuable but Stable,Maintain relationship
6680-NENYN,0.261587348594323,1255.2303027721728,328.35236677742193,2085,Valuable but Stable,Maintain relationship
4462-CYWMH,0.304505947064819,1077.5920650221683,328.13319230910935,2086,Valuable but Stable,Maintain relationship
1217-VASWC,0.2714500293401604,1206.566619909029,327.52254437516405,2087,Valuable but Stable,Maintain relationship
1024-KPRBB,0.3058946427975474,1069.208846820396,327.06525827410263,2088,Valuable but Stable,Maintain relationship
3956-CJUST,0.3608112555716089,904.774000164901,326.4526430080451,2089,Valuable but Stable,Maintain relationship
6689-VRRTK,0.2477271244094283,1317.5649633978371,326.39657960515984,2090,Valuable but Stable,Maintain relationship
9688-YGXVR,0.3084143724862149,1057.8223326989976,326.24761094126535,2091,Valuable but Stable,Maintain relationship
2272-UOINI,0.3460592547806774,941.9670409802295,325.97641222957805,2092,Valuable but Stable,Maintain relationship
4662-EKDPQ,0.4375282331445128,744.541896640388,325.7581005391334,2093,Low Priority,No immediate intervention
6559-RAKOZ,0.2770190498894995,1175.415726720448,325.6125478412741,2094,Valuable but Stable,Maintain relationship
7248-VZQLC,0.3181486506317659,1022.3885247742999,325.2715295783453,2095,Valuable but Stable,Maintain relationship
6668-CNMFP,0.3031449272461939,1072.2007200543462,325.03220927419153,2096,Valuable but Stable,Maintain relationship
8149-AIQCG,0.3700915498928014,877.8204869437094,324.87394454065105,2097,Valuable but Stable,Maintain relationship
9584-EXCDZ,0.3839865338423865,845.9938593818605,324.8502497159839,2098,Valuable but Stable,Maintain relationship
6067-NGCEU,0.2436043954552441,1332.6026045397957,324.62785186100064,2099,Valuable but Stable,Maintain relationship
2189-UXTKY,0.3411556730778062,950.378198779627,324.22691408313676,2100,Valuable but Stable,Maintain relationship
4831-EOBFE,0.285222763226942,1135.78841573644,323.9527103774982,2101,Valuable but Stable,Maintain relationship
4074-SJFFA,0.4929922363506701,656.9831889535171,323.8876115669893,2102,Low Priority,No immediate intervention
2386-LAHRK,0.5044169226545678,641.9775958191595,323.8243632962784,2103,Low Priority,No immediate intervention
5336-UFNZP,0.2508800507479169,1289.3927295812202,323.48291343133167,2104,Valuable but Stable,Maintain relationship
5146-CBVOE,0.3588468565194345,901.1910088101636,323.38956063510517,2105,Valuable but Stable,Maintain relationship
6179-GJPSO,0.2491145825238982,1297.7822259524185,323.29647742507206,2106,Valuable but Stable,Maintain relationship
4581-LNWUM,0.5473769614732631,589.7774506871007,322.83058890255245,2107,Low Priority,No immediate intervention
9835-ZIITK,0.2426250499958886,1330.1916770387652,322.73782214564534,2108,Valuable but Stable,Maintain relationship
6815-ABQFQ,0.2507292918782233,1287.0072107571839,322.690406595316,2109,Valuable but Stable,Maintain relationship
7470-MCQTK,0.5511608456434615,584.9830980310289,322.4197789979138,2110,Low Priority,No immediate intervention
1396-QWFBJ,0.3626396688713205,888.6147672603973,322.24696495347604,2111,Valuable but Stable,Maintain relationship
4307-KTUMW,0.2859050953802499,1126.7962933902897,322.1568017358628,2112,Valuable but Stable,Maintain relationship
4720-VSTSI,0.3158479904686405,1017.6076810204197,321.40934113575287,2113,Valuable but Stable,Maintain relationship
9776-OJUZI,0.280155604766881,1145.3905112642867,320.88757137749326,2114,Valuable but Stable,Maintain relationship
4929-BSTRX,0.4986666840070641,642.58531469327,320.4358880697287,2115,Low Priority,No immediate intervention
9912-OMZDS,0.2515351853057883,1273.811271334986,320.40835417984744,2116,Valuable but Stable,Maintain relationship
1373-ORVIZ,0.4023363153865488,796.1928175700134,320.3372845583538,2117,Low Priority,No immediate intervention
6429-SHBCB,0.3834355937164814,835.1622240480732,320.23092322745,2118,Low Priority,No immediate intervention
9360-AHGNL,0.2434617030475186,1314.5813884643362,320.0502236300989,2119,Valuable but Stable,Maintain relationship
8445-DNBAE,0.5327640485377649,600.5766206084988,319.9656318525131,2120,Low Priority,No immediate intervention
3194-ORPIK,0.3156075590225558,1012.8195621079692,319.65350972719,2121,Valuable but Stable,Maintain relationship
5002-GCQFH,0.2838014636780726,1126.1935035088222,319.6153646805403,2122,Valuable but Stable,Maintain relationship
7449-HVPIV,0.294547038204474,1084.8241552832924,319.5317419113641,2123,Valuable but Stable,Maintain relationship
0471-ARVMX,0.2537260536851347,1258.1819720283384,319.2335465805308,2124,Valuable but Stable,Maintain relationship
4349-GFQHK,0.4893548887023292,652.1616195902036,319.13847677049483,2125,Low Priority,No immediate intervention
0749-IRGQE,0.5868572041149249,543.565642284877,318.9954130842363,2126,Low Priority,No immediate intervention
8267-ZNYVZ,0.2558198140891783,1244.9990306184955,318.4954205540307,2127,Valuable but Stable,Maintain relationship
4118-CEVPF,0.2394731157040727,1329.5577790897385,318.39334386720685,2128,Valuable but Stable,Maintain relationship
6986-IJDHX,0.3072440514801008,1035.6205120565496,318.1882419201509,2129,Valuable but Stable,Maintain relationship
6581-NQCBA,0.5304233635069512,599.40443688751,317.9381175148631,2130,Low Priority,No immediate intervention
3062-ICYZQ,0.2821771403251761,1125.616196146558,317.6231593323382,2131,Valuable but Stable,Maintain relationship
0406-BPDVR,0.260611581303759,1217.9916573237,317.4227318299156,2132,Valuable but Stable,Maintain relationship
4250-WAROZ,0.283043124244577,1118.9948388052287,316.7237951889888,2133,Valuable but Stable,Maintain relationship
9210-IAHGH,0.3729477880292473,848.9828270755434,316.6262674326408,2134,Valuable but Stable,Maintain relationship
3717-LNXKW,0.287624357378856,1100.375829940631,316.49489096189933,2135,Valuable but Stable,Maintain relationship
1658-XUHBX,0.2970037443214057,1065.016515394572,316.3138928363239,2136,Valuable but Stable,Maintain relationship
7404-JLKQG,0.4578588557372008,690.571091249081,316.1840896444943,2137,Low Priority,No immediate intervention
2382-BCKQJ,0.2626873653751135,1201.8111313995423,315.7005997858301,2138,Valuable but Stable,Maintain relationship
3776-EKTKM,0.7213374487226434,437.3676188068137,315.48964230400463,2139,High Risk - Lower Value,Automated retention campaign
2157-MXBJS,0.3487078425131731,903.5632977905095,315.07960814661635,2140,Valuable but Stable,Maintain relationship
5141-ZUVBH,0.2820331842961059,1115.97709956289,314.7425749912543,2141,Valuable but Stable,Maintain relationship
0106-GHRQR,0.3672074351507916,856.7541135132143,314.60648057807754,2142,Valuable but Stable,Maintain relationship
9774-NRNAU,0.3089730909444678,1017.5474546740081,314.394782253304,2143,Valuable but Stable,Maintain relationship
0512-FLFDW,0.2605133745896111,1205.9961323192351,314.1781221725031,2144,Valuable but Stable,Maintain relationship
4188-FRABG,0.2539964258164036,1236.6134136417807,314.0953871816341,2145,Valuable but Stable,Maintain relationship
1907-YLNYW,0.3920909312692683,800.3563468432952,313.8124653810571,2146,Low Priority,No immediate intervention
7596-LDUXP,0.3068311681349864,1021.7874125018827,313.51622536357786,2147,Valuable but Stable,Maintain relationship
0326-VDYXE,0.2673433946279537,1171.8234798457877,313.27926700671435,2148,Valuable but Stable,Maintain relationship
2479-BRAMR,0.3116644926449057,1004.9763258000032,313.21543670059947,2149,Valuable but Stable,Maintain relationship
5924-IFQTT,0.3584633842300802,873.5854297819984,313.1483895737442,2150,Valuable but Stable,Maintain relationship
2293-IJWPS,0.2587367309587543,1209.014256077864,312.8163963001168,2151,Valuable but Stable,Maintain relationship
2240-HSJQD,0.3184772775429336,982.2149285569395,312.8131364088411,2152,Valuable but Stable,Maintain relationship
0822-QGCXA,0.3107550601747033,1006.1583270766992,312.66879147599843,2153,Valuable but Stable,Maintain relationship
9842-EFSYY,0.4554807178713841,686.3764329374368,312.6312304043436,2154,Low Priority,No immediate intervention
6288-LBEAR,0.3291961869740746,949.2277298815361,312.48214924705854,2155,Valuable but Stable,Maintain relationship
3018-TFTSU,0.3187395575778363,980.3647445477818,312.4810249420685,2156,Valuable but Stable,Maintain relationship
2924-KHUVI,0.2589146037873292,1206.5935448140285,312.40468958787324,2157,Valuable but Stable,Maintain relationship
3584-WKTTW,0.2331639312112299,1338.5917168448302,312.11130698633013,2158,Valuable but Stable,Maintain relationship
2623-DRYAM,0.2554806975141357,1221.0169672323832,311.94626646512387,2159,Valuable but Stable,Maintain relationship
2003-CKLOR,0.2611887977924206,1194.0042652281982,311.8605385939756,2160,Valuable but Stable,Maintain relationship
5274-XHAKY,0.2748735131644665,1131.5987867188019,311.04653399804494,2161,Valuable but Stable,Maintain relationship
6402-EJMWF,0.4683438028744858,663.5765611044486,310.78197012603107,2162,Low Priority,No immediate intervention
4612-THJBS,0.2471152110785986,1256.97063724941,310.6165643434885,2163,Valuable but Stable,Maintain relationship
2267-FPIMA,0.2740365487741789,1132.8076709292482,310.4307045663669,2164,Valuable but Stable,Maintain relationship
1550-LOAHA,0.3071206987519765,1009.7998961482544,310.1304497047252,2165,Valuable but Stable,Maintain relationship
0212-ISBBF,0.5131270618742314,604.1913345497937,310.02692430740643,2166,Low Priority,No immediate intervention
6048-QBXKL,0.4568763045885852,678.5602555677583,310.01810200448335,2167,Low Priority,No immediate intervention
3415-TAILE,0.3928304385143346,788.3742519341321,309.69740310069557,2168,Low Priority,No immediate intervention
6202-DYYFX,0.3394004203841737,912.0074218980828,309.53570238569574,2169,Valuable but Stable,Maintain relationship
2626-URJFX,0.506266572026538,610.7838915762651,309.2194670373444,2170,Low Priority,No immediate intervention
6173-ITPWD,0.308860506977677,1000.2108071092364,308.92561696831024,2171,Valuable but Stable,Maintain relationship
9474-PHLYD,0.4321229198421035,713.3844860559909,308.2697870845732,2172,Low Priority,No immediate intervention
1047-NNCBF,0.3640157769128547,846.602605063154,308.1767050185107,2173,Valuable but Stable,Maintain relationship
7550-WIQVA,0.237078898624908,1298.989949873158,307.9631066407527,2174,Valuable but Stable,Maintain relationship
9578-VRMNM,0.3933956057588332,782.3812018345487,307.78532683002624,2175,Low Priority,No immediate intervention
5686-CMAWK,0.2955379108339576,1040.9851785203043,307.6505848690051,2176,Valuable but Stable,Maintain relationship
3509-GWQGF,0.366078923935609,839.985639200686,307.50103891995184,2177,Low Priority,No immediate intervention
5553-AOINX,0.2442737509461088,1258.7974614725422,307.4911775953377,2178,Valuable but Stable,Maintain relationship
7000-WCEVQ,0.4158459511709528,739.165298900108,307.3788967936771,2179,Low Priority,No immediate intervention
4351-QLCSU,0.465477208763564,659.982857274181,307.20697823578746,2180,Low Priority,No immediate intervention
0959-WHOKV,0.2585857497168003,1187.9829609017386,307.19546459556034,2181,Valuable but Stable,Maintain relationship
7895-VONWT,0.530161642012858,578.9955127414335,306.961211753075,2182,Low Priority,No immediate intervention
3503-TYDAY,0.3178168021573381,965.4181155217775,306.82609821989496,2183,Valuable but Stable,Maintain relationship
6608-QQLVK,0.5054730992826169,605.9755813576885,306.30435519845634,2184,Low Priority,No immediate intervention
2279-AXJJK,0.2668120383721829,1147.8262189835227,306.2538531840293,2185,Valuable but Stable,Maintain relationship
5201-USSQZ,0.2970702718162035,1030.8175855909567,306.22526034442814,2186,Valuable but Stable,Maintain relationship
9112-WSNPU,0.3615940928585077,846.5955007235171,306.12393210221427,2187,Valuable but Stable,Maintain relationship
2101-RANCD,0.3482155158119324,877.2347083492804,305.46673645597474,2188,Valuable but Stable,Maintain relationship
2408-TZMJL,0.230892330309327,1321.789413483486,305.19103785740066,2189,Valuable but Stable,Maintain relationship
1228-FZFRV,0.2400283701267593,1271.3893208001214,305.1695064682206,2190,Valuable but Stable,Maintain relationship
9445-ZUEQE,0.2984492431710683,1022.4236508672545,305.1415648015327,2191,Valuable but Stable,Maintain relationship
2000-MPKCA,0.2358010064077911,1292.9937656244456,304.8892312132439,2192,Valuable but Stable,Maintain relationship
2988-GBIVW,0.2796274783067266,1090.2044747507907,304.851128113273,2193,Valuable but Stable,Maintain relationship
4749-VFKVB,0.506606246960702,601.1854011681368,304.5642798133538,2194,Low Priority,No immediate intervention
2842-BCQGE,0.3363055817250607,904.2197178245541,304.0941382102569,2195,Valuable but Stable,Maintain relationship
0601-WZHJF,0.5467119145567106,556.1774224473367,304.0688234593999,2196,Low Priority,No immediate intervention
1215-FIGMP,0.2816059144381307,1078.8047509663168,303.7977983960695,2197,Valuable but Stable,Maintain relationship
0575-CUQOV,0.2581209812041776,1175.392354218912,303.3934277708738,2198,Valuable but Stable,Maintain relationship
9206-GVPEQ,0.4641927378463519,653.3833913450133,303.2958252917761,2199,Low Priority,No immediate intervention
0257-ZESQC,0.3356459039253139,902.3836203605484,302.8813659433136,2200,Valuable but Stable,Maintain relationship
7850-VWJUU,0.3364370143859036,899.9952005014391,302.7916982183469,2201,Valuable but Stable,Maintain relationship
1061-PNTHC,0.2296591904014577,1315.219135449834,302.052161847914,2202,Valuable but Stable,Maintain relationship
4791-QRGMF,0.2529197362575238,1193.9952267522362,301.9849578429179,2203,Valuable but Stable,Maintain relationship
8597-CWYHH,0.2666587739700354,1132.1882697548383,301.9079359160809,2204,Valuable but Stable,Maintain relationship
1251-KRREG,0.4624254727099635,652.7765915598484,301.86052392606166,2205,Low Priority,No immediate intervention
9572-MTILT,0.2355067699325428,1281.008899132239,301.68626808947613,2206,Valuable but Stable,Maintain relationship
3756-VNWDH,0.249488806975147,1208.9787944372042,301.62667708238956,2207,Valuable but Stable,Maintain relationship
3688-FTHLT,0.3984036728533273,756.5661016775333,301.4187136646531,2208,Low Priority,No immediate intervention
0277-BKSQP,0.4615816520961228,652.7864511331748,301.3142485800157,2209,Low Priority,No immediate intervention
5973-EJGDP,0.2872622964316629,1048.2257386362016,301.11573285941137,2210,Valuable but Stable,Maintain relationship
5371-VYLSX,0.3007736011902368,1000.795458077466,301.0128539807921,2211,Valuable but Stable,Maintain relationship
4238-HFHSN,0.3048393925677882,985.8077725511375,300.51304257309306,2212,Valuable but Stable,Maintain relationship
9819-FBNSV,0.3464593211487923,866.9913767693488,300.37724383736537,2213,Valuable but Stable,Maintain relationship
5060-TQUQN,0.2995383048470176,1002.6137365782424,300.321219070981,2214,Valuable but Stable,Maintain relationship
9776-CLUJA,0.3215728366089771,930.0069506774424,299.06497319541023,2215,Valuable but Stable,Maintain relationship
6647-ZEDXT,0.2256173814059115,1325.3856715669492,299.03004457185057,2216,Valuable but Stable,Maintain relationship
3413-DHLPB,0.2397948343010359,1245.0138783010668,298.5478966496944,2217,Valuable but Stable,Maintain relationship
0841-NULXI,0.6996460597985855,426.581595459273,298.45613244567454,2218,Low Priority,No immediate intervention
6284-KMNUF,0.253769214992554,1176.0053936381028,298.4339655705508,2219,Valuable but Stable,Maintain relationship
1360-JYXKQ,0.2509442542394092,1189.2042157140004,298.42396505071133,2220,Valuable but Stable,Maintain relationship
5802-ADBRC,0.2380287879649649,1252.799787731414,298.2024150364738,2221,Valuable but Stable,Maintain relationship
7124-UGSUR,0.2380072513006282,1252.7957563840894,298.17447441806854,2222,Valuable but Stable,Maintain relationship
3091-FYHKI,0.7000570099129436,425.3817543035025,297.79147898923236,2223,High Risk - Lower Value,Automated retention campaign
5378-IKEEG,0.6940028813125252,428.9892956760399,297.7198072514025,2224,Low Priority,No immediate intervention
8294-UIMBA,0.2627372827834076,1132.7953593961438,297.62757467739647,2225,Valuable but Stable,Maintain relationship
1100-DDVRV,0.4979770716766291,597.5922924388599,297.5872598452272,2226,Low Priority,No immediate intervention
6907-FLBER,0.4561923773771696,651.5629006399137,297.23802865368674,2227,Low Priority,No immediate intervention
9514-JDSKI,0.6156652637421706,482.3571224370164,296.9705250031002,2228,Low Priority,No immediate intervention
6538-POCHL,0.3132334039100617,948.0155701705718,296.9501440042662,2229,Valuable but Stable,Maintain relationship
6897-UUBNU,0.2759494140250842,1075.804809086341,296.8677066727434,2230,Valuable but Stable,Maintain relationship
4070-OKWVH,0.2614943909595703,1135.2016896334133,296.84887444696454,2231,Valuable but Stable,Maintain relationship
1260-TTRXI,0.4549116106186009,651.5649811460511,296.4044749958284,2232,Low Priority,No immediate intervention
6967-QIQRV,0.242260351390169,1222.7731649252457,296.2294566052591,2233,Valuable but Stable,Maintain relationship
4226-KKDON,0.3691778997564638,799.7770183822021,295.2599999198281,2234,Low Priority,No immediate intervention
7346-MEDWM,0.2954185828078048,999.0303847389487,295.1321404415162,2235,Valuable but Stable,Maintain relationship
3419-SNJJD,0.2335033572285397,1262.969656568639,294.907654886553,2236,Valuable but Stable,Maintain relationship
4067-HLYQI,0.3487224061029419,844.8133761362494,294.6053532341826,2237,Valuable but Stable,Maintain relationship
8364-TRMMK,0.484365825588843,607.7858902518207,294.390714513073,2238,Low Priority,No immediate intervention
5533-NHFRF,0.5525296407666762,532.7713143071812,294.37194290493676,2239,Low Priority,No immediate intervention
8755-IWJHN,0.2568096079682065,1144.191954710479,293.839487329574,2240,Valuable but Stable,Maintain relationship
3891-PUQOD,0.4133379193715429,710.3705386039189,293.62308040938615,2241,Low Priority,No immediate intervention
0260-ZDLGK,0.3353399088034317,874.7885154486207,293.35150099282987,2242,Valuable but Stable,Maintain relationship
4816-JBHOV,0.5462921001369687,536.3609747281129,293.00976331573236,2243,Low Priority,No immediate intervention
3865-QBWSJ,0.3034503656873439,965.3873946246717,292.9471579288088,2244,Valuable but Stable,Maintain relationship
3334-CTHOL,0.4884802814942435,599.3709059475027,292.78086885669586,2245,Low Priority,No immediate intervention
2761-XECQW,0.562484457592138,520.1737731785229,292.5896626599773,2246,Low Priority,No immediate intervention
4393-RYCRE,0.2297005282799935,1272.5785187615597,292.31195803730185,2247,Valuable but Stable,Maintain relationship
6227-HWPWX,0.3525457150396128,827.9985299389242,291.9073337890663,2248,Low Priority,No immediate intervention
6599-GZWCM,0.325825094223872,895.8081159980735,291.87676380158155,2249,Valuable but Stable,Maintain relationship
7621-VPNET,0.2830866166825245,1030.8357054578014,291.8157922135924,2250,Valuable but Stable,Maintain relationship
6243-OZGFH,0.5408197192747994,539.3954558753258,291.7156990245961,2251,Low Priority,No immediate intervention
2485-ITVKB,0.6925150914696329,421.19736697130077,291.6855331148989,2252,Low Priority,No immediate intervention
2115-BFTIW,0.3425816998503657,851.4055306813634,291.67595396282417,2253,Valuable but Stable,Maintain relationship
5568-DMXZS,0.3713522357802958,785.3867228091797,291.6551154673483,2254,Low Priority,No immediate intervention
2474-LCNUE,0.3298794535271075,883.7963092916946,291.5462435384187,2255,Valuable but Stable,Maintain relationship
2153-MREFK,0.2448389129460336,1190.4035898337766,291.4571209019579,2256,Valuable but Stable,Maintain relationship
9544-PYPSJ,0.2526708255644567,1153.2120220604584,291.38303366487247,2257,Valuable but Stable,Maintain relationship
7442-YGZFK,0.4874296460389381,597.5779252268366,291.27719657399996,2258,Low Priority,No immediate intervention
8878-HMWBV,0.4936122211117391,589.7790884817307,291.122165830724,2259,Low Priority,No immediate intervention
4628-WQCQQ,0.2848172645086052,1021.8023692220299,291.02695567023034,2260,Valuable but Stable,Maintain relationship
6338-AVWCY,0.6038353217900002,481.7845192654954,290.918510224121,2261,Low Priority,No immediate intervention
3754-DXMRT,0.5489295869522861,529.7618483713744,290.80195260957817,2262,Low Priority,No immediate intervention
0375-HVGXO,0.6983477086380905,416.3909635404484,290.7856752860788,2263,Low Priority,No immediate intervention
7203-OYKCT,0.2306713993071815,1259.404009220793,290.5084851000348,2264,Valuable but Stable,Maintain relationship
2985-JUUBZ,0.3245724196140868,894.5865773527445,290.35812996566466,2265,Valuable but Stable,Maintain relationship
4001-TSBTV,0.2641749417036336,1098.6321406293507,290.2310817044969,2266,Valuable but Stable,Maintain relationship
7384-GHBPI,0.6877114528005972,421.79017061643367,290.06993101163937,2267,Low Priority,No immediate intervention
0003-MKNFE,0.4035510609933828,718.764814822607,290.0583036263754,2268,Low Priority,No immediate intervention
1074-AMIOH,0.2232479770741864,1299.0130852314514,290.0020434708192,2269,Valuable but Stable,Maintain relationship
7112-OPOTK,0.353890562840232,819.0105580772426,289.8401073700479,2270,Low Priority,No immediate intervention
1935-IMVBB,0.268130607680137,1076.415234062284,288.61987082527713,2271,Valuable but Stable,Maintain relationship
2267-WTPYD,0.2558325128316913,1127.9998442567473,288.57903462996006,2272,Valuable but Stable,Maintain relationship
7129-ACFOG,0.4468840903897636,645.5734819139134,288.4965182448517,2273,Low Priority,No immediate intervention
0224-RLWWD,0.5425455970163783,531.5694084012555,288.40064203670215,2274,Low Priority,No immediate intervention
2684-EIWEO,0.2620453236755383,1100.3686847694419,288.34646816283475,2275,Valuable but Stable,Maintain relationship
7921-LMDFQ,0.2554320671761708,1127.9707604342104,288.1199030519877,2276,Valuable but Stable,Maintain relationship
2239-JALAW,0.2324933455603388,1238.9871493031915,288.05626744776595,2277,Valuable but Stable,Maintain relationship
2480-EJWYP,0.2454407994212624,1173.5856807048629,288.04580766154794,2278,Valuable but Stable,Maintain relationship
1849-RJYIG,0.3999710387256595,719.9710713131572,287.9675772455493,2279,Low Priority,No immediate intervention
7661-CPURM,0.2734709769428433,1052.3992844933136,287.80066046433575,2280,Valuable but Stable,Maintain relationship
4201-JMNGR,0.4293895538822418,669.5503407846048,287.49792213120446,2281,Low Priority,No immediate intervention
0419-YAAPX,0.2805308975631582,1023.6251093352391,287.15847069000057,2282,Valuable but Stable,Maintain relationship
0822-GAVAP,0.689105352911149,416.3914252949207,286.9375600770327,2283,Low Priority,No immediate intervention
4317-VTEOA,0.4707659174541863,608.9763858747104,286.68532700424265,2284,Low Priority,No immediate intervention
1596-BBVTG,0.3169525230528769,904.2058108221767,286.5903130991612,2285,Valuable but Stable,Maintain relationship
7103-IPXPJ,0.2400879622239695,1192.8019981274308,286.37740106709396,2286,Valuable but Stable,Maintain relationship
4832-VRBMR,0.2311323371849559,1237.7780897854072,286.0905428084314,2287,Valuable but Stable,Maintain relationship
6769-DYBQN,0.2803950779204121,1019.9739731408037,285.99568167560795,2288,Valuable but Stable,Maintain relationship
7881-EVUAD,0.5591097873992833,511.1799590615956,285.80571823370303,2289,Low Priority,No immediate intervention
8387-MOJJT,0.3054851312373597,935.4383261322557,285.7624998229682,2290,Valuable but Stable,Maintain relationship
4468-KAZHE,0.3966843639884672,719.9742329513655,285.60252068639693,2291,Low Priority,No immediate intervention
1335-HQMKX,0.2345011108127304,1216.2241029625732,285.20590314194,2292,Valuable but Stable,Maintain relationship
1698-XFZCI,0.2205452623073368,1292.9880114186387,285.1623801385654,2293,Valuable but Stable,Maintain relationship
3164-AALRN,0.3390421635419555,839.9590787436455,284.78154334395333,2294,Low Priority,No immediate intervention
9522-BNTHX,0.4213585093712873,674.9735101410449,284.40583209813616,2295,Low Priority,No immediate intervention
8679-LZBMD,0.2609883628646497,1087.7945181857717,283.90171043444496,2296,Valuable but Stable,Maintain relationship
5136-GFPMB,0.2645082083554984,1072.8061589846511,283.766035025774,2297,Valuable but Stable,Maintain relationship
1271-SJBGZ,0.5415076304836625,523.7747108286701,283.6280025680986,2298,Low Priority,No immediate intervention
2475-MROZF,0.2484829565701815,1139.999781382528,283.2705161672911,2299,Valuable but Stable,Maintain relationship
3748-FVMZZ,0.5883501143827504,480.5916072740341,282.7561271110678,2300,Low Priority,No immediate intervention
8623-ULFNQ,0.3565821602465982,792.5727219213062,282.6172933352257,2301,Low Priority,No immediate intervention
0867-LDTTC,0.313345054397084,901.7475775012015,282.5581437245527,2302,Valuable but Stable,Maintain relationship
8601-QACRS,0.4649961101274451,607.1873324008809,282.3397476850696,2303,Low Priority,No immediate intervention
7890-VYYWG,0.6453009408585021,437.3724725969276,282.2368680724068,2304,Low Priority,No immediate intervention
2135-RXIHG,0.5151522989450426,547.7793493040815,282.1897911086171,2305,Low Priority,No immediate intervention
2082-CEFLT,0.5153966147858332,547.1794287261962,282.0144252459276,2306,Low Priority,No immediate intervention
6818-WOBHJ,0.2622745417207514,1075.2042691876886,281.99870695739645,2307,Valuable but Stable,Maintain relationship
6218-KNUBD,0.3951528648846681,713.3635206305114,281.88763888135963,2308,Low Priority,No immediate intervention
1422-DGUBX,0.2963853919264286,951.01840943876,281.86796401075566,2309,Valuable but Stable,Maintain relationship
8705-DWKTI,0.2801538639317674,1005.6215377992046,281.728759467453,2310,Valuable but Stable,Maintain relationship
7916-VCCPB,0.3202908356767104,879.0041751022733,281.5369818068246,2311,Valuable but Stable,Maintain relationship
3923-CSIHK,0.330021718481679,852.6199601023545,281.3831044447596,2312,Valuable but Stable,Maintain relationship
0058-EVZWM,0.2608762924649442,1077.6066855508466,281.1220368619418,2313,Valuable but Stable,Maintain relationship
7147-AYBAA,0.3329194199104119,844.223116203008,281.05827012126565,2314,Valuable but Stable,Maintain relationship
5173-WXOQV,0.3645852647130998,770.3878916353783,280.87207340365126,2315,Low Priority,No immediate intervention
5076-YVXCM,0.2803597183169748,1000.7951302400486,280.5826408071001,2316,Valuable but Stable,Maintain relationship
4080-IIARD,0.306812887099701,914.376185589593,280.54239739595505,2317,Valuable but Stable,Maintain relationship
4257-GAESD,0.5191334883577063,539.9798953079116,280.32164669422525,2318,Low Priority,No immediate intervention
8356-WUAOJ,0.518423228915816,539.9947571410952,279.9458255946985,2319,Low Priority,No immediate intervention
6300-BWMJX,0.2498204571969508,1120.2284439998098,279.8559820450613,2320,Valuable but Stable,Maintain relationship
6641-XRPSU,0.3331068539139636,840.0292721858547,279.8195080534667,2321,Low Priority,No immediate intervention
9154-QDGTH,0.2235663744556295,1251.6100460581108,279.8179202294553,2322,Valuable but Stable,Maintain relationship
9825-YCXWZ,0.2304961247762449,1213.175582870087,279.6322705247172,2323,Valuable but Stable,Maintain relationship
5172-MIGPM,0.3553254826150604,786.5675490209484,279.4874939652137,2324,Low Priority,No immediate intervention
7339-POGZN,0.4591496307991491,608.3733237924874,279.3343870073718,2325,Low Priority,No immediate intervention
6128-CZOMY,0.5096499289060983,547.7871476003066,279.17968083017064,2326,Low Priority,No immediate intervention
8705-WZCYL,0.5193045882039115,537.5806994800312,279.16812376984825,2327,Low Priority,No immediate intervention
4373-VVHQL,0.5195487631025139,536.9807789021459,278.9876994884344,2328,Low Priority,No immediate intervention
7693-QPEFS,0.3185644986553193,875.3945180884783,278.8696157804709,2329,Valuable but Stable,Maintain relationship
0541-FITGH,0.3738365898056269,745.7746377317821,278.79784733317626,2330,Low Priority,No immediate intervention
4016-BJKTZ,0.2132324439685764,1306.8178675478698,278.65596771903563,2331,Valuable but Stable,Maintain relationship
4567-AKPIA,0.2126243024182315,1309.1994154214926,278.36761243035136,2332,Valuable but Stable,Maintain relationship
6917-YACBP,0.2584390809030575,1076.9954397388872,278.3377115829023,2333,Valuable but Stable,Maintain relationship
1480-IVEVR,0.2841469473192896,979.1749548333521,278.22957430740024,2334,Valuable but Stable,Maintain relationship
5077-DXTCG,0.5113609799817693,543.5877035551094,277.96954079598027,2335,Low Priority,No immediate intervention
4680-KUTAJ,0.4160962566853708,667.1541459390007,277.6003427573438,2336,Low Priority,No immediate intervention
9752-ZNQUT,0.4757611331950262,583.1875993218672,277.45799311865846,2337,Low Priority,No immediate intervention
2190-BCXEC,0.2928572052785019,946.2416052502952,277.1136720318448,2338,Valuable but Stable,Maintain relationship
7133-VBDCG,0.2889591433100005,958.1939969095868,276.87891647177946,2339,Valuable but Stable,Maintain relationship
7722-CVFXN,0.2192549507793725,1262.4127549575092,276.7902464514607,2340,Valuable but Stable,Maintain relationship
9948-YPTDG,0.2902509309514475,953.412289949605,276.72880473842423,2341,Valuable but Stable,Maintain relationship
8868-GAGIO,0.2727257487272856,1014.613078946658,276.71111162422386,2342,Valuable but Stable,Maintain relationship
9614-RMGHA,0.2508391591388102,1102.2116373745052,276.47784031203213,2343,Valuable but Stable,Maintain relationship
6135-OZQVA,0.4294628922873348,643.775082907203,276.47750908784616,2344,Low Priority,No immediate intervention
8547-NSBBO,0.2378716740910291,1161.000562603641,276.1691474471547,2345,Valuable but Stable,Maintain relationship
1465-LNTLJ,0.3571146829642668,772.7697413627772,275.9674211911466,2346,Low Priority,No immediate intervention
9254-RBFON,0.2330017387114468,1183.1855377913666,275.68428752362667,2347,Valuable but Stable,Maintain relationship
0843-WTBXE,0.2686187585731616,1025.3934562692923,275.43991727210073,2348,Valuable but Stable,Maintain relationship
2962-XPMCQ,0.5079953056139026,541.7808248887011,275.22211571508797,2349,Low Priority,No immediate intervention
3452-SRFEG,0.3074297822300805,895.2104180278958,275.21434386441535,2350,Valuable but Stable,Maintain relationship
9588-OZDMQ,0.5083366485146584,539.995438504568,274.49947142261544,2351,Low Priority,No immediate intervention
1470-PSXNM,0.244159884735627,1123.8107310607177,274.38949856044553,2352,Valuable but Stable,Maintain relationship
5325-UWTWJ,0.2524899434391806,1086.6101723687739,274.35814096183,2353,Valuable but Stable,Maintain relationship
8773-HHUOZ,0.3531062950165525,776.387939869815,274.14746894296434,2354,Low Priority,No immediate intervention
4855-SNKMY,0.5172251739900489,529.189609685862,273.710187943496,2355,Low Priority,No immediate intervention
5443-SCMKX,0.2415147926140992,1131.6197589111375,273.3029113914403,2356,Valuable but Stable,Maintain relationship
1101-SSWAG,0.4453751089420099,613.1952165616633,273.1018863788701,2357,Low Priority,No immediate intervention
2100-BDNSN,0.3345287636557651,815.368215593193,272.7641210865982,2358,Low Priority,No immediate intervention
5174-ITUMV,0.2156062599711961,1264.8101152782633,272.70097852888375,2359,Valuable but Stable,Maintain relationship
6519-CFDBX,0.5002579072641937,544.7882260743529,272.53461787812824,2360,Low Priority,No immediate intervention
8728-SKJLR,0.3057093813095516,891.0300501405223,272.3962453566778,2361,Valuable but Stable,Maintain relationship
0461-CVKMU,0.2706957709061376,1005.6212594746621,272.2174220730947,2362,Valuable but Stable,Maintain relationship
6959-UWKHF,0.5285756902483268,514.7837175203892,272.10215881693944,2363,Low Priority,No immediate intervention
0853-NWIFK,0.2260064191415248,1203.592195965715,272.01956231689564,2364,Valuable but Stable,Maintain relationship
2257-BOVXD,0.3399982985484151,799.1877933703978,271.7224899665976,2365,Low Priority,No immediate intervention
1703-MGIAB,0.3280754781375027,827.9913366187335,271.64365365490096,2366,Low Priority,No immediate intervention
9058-CBREO,0.4478069779053584,606.5556653148885,271.6198594160343,2367,Low Priority,No immediate intervention
5897-ZYEKH,0.214320706155244,1267.1853891415772,271.5840674304305,2368,Valuable but Stable,Maintain relationship
7549-MYGPK,0.2247805449057679,1206.6178061304804,271.2242079550116,2369,Valuable but Stable,Maintain relationship
9419-IPPBE,0.250255776068596,1081.820094396589,270.7317272898201,2370,Valuable but Stable,Maintain relationship
8064-RAVOH,0.4520003479721819,598.1802644657481,270.37768768860997,2371,Low Priority,No immediate intervention
1589-AGTLK,0.4968131056079418,544.1811885637152,270.3563463037603,2372,Low Priority,No immediate intervention
3842-QTGDL,0.2789690537221675,968.9767577027447,270.3145291751087,2373,Valuable but Stable,Maintain relationship
6599-CEBNN,0.3045589848391851,887.4281354651215,270.27421205498825,2374,Valuable but Stable,Maintain relationship
6704-UTUKK,0.4905567662647251,550.7968137930555,270.19710384323525,2375,Low Priority,No immediate intervention
0096-BXERS,0.4469984890356228,604.1818195275334,270.06836043160075,2376,Low Priority,No immediate intervention
5424-RLQLC,0.376622781729078,715.7790967966349,269.57871453907563,2377,Low Priority,No immediate intervention
9481-IEBZY,0.1989177423109154,1354.7977649779787,269.4933126972937,2378,Valuable but Stable,Maintain relationship
0430-IHCDJ,0.4577127517107501,587.9841769409575,269.12785559002623,2379,Low Priority,No immediate intervention
2408-WITXK,0.6452688448688845,416.3763112430822,268.6746613865908,2380,Low Priority,No immediate intervention
7851-FLGGQ,0.5010084363727001,535.7921062814878,268.4363653889238,2381,Low Priority,No immediate intervention
4727-MCYZG,0.4025819798658218,666.5656638088615,268.3473246467472,2382,Low Priority,No immediate intervention
5669-SRAIP,0.5661450221664367,473.98132476646526,268.3421676163875,2383,Low Priority,No immediate intervention
2722-JMONI,0.4512025019211194,594.5629096035066,268.2682723626025,2384,Low Priority,No immediate intervention
5287-QWLKY,0.2122542465831034,1261.1940723715688,267.6937976263033,2385,Valuable but Stable,Maintain relationship
2232-DMLXU,0.4041349260832498,662.3808147221877,267.6912215967141,2386,Low Priority,No immediate intervention
5515-RUGKN,0.4067626110932121,656.9800060238382,267.23490268629064,2387,Low Priority,No immediate intervention
4883-QICIH,0.3192450869372848,837.0161566379086,267.2132956937811,2388,Low Priority,No immediate intervention
1169-SAOCL,0.2087783443750834,1279.7867960440708,267.19176843117367,2389,Valuable but Stable,Maintain relationship
8096-LOIST,0.3961346951420861,674.3884379486049,267.14865827411825,2390,Low Priority,No immediate intervention
5949-HGVJL,0.3047508663024601,876.5992761155419,267.1443887963208,2391,Valuable but Stable,Maintain relationship
2831-EBWRN,0.484768114031301,550.7809962839264,267.00106481283996,2392,Low Priority,No immediate intervention
9667-TKTVZ,0.4086297515293589,652.1944473665259,266.506054976211,2393,Low Priority,No immediate intervention
9833-TGFHX,0.2286261335652999,1165.1846803772967,266.3916683641811,2394,Valuable but Stable,Maintain relationship
0224-HJAPT,0.4700197231197062,565.7718458298779,265.9239263258843,2395,Low Priority,No immediate intervention
2995-UPRYS,0.2230855078217643,1190.4002775370807,265.56105042552883,2396,Valuable but Stable,Maintain relationship
3466-WAESX,0.3201382474684124,829.1634475676774,265.4469329691831,2397,Low Priority,No immediate intervention
7905-TVXTA,0.3435876458178932,772.1772332134259,265.3105577139753,2398,Low Priority,No immediate intervention
6896-SRVYQ,0.299271126462795,886.1925288377091,265.21183636817415,2399,Valuable but Stable,Maintain relationship
0643-OKLRP,0.2749400328512182,964.1912420684188,265.09477176914794,2400,Valuable but Stable,Maintain relationship
5404-GGUKR,0.4297022461073447,616.1781582632252,264.7731386079948,2401,Low Priority,No immediate intervention
7854-FOKSF,0.6143673738779041,430.77258340987487,264.6526208081252,2402,Low Priority,No immediate intervention
4685-ERGHK,0.2536949053670309,1042.8076026550575,264.55497607159515,2403,Valuable but Stable,Maintain relationship
8614-VGMMV,0.447848174577779,589.1918163929531,263.86847944774996,2404,Low Priority,No immediate intervention
5896-NPFWW,0.4377391147826323,601.7877277133031,263.42602721627304,2405,Low Priority,No immediate intervention
7587-RZNME,0.5059429744479313,519.5844448704173,262.8800995146161,2406,Low Priority,No immediate intervention
5828-DWPIL,0.2458536792257434,1069.1972950738689,262.86608881212345,2407,Valuable but Stable,Maintain relationship
2519-ERQOJ,0.4008042794309588,655.1776294994694,262.59799769081854,2408,Low Priority,No immediate intervention
2673-CXQEU,0.1977834526063209,1325.9590136269762,262.25275172961506,2409,Valuable but Stable,Maintain relationship
0295-QVKPB,0.34157115264123,767.3826195867144,262.1157658890806,2410,Low Priority,No immediate intervention
7398-LXGYX,0.2573591602494465,1017.6118462948486,261.8917302223311,2411,Valuable but Stable,Maintain relationship
8257-RZAHR,0.3369066394790239,776.3648595175698,261.5624758296689,2412,Low Priority,No immediate intervention
0067-DKWBL,0.4424163890269528,590.9496921501448,261.44582889765644,2413,Low Priority,No immediate intervention
9269-CQOOL,0.3982780504070056,656.3805488581581,261.4219653243075,2414,Low Priority,No immediate intervention
6360-SVNWV,0.296027460638335,882.5969690001416,261.2729395002032,2415,Valuable but Stable,Maintain relationship
0463-ZSDNT,0.3836583657929235,680.963612556981,261.2573867580569,2416,Low Priority,No immediate intervention
6733-LRIZX,0.1995229689679663,1307.4160667669942,260.85953531777153,2417,Valuable but Stable,Maintain relationship
6777-TGHTM,0.2030693599715232,1283.3910500629224,260.61739912945876,2418,Valuable but Stable,Maintain relationship
7993-NQLJE,0.2891375352932993,901.1982975194513,260.57025455529157,2419,Valuable but Stable,Maintain relationship
6127-IYJOZ,0.473424324201365,550.1631789620982,260.460631200606,2420,Low Priority,No immediate intervention
5898-IGSLP,0.2427953611760694,1071.6015926916862,260.1798957344291,2421,Valuable but Stable,Maintain relationship
1740-CSDJP,0.6146773351637959,422.9720508110789,259.9913330413196,2422,Low Priority,No immediate intervention
3841-CONLJ,0.6186205625507795,419.988388357462,259.8134530704884,2423,Low Priority,No immediate intervention
4851-BQDNX,0.2544140380221523,1020.6125119369206,259.65815041780405,2424,Valuable but Stable,Maintain relationship
0013-MHZWF,0.3113614652139414,832.7899848201541,259.2987098890992,2425,Low Priority,No immediate intervention
4350-ZTLPI,0.198036921462445,1307.4041794289412,258.9142988012416,2426,Valuable but Stable,Maintain relationship
3858-XHYJO,0.2040285274129601,1268.9676401180163,258.905598947978,2427,Valuable but Stable,Maintain relationship
0898-XCGTF,0.2233696775885013,1157.9974188073313,258.6615100873103,2428,Valuable but Stable,Maintain relationship
3763-GCZHZ,0.2071270870620338,1248.6191074072515,258.6228385672607,2429,Valuable but Stable,Maintain relationship
3144-KMTWZ,0.2309770620451003,1119.017218125862,258.46730942059276,2430,Valuable but Stable,Maintain relationship
7409-JURKQ,0.1924385527339419,1341.599652368404,258.1754954501352,2431,Valuable but Stable,Maintain relationship
7251-XFOIL,0.2411017250585977,1070.4191986914075,258.07991534034016,2432,Valuable but Stable,Maintain relationship
6859-RKMZJ,0.3904295231717558,660.5737909346512,257.90751021437495,2433,Low Priority,No immediate intervention
1660-HSOOQ,0.4327855022278838,595.7816438397342,257.84565794733356,2434,Low Priority,No immediate intervention
9530-EHPOH,0.3988169164635432,644.9693862903074,257.2247018536843,2435,Low Priority,No immediate intervention
5131-PONJI,0.2370015873785632,1084.8245948988415,257.1051510183322,2436,Valuable but Stable,Maintain relationship
0603-OLQDC,0.3063843185129044,838.1644991128817,256.8004588624101,2437,Low Priority,No immediate intervention
2379-GYFLQ,0.2254747518050914,1138.8010318718989,256.7708800166984,2438,Valuable but Stable,Maintain relationship
3870-MQAMG,0.19376226561866,1324.2042020594895,256.5808063327965,2439,Valuable but Stable,Maintain relationship
4678-DVQEO,0.4094724806409235,626.3918590179474,256.4902283653585,2440,Low Priority,No immediate intervention
8280-MQRQN,0.4235616360974127,605.3881713821244,256.4192043446335,2441,Low Priority,No immediate intervention
0856-NAOES,0.3505718295325661,730.764728067686,256.18552767655683,2442,Low Priority,No immediate intervention
9261-WDCAF,0.3899156477110213,655.7684561338715,255.69438232189495,2443,Low Priority,No immediate intervention
0734-OXWBT,0.3012841635621024,848.3677314512781,255.59976236337667,2444,Valuable but Stable,Maintain relationship
9767-FFLEM,0.306419010814172,834.0249935646675,255.5611135223816,2445,Low Priority,No immediate intervention
8806-EAGWC,0.3857687937467048,661.767881521725,255.28939739494814,2446,Low Priority,No immediate intervention
0516-OOHAR,0.2119889649850844,1204.17247663099,255.27127698452932,2447,Valuable but Stable,Maintain relationship
2669-QVCRG,0.2614763325415706,975.6126469966543,255.09961691785912,2448,Valuable but Stable,Maintain relationship
5067-XJQFU,0.1958738974393461,1301.399139920839,254.91012166050763,2449,Valuable but Stable,Maintain relationship
0319-QZTCO,0.3613427739451623,704.393708064833,254.5275764216656,2450,Low Priority,No immediate intervention
8920-NAVAY,0.1914562420744018,1328.9725121949239,254.44008300501721,2451,Valuable but Stable,Maintain relationship
0877-SDMBN,0.2038441513502523,1247.3819174440614,254.27150837103517,2452,Valuable but Stable,Maintain relationship
1928-BXYIV,0.346125012958869,733.7479646446699,253.96852377118012,2453,Low Priority,No immediate intervention
6050-IJRHS,0.1987098045439739,1278.0182103783836,253.95474878792794,2454,Valuable but Stable,Maintain relationship
0191-ZHSKZ,0.2828447359270752,896.945190028194,253.69622541458483,2455,Valuable but Stable,Maintain relationship
9637-EIHEQ,0.4161113013687141,609.5940828371586,253.65898711603776,2456,Low Priority,No immediate intervention
2103-ZRXFN,0.4164595651185455,608.9681142898253,253.61059604820133,2457,Low Priority,No immediate intervention
3716-UVSPD,0.4286431867192928,591.5886672043741,253.5804515375021,2458,Low Priority,No immediate intervention
0215-BQKGS,0.2504664122999883,1011.6010521704651,253.37208621602966,2459,Valuable but Stable,Maintain relationship
6038-GCYEC,0.3895648002062586,649.7951553230876,253.1373198584334,2460,Low Priority,No immediate intervention
6270-OMFIW,0.2234284576014191,1132.8146221499437,253.1030237752963,2461,Valuable but Stable,Maintain relationship
1091-SOZGA,0.2113277470339912,1197.6187343551387,253.09006893697148,2462,Valuable but Stable,Maintain relationship
4522-AKYLR,0.3848176991162684,657.5692983804303,253.04430441225614,2463,Low Priority,No immediate intervention
6185-TASNN,0.4553078852464242,555.5492957623746,252.94597500370705,2464,Low Priority,No immediate intervention
2853-CWQFQ,0.3534917562912192,714.5865324695153,252.6004483847013,2465,Low Priority,No immediate intervention
9821-BESNZ,0.2017546289926796,1251.012212665495,252.39750483163814,2466,Valuable but Stable,Maintain relationship
1310-QRITU,0.4178333564129812,603.5919543526188,252.20085219102566,2467,Low Priority,No immediate intervention
1976-CFOCS,0.4568586520106998,551.9641476445855,252.16959645114022,2468,Low Priority,No immediate intervention
1110-KYLGQ,0.1940715401987891,1298.9972333566775,252.09839379149628,2469,Valuable but Stable,Maintain relationship
8108-UXRQN,0.4150789124906516,606.5761006505468,251.77694820084898,2470,Low Priority,No immediate intervention
1536-HBSWP,0.4203954044326847,598.795512435223,251.73088162268226,2471,Low Priority,No immediate intervention
1984-FCOWB,0.1915157252227357,1314.0249101455986,251.65643362727442,2472,Valuable but Stable,Maintain relationship
3886-CERTZ,0.1919237085237107,1311.0266699831175,251.6171004766509,2473,Valuable but Stable,Maintain relationship
6614-VBEGU,0.3018089279293597,833.378494885307,251.52107010071788,2474,Low Priority,No immediate intervention
4080-OGPJL,0.294417778427362,853.7604100225922,251.36224322808528,2475,Valuable but Stable,Maintain relationship
9828-AOQLM,0.4583046949584123,548.3972958520582,251.3330553914957,2476,Low Priority,No immediate intervention
9323-HGFWY,0.2055359053723477,1222.7985031855037,251.32899744018408,2477,Valuable but Stable,Maintain relationship
1871-MOWRM,0.2589715714009103,970.183851492962,251.2500365689198,2478,Valuable but Stable,Maintain relationship
7459-RRWQZ,0.32385109581618,775.7588236408592,251.23034512516296,2479,Low Priority,No immediate intervention
9332-GYWLO,0.3812774028873865,658.1837158088268,250.95057778635916,2480,Low Priority,No immediate intervention
7356-IWLFW,0.2613491122753603,960.0151616492846,250.89911026792703,2481,Valuable but Stable,Maintain relationship
1406-PUQVY,0.4188144413125403,598.7813866712287,250.7782919270588,2482,Low Priority,No immediate intervention
7856-GANIL,0.2117304813059536,1184.3808629268365,250.76953015705973,2483,Valuable but Stable,Maintain relationship
6627-CFOSN,0.2096138455230925,1193.3963594993638,250.15240014792062,2484,Valuable but Stable,Maintain relationship
0880-FVFWF,0.2411158386221633,1036.8075475948167,249.9907213281127,2485,Valuable but Stable,Maintain relationship
4706-DGAHW,0.4606498026853835,542.3510430488978,249.83390096668674,2486,Low Priority,No immediate intervention
1205-WNWPJ,0.349632922166422,713.9950673571236,249.63618181248245,2487,Low Priority,No immediate intervention
8080-DDEMJ,0.4611358987868569,541.1512018931272,249.5442458645751,2488,Low Priority,No immediate intervention
2277-VWCNI,0.4264951302755058,584.9605686014356,249.48283391170324,2489,Low Priority,No immediate intervention
8979-CAMGB,0.2035946875949724,1225.18404240767,249.440962360335,2490,Valuable but Stable,Maintain relationship
1564-HJUVY,0.3257277815328262,764.9688782300806,249.17161564753883,2491,Low Priority,No immediate intervention
7730-IUTDZ,0.2758607257108427,902.4107329670926,248.93967968555563,2492,Valuable but Stable,Maintain relationship
3404-JNXAX,0.2565588345392968,969.0451747003731,248.61710063705698,2493,Valuable but Stable,Maintain relationship
5087-SUURX,0.5292195477912852,468.60615004753674,247.99553482037254,2494,Low Priority,No immediate intervention
9026-RNUJS,0.4104646874945941,604.1495240237077,247.98204557839895,2495,Low Priority,No immediate intervention
6128-AQBMT,0.382490712383866,647.3807118597023,247.61710966279182,2496,Low Priority,No immediate intervention
0887-WBJVH,0.2207257618995482,1121.4291380103762,247.52830090369386,2497,Valuable but Stable,Maintain relationship
4361-JEIVL,0.4645299067746596,532.7849854775172,247.49455963480946,2498,Low Priority,No immediate intervention
8910-LEDAG,0.288020192086586,858.596567803156,247.29314838354847,2499,Valuable but Stable,Maintain relationship
7694-VLBWQ,0.197827935117258,1249.2000735380811,247.12667109636544,2500,Valuable but Stable,Maintain relationship
5047-LHVLY,0.4105774387322368,601.7639352795353,247.0706952685031,2501,Low Priority,No immediate intervention
2272-JKMSI,0.1857290985892268,1329.621044883403,246.9493181314603,2502,Valuable but Stable,Maintain relationship
9391-YZEJW,0.2187997323535351,1128.003292519466,246.8068184971655,2503,Valuable but Stable,Maintain relationship
1113-IUJYX,0.1940454937396226,1271.3800479785627,246.70556914070528,2504,Valuable but Stable,Maintain relationship
8652-YHIYU,0.2585141739399187,954.0165405044515,246.62679789352728,2505,Valuable but Stable,Maintain relationship
9518-RWHZL,0.2052617785146564,1200.6135604784813,246.44007473262707,2506,Valuable but Stable,Maintain relationship
3351-NGXYI,0.3794559027314181,649.1599354198052,246.32756931179125,2507,Low Priority,No immediate intervention
1485-YDHMM,0.2201129568394206,1119.0191025563813,246.31060342347993,2508,Valuable but Stable,Maintain relationship
8647-SDTWQ,0.276241827465695,891.6365943231144,246.30732225110563,2509,Valuable but Stable,Maintain relationship
8720-RQSBJ,0.4664876335493389,527.9529491796503,246.28352188820946,2510,Low Priority,No immediate intervention
4123-FCVCB,0.2703408738692368,910.1741437426357,246.05727339256845,2511,Valuable but Stable,Maintain relationship
5204-QZXPU,0.5171513034057628,475.7915029961105,246.05619592382544,2512,Low Priority,No immediate intervention
9761-XUJWD,0.3125677971240153,787.1664013663094,246.0428680451058,2513,Low Priority,No immediate intervention
7729-JTEEC,0.4596218525595201,533.9920850500582,245.43443138282856,2514,Low Priority,No immediate intervention
1135-HIORI,0.1831303961053321,1337.4213751228579,244.92250618598692,2515,Valuable but Stable,Maintain relationship
4789-KWMXN,0.1840652832729792,1330.1946614288777,244.84265716411102,2516,Valuable but Stable,Maintain relationship
5527-ACHSO,0.2891866069192472,845.9776477231756,244.64540547459134,2517,Valuable but Stable,Maintain relationship
0274-JKUJR,0.3460314154897906,706.1661787605474,244.35568240752872,2518,Low Priority,No immediate intervention
8812-ZRHFP,0.2355173181973398,1037.402597075611,244.3262775542034,2519,Valuable but Stable,Maintain relationship
0774-IFUVM,0.3123868013525236,781.7579529524629,244.21086635471653,2520,Low Priority,No immediate intervention
1853-ARAAQ,0.4040491435755233,604.1974165044223,244.12544868915558,2521,Low Priority,No immediate intervention
3522-CDKHF,0.2694237293725695,906.0071156048446,244.0998159243419,2522,Valuable but Stable,Maintain relationship
3050-GBUSH,0.5843741746862243,417.5967255514973,244.03274184582594,2523,Low Priority,No immediate intervention
6633-SYEUS,0.244357956454332,998.40196368529,243.96746356612965,2524,Valuable but Stable,Maintain relationship
8066-POXGX,0.5791509933663525,421.1982849162035,243.93740511342318,2525,Low Priority,No immediate intervention
5945-AZYHT,0.1854657668353179,1315.1984634884204,243.92429157151176,2526,Valuable but Stable,Maintain relationship
3162-ZJZFU,0.2195359347800718,1110.6305267894008,243.8233108939947,2527,Valuable but Stable,Maintain relationship
7402-PWYJJ,0.2220328360256196,1093.827397776605,242.86559925086314,2528,Valuable but Stable,Maintain relationship
1409-PHXTF,0.1829298742779499,1325.4218348950717,242.45924962260514,2529,Valuable but Stable,Maintain relationship
5734-EJKXG,0.1701700789658743,1423.1936908306416,242.18498275238437,2530,Valuable but Stable,Maintain relationship
7673-LPRNY,0.2568290712238656,942.5574027590825,242.0761423257942,2531,Valuable but Stable,Maintain relationship
3190-XFANI,0.2003376160561102,1207.1949191141896,241.8465522103855,2532,Valuable but Stable,Maintain relationship
0103-CSITQ,0.1841663768363161,1312.8061900838002,241.77475951602156,2533,Valuable but Stable,Maintain relationship
3658-KIBGF,0.366628793205206,658.7735369698851,241.52534685479415,2534,Low Priority,No immediate intervention
0691-JVSYA,0.2121829581475695,1138.2057132943496,241.50785522725945,2535,Valuable but Stable,Maintain relationship
1448-CYWKC,0.1912779783666804,1262.4166571200253,241.47250603034118,2536,Valuable but Stable,Maintain relationship
3521-SYVOR,0.3107313490534836,776.9931247904909,241.43612187143097,2537,Low Priority,No immediate intervention
6968-GMKPR,0.2465535600710154,978.6297498070155,241.28464880632677,2538,Valuable but Stable,Maintain relationship
3677-IYRBF,0.6606964153578346,364.7758427639074,241.00609172324675,2539,Low Priority,No immediate intervention
6253-WRFHY,0.3101118690956332,776.9744483425083,240.94899841504375,2540,Low Priority,No immediate intervention
9700-ISPUP,0.3061206807172443,785.9980141788761,240.6102471428398,2541,Low Priority,No immediate intervention
4237-RLAQD,0.4372568521381457,550.1837439217187,240.57161196479038,2542,Low Priority,No immediate intervention
5133-POWUA,0.4374975601661639,549.5838233438334,240.44158181971915,2543,Low Priority,No immediate intervention
2187-LZGPL,0.4993232444358873,481.19595027855814,240.27232310249957,2544,Low Priority,No immediate intervention
9117-SHLZX,0.4379790644168234,548.3839821880629,240.18070345989972,2545,Low Priority,No immediate intervention
0887-HJGAR,0.4379790644168234,548.3839821880629,240.18070345989972,2546,Low Priority,No immediate intervention
5298-GSTLM,0.1972700818618424,1216.7655551943947,240.03144067986833,2547,Valuable but Stable,Maintain relationship
3566-HJGPK,0.4387015396316418,546.5842204544068,239.787339051709,2548,Low Priority,No immediate intervention
9705-IOVQQ,0.201592834354708,1187.983236075159,239.48890772626953,2549,Valuable but Stable,Maintain relationship
6728-VOIFY,0.2078798268058768,1152.021923028917,239.4821178358244,2550,Valuable but Stable,Maintain relationship
1845-ZLLIG,0.3978696974995295,601.7820512461826,239.43084268996503,2551,Low Priority,No immediate intervention
7285-KLOTR,0.2530318460404936,946.1475521868962,239.4054617565446,2552,Valuable but Stable,Maintain relationship
6849-OYAMU,0.199315699526608,1199.9780800304711,239.17447043786933,2553,Valuable but Stable,Maintain relationship
8715-KKTFG,0.1928534800567189,1239.6134674093555,239.0637711150703,2554,Valuable but Stable,Maintain relationship
1357-MVDOZ,0.3339089494076187,715.7740707194004,239.00336796712955,2555,Low Priority,No immediate intervention
8654-DHAOW,0.3673644787864225,649.7763308720514,238.70474311856515,2556,Low Priority,No immediate intervention
5696-QURRL,0.441111651179641,540.5850146755537,238.45834842650396,2557,Low Priority,No immediate intervention
5447-WZAFP,0.1979674416475756,1203.6103503438562,238.27566179811538,2558,Valuable but Stable,Maintain relationship
5485-WUYWF,0.299070759744191,796.7139125690492,238.2738351307925,2559,Low Priority,No immediate intervention
8950-MTZNV,0.4415940104098848,539.3851735197832,238.18926193023265,2560,Low Priority,No immediate intervention
4918-FYJNT,0.2193877049434183,1085.4088942142891,238.1253662268464,2561,Valuable but Stable,Maintain relationship
9780-FKVVF,0.3354493696170495,709.7530196760536,238.0862030341295,2562,Low Priority,No immediate intervention
8710-YGLWG,0.4418352314218127,538.7852529418977,238.05430692024328,2563,Low Priority,No immediate intervention
3798-EPWRR,0.4510351513721466,527.361508261463,237.8585777065525,2564,Low Priority,No immediate intervention
4918-QLLIW,0.3708885007971554,640.770507117976,237.6544127400191,2565,Low Priority,No immediate intervention
8999-XXGNS,0.1872019501170978,1269.001106985193,237.559481928384,2566,Valuable but Stable,Maintain relationship
7594-LZNWR,0.2860864912340046,829.7938030113634,237.39279755124173,2567,Low Priority,No immediate intervention
9500-LTVBP,0.2471033027916878,960.6212591542859,237.3726858689339,2568,Valuable but Stable,Maintain relationship
7377-DMMRI,0.4138048711997101,573.5725603510912,237.34711945977122,2569,Low Priority,No immediate intervention
9026-LHEVG,0.4847392268027413,488.98326629508443,237.02937042335816,2570,Low Priority,No immediate intervention
5243-SAOTC,0.2472642857985327,958.2106231495444,236.93126537763908,2571,Valuable but Stable,Maintain relationship
7740-BTPUX,0.1735424887907171,1363.2175126653187,236.57615991103032,2572,Valuable but Stable,Maintain relationship
8166-ORCHU,0.2106440858286964,1122.5820676206536,236.46527340164042,2573,Valuable but Stable,Maintain relationship
5692-FPTAH,0.4340067210799477,544.792257016976,236.4435011376819,2574,Low Priority,No immediate intervention
2275-RBYQS,0.4340067210799477,544.792257016976,236.4435011376819,2575,Low Priority,No immediate intervention
0082-LDZUE,0.444731992976478,531.5862060072741,236.4133928364196,2576,Low Priority,No immediate intervention
7743-EXURX,0.385851227529345,612.5897049326024,236.3684896200839,2577,Low Priority,No immediate intervention
7065-YUNRY,0.4344873509690167,543.5924158612054,236.18402877438322,2578,Low Priority,No immediate intervention
7663-RGWBC,0.4454567785227477,529.7864442736181,235.9969627711471,2579,Low Priority,No immediate intervention
9462-MJUAW,0.390162957229375,604.7707143350464,235.95913035068327,2580,Low Priority,No immediate intervention
3709-OIJEA,0.2304429116010006,1022.4067567680956,235.606389870176,2581,Valuable but Stable,Maintain relationship
3410-MHHUM,0.2079199944448027,1132.805255504263,235.53286243148966,2582,Valuable but Stable,Maintain relationship
6473-ULUHT,0.2311027075488106,1018.7575903337913,235.43763746204118,2583,Valuable but Stable,Maintain relationship
7675-OZCZG,0.4357891438899376,539.9605217605272,235.30893351238416,2584,Low Priority,No immediate intervention
5469-CTCWN,0.1849822870805756,1271.9970828677872,235.29692954870373,2585,Valuable but Stable,Maintain relationship
3807-BPOMJ,0.2064576462028,1137.0092648821435,234.74425653834328,2586,Valuable but Stable,Maintain relationship
8399-YNDCH,0.3257142692343373,720.5494563437237,234.693239620195,2587,Low Priority,No immediate intervention
1996-DBMUS,0.276708658614587,847.8092115714444,234.59614969502496,2588,Valuable but Stable,Maintain relationship
7766-CLTIC,0.3204508387548649,731.3945885972154,234.37600937674702,2589,Low Priority,No immediate intervention
1541-ETJZO,0.3145670234530496,744.5692166053024,234.2169222222989,2590,Low Priority,No immediate intervention
9350-VLHMB,0.2178833728449433,1074.6200845302947,234.1418485443787,2591,Valuable but Stable,Maintain relationship
0928-JMXNP,0.6521831548500407,358.77677846907227,233.98817126889372,2592,Low Priority,No immediate intervention
6595-COKXZ,0.438577591625794,533.3937660371552,233.93455329678775,2593,Low Priority,No immediate intervention
9992-UJOEL,0.3874171360181116,603.5824943433113,233.8382013091537,2594,Low Priority,No immediate intervention
5707-ORNDZ,0.3571634138390549,654.5381966856431,233.77709681630307,2595,Low Priority,No immediate intervention
5057-LCOUI,0.3838383362462957,609.0010807243177,233.75796159741813,2596,Low Priority,No immediate intervention
4913-EHYUI,0.1858894678869325,1254.5641915236513,233.2102699923312,2597,Valuable but Stable,Maintain relationship
4671-LXRDQ,0.4317952924187913,539.9857754611412,233.16331581723122,2598,Low Priority,No immediate intervention
0442-ZXKVS,0.1680446367814826,1387.1696775260084,233.10642461414443,2599,Valuable but Stable,Maintain relationship
2826-UWHIS,0.2385569319908879,976.8001497514367,233.0224468929426,2600,Valuable but Stable,Maintain relationship
9214-EKVXR,0.4407464335617448,527.9944808361873,232.7116843688346,2601,Low Priority,No immediate intervention
5365-LLFYV,0.4227975992709466,550.1922235814166,232.61995126776682,2602,Low Priority,No immediate intervention
3301-LSLWQ,0.293262299197541,793.1760806690339,232.60864108549512,2603,Low Priority,No immediate intervention
8945-MUQUF,0.2043081004636265,1137.5920482408958,232.41927047862356,2604,Valuable but Stable,Maintain relationship
2208-NQBCT,0.2362208177247229,983.4031353043958,232.3002927746607,2605,Valuable but Stable,Maintain relationship
5827-MWCZK,0.1996182167574469,1163.430749692001,232.2419715742968,2606,Valuable but Stable,Maintain relationship
7359-PTSXY,0.4220444189319747,548.9707343652568,231.69003459584425,2607,Low Priority,No immediate intervention
1750-CSKKM,0.348753938745569,664.1705903285755,231.6321093760604,2608,Low Priority,No immediate intervention
6345-ULYRW,0.2183047138534094,1060.7835485889752,231.57404903512045,2609,Valuable but Stable,Maintain relationship
2207-NHRJK,0.3796330834516854,609.5678503580003,231.41212260442322,2610,Low Priority,No immediate intervention
4320-QMLLA,0.3512871608650641,658.1710835083043,231.20705128911524,2611,Low Priority,No immediate intervention
4098-NAUKP,0.2275992129990205,1015.8161576090127,231.19895802350027,2612,Valuable but Stable,Maintain relationship
0621-TWIEM,0.4228284321151122,546.5856404195657,231.11194935523946,2613,Low Priority,No immediate intervention
3446-QDSZF,0.3466605934540786,665.9756510488571,230.8675144185632,2614,Low Priority,No immediate intervention
8961-QDZZJ,0.2022646456900229,1140.023073910943,230.58636312304765,2615,Valuable but Stable,Maintain relationship
1963-SVUCV,0.4241932763240988,543.5714491642889,230.579353937238,2616,Low Priority,No immediate intervention
5552-ZNFSJ,0.4241932763240988,543.5714491642889,230.579353937238,2617,Low Priority,No immediate intervention
8952-WCVCD,0.1839285788341532,1253.383370347452,230.53302204236797,2618,Valuable but Stable,Maintain relationship
4570-QHXHL,0.4387241737148794,524.9956165484468,230.328268074151,2619,Low Priority,No immediate intervention
3278-FSIXX,0.4239573796064478,542.9931766467928,230.2059643153553,2620,Low Priority,No immediate intervention
2637-FKFSY,0.4161008098319977,553.1990848876136,230.18658722005605,2621,Low Priority,No immediate intervention
1226-UDFZR,0.3866602696341754,595.1914045491421,230.13686896691485,2622,Low Priority,No immediate intervention
9631-XEYKE,0.380534626420683,604.7552994845954,230.13033196529878,2623,Low Priority,No immediate intervention
6633-MPWBS,0.389479006513465,590.3915515024946,229.94511493313482,2624,Low Priority,No immediate intervention
4377-VDHYI,0.2108572034613955,1089.5948543390127,229.7489238918508,2625,Valuable but Stable,Maintain relationship
0618-XWMSS,0.2555450305322209,898.7946184873757,229.68249822355224,2626,Valuable but Stable,Maintain relationship
2750-BJLSB,0.1845338976512256,1244.4020720759313,229.63436460543298,2627,Valuable but Stable,Maintain relationship
9844-FELAJ,0.177276957586496,1294.8105373142168,229.54007270600053,2628,Valuable but Stable,Maintain relationship
1078-TDCRN,0.6220432529618656,368.9837468534702,229.52385018279014,2629,Low Priority,No immediate intervention
7134-MJPDY,0.1858829749552957,1234.2050263220483,229.4177019975214,2630,Valuable but Stable,Maintain relationship
5334-JLAXU,0.202887969668184,1129.2227593928887,229.10571295632747,2631,Valuable but Stable,Maintain relationship
7669-LCRSD,0.3389725272340873,675.5908708528035,229.00674486925269,2632,Low Priority,No immediate intervention
7825-GKXMW,0.4164441322891637,549.5784532393671,228.868722084089,2633,Low Priority,No immediate intervention
6425-YQLLO,0.1800111684449662,1271.4066792042354,228.8674018922887,2634,Valuable but Stable,Maintain relationship
3926-CUQZX,0.4223636222903362,541.1702017664609,228.5706066936745,2635,Low Priority,No immediate intervention
4753-PADAS,0.1800784430174625,1268.4037652403495,228.41217516196917,2636,Valuable but Stable,Maintain relationship
5154-VEKBL,0.3252490423521907,701.9756461529923,228.31690666582105,2637,Low Priority,No immediate intervention
0015-UOCOJ,0.3944362505049342,578.3625651281423,228.12716162156025,2638,Low Priority,No immediate intervention
6689-KXGBO,0.3756066099840948,606.5760457647989,227.83397224727324,2639,Low Priority,No immediate intervention
3170-GWYKC,0.1808642231150252,1259.4036761696052,227.78106747862242,2640,Valuable but Stable,Maintain relationship
1355-KUSBG,0.3889177933149962,585.58861359713,227.7458313905838,2641,Low Priority,No immediate intervention
5816-SCGFC,0.3698998770231858,615.5715460549859,227.69983918471164,2642,Low Priority,No immediate intervention
1612-EOHDH,0.419537670527384,541.7794857268582,227.29690338137016,2643,Low Priority,No immediate intervention
5198-EFNBM,0.2089156864487049,1087.7961218852506,227.2576735198962,2644,Valuable but Stable,Maintain relationship
1942-OQFRW,0.4304169330805006,527.973514139271,227.24874070355932,2645,Low Priority,No immediate intervention
6304-IJFSQ,0.3793468372055272,598.7838110837016,227.1467449044741,2646,Low Priority,No immediate intervention
3665-JATSN,0.4767761727372016,476.4002038888159,227.13626590133214,2647,Low Priority,No immediate intervention
6572-ADKRS,0.2530329546654518,897.6337600232495,227.1309225061419,2648,Valuable but Stable,Maintain relationship
2720-FVBQP,0.3864544957514831,587.4007081902414,227.00364448772382,2649,Low Priority,No immediate intervention
1471-GIQKQ,0.3783635002905063,599.3769988301752,226.7823792710038,2650,Low Priority,No immediate intervention
0409-WTMPL,0.170729495561781,1327.8002943234242,226.69467445662255,2651,Valuable but Stable,Maintain relationship
8198-RKSZG,0.2347908723749009,965.3797077651424,226.66234375920467,2652,Valuable but Stable,Maintain relationship
5968-VXZLG,0.4052631240227996,559.168500466493,226.61037335419525,2653,Low Priority,No immediate intervention
5201-FRKKS,0.2538782359455001,891.5814207471697,226.35311830107412,2654,Valuable but Stable,Maintain relationship
3751-KTZEL,0.5377520337701295,420.58644418814555,226.17121573832233,2655,Low Priority,No immediate intervention
0913-XWSCN,0.2204220555830384,1026.0047476389889,226.1540755125425,2656,Valuable but Stable,Maintain relationship
7734-DBOAI,0.4698704238813592,481.1992732459978,226.10130649149897,2657,Low Priority,No immediate intervention
0956-ACVZC,0.2001590567465276,1129.2155882454601,226.02272700668658,2658,Valuable but Stable,Maintain relationship
4065-JJAVA,0.3804363502400174,593.9777136292074,225.9707134970059,2659,Low Priority,No immediate intervention
3173-NVMPX,0.3404937472088785,663.5979574761845,225.9509551812241,2660,Low Priority,No immediate intervention
3961-SXAXY,0.4273830628370422,528.5718696308693,225.90266457234267,2661,Low Priority,No immediate intervention
5778-BVOFB,0.3162036734999161,713.981696597091,225.7636352757027,2662,Low Priority,No immediate intervention
6650-VJONK,0.4283408774571914,526.172187319328,225.38105640993064,2663,Low Priority,No immediate intervention
0322-CHQRU,0.4140922044603711,544.172051105647,225.3374042480591,2664,Low Priority,No immediate intervention
7607-QKKTJ,0.1975330368101251,1140.0101997290624,225.18967674699894,2665,Valuable but Stable,Maintain relationship
4459-BBGHE,0.4217027570244194,533.9967925430105,225.18791965758447,2666,Low Priority,No immediate intervention
4847-QNOKA,0.4179514697753151,538.7783177511448,225.1831897871627,2667,Low Priority,No immediate intervention
0786-VSSUD,0.4809479160719285,467.9758403672538,225.0720051966402,2668,Low Priority,No immediate intervention
1229-RCALF,0.1630851566736402,1380.008030366615,225.05882584322103,2669,Valuable but Stable,Maintain relationship
9659-ZTWSM,0.1746079246230315,1288.187215405911,224.92769620794817,2670,Valuable but Stable,Maintain relationship
5136-RGMZO,0.2635891059958418,852.5863104259241,224.7324633494626,2671,Valuable but Stable,Maintain relationship
3144-AUDBS,0.3807345152063645,589.8066876376047,224.55976328317507,2672,Low Priority,No immediate intervention
0365-TRTPY,0.2051665344763353,1094.3802341853034,224.53020004719895,2673,Valuable but Stable,Maintain relationship
6625-UTXEW,0.3646937602274133,614.9974620012866,224.28573694756494,2674,Low Priority,No immediate intervention
9089-UOWJG,0.3200491386183764,700.1991946632952,224.0981491132685,2675,Low Priority,No immediate intervention
2252-JHJGE,0.1795559863311414,1247.9803743563177,224.0823470394557,2676,Valuable but Stable,Maintain relationship
1478-VPOAD,0.4259826935569311,525.5816301239547,223.8886784842449,2677,Low Priority,No immediate intervention
7025-IWFHT,0.2082000458770348,1074.6121349784653,223.7342958025348,2678,Valuable but Stable,Maintain relationship
4566-QVRRW,0.4223252294733765,528.6030797960018,223.24241697518,2679,Low Priority,No immediate intervention
4718-DHSMV,0.5194603715370307,429.6007421947486,223.16056115306824,2680,Low Priority,No immediate intervention
3842-IYKUE,0.2179875703553044,1023.6180574585708,223.1360133172102,2681,Valuable but Stable,Maintain relationship
6923-EFPNL,0.3591160234724758,620.9684157601866,222.9997081698013,2682,Low Priority,No immediate intervention
7188-CBBBA,0.1943985848167142,1146.016264880397,222.78394006968588,2683,Valuable but Stable,Maintain relationship
4537-DKTAL,0.4075236222036344,546.5795317134134,222.7440705862165,2684,Low Priority,No immediate intervention
2372-HWUHI,0.4184462366714616,532.1736395479409,222.68605672459074,2685,Low Priority,No immediate intervention
3199-NPKCN,0.1667697683998368,1335.0108934893078,222.63945751847103,2686,Valuable but Stable,Maintain relationship
3537-HPKQT,0.23857640502068,933.043594900572,222.60218659895014,2687,Valuable but Stable,Maintain relationship
9415-TPKRV,0.3327322484496521,668.9833929129883,222.59234849941564,2688,Low Priority,No immediate intervention
5569-IDSEY,0.1754814299327118,1268.3986923980153,222.5804162667856,2689,Valuable but Stable,Maintain relationship
3154-CFSZG,0.2059600023915525,1080.6013615029115,222.56065899945452,2690,Valuable but Stable,Maintain relationship
7634-WSWDB,0.4812243196762177,461.98907285007806,222.3203772801254,2691,Low Priority,No immediate intervention
3339-EAQNV,0.1904796305016289,1167.002874449733,222.29027631952397,2692,Valuable but Stable,Maintain relationship
9708-HPXWZ,0.4078626596599125,544.7634831530846,222.188683124415,2693,Low Priority,No immediate intervention
5175-AOBHI,0.4024273021035758,551.993348042018,222.13719383166946,2694,Low Priority,No immediate intervention
0479-HMSWA,0.175503896268887,1265.4355259224785,222.0888652764631,2695,Valuable but Stable,Maintain relationship
8627-ZYGSZ,0.2345228283785748,946.8192077573166,222.0507185664073,2696,Valuable but Stable,Maintain relationship
6921-OZMFH,0.3321638303078977,668.3967764374886,222.0172334269278,2697,Low Priority,No immediate intervention
2834-SPCJV,0.2199262053553895,1009.2068525416231,221.9510334981353,2698,Valuable but Stable,Maintain relationship
6507-DTJZV,0.278507331162162,796.766105495441,221.90520160200487,2699,Low Priority,No immediate intervention
3572-UOLYZ,0.2178879289513237,1017.6226724562715,221.72769655540824,2700,Valuable but Stable,Maintain relationship
0550-DCXLH,0.2517121702234453,880.1718227196858,221.54995966629764,2701,Valuable but Stable,Maintain relationship
7841-TZDMQ,0.4009177982587559,551.9840328410844,221.30022312063636,2702,Low Priority,No immediate intervention
6854-EXGSF,0.2814999020191876,785.9559936736714,221.24653521053173,2703,Low Priority,No immediate intervention
5140-FOMCQ,0.1687862695172999,1309.8033583503375,221.07682265718458,2704,Valuable but Stable,Maintain relationship
2309-OSFEU,0.5434236040394378,406.7950609664084,221.06203813580848,2705,Low Priority,No immediate intervention
8124-NZVGJ,0.3737725047965468,590.9921173129088,220.89660400306056,2706,Low Priority,No immediate intervention
4676-MQUEA,0.180568207646694,1222.760015848664,220.7915844438364,2707,Valuable but Stable,Maintain relationship
3426-NIYYL,0.3567746373996885,618.5716703185128,220.69068338360708,2708,Low Priority,No immediate intervention
8229-TNIQA,0.4059464498235515,543.5944599516237,220.67024116111236,2709,Low Priority,No immediate intervention
7876-BEUTG,0.3767772399780683,585.5970052317372,220.63962337063634,2710,Low Priority,No immediate intervention
8180-AKMJV,0.4125329606604982,534.5934530151626,220.53741992206398,2711,Low Priority,No immediate intervention
6686-YPGHK,0.2149392147228516,1025.9785725892255,220.52302871480032,2712,Valuable but Stable,Maintain relationship
4223-WOZCM,0.3679349482101938,599.352827616303,220.52285158863765,2713,Low Priority,No immediate intervention
9571-EDEBV,0.186255749724134,1183.8193325990742,220.4931573311645,2714,Valuable but Stable,Maintain relationship
4673-KKSLS,0.2096065675460531,1051.201253836003,220.33868661667188,2715,Valuable but Stable,Maintain relationship
4767-HZZHQ,0.2237390437020104,984.5958736012133,220.29253919248094,2716,Valuable but Stable,Maintain relationship
1791-PQHBB,0.2997908260476397,734.3730661414692,220.15830812568896,2717,Low Priority,No immediate intervention
3736-BLEPA,0.2010507229862857,1094.990555720538,220.1486428907689,2718,Valuable but Stable,Maintain relationship
1728-BQDMA,0.4126967232159484,533.3812789999366,220.1247060680054,2719,Low Priority,No immediate intervention
2659-VXMWZ,0.1648079530473168,1335.5966883031986,220.11695629602536,2720,Valuable but Stable,Maintain relationship
5939-XAIXZ,0.3268435366461313,673.1920710556157,220.02847734595113,2721,Low Priority,No immediate intervention
6723-WSNTY,0.1694047331913805,1297.2084016796312,219.75324318015507,2722,Valuable but Stable,Maintain relationship
7590-VHVEG,0.6128185504525694,358.2043786842097,219.51428811102062,2723,Low Priority,No immediate intervention
4280-DLSHD,0.33386352060667,656.9900270079701,219.3450034203521,2724,Low Priority,No immediate intervention
3043-TYBNO,0.3012716783355529,727.7740411947736,219.25770683979727,2725,Low Priority,No immediate intervention
7530-HDYDS,0.2168347973830198,1011.0335516767833,219.2272553252702,2726,Valuable but Stable,Maintain relationship
0961-ZWLVI,0.1672778031930678,1310.3857405645413,219.19844801715772,2727,Valuable but Stable,Maintain relationship
1591-MQJTP,0.1950092058769362,1123.7684446257326,219.14519197602388,2728,Valuable but Stable,Maintain relationship
4109-CYRBD,0.3536698127336213,619.1755981732892,218.98371785517517,2729,Low Priority,No immediate intervention
5074-FBGHB,0.1743431045486316,1255.8135710623696,218.94243671331714,2730,Valuable but Stable,Maintain relationship
0778-NELLA,0.5257045649554581,416.39317428033814,218.8997925354674,2731,Low Priority,No immediate intervention
1502-XFCVR,0.1713044147654588,1277.395220769486,218.82344071811085,2732,Valuable but Stable,Maintain relationship
7055-HNEOJ,0.3265852985967044,669.5949304145355,218.67986028827056,2733,Low Priority,No immediate intervention
7426-WEIJX,0.2251046927064973,971.4034551471273,218.6674762649238,2734,Valuable but Stable,Maintain relationship
8650-RHRKE,0.6142822622351142,355.7911634859686,218.55620078942414,2735,Low Priority,No immediate intervention
5198-HQAEN,0.2028806460521996,1076.418036205151,218.38438660754105,2736,Valuable but Stable,Maintain relationship
9139-WQQDY,0.1811222083988872,1205.4058320341016,218.3257663149146,2737,Valuable but Stable,Maintain relationship
6789-HJBWG,0.3679678896599866,592.7938235662325,218.129092261141,2738,Low Priority,No immediate intervention
4959-JOSRX,0.4074662482366987,535.2006320098184,218.0761935789507,2739,Low Priority,No immediate intervention
4431-EDMIQ,0.2397764053271901,908.3798684192623,217.80805952115665,2740,Valuable but Stable,Maintain relationship
2284-VFLKH,0.1826430769203652,1191.017895422021,217.53117308709562,2741,Valuable but Stable,Maintain relationship
7128-GGCNO,0.2488315956818744,873.602777039011,217.37997300273386,2742,Valuable but Stable,Maintain relationship
5392-AKEMH,0.4020281564556381,540.5955956638832,217.3346507127885,2743,Low Priority,No immediate intervention
0639-TSIQW,0.1759164194679229,1235.4110497773331,217.32908844793633,2744,Valuable but Stable,Maintain relationship
4415-WNGVR,0.2286832845699619,950.3493932517918,217.32902073789012,2745,Valuable but Stable,Maintain relationship
8091-TTVAX,0.1801788631395234,1204.1993184274336,216.9712641876439,2746,Valuable but Stable,Maintain relationship
4800-CZMPC,0.1751002857911872,1239.004949783507,216.95012080378763,2747,Valuable but Stable,Maintain relationship
1710-RCXUS,0.2000248537411977,1084.2140875472644,216.86976428578768,2748,Valuable but Stable,Maintain relationship
2305-MRGLV,0.235725597432505,918.6056387759207,216.53886300532182,2749,Valuable but Stable,Maintain relationship
1394-SUIUH,0.211864141971571,1021.8096730606366,216.48482964124324,2750,Valuable but Stable,Maintain relationship
0311-QYWSS,0.3647855978935504,593.3804631714228,216.45664703633932,2751,Low Priority,No immediate intervention
3927-NLNRY,0.191236669908513,1131.000069691096,216.28868699402136,2752,Valuable but Stable,Maintain relationship
1548-ARAGG,0.3076595652859991,702.0045833581456,215.978424944746,2753,Low Priority,No immediate intervention
7716-YTYHG,0.219324461719173,984.6316929961141,215.95381605801072,2754,Valuable but Stable,Maintain relationship
3873-NFTGI,0.3240846263659529,665.9828664572352,215.8348084419194,2755,Low Priority,No immediate intervention
5481-NTDOH,0.1679198385305114,1284.5864424009887,215.7075479864581,2756,Valuable but Stable,Maintain relationship
8824-RWFXJ,0.3195096002478206,673.7880469919636,215.28174954616205,2757,Low Priority,No immediate intervention
5811-IWXYM,0.177110952156209,1214.9906702561113,215.18815446997044,2758,Valuable but Stable,Maintain relationship
6876-ADESB,0.3663187093532,587.3732379692171,215.16580644149363,2759,Low Priority,No immediate intervention
8263-OKETD,0.2602059818697376,826.794367394213,215.13684017217977,2760,Low Priority,No immediate intervention
0374-IOEGQ,0.4019729671365757,535.1817220970653,215.12858478861963,2761,Low Priority,No immediate intervention
7683-CBDKJ,0.2738338442691522,785.3740694874609,215.0620006370597,2762,Low Priority,No immediate intervention
4692-NNQRU,0.2262714383619717,950.4136622330947,215.05146639235147,2763,Valuable but Stable,Maintain relationship
5438-QMDDL,0.2996674528350042,717.599146542068,215.0411084008344,2764,Low Priority,No immediate intervention
2758-RNWXS,0.2006914917137008,1070.3991903515725,214.82001024079466,2765,Valuable but Stable,Maintain relationship
1767-TGTKO,0.3934389065616582,545.402462506941,214.58254848476665,2766,Low Priority,No immediate intervention
5233-GEEAX,0.6076723322591061,352.7737210908125,214.37082985497744,2767,Low Priority,No immediate intervention
1591-NFNLQ,0.2230920577313614,960.0132623798065,214.1713341537084,2768,Valuable but Stable,Maintain relationship
6537-OTKMY,0.3516879190938057,608.9637205078735,214.16518366903594,2769,Low Priority,No immediate intervention
9732-KPKBW,0.3307522919253834,647.3772257821768,214.12150116775138,2770,Low Priority,No immediate intervention
3097-NNSPB,0.3634427258717678,588.5921240146406,213.91952597853458,2771,Low Priority,No immediate intervention
4690-LLKUA,0.395178990645671,540.5706392254014,213.6221595817793,2772,Low Priority,No immediate intervention
5493-SDRDQ,0.3228170928352477,661.1696130271746,213.4368523484382,2773,Low Priority,No immediate intervention
3714-JTVOV,0.2397340487459915,889.8100879862634,213.31777500797386,2774,Valuable but Stable,Maintain relationship
3165-HDOEW,0.3876744150742126,550.1939715955849,213.29612611567632,2775,Low Priority,No immediate intervention
8679-JOEVF,0.2986673887465843,712.767625112296,212.88044537539375,2776,Low Priority,No immediate intervention
4194-WHFCB,0.1835163249686724,1159.826269693117,212.84705461620513,2777,Valuable but Stable,Maintain relationship
4868-AADLV,0.1525444526484922,1394.982694905416,212.7968716484653,2778,Valuable but Stable,Maintain relationship
1732-FEKLD,0.1869986380398673,1136.9999400330348,212.6174402375883,2779,Valuable but Stable,Maintain relationship
9101-BWFSS,0.1631929391434268,1302.596344637464,212.57452599887188,2780,Valuable but Stable,Maintain relationship
0623-IIHUG,0.4227648948728911,502.7685339002363,212.55288637973098,2781,Low Priority,No immediate intervention
1582-RAFML,0.2942612959243458,721.1735156953706,212.2134533148363,2782,Low Priority,No immediate intervention
4640-UHDOS,0.3158767820433762,671.3865184576125,212.07541295769644,2783,Low Priority,No immediate intervention
6952-OMNWB,0.2198200244678709,964.218757792313,211.95459093028634,2784,Valuable but Stable,Maintain relationship
1356-MKYSK,0.2245500825298975,943.7532234603298,211.91986421587384,2785,Valuable but Stable,Maintain relationship
8189-HBVRW,0.1944629190006728,1089.6017925586673,211.887145129324,2786,Valuable but Stable,Maintain relationship
6537-QLGEX,0.4538373582286978,466.7904573693744,211.84694801888247,2787,Low Priority,No immediate intervention
4957-TREIR,0.2739841135897001,772.7725508964735,211.72740236382168,2788,Low Priority,No immediate intervention
4881-JVQOD,0.5103681095326822,414.568957706185,211.58277521544014,2789,Low Priority,No immediate intervention
1353-LJWEM,0.289254237258964,730.786128533553,211.38298420840408,2790,Low Priority,No immediate intervention
7957-RYHQD,0.2222950614912308,950.3992641987638,211.26906287628472,2791,Valuable but Stable,Maintain relationship
5708-EVONK,0.1883738063031954,1120.8115798869026,211.1315434519938,2792,Valuable but Stable,Maintain relationship
8023-QHAIO,0.2288668794914002,922.2205396816112,211.06573711980536,2793,Valuable but Stable,Maintain relationship
4374-YMUSQ,0.1512590229187013,1394.96733059378,211.00139542912413,2794,Valuable but Stable,Maintain relationship
5846-QFDFI,0.1983141949857774,1063.2256165446538,210.85273223330987,2795,Valuable but Stable,Maintain relationship
7129-AZJDE,0.2223760686507049,947.4039364654616,210.67996281539155,2796,Valuable but Stable,Maintain relationship
1450-SKCVI,0.2375981151611332,886.2387261774186,210.56865092255828,2797,Valuable but Stable,Maintain relationship
4672-FOTSD,0.2609069823997473,806.9693419541385,210.54393589836408,2798,Low Priority,No immediate intervention
3701-SFMUH,0.2516877014696169,836.3592973428013,210.5013491509535,2799,Low Priority,No immediate intervention
4646-QZXTF,0.2158827794483565,974.9495709141463,210.47482319092845,2800,Valuable but Stable,Maintain relationship
3538-WZPHD,0.5924096367331897,355.19176317220587,210.41902339146762,2801,Low Priority,No immediate intervention
5402-HTOTQ,0.3170989373081134,663.5715326497112,210.4178278311395,2802,Low Priority,No immediate intervention
1193-RTSLK,0.2084809159425863,1006.81493675139,209.90170019860687,2803,Valuable but Stable,Maintain relationship
9481-SFCQY,0.2918160042982307,717.5916770956171,209.40473592770917,2804,Low Priority,No immediate intervention
4905-JEFDW,0.4194219321099377,499.1782015235781,209.36628575018298,2805,Low Priority,No immediate intervention
4710-FDUIZ,0.1733194667457561,1203.599236750198,208.60717788914337,2806,Valuable but Stable,Maintain relationship
6583-SZVGP,0.1607978295399189,1297.210330564401,208.58860561151639,2807,Valuable but Stable,Maintain relationship
9667-EQRXU,0.4313261776399373,483.58519884342445,208.5829553803833,2808,Low Priority,No immediate intervention
3230-WYKIR,0.2117052912511627,983.9644465281092,208.31047973302245,2809,Valuable but Stable,Maintain relationship
9348-YVOMK,0.3874252490116581,537.5873016987823,208.2748942261561,2810,Low Priority,No immediate intervention
3780-DDGSE,0.2280273982984749,912.5759304246383,208.0923151645403,2811,Valuable but Stable,Maintain relationship
8201-AAXCB,0.2872049409249884,724.1807368159098,207.98828573622794,2812,Low Priority,No immediate intervention
8344-WFMFH,0.3458486859440462,601.1865198905521,207.91956791142164,2813,Low Priority,No immediate intervention
9079-LWTFD,0.1718886906196867,1208.9959965837998,207.81273881723254,2814,Valuable but Stable,Maintain relationship
7241-AJHFS,0.1971903287171212,1051.7807101314634,207.40098396915042,2815,Valuable but Stable,Maintain relationship
9943-VSZUV,0.2282901600189513,908.41510381124,207.38222941270024,2816,Valuable but Stable,Maintain relationship
6383-ZTSIW,0.1743178954555359,1189.1722822208085,207.29400957078792,2817,Valuable but Stable,Maintain relationship
3946-MHCZW,0.3389431228466983,610.7712021922716,207.01669861588073,2818,Low Priority,No immediate intervention
3541-ZNUHK,0.2026101559252071,1021.226957176417,206.91095302853864,2819,Valuable but Stable,Maintain relationship
4187-CINZD,0.1810122636445344,1142.9804912024197,206.89348601409182,2820,Valuable but Stable,Maintain relationship
5759-RCVCB,0.4896634117562213,422.3876340799845,206.82776998724358,2821,Low Priority,No immediate intervention
0330-BGYZE,0.1680650672669266,1229.9878243205594,206.71798643193551,2822,Valuable but Stable,Maintain relationship
1707-HABPF,0.1883231540108762,1095.5787944616045,206.32285404044285,2823,Valuable but Stable,Maintain relationship
7799-DSEWS,0.2515549617513691,820.1758748719033,206.3193108327973,2824,Low Priority,No immediate intervention
1020-JPQOW,0.1897928712875794,1086.6299816931528,206.2346242527133,2825,Valuable but Stable,Maintain relationship
0023-HGHWL,0.6847187612699805,301.1718458496347,206.2180132195554,2826,Low Priority,No immediate intervention
2359-QWQUL,0.1641231595264407,1256.406167907486,206.20534992548434,2827,Valuable but Stable,Maintain relationship
5186-EJEGL,0.2471198000344148,833.9726281981067,206.0911491144915,2828,Low Priority,No immediate intervention
7869-ZYDST,0.2908339520217268,708.5962535740878,206.0838488147416,2829,Low Priority,No immediate intervention
0786-IVLAW,0.158865898165068,1297.1636735078582,206.07507205892492,2830,Valuable but Stable,Maintain relationship
4193-ORFCL,0.3806449977701951,541.1637124954483,205.99126013614043,2831,Low Priority,No immediate intervention
2235-ZGKPT,0.3374057048835071,610.1880255061055,205.88092085736292,2832,Low Priority,No immediate intervention
0206-TBWLC,0.1495976949914637,1375.8064849927862,205.81747890922858,2833,Valuable but Stable,Maintain relationship
2718-GAXQD,0.3726136679312202,551.9698423555724,205.6715075475272,2834,Low Priority,No immediate intervention
1116-DXXDF,0.1706206572407028,1205.4165684357758,205.6689671553447,2835,Valuable but Stable,Maintain relationship
7794-JASDG,0.3374700811955993,608.9719053889479,205.50979835744707,2836,Low Priority,No immediate intervention
1768-ZAIFU,0.6795192872027239,302.3794853016304,205.4726923168904,2837,Low Priority,No immediate intervention
7544-ZVIKX,0.1629699411225397,1260.6044958692667,205.44064047062324,2838,Valuable but Stable,Maintain relationship
6888-SBYAI,0.337688820538065,608.3719848110626,205.44041799924932,2839,Low Priority,No immediate intervention
8887-IPQNC,0.3863408859915498,531.004748959748,205.14884517882953,2840,Low Priority,No immediate intervention
7905-NJMXS,0.2661847507152145,770.3483358848524,205.0549797513898,2841,Low Priority,No immediate intervention
0587-DMGBH,0.3425237140593598,598.1811905214507,204.8912430578568,2842,Low Priority,No immediate intervention
7932-WPTDS,0.6860667244403128,297.5866977318455,204.1643309498967,2843,Low Priority,No immediate intervention
2219-MVUSO,0.376813573195863,541.7896253756337,204.15368465824054,2844,Low Priority,No immediate intervention
9314-QDMDW,0.2776299673076097,734.9677712440641,204.04907830263627,2845,Low Priority,No immediate intervention
5188-HGMLP,0.2292440165814896,887.9923339097177,203.56692931903495,2846,Valuable but Stable,Maintain relationship
7611-YKYTC,0.2260205251080218,899.9884924210119,203.415871648174,2847,Valuable but Stable,Maintain relationship
5027-XWQHA,0.3784458240103034,536.9757296249143,203.21622247143458,2848,Low Priority,No immediate intervention
4208-UFFGW,0.3767742752592748,539.3568338290399,203.21578017207364,2849,Low Priority,No immediate intervention
9505-SQFSW,0.4198602518244422,483.5948328932422,203.0422483195557,2850,Low Priority,No immediate intervention
2181-UAESM,0.3162960312531867,641.359065556268,202.85932704369998,2851,Low Priority,No immediate intervention
2903-YYTBW,0.3785503058562381,534.5828681698755,202.3665082512114,2852,Low Priority,No immediate intervention
0322-YINQP,0.3471593661729658,582.5753999619941,202.2465065987679,2853,Low Priority,No immediate intervention
7966-YOTQW,0.3085547851149361,653.9725366537793,201.78635551827657,2854,Low Priority,No immediate intervention
4030-VPZBD,0.5432415499939356,370.80679321831406,201.43765709619768,2855,Low Priority,No immediate intervention
1763-WQFUK,0.3320610617758834,605.9928361066632,201.22662458615747,2856,Low Priority,No immediate intervention
2270-CHBFN,0.1762979784917031,1141.2235369764398,201.1954025760977,2857,Valuable but Stable,Maintain relationship
4026-SKKHW,0.3333886967047756,602.9932332172366,201.03112814409332,2858,Low Priority,No immediate intervention
4950-BDEUX,0.3403345952755746,590.3845629651615,200.92829129369522,2859,Low Priority,No immediate intervention
0048-LUMLS,0.1835793652964892,1094.3986488333892,200.90900933416896,2860,Valuable but Stable,Maintain relationship
2692-AQCPF,0.1546564452524129,1296.6283646978936,200.53193369762545,2861,Valuable but Stable,Maintain relationship
3347-YJZZE,0.2085224504391193,961.1715061598783,200.42583775671687,2862,Valuable but Stable,Maintain relationship
9402-CXWPL,0.1686728248572959,1186.8076627726227,200.18220104214328,2863,Valuable but Stable,Maintain relationship
9489-UTFKA,0.2736806928214089,730.7293782370672,199.9865225008779,2864,Low Priority,No immediate intervention
3413-BMNZE,0.3674502813248954,542.9409424459009,199.5038020445501,2865,Low Priority,No immediate intervention
6890-PFRQX,0.2391326512209504,833.9557984900426,199.42606109400856,2866,Low Priority,No immediate intervention
7016-NVRIC,0.1842265773736632,1081.150027674938,199.17656922599505,2867,Valuable but Stable,Maintain relationship
2937-FTHUR,0.2558934331582734,777.5658451717887,198.97399362762349,2868,Low Priority,No immediate intervention
4869-EPIUS,0.2047199029980549,970.8221995597031,198.7466265222207,2869,Valuable but Stable,Maintain relationship
0999-QXNSA,0.3619032635935065,548.9710766077327,198.67442424277934,2870,Low Priority,No immediate intervention
5522-JBWMO,0.3758145898935385,527.9771647598395,198.4215216473723,2871,Low Priority,No immediate intervention
5295-PCJOO,0.3346291906520643,592.7750321909353,198.35982926080408,2872,Low Priority,No immediate intervention
0471-LVHGK,0.2264265497263353,875.9813170789264,198.34542725091222,2873,Valuable but Stable,Maintain relationship
1635-FJFCC,0.3752005179728282,528.5969726902006,198.32985795223217,2874,Low Priority,No immediate intervention
9108-EJFJP,0.3085497468044966,642.5869707263752,198.27004711749152,2875,Low Priority,No immediate intervention
3629-WEAAM,0.257622299789585,769.1837021811808,198.15887431658302,2876,Low Priority,No immediate intervention
7123-WQUHX,0.1736753674961425,1139.9823648044144,197.98685614652825,2877,Valuable but Stable,Maintain relationship
7551-DACSP,0.2983060436270823,663.5914412583315,197.95333742656626,2878,Low Priority,No immediate intervention
6322-PJJDJ,0.1738939293277188,1137.6441906158875,197.829418483049,2879,Valuable but Stable,Maintain relationship
6142-VSJQO,0.3716314222583326,532.1894190682725,197.7783107191779,2880,Low Priority,No immediate intervention
8049-WJCLQ,0.2737476714328402,722.3787931050489,197.74951250497256,2881,Low Priority,No immediate intervention
3113-IWHLC,0.2953021634927209,669.5705452079872,197.7256306109193,2882,Low Priority,No immediate intervention
8433-WPJTV,0.1583664471478014,1246.7983254588185,197.45102111274127,2883,Valuable but Stable,Maintain relationship
2672-DZUOY,0.6521867856930924,301.79233138714045,196.8249705542037,2884,Low Priority,No immediate intervention
9572-WUKSB,0.5485024026027803,358.80784178115306,196.8069632896807,2885,Low Priority,No immediate intervention
8242-JSVBO,0.3671616418301129,535.7750047463296,196.71603039419892,2886,Low Priority,No immediate intervention
4695-VADHF,0.2852120896542626,689.3836803140424,196.62056003591417,2887,Low Priority,No immediate intervention
4482-FTFFX,0.2917205441297066,673.7759917326894,196.55429892979285,2888,Low Priority,No immediate intervention
6257-RJOHI,0.3223553909315247,609.5930409374477,196.50560302052787,2889,Low Priority,No immediate intervention
2237-ZFSMY,0.1713284327913164,1146.6037831008557,196.4458291912641,2890,Valuable but Stable,Maintain relationship
9831-BPFRI,0.1825635115173376,1074.6273405692964,196.1877408668686,2891,Valuable but Stable,Maintain relationship
6240-EURKS,0.4664690845672296,420.0055011983652,195.91958165720186,2892,Low Priority,No immediate intervention
7319-VENRZ,0.2536621443301261,771.5603909550466,195.71566324984758,2893,Low Priority,No immediate intervention
8388-FYNPZ,0.2872645393081381,680.955186423644,195.6142779174754,2894,Low Priority,No immediate intervention
9909-DFRJA,0.1700601728566692,1150.184208053139,195.60052523852798,2895,Valuable but Stable,Maintain relationship
7312-XSBAT,0.327598773475469,596.9603254305503,195.56347042456508,2896,Low Priority,No immediate intervention
9036-CSKBW,0.1516643628676403,1289.3709953373468,195.5516305078539,2897,Valuable but Stable,Maintain relationship
8421-WZOOW,0.1708314825205463,1143.6246114906535,195.36708782793212,2898,Valuable but Stable,Maintain relationship
5268-DSMNQ,0.1661448652781864,1175.4008993283692,195.28682406677103,2899,Valuable but Stable,Maintain relationship
2722-VOJQL,0.1536833296650211,1267.8131842476712,194.841751548395,2900,Valuable but Stable,Maintain relationship
1024-GUALD,0.6538249045562742,297.6072626914661,194.58304012450182,2901,Low Priority,No immediate intervention
0929-HYQEW,0.3232678241737206,601.7742211812697,194.53424312510433,2902,Low Priority,No immediate intervention
9972-VAFJJ,0.172390297873303,1128.0109891605653,194.458150425749,2903,Valuable but Stable,Maintain relationship
5960-MVTUK,0.543943394689776,357.00150299419954,194.18860944801713,2904,Low Priority,No immediate intervention
6797-UCJHZ,0.1545603937449378,1255.1903894183988,194.00272081336954,2905,Valuable but Stable,Maintain relationship
5593-SUAOO,0.1942855041588482,997.7936931577426,193.85685072167112,2906,Valuable but Stable,Maintain relationship
0130-SXOUN,0.1806640244306561,1072.8155369739195,193.81917238144365,2907,Valuable but Stable,Maintain relationship
3589-PPVKW,0.3637197005646369,532.7914980708267,193.78676414170542,2908,Low Priority,No immediate intervention
9138-EFSMO,0.2042797717078648,947.3900294630841,193.53261893702614,2909,Valuable but Stable,Maintain relationship
3668-QPYBK,0.2991456577060967,646.172800207637,193.2997873099038,2910,Low Priority,No immediate intervention
0374-AACSZ,0.321057920172256,601.7674883498579,193.20221823688766,2911,Low Priority,No immediate intervention
0746-JTRFU,0.6427210198778268,300.5931715948426,193.19754981574783,2912,Low Priority,No immediate intervention
3345-PBBFH,0.3249014772035426,594.5796174221877,193.179796015586,2913,Low Priority,No immediate intervention
5312-IRCFR,0.1733606272250407,1114.2298009538686,193.1635771661949,2914,Valuable but Stable,Maintain relationship
8286-AFUYI,0.3354022812273874,575.3631846266792,192.97812465804267,2915,Low Priority,No immediate intervention
7750-EYXWZ,0.2650229035402558,727.7740024759642,192.87677925729335,2916,Low Priority,No immediate intervention
9381-NDKME,0.3953183611009765,487.7914702804152,192.83292459028942,2917,Low Priority,No immediate intervention
2433-KMEAS,0.2948880445071718,653.3762343092343,192.6728400629098,2918,Low Priority,No immediate intervention
3806-DXQOM,0.477030275973771,403.78975447508253,192.61993801262986,2919,Low Priority,No immediate intervention
7593-XFKDI,0.3465669725221231,555.5745730280911,192.54379778461671,2920,Low Priority,No immediate intervention
6844-DZKRF,0.3195681524782647,602.3924770981155,192.50545097305013,2921,Low Priority,No immediate intervention
0701-TJSEF,0.2348228241501039,818.9596606549952,192.3104203800167,2922,Low Priority,No immediate intervention
9249-FXSCK,0.1439621425753833,1334.999855739847,192.189439570136,2923,Valuable but Stable,Maintain relationship
9746-MDMBK,0.1410092459831215,1361.3847404165947,191.96783573907163,2924,Valuable but Stable,Maintain relationship
7365-BVCJH,0.6555076412201606,292.7935227188608,191.92839144198194,2925,Low Priority,No immediate intervention
3313-QKNKB,0.1869073050398189,1026.6090111288013,191.88072359967768,2926,Valuable but Stable,Maintain relationship
3982-DQLUS,0.1864000283383192,1029.004375067808,191.80644467289386,2927,Valuable but Stable,Maintain relationship
5673-TIYIB,0.3955878891368045,484.79753647369,191.78003411235,2928,Low Priority,No immediate intervention
5309-TAIKL,0.2540724530423614,753.5703523057119,191.46146795030876,2929,Low Priority,No immediate intervention
0678-RLHVP,0.1511485044861777,1266.627151292126,191.4487996593924,2930,Valuable but Stable,Maintain relationship
7776-QGYJC,0.1956533925611198,978.0291119948879,191.35471378533921,2931,Valuable but Stable,Maintain relationship
9244-ZVAPM,0.3496746797372859,547.1756849376968,191.33348239061917,2932,Low Priority,No immediate intervention
2460-FPSYH,0.2857461583320178,669.5703219566503,191.32714723224512,2933,Low Priority,No immediate intervention
6769-DCQLI,0.1518344913746186,1259.9947872330645,191.31066765420312,2934,Valuable but Stable,Maintain relationship
8980-WQFWL,0.2566993119821572,745.1939039533676,191.29076243812716,2935,Low Priority,No immediate intervention
5150-LJNSR,0.1624877290674593,1176.5638073047792,191.17718115191735,2936,Valuable but Stable,Maintain relationship
2195-VVRJF,0.2695577134287867,709.1618668627335,191.16005128240812,2937,Low Priority,No immediate intervention
4138-NAXED,0.1965553521057407,971.998296255893,191.05146736675712,2938,Valuable but Stable,Maintain relationship
9644-UMGQA,0.3239260329607972,589.7833690817519,191.04618705290557,2939,Low Priority,No immediate intervention
1334-FJSVR,0.6561700060564593,290.99376098520486,190.94137790805374,2940,Low Priority,No immediate intervention
9974-JFBHQ,0.1604756735399777,1189.8313030154854,190.93897975035932,2941,Valuable but Stable,Maintain relationship
2833-SLKDQ,0.3521254550040572,540.5765585809584,190.35076665484732,2942,Low Priority,No immediate intervention
8757-TFHHJ,0.3185128973886967,597.5732602313637,190.3347905183013,2943,Low Priority,No immediate intervention
5046-NUHWD,0.3521652619000611,539.9793540799368,190.16197065018676,2944,Low Priority,No immediate intervention
2045-BMBTJ,0.2662053093675006,713.3536694158184,189.89853425527969,2945,Low Priority,No immediate intervention
1360-XFJMR,0.1441699024238507,1316.4271064950544,189.78916749150412,2946,Valuable but Stable,Maintain relationship
9103-TCIHJ,0.28384646836254,668.3819898143788,189.7178673259386,2947,Low Priority,No immediate intervention
1297-VQDRP,0.1474832976513772,1285.801988124772,189.6343173353383,2948,Valuable but Stable,Maintain relationship
0595-ITUDF,0.1721010544931177,1101.6185845868104,189.58972005660584,2949,Valuable but Stable,Maintain relationship
4184-VODJZ,0.1729418482351638,1096.2197679588794,189.582272742731,2950,Valuable but Stable,Maintain relationship
4146-SVFUD,0.3541364495749631,535.1772733799905,189.52577948799927,2951,Low Priority,No immediate intervention
3055-OYMSE,0.2139568907803229,885.6207546778273,189.48466308139103,2952,Valuable but Stable,Maintain relationship
0623-GDISB,0.3258393238035759,581.3686236154706,189.43275919948056,2953,Low Priority,No immediate intervention
6097-EQISJ,0.1540590166442396,1229.426476244115,189.40423396656095,2954,Valuable but Stable,Maintain relationship
4908-XAXAY,0.1755828783510364,1078.1829221843482,189.31046086605934,2955,Valuable but Stable,Maintain relationship
5858-EAFCZ,0.3548079331561704,533.3775116463346,189.24657249921717,2956,Low Priority,No immediate intervention
7054-LGEQW,0.3431382869687276,551.3829272791191,189.20059313035947,2957,Low Priority,No immediate intervention
8970-ANWXO,0.213747103074496,884.984974469653,189.16297455734514,2958,Valuable but Stable,Maintain relationship
6982-SSHFK,0.3550318883326245,532.7775910684493,189.15303421833838,2959,Low Priority,No immediate intervention
6421-SZVEM,0.1902510541370026,994.197396490373,189.147102702557,2960,Valuable but Stable,Maintain relationship
1104-FEJAM,0.2445851144011115,772.781265732365,189.01079428618624,2961,Low Priority,No immediate intervention
7579-OOPEC,0.3139901910871817,601.7679327271992,188.94922818715156,2962,Low Priority,No immediate intervention
6366-XIVKZ,0.2492141592364481,757.7881309069891,188.85153192334477,2963,Low Priority,No immediate intervention
6905-NIQIN,0.3106271543904423,607.7728009304403,188.79073566893143,2964,Low Priority,No immediate intervention
9661-MHUMO,0.3188774161559223,590.9829674690673,188.45112165869566,2965,Low Priority,No immediate intervention
7754-IXRMC,0.345788842327348,544.1838803444954,188.17271399752713,2966,Low Priority,No immediate intervention
6582-OIVSP,0.3460101576683653,543.58395976661,188.08557162483905,2967,Low Priority,No immediate intervention
7252-NTGSS,0.3466745034869221,541.7841980329541,187.82276785013462,2968,Low Priority,No immediate intervention
0621-HJWXJ,0.1918935369834761,978.6284304184226,187.79247090557874,2969,Valuable but Stable,Maintain relationship
1803-BGNBD,0.2880638142799763,651.601155913658,187.70271436172985,2970,Low Priority,No immediate intervention
0661-XEYAN,0.6060665549490045,309.5832445423499,187.62805048971722,2971,Low Priority,No immediate intervention
2480-SQIOB,0.3489042407084627,537.5845151497202,187.5655170749402,2972,Low Priority,No immediate intervention
4815-GBTCD,0.6211496423938934,301.80875082708144,187.4683976475893,2973,Low Priority,No immediate intervention
6637-KYRCV,0.5120364461073886,366.00972227117836,187.4103174324865,2974,Low Priority,No immediate intervention
6439-LAJXL,0.2264807390438552,827.3812805222612,187.38592388373303,2975,Low Priority,No immediate intervention
6620-JDYNW,0.2573725833565653,727.1801865362895,187.15624317455388,2976,Low Priority,No immediate intervention
2672-OJQZP,0.3484490107732954,536.9848334098716,187.11183400193258,2977,Low Priority,No immediate intervention
0187-WZNAB,0.2095099838512477,892.8153840869554,187.05373670220354,2978,Valuable but Stable,Maintain relationship
3797-VTIDR,0.664704175336861,281.4016087923376,187.04882431077672,2979,Low Priority,No immediate intervention
1496-GGSUK,0.6065335368368627,308.3834033865794,187.04487635785097,2980,Low Priority,No immediate intervention
9058-HRZSV,0.1651107940632178,1132.7954366638064,187.03675405875063,2981,Valuable but Stable,Maintain relationship
4083-BFNYK,0.1639609431884281,1139.9725656419305,186.9109770715832,2982,Valuable but Stable,Maintain relationship
4472-VESGY,0.1586013331593282,1177.7954265093072,186.79992483333567,2983,Valuable but Stable,Maintain relationship
8444-WRIDW,0.1932651266859043,965.4196590916611,186.5819527194124,2984,Valuable but Stable,Maintain relationship
3945-GFWQL,0.3488792234074219,534.6000405055987,186.51084696516958,2985,Low Priority,No immediate intervention
4958-GZWIY,0.3191292205448396,584.3843003139247,186.49410625782426,2986,Low Priority,No immediate intervention
1501-SGHBW,0.3389638904700801,550.1759691905961,186.48978695999136,2987,Low Priority,No immediate intervention
6410-LEFEN,0.3441922863933119,541.7849366346402,186.47819607373242,2988,Low Priority,No immediate intervention
0415-MOSGF,0.3500051627343581,532.7853893646744,186.47763690707123,2989,Low Priority,No immediate intervention
7989-VCQOH,0.1866351410381414,998.9597625329848,186.44099617177187,2990,Valuable but Stable,Maintain relationship
9033-EOXWV,0.2097886180893494,888.5685468441692,186.4115675200996,2991,Valuable but Stable,Maintain relationship
2716-GFZOR,0.1803901664247013,1033.2136277527798,186.3815782625933,2992,Valuable but Stable,Maintain relationship
9651-GTSAQ,0.1462621031304927,1273.1889257793405,186.21928996693913,2993,Valuable but Stable,Maintain relationship
9373-WSLOY,0.3102404417189789,599.9908671416576,186.14143164938105,2994,Low Priority,No immediate intervention
1794-HBQTJ,0.3188283677792691,583.1829646583415,185.93527273869418,2995,Low Priority,No immediate intervention
4476-OSWTN,0.1400758589544689,1326.589717176109,185.82319411360942,2996,Valuable but Stable,Maintain relationship
3085-QUOZK,0.3520106274941951,527.3861041637067,185.64551345838532,2997,Low Priority,No immediate intervention
1089-HDMKP,0.2828062368332764,654.5753648043346,185.11799564408295,2998,Low Priority,No immediate intervention
4323-OHFOW,0.1461093967400775,1266.596662353424,185.06167424945443,2999,Valuable but Stable,Maintain relationship
0440-MOGPM,0.1914257453871965,966.5756832088631,185.02747063139535,3000,Valuable but Stable,Maintain relationship
8450-UYIBU,0.3867909289955981,478.1893204598205,184.95929149642774,3001,Low Priority,No immediate intervention
0872-JCPIB,0.2344185575464642,788.942184690461,184.94268892269403,3002,Low Priority,No immediate intervention
5473-KHBPS,0.1605199149887536,1148.4218752689917,184.34458178940352,3003,Valuable but Stable,Maintain relationship
4432-ADRLB,0.3439929689283375,535.7778753213486,184.30382201790732,3004,Low Priority,No immediate intervention
7802-EFKNY,0.6153802899817843,299.4019515827879,184.24605978612814,3005,Low Priority,No immediate intervention
4250-ZBWLV,0.1412711135785268,1301.4023838389435,183.85056397867694,3006,Valuable but Stable,Maintain relationship
5208-HFSBT,0.2782493628942871,660.5977090755429,183.8108916796954,3007,Low Priority,No immediate intervention
1543-LLLFT,0.155765198681873,1179.6071336062962,183.74173953273944,3008,Valuable but Stable,Maintain relationship
1215-VFYVK,0.316375688116956,578.9825173881515,183.17599234636384,3009,Low Priority,No immediate intervention
1950-KSVVJ,0.1346891284523056,1359.5940410240323,183.12253643447514,3010,Valuable but Stable,Maintain relationship
8775-CEBBJ,0.3451909309368228,530.3848805685325,183.0840506782673,3011,Low Priority,No immediate intervention
4430-UZIPO,0.413737390018663,442.20007498633686,182.95470489090408,3012,Low Priority,No immediate intervention
2560-PPCHE,0.1451011726045843,1260.6080376635302,182.91570445974222,3013,Valuable but Stable,Maintain relationship
7853-OETYL,0.5243680981880879,348.59850073660436,182.793932862472,3014,Low Priority,No immediate intervention
9873-MNDKV,0.340935021639743,535.800261983424,182.6730739138986,3015,Low Priority,No immediate intervention
1545-ACTAS,0.1526455384133637,1196.3941979868982,182.62423650633454,3016,Valuable but Stable,Maintain relationship
7663-ZTEGJ,0.1513255185882313,1206.5905646255399,182.58794291562663,3017,Valuable but Stable,Maintain relationship
9475-NNDGC,0.1344502863507922,1357.8019742175918,182.55686424122618,3018,Valuable but Stable,Maintain relationship
0356-ERHVT,0.3310092902377725,550.782321700651,182.31406538164495,3019,Low Priority,No immediate intervention
7629-WIXZF,0.2567056723631677,709.1668468364709,182.04715223482384,3020,Low Priority,No immediate intervention
5948-UJZLF,0.3079979028692425,590.9757061131244,182.0192781295121,3021,Low Priority,No immediate intervention
7516-GMHUV,0.1442272249587848,1260.6079366513763,181.81398446424757,3022,Valuable but Stable,Maintain relationship
0616-ATFGB,0.6048867782734072,300.57004623045157,181.81084690982692,3023,Low Priority,No immediate intervention
3466-BYAVD,0.2179147219381809,833.9959172356675,181.73998840198863,3024,Low Priority,No immediate intervention
7242-QZLXF,0.5983343326179582,303.5957437413651,181.65175671714235,3025,Low Priority,No immediate intervention
2065-MMKGR,0.2131830644603962,851.9781609743695,181.62731520984883,3026,Valuable but Stable,Maintain relationship
0980-PVMRC,0.2975570714716323,610.2130325450227,181.5732029379208,3027,Low Priority,No immediate intervention
2585-KTFRE,0.2147099662977906,845.3555674223309,181.5062653908983,3028,Valuable but Stable,Maintain relationship
5261-QSHQM,0.6184206039166659,293.4032856833896,181.44663712345584,3029,Low Priority,No immediate intervention
1041-RXHRA,0.2151462514695287,843.01060921578,181.37057252181881,3030,Low Priority,No immediate intervention
4061-UKJWL,0.3325316683973953,545.3772859309864,181.35521879667422,3031,Low Priority,No immediate intervention
5732-IKGQH,0.1446424179469809,1253.3724801781443,181.2908261211712,3032,Valuable but Stable,Maintain relationship
7623-TRNQN,0.3025158704002539,598.7960770656624,181.1453164457764,3033,Low Priority,No immediate intervention
6207-WIOLX,0.2574184827749161,703.1949406266879,181.0153747111192,3034,Low Priority,No immediate intervention
8663-UPDGF,0.2168886973383559,833.9639719292624,180.8773594988589,3035,Low Priority,No immediate intervention
8229-MYEJZ,0.2943616116575266,614.3811455485629,180.85022417567242,3036,Low Priority,No immediate intervention
0836-SEYLU,0.3705069024999113,487.7971138998203,180.73219771941885,3037,Low Priority,No immediate intervention
2957-JIRMN,0.1783119052638912,1013.3936783980502,180.70015757753936,3038,Valuable but Stable,Maintain relationship
0580-PIQHM,0.1481725519175467,1219.186154377511,180.64992375665585,3039,Valuable but Stable,Maintain relationship
3606-SBKRY,0.3007560196748574,600.5841903276386,180.62931056258756,3040,Low Priority,No immediate intervention
0228-MAUWC,0.2526957594338433,714.5807399474504,180.57152275781868,3041,Low Priority,No immediate intervention
0096-FCPUF,0.2331109978965239,773.9762175500476,180.4223684212687,3042,Low Priority,No immediate intervention
6804-GDMOI,0.141002884084861,1279.2493685184327,180.3778504248362,3043,Valuable but Stable,Maintain relationship
8450-JOVAH,0.2645252041867031,680.3655169299849,179.97382728749608,3044,Low Priority,No immediate intervention
5168-MQQCA,0.1380919254376723,1302.0178401339558,179.79815049829736,3045,Valuable but Stable,Maintain relationship
9448-REEVD,0.3351311897629254,536.3835374112957,179.75885306189414,3046,Low Priority,No immediate intervention
0612-RTZZA,0.5932766250064263,302.9709497849203,179.74558256338898,3047,Low Priority,No immediate intervention
6143-JQKEA,0.3269248983884698,549.5898014373251,179.6745899902368,3048,Low Priority,No immediate intervention
5966-EMAZU,0.137906686129339,1302.010131625068,179.5559025592376,3049,Valuable but Stable,Maintain relationship
3669-OYSJI,0.323700251062876,554.3745776945575,179.45118998260412,3050,Low Priority,No immediate intervention
8805-JNRAZ,0.3038544937919875,590.3835838314643,179.39070500820898,3051,Low Priority,No immediate intervention
6313-GIDIT,0.2743554997413263,653.3815169469309,179.25881260372108,3052,Low Priority,No immediate intervention
5630-AHZIL,0.2314918992221875,773.9690420508222,179.16756348352192,3053,Low Priority,No immediate intervention
3642-GKTCT,0.1291406340414526,1381.2039626847654,178.36955548167745,3054,Valuable but Stable,Maintain relationship
6339-DKLMK,0.4691630937421366,379.8031187964564,178.18960622745772,3055,Low Priority,No immediate intervention
2862-PFNIK,0.6011520732587777,296.3966968067413,178.1794887924259,3056,Low Priority,No immediate intervention
3580-REOAC,0.3310351263678545,538.1913104575042,178.1602284673811,3057,Low Priority,No immediate intervention
8849-PRIQJ,0.1356998102494499,1312.8174827281198,178.14908329836635,3058,Valuable but Stable,Maintain relationship
7009-LGECI,0.29364606498905,606.5673319770718,178.1161101859739,3059,Low Priority,No immediate intervention
6575-SUVOI,0.2135498298351077,833.9738600570195,178.09497590210444,3060,Low Priority,No immediate intervention
5868-CZJDR,0.4733325984135809,376.19598359791087,178.065822429152,3061,Low Priority,No immediate intervention
8985-OOPOS,0.200223995991609,889.1641444148814,178.03199808720768,3062,Valuable but Stable,Maintain relationship
8263-JQAIK,0.6068146532878894,293.3782720066943,178.02623440994233,3063,Low Priority,No immediate intervention
3656-TKRVZ,0.2680174138250298,664.165728803203,178.00798098505058,3064,Low Priority,No immediate intervention
6576-FBXOJ,0.2714776930573651,655.1806604999505,177.86693424832728,3065,Low Priority,No immediate intervention
8660-BUETV,0.3310397382771005,536.9861961368172,177.7637698275477,3066,Low Priority,No immediate intervention
4925-LMHOK,0.2526558603633034,703.1937393642621,177.66601922116618,3067,Low Priority,No immediate intervention
2842-JTCCU,0.3213731504782229,552.5609180151591,177.57824305367072,3068,Low Priority,No immediate intervention
0239-OXEXL,0.1755681754517266,1011.0082036187464,177.500865676071,3069,Valuable but Stable,Maintain relationship
5440-VHLUL,0.140516011905712,1262.402726554852,177.3877965543849,3070,Valuable but Stable,Maintain relationship
0719-SYFRB,0.239705091958763,739.7895462057093,177.3313212033711,3071,Low Priority,No immediate intervention
5143-EGQFK,0.4981296362378439,355.79366471934276,177.2313687823756,3072,Low Priority,No immediate intervention
1840-BIUOG,0.2149279194016252,824.3777951648367,177.1818043156775,3073,Low Priority,No immediate intervention
1352-VHKAJ,0.2061920635815222,859.1751079728207,177.15508849079305,3074,Valuable but Stable,Maintain relationship
3808-HFKDE,0.3327587270952289,532.202158481271,177.09491281356102,3075,Low Priority,No immediate intervention
8158-WPEZG,0.413813946847287,427.8027197187755,177.03073191883018,3076,Low Priority,No immediate intervention
6145-NNPNO,0.3341279084951508,529.7710529882697,177.01129391624426,3077,Low Priority,No immediate intervention
3786-WOVKF,0.1379184109649547,1282.1767892251914,176.83578534608606,3078,Valuable but Stable,Maintain relationship
7250-EQKIY,0.2919312206116299,605.3899429613951,176.7322249947251,3079,Low Priority,No immediate intervention
3316-UWXUY,0.1574511122968887,1122.0170293587385,176.66282928858422,3080,Valuable but Stable,Maintain relationship
6817-WTYHE,0.3278897822096648,538.7627447237969,176.654799030167,3081,Low Priority,No immediate intervention
6341-AEVKX,0.1411064806990694,1251.617916515944,176.6113993794665,3082,Valuable but Stable,Maintain relationship
1170-SASML,0.1721701116422041,1024.83033909516,176.44515389633162,3083,Valuable but Stable,Maintain relationship
5207-PLSTK,0.3014805370298609,584.9853099474016,176.36168539752225,3084,Low Priority,No immediate intervention
2530-FMFXO,0.1423805785449088,1238.453791782509,176.33176737512963,3085,Valuable but Stable,Maintain relationship
7593-JNWRU,0.329225997177463,535.1846304788378,176.19669364344742,3086,Low Priority,No immediate intervention
7878-JGDKK,0.3292585016267825,534.5793968925235,176.01481122138136,3087,Low Priority,No immediate intervention
8992-OBVDG,0.2375224463097595,739.7735375790564,175.7128203610023,3088,Low Priority,No immediate intervention
5174-RNGBH,0.2209978443502458,794.9823896303179,175.68939440470746,3089,Low Priority,No immediate intervention
2898-MRKPI,0.1448786558280199,1212.618328495315,175.6825134648215,3090,Valuable but Stable,Maintain relationship
6235-VDHOM,0.5145363256364351,341.37372984979856,175.64918462572038,3091,Low Priority,No immediate intervention
1447-PJGGA,0.1536602232826913,1143.0489463399697,175.64115631764477,3092,Valuable but Stable,Maintain relationship
9786-IJYDL,0.1292466526456839,1358.426964115894,175.57213797561786,3093,Valuable but Stable,Maintain relationship
1428-IEDPR,0.1337517004307381,1311.627093991228,175.43235415235432,3094,Valuable but Stable,Maintain relationship
1596-OQSPS,0.2859002185764361,613.181985756265,175.3088637548493,3095,Low Priority,No immediate intervention
2207-OBZNX,0.2862021904210584,611.9755964592109,175.14875619085987,3096,Low Priority,No immediate intervention
3179-GBRWV,0.2247133851137696,779.3451768828453,175.1292928694337,3097,Low Priority,No immediate intervention
4826-TZEVA,0.1950901175012883,897.622417375413,175.11726287755977,3098,Valuable but Stable,Maintain relationship
8718-PTMEZ,0.4697078306000877,372.6040718618326,175.01505026698058,3099,Low Priority,No immediate intervention
6227-FBDXH,0.1465742915269736,1193.9935842923685,175.00876370540576,3100,Valuable but Stable,Maintain relationship
4324-BZCKL,0.2625118415106128,666.6015678978742,174.99080514273277,3101,Low Priority,No immediate intervention
2001-MCUUW,0.134168300527992,1303.8247749951458,174.93195424739028,3102,Valuable but Stable,Maintain relationship
6749-UTDVX,0.1406355371619381,1243.8437730368369,174.92863716656737,3103,Valuable but Stable,Maintain relationship
1261-FWTTE,0.4205523756259936,415.7674289132353,174.85197993737253,3104,Low Priority,No immediate intervention
6476-YHMGA,0.1902805485475499,917.9754103352508,174.67286463175373,3105,Valuable but Stable,Maintain relationship
4450-YOOHP,0.2872075984124386,607.80579769688,174.5664434576774,3106,Low Priority,No immediate intervention
3577-AMVUX,0.2638979754271368,660.5797258714173,174.32565226568002,3107,Low Priority,No immediate intervention
3859-CVCET,0.3181967537488711,547.7854479022255,174.30355127335952,3108,Low Priority,No immediate intervention
1573-LGXBA,0.1488041762801877,1170.6197192139332,174.19310305497393,3109,Valuable but Stable,Maintain relationship
3086-RUCRN,0.1407049028014853,1237.2104469439655,174.08157568223282,3110,Valuable but Stable,Maintain relationship
5423-BHIXO,0.2676212235103399,650.400436142619,174.0609604921464,3111,Low Priority,No immediate intervention
1919-RTPQD,0.3236057173813039,536.9866386622532,173.77194642847346,3112,Low Priority,No immediate intervention
2108-XWMPY,0.4082837915388493,425.38312792535186,173.67703632601803,3113,Low Priority,No immediate intervention
5697-GOMBF,0.402642763005437,430.797116937706,173.4573414585743,3114,Low Priority,No immediate intervention
3683-QKIUE,0.2845416731368944,609.5874684736401,173.4530382027734,3115,Low Priority,No immediate intervention
5480-HPRRX,0.5713572297242281,303.57223308975114,173.44819011935786,3116,Low Priority,No immediate intervention
1895-QTKDO,0.3285338394902033,527.3859499859436,173.2641310420704,3117,Low Priority,No immediate intervention
7537-RBWEA,0.5738617238588501,301.80484198946147,173.19424689302025,3118,Low Priority,No immediate intervention
8375-KVTHK,0.1438289461977018,1203.6258169628572,173.11623287011568,3119,Valuable but Stable,Maintain relationship
3680-CTHUH,0.123721324449537,1399.192946183864,173.1100044623174,3120,Valuable but Stable,Maintain relationship
4797-AXPXK,0.2404357514000789,719.9842022494204,173.10994266402577,3121,Low Priority,No immediate intervention
1575-KRZZE,0.2612107067876275,662.3666484330199,173.0172603897411,3122,Low Priority,No immediate intervention
5985-BEHZK,0.1372570504611941,1259.993842222318,172.94303838270255,3123,Valuable but Stable,Maintain relationship
0136-IFMYD,0.1310685018369071,1319.4328495683098,172.9360868673196,3124,Valuable but Stable,Maintain relationship
6032-IGALN,0.5741009141277514,301.20492141157627,172.92202072216347,3125,Low Priority,No immediate intervention
5376-PCKNB,0.1379520728486502,1253.419589244139,172.91183048533264,3126,Valuable but Stable,Maintain relationship
5678-VFNEQ,0.1383719366511158,1249.2144187192669,172.85621841068286,3127,Valuable but Stable,Maintain relationship
7879-CGSFV,0.1427245512005126,1210.794970544937,172.81016876686402,3128,Valuable but Stable,Maintain relationship
2957-LOLHO,0.3170540587547538,544.777220231973,172.72382879167944,3129,Low Priority,No immediate intervention
7163-OCEQI,0.1829305785542596,943.7828751153137,172.64674737444687,3130,Valuable but Stable,Maintain relationship
1456-TWCGB,0.2920869893704695,590.9770688400699,172.61671282448074,3131,Low Priority,No immediate intervention
4625-EWPTF,0.4723575986112139,365.38462702176145,172.5922049894533,3132,Low Priority,No immediate intervention
8634-CILSZ,0.1372042853081099,1256.403520775999,172.38394712666394,3133,Valuable but Stable,Maintain relationship
4945-RVMTE,0.2411691958473147,714.5833833650255,172.3354999319966,3134,Low Priority,No immediate intervention
5600-PDUJF,0.2894897611512982,593.996314461612,171.95585119824347,3135,Low Priority,No immediate intervention
9281-PKKZE,0.3258614642997813,527.4192927307905,171.8656230292104,3136,Low Priority,No immediate intervention
4367-NHWMM,0.5750573274121422,298.80523910003495,171.83014221361225,3137,Low Priority,No immediate intervention
4075-JFPGR,0.1530742903680445,1122.011814734191,171.75116232499812,3138,Valuable but Stable,Maintain relationship
6959-GQEGV,0.18844102509427,911.3728676815581,171.7400374290173,3139,Valuable but Stable,Maintain relationship
1213-NGCUN,0.2882331334480659,595.789295182278,171.72621542520267,3140,Low Priority,No immediate intervention
1684-FLBGS,0.2058683813546605,834.0059057021217,171.69544584712344,3141,Low Priority,No immediate intervention
8216-AZUUZ,0.1424655571336799,1204.8558887985967,171.65046546348714,3142,Valuable but Stable,Maintain relationship
3059-NGMXB,0.2066441804174583,830.3647592613008,171.59004512509156,3143,Low Priority,No immediate intervention
4003-FUSHP,0.2320961903180089,738.5920349381062,171.42439750836016,3144,Low Priority,No immediate intervention
5482-PLVPE,0.5862722189806655,292.1730607464575,171.2929486501984,3145,Low Priority,No immediate intervention
6198-PNNSZ,0.1299858179101207,1317.577246368618,171.26635602898943,3146,Valuable but Stable,Maintain relationship
2043-WVTQJ,0.2561774623998211,668.3660995570278,171.22033133858557,3147,Low Priority,No immediate intervention
0369-ZGOVK,0.2025358097982398,844.8154438904743,171.1053800584166,3148,Valuable but Stable,Maintain relationship
1986-PHGZF,0.2441012514619517,700.7563653033224,171.05550574046956,3149,Low Priority,No immediate intervention
9136-ALYBR,0.5825723871701516,293.3981556028421,170.9256639008673,3150,Low Priority,No immediate intervention
1410-RSCMR,0.1995017430492755,856.1781807400203,170.80903941839168,3151,Valuable but Stable,Maintain relationship
3258-SANFR,0.3182923913496115,536.3598022157414,170.719244071053,3152,Low Priority,No immediate intervention
4816-OKWNX,0.137576699784627,1240.8061936876552,170.70602119987228,3153,Valuable but Stable,Maintain relationship
8849-GYOKR,0.1334918683474533,1278.5771100803952,170.67964725091943,3154,Valuable but Stable,Maintain relationship
6543-CPZMK,0.4743959278873481,359.4055230721059,170.50051660562937,3155,Low Priority,No immediate intervention
4081-DYXAV,0.3166661065820783,538.1926942917194,170.42738509227746,3156,Low Priority,No immediate intervention
1794-SWWKL,0.2380666363763698,715.7865182369094,170.4048887602141,3157,Low Priority,No immediate intervention
5167-GBFRE,0.5634243386837958,302.36370991494124,170.35907330080485,3158,Low Priority,No immediate intervention
5311-IHLEI,0.2785192455988584,611.3710250497284,170.27859667785108,3159,Low Priority,No immediate intervention
8791-GFXLZ,0.2889107828417122,588.5765600439279,170.04611472457321,3160,Low Priority,No immediate intervention
7389-KBFIT,0.4680940034190548,363.0127875974295,169.92410903879178,3161,Low Priority,No immediate intervention
8665-UTDHZ,0.4685646019179842,362.3912189591551,169.80369725016956,3162,Low Priority,No immediate intervention
7410-KTVFV,0.285549632474492,594.5999629162981,169.7878008800955,3163,Low Priority,No immediate intervention
9396-ZSFLL,0.2895809490901149,586.1884697150272,169.74901340575963,3164,Low Priority,No immediate intervention
1867-TJHTS,0.1772174844914399,957.6120335299167,169.70559570090424,3165,Valuable but Stable,Maintain relationship
1600-DILPE,0.3142737446341016,539.9856539051157,169.70331350145472,3166,Low Priority,No immediate intervention
0617-FHSGK,0.1880091117916333,902.419238797708,169.6630395500389,3167,Valuable but Stable,Maintain relationship
5285-MVEHD,0.1338581367519725,1267.2063434001207,169.62588000782037,3168,Valuable but Stable,Maintain relationship
1335-NTIUC,0.5660734256908225,299.39809998338126,169.48130810291602,3169,Low Priority,No immediate intervention
0567-GGCAC,0.2300001455867957,736.7627801799485,169.45554670432054,3170,Low Priority,No immediate intervention
5949-EBSQK,0.229770036614739,737.3835253005146,169.42863960740456,3171,Low Priority,No immediate intervention
6728-DKUCO,0.1355426700561758,1249.8153147804562,169.40330484244285,3172,Valuable but Stable,Maintain relationship
2748-MYRVK,0.1412695694293495,1198.7912836051373,169.35272847055498,3173,Valuable but Stable,Maintain relationship
1208-NBVFH,0.2842681407425123,595.2001845356015,169.19644982753564,3174,Low Priority,No immediate intervention
1810-BOHSY,0.146161406736351,1156.8004223058558,169.0795770374288,3175,Valuable but Stable,Maintain relationship
1699-HPSBG,0.2355460855597226,717.5807339372005,169.02333295198036,3176,Low Priority,No immediate intervention
4195-NZGTA,0.5576494684503526,302.9915147445409,168.9630571422604,3177,Low Priority,No immediate intervention
4402-FTBXC,0.1566971186302349,1077.6012323990242,168.8570081493172,3178,Valuable but Stable,Maintain relationship
2898-LSJGD,0.2513299763607168,671.3819756879377,168.73841607866072,3179,Low Priority,No immediate intervention
7554-AKDQF,0.3077442377373498,547.7933876824686,168.58025852990187,3180,Low Priority,No immediate intervention
5197-PYEPU,0.1485962797864904,1133.409056022868,168.42036920131608,3181,Valuable but Stable,Maintain relationship
2234-XADUH,0.1356978749483624,1238.4293730932313,168.05223420238417,3182,Valuable but Stable,Maintain relationship
3604-WLABM,0.2576984300172831,650.9902148866364,167.75915633289995,3183,Low Priority,No immediate intervention
1017-FBQMM,0.1318202916874641,1272.6292121138995,167.75835395084184,3184,Valuable but Stable,Maintain relationship
3845-JHAMY,0.3930632926212805,426.01447943190334,167.4506539898447,3185,Low Priority,No immediate intervention
3620-MWJNE,0.2560387486535965,653.3818252305986,167.29106492504533,3186,Low Priority,No immediate intervention
4747-LCAQL,0.176408946827799,947.975425311463,167.23134639783004,3187,Valuable but Stable,Maintain relationship
9938-EKRGF,0.1649705174385983,1013.363232866596,167.17505687925313,3188,Valuable but Stable,Maintain relationship
1304-SEGFY,0.1422229590666474,1174.2622237253363,167.00704817839883,3189,Valuable but Stable,Maintain relationship
1142-IHLOO,0.1589569674209036,1050.6115563587389,167.00202693614088,3190,Valuable but Stable,Maintain relationship
0345-XMMUG,0.1277695792093023,1306.8517674570235,166.97590041691686,3191,Valuable but Stable,Maintain relationship
2458-EOMRE,0.2171984956327689,768.5519213265394,166.9283211277985,3192,Low Priority,No immediate intervention
2606-RMDHZ,0.4551785845906327,365.9969357928926,166.59396719871754,3193,Low Priority,No immediate intervention
9494-BDNNC,0.1456692154376431,1143.6073669858054,166.58838791753107,3194,Valuable but Stable,Maintain relationship
2486-WYVVE,0.1749486138562878,951.5843242785089,166.4783584998974,3195,Valuable but Stable,Maintain relationship
9644-KVCNC,0.1500197696763235,1105.8071087183446,165.89292775636727,3196,Valuable but Stable,Maintain relationship
4250-FDVOU,0.2453982837367721,674.966343295557,165.6355822248146,3197,Low Priority,No immediate intervention
9227-LUNBG,0.5607839390899323,295.19254723203187,165.5392394267697,3198,Low Priority,No immediate intervention
0823-HSCDJ,0.280445337510756,589.7853183288832,165.40254265763232,3199,Low Priority,No immediate intervention
1848-LBZHY,0.2739097623133736,603.5763502313612,165.3254546298457,3200,Low Priority,No immediate intervention
2616-UUTFK,0.1893158963494592,872.9662937919212,165.2663963920829,3201,Valuable but Stable,Maintain relationship
5843-TTHGI,0.2754436262266914,600.0004693601934,165.2663050182885,3202,Low Priority,No immediate intervention
1625-JAIIY,0.1658831794823428,996.0393185482948,165.22616905021718,3203,Valuable but Stable,Maintain relationship
2676-OXPPQ,0.24713832992353,668.3578535563065,165.17684371918082,3204,Low Priority,No immediate intervention
2810-FTLEM,0.2744346202832742,601.7861648965446,165.15095765511106,3205,Low Priority,No immediate intervention
4455-BFSPD,0.136021662464614,1213.80449046696,165.10370470032962,3206,Valuable but Stable,Maintain relationship
7175-NTIXE,0.1805621113764751,913.7824588641353,164.99449011129528,3207,Valuable but Stable,Maintain relationship
6035-RIIOM,0.1413809209536587,1166.435595063733,164.91173866323948,3208,Valuable but Stable,Maintain relationship
5780-INQIK,0.2775358343627458,592.7926201060839,164.5211944252202,3209,Low Priority,No immediate intervention
9564-KCLHR,0.2674471776276184,614.9818259534019,164.47515364351656,3210,Low Priority,No immediate intervention
9978-HYCIN,0.1612044889849343,1019.3880558125519,164.32993061460812,3211,Valuable but Stable,Maintain relationship
7446-YPODE,0.2269468735016074,722.9256217369591,164.06570962740852,3212,Low Priority,No immediate intervention
7632-MNYOY,0.1232544070812164,1330.7811225970904,164.02463822057993,3213,Valuable but Stable,Maintain relationship
9881-VCZEP,0.2525863731311493,649.1939464012412,163.97754438018723,3214,Low Priority,No immediate intervention
2817-NTQDO,0.2997049148254238,546.5897256844753,163.81562718071743,3215,Low Priority,No immediate intervention
8329-GWVPJ,0.1955529230088717,837.0362194766434,163.68487938295308,3216,Low Priority,No immediate intervention
0665-XHDJU,0.1371869117300934,1192.8531649711513,163.64384184985985,3217,Valuable but Stable,Maintain relationship
0820-FNRNX,0.204446190967063,800.3965535589892,163.6380266383002,3218,Low Priority,No immediate intervention
9743-DQKQW,0.5418860099135581,301.1853174416054,163.2081099129799,3219,Low Priority,No immediate intervention
8167-GJLRN,0.4469434285699754,364.7920144121132,163.04139363629773,3220,Low Priority,No immediate intervention
2402-TAIRZ,0.1695442145685436,960.6066587310737,162.8653014638729,3221,Valuable but Stable,Maintain relationship
9142-KZXOP,0.1970908588529523,826.2216581383996,162.84073620540752,3222,Low Priority,No immediate intervention
8967-SZQAS,0.2687550507543707,605.3850623341742,162.70029315355885,3223,Low Priority,No immediate intervention
3253-HKOKL,0.1351754976725003,1203.5975354616999,162.6968958534301,3224,Valuable but Stable,Maintain relationship
9638-JIQYA,0.5436449672046272,298.7979679895195,162.44001150847157,3225,Low Priority,No immediate intervention
2273-QCKXA,0.2759634159323466,588.5853205264482,162.42801562011374,3226,Low Priority,No immediate intervention
6574-MCOEH,0.1710085948883377,949.7926618824963,162.42270854377972,3227,Valuable but Stable,Maintain relationship
0549-CYCQN,0.1699046716821655,955.1836581078014,162.29016582697582,3228,Valuable but Stable,Maintain relationship
5103-MHMHY,0.2938950304779627,551.3865778996877,162.0497751169683,3229,Low Priority,No immediate intervention
2049-BAFNW,0.3760841645063281,430.79836185360483,162.01644198840776,3230,Low Priority,No immediate intervention
8993-PHFWD,0.5344961970197074,302.9928774714864,161.94854073256766,3231,Low Priority,No immediate intervention
2709-UQGNP,0.2612112979573247,619.7766080621383,161.89265223549924,3232,Low Priority,No immediate intervention
8929-KSWIH,0.1357522316464893,1191.6095496605137,161.76365561768287,3233,Valuable but Stable,Maintain relationship
7580-UGXNC,0.2457818036472183,658.1499890073526,161.76129136862403,3234,Low Priority,No immediate intervention
4236-UJPWO,0.5500171847124088,293.9933874397339,161.70141528366688,3235,Low Priority,No immediate intervention
8205-MQUGY,0.2733983682520965,590.3873778404738,161.4109457382195,3236,Low Priority,No immediate intervention
2001-EWBQU,0.1284551400138623,1256.433271012385,161.3953117459709,3237,Valuable but Stable,Maintain relationship
5014-WUQMG,0.1398930375427056,1153.200592045679,161.32473371731652,3238,Valuable but Stable,Maintain relationship
4256-ZWTZI,0.2635671897333981,612.0048535292555,161.3043993479058,3239,Low Priority,No immediate intervention
2592-SEIFQ,0.5428816604261417,296.9858733964081,161.22818407254996,3240,Low Priority,No immediate intervention
0895-LMRSF,0.206846090632069,778.7607748561434,161.0836218165941,3241,Low Priority,No immediate intervention
5013-SBUIH,0.1222768643778475,1315.8341752333004,160.89607698873908,3242,Valuable but Stable,Maintain relationship
7421-ZLUPA,0.4577609244027112,351.0082365466935,160.67785483457996,3243,Low Priority,No immediate intervention
8894-JVDCV,0.1159850191958015,1380.60456929259,160.1294474712123,3244,Valuable but Stable,Maintain relationship
6333-YDVLT,0.1211556947433551,1320.0016990940394,159.9257229161475,3245,Valuable but Stable,Maintain relationship
8984-EYLLL,0.1265419082898705,1263.0535373906155,159.8292048936798,3246,Valuable but Stable,Maintain relationship
8769-KKTPH,0.1335741392055958,1195.815751001529,159.73005958852232,3247,Valuable but Stable,Maintain relationship
8676-OOQEJ,0.4360245281169363,365.9925369313565,159.5817232098151,3248,Low Priority,No immediate intervention
7088-FBAWU,0.1783578557168301,894.5714971327193,159.55385401398624,3249,Valuable but Stable,Maintain relationship
3090-LETTY,0.2179435900103677,731.3425931362879,159.39143027561428,3250,Low Priority,No immediate intervention
5760-WRAHC,0.1901855857752194,836.9681025402832,159.17926885679768,3251,Low Priority,No immediate intervention
4452-QIIEB,0.3021280828022384,526.7824734704327,159.15577876344284,3252,Low Priority,No immediate intervention
0292-WEGCH,0.1537905155335982,1034.4056627258578,159.081780141483,3253,Valuable but Stable,Maintain relationship
2019-HDCZY,0.1288946955738426,1231.2322919623655,158.69931145317358,3254,Valuable but Stable,Maintain relationship
6906-MPARY,0.147551895019939,1075.2157127122102,158.65011596590094,3255,Valuable but Stable,Maintain relationship
5650-VDUDS,0.5448625857147883,291.0083156779441,158.55954334478997,3256,Low Priority,No immediate intervention
8695-WDYEA,0.2578011823398529,614.9626550732056,158.53809957272753,3257,Low Priority,No immediate intervention
8740-XLHDR,0.3054441206839612,518.9911525158026,158.52279622294492,3258,Low Priority,No immediate intervention
9391-DXGGG,0.14810487373612,1069.78675049121,158.44063160607476,3259,Valuable but Stable,Maintain relationship
7733-UDMTP,0.2398823530122201,659.9911670537855,158.3202341201433,3260,Low Priority,No immediate intervention
7299-GNVPL,0.1562686313240339,1012.8170275511186,158.27153067708963,3261,Valuable but Stable,Maintain relationship
5215-LNLDJ,0.5338700018125379,296.4151603371006,158.24716218643158,3262,Low Priority,No immediate intervention
3694-DELSO,0.3414858483945814,462.5813683738827,157.96499103068172,3263,Low Priority,No immediate intervention
7789-CRUVC,0.1393573137236002,1130.4159847939209,157.5317350310989,3264,Valuable but Stable,Maintain relationship
0487-RPVUM,0.1320642146041615,1192.7983220082392,157.52597357717985,3265,Valuable but Stable,Maintain relationship
2108-YKQTY,0.2585411068328053,608.3824097172061,157.2918615858957,3266,Low Priority,No immediate intervention
4130-MZLCC,0.2590788013532709,606.5687500378077,157.149104698147,3267,Low Priority,No immediate intervention
2027-OAQQC,0.2666816570420782,588.5964853492259,156.96788604207487,3268,Low Priority,No immediate intervention
7742-MYPGI,0.2670384278465232,585.615606519072,156.38187088724112,3269,Low Priority,No immediate intervention
9907-SWKKF,0.518097745298455,300.57597977947495,155.72773741461998,3270,Low Priority,No immediate intervention
6133-OZILE,0.3682729726779588,422.41480073074683,155.56395436827972,3271,Low Priority,No immediate intervention
5996-NRVXR,0.1320137366841401,1177.7882440664766,155.48422712186758,3272,Valuable but Stable,Maintain relationship
5448-VWNAM,0.1705826926583455,910.7825361764847,155.36373744718173,3273,Valuable but Stable,Maintain relationship
5206-XZZQI,0.1606244700547146,967.237989826053,155.3620895325972,3274,Valuable but Stable,Maintain relationship
5740-YHGTW,0.1327134268963153,1170.620164835047,155.35701366918858,3275,Valuable but Stable,Maintain relationship
1697-NVVGY,0.1949750431453512,796.7320728013837,155.34287026973487,3276,Low Priority,No immediate intervention
2075-RMJIK,0.2620072029327411,592.7948012100268,155.3165077781094,3277,Low Priority,No immediate intervention
0584-BJQGZ,0.1651523029837455,940.1682845648863,155.27095738816837,3278,Valuable but Stable,Maintain relationship
8496-DMZUK,0.1430750071156937,1084.7641839963267,155.2026433441241,3279,Valuable but Stable,Maintain relationship
4332-MUOEZ,0.1371095015731328,1131.570569590498,155.14907679137917,3280,Valuable but Stable,Maintain relationship
8731-WBBMB,0.1578534106905909,982.7706771244963,155.1337033108032,3281,Valuable but Stable,Maintain relationship
4525-VZCZG,0.1220913489857069,1270.2004804212477,155.08049013692312,3282,Valuable but Stable,Maintain relationship
8268-YDIXR,0.1386921532901563,1117.8025855590856,155.03044754449377,3283,Valuable but Stable,Maintain relationship
0931-MHTEM,0.1290497590045499,1200.6032834758762,154.93756439263313,3284,Valuable but Stable,Maintain relationship
9069-LGEUL,0.2152660299610811,719.369909154553,154.8559044171642,3285,Low Priority,No immediate intervention
2625-TRCZQ,0.259882077451161,595.8187830534068,154.84262312434197,3286,Low Priority,No immediate intervention
6837-HAEVO,0.1227747409760344,1260.0498122231882,154.70228931260272,3287,Valuable but Stable,Maintain relationship
9163-GHAYE,0.263799732790419,586.188285205317,154.63631300203656,3288,Low Priority,No immediate intervention
9327-QSDED,0.2957007392074704,522.5837107887082,154.52838957800395,3289,Low Priority,No immediate intervention
8217-QYOHV,0.2309032752494631,668.9818043460349,154.47008970579498,3290,Low Priority,No immediate intervention
6655-LHBYW,0.112407676001399,1372.181250449702,154.24370541574464,3291,Valuable but Stable,Maintain relationship
7501-VTYLJ,0.249337028168483,618.5835016126424,154.23577196615025,3292,Low Priority,No immediate intervention
8455-HIRAQ,0.2890506369628872,533.3900794868691,154.17674222536453,3293,Low Priority,No immediate intervention
5071-FBJFS,0.2553289305831379,603.5795218477983,154.11131383528004,3294,Low Priority,No immediate intervention
9626-WEQRM,0.4402154700893225,349.7964771451732,153.98582062205136,3295,Low Priority,No immediate intervention
2911-UREFD,0.2291618984889278,670.7869660396757,153.71881461928,3296,Low Priority,No immediate intervention
8561-NMTBD,0.1139773115896889,1348.2265477435444,153.66723732565654,3297,Valuable but Stable,Maintain relationship
9040-KZVWO,0.169569650383489,905.9846356694709,153.62749792328484,3298,Valuable but Stable,Maintain relationship
3070-BDOQC,0.1284552545513561,1195.8491389106225,153.613105543784,3299,Valuable but Stable,Maintain relationship
5651-WYIPH,0.2567164227988446,598.1811901167491,153.5629353123274,3300,Low Priority,No immediate intervention
7963-GQRMY,0.2885472107725023,531.5971386097156,153.39087160047671,3301,Low Priority,No immediate intervention
2391-SOORI,0.2589577284009075,592.1666555184547,153.34613194782176,3302,Low Priority,No immediate intervention
3030-YZADT,0.2840617003672104,539.3821683329699,153.21781588441632,3303,Low Priority,No immediate intervention
4700-UBQMV,0.1681299117282578,910.7487216022425,153.12410216960868,3304,Valuable but Stable,Maintain relationship
2040-OBMLJ,0.1560899401712281,980.4033613721076,153.0311020202432,3305,Valuable but Stable,Maintain relationship
7868-BGSZA,0.1588377493221028,962.3671878558254,152.86023814046058,3306,Valuable but Stable,Maintain relationship
2972-YDYUW,0.1344660189412906,1136.4145887387874,152.80914561450874,3307,Valuable but Stable,Maintain relationship
5343-SGUBI,0.1587008638106749,962.4264831487219,152.73791422997212,3308,Valuable but Stable,Maintain relationship
9565-JSNFM,0.1805486296199016,845.4041521329957,152.63656114258717,3309,Valuable but Stable,Maintain relationship
5968-XQIVE,0.1417527144713824,1076.4287407689196,152.58669593900638,3310,Valuable but Stable,Maintain relationship
2446-ZKVAF,0.223759918490402,681.5816478948466,152.51065397750475,3311,Low Priority,No immediate intervention
3865-YIOTT,0.1196199939266882,1273.1931962132805,152.29936239853336,3312,Valuable but Stable,Maintain relationship
7572-KPVKK,0.1218045140219364,1248.649952734098,152.09120067629067,3313,Valuable but Stable,Maintain relationship
7636-OWBPG,0.4316436151976551,352.18228572274654,152.01723501793984,3314,Low Priority,No immediate intervention
7396-VJUZB,0.2798861047963583,542.988512656784,151.97493975667535,3315,Low Priority,No immediate intervention
4338-EYCER,0.2318940777361411,655.1728632738157,151.93070688662834,3316,Low Priority,No immediate intervention
8213-TAZPM,0.1163289886812619,1305.0190495535326,151.81154624434404,3317,Valuable but Stable,Maintain relationship
0742-MOABM,0.2527527369156174,600.5923532278703,151.80136104893543,3318,Low Priority,No immediate intervention
6629-LADHQ,0.2482897493164652,611.3716112655916,151.79730410033713,3319,Low Priority,No immediate intervention
4468-YDOVK,0.2599683036291171,583.7860545854425,151.76587029291264,3320,Low Priority,No immediate intervention
2896-TBNBE,0.1564241984769415,969.6062902468441,151.6698867900633,3321,Valuable but Stable,Maintain relationship
5701-ZIKJE,0.2497179562069044,606.5995703192759,151.47880493611598,3322,Low Priority,No immediate intervention
6898-MDLZW,0.2346491361059855,644.9989435667903,151.34844489722065,3323,Low Priority,No immediate intervention
6563-VNPMN,0.1470912662792475,1028.3928825466678,151.26761132635482,3324,Valuable but Stable,Maintain relationship
4119-ZYPZY,0.1180191956439818,1281.628702836451,151.25678862299773,3325,Valuable but Stable,Maintain relationship
4729-XKASR,0.5090569329010136,296.98816129003126,151.18388249421486,3326,Low Priority,No immediate intervention
7054-ENNGU,0.2477532996696908,610.1923094992865,151.17715811151746,3327,Low Priority,No immediate intervention
4829-ZLJTK,0.1120618536480377,1348.8196293911371,151.15122790643005,3328,Valuable but Stable,Maintain relationship
9701-CDXHR,0.1820472424795522,829.8404806773067,151.07017120520982,3329,Low Priority,No immediate intervention
6317-YPKDH,0.4200154631018187,359.3791655112051,150.94480663133396,3330,Low Priority,No immediate intervention
6839-ITVZJ,0.2093681305440559,720.612398962895,150.8732708177287,3331,Low Priority,No immediate intervention
3428-MMGUB,0.1403474113661574,1074.6470722131908,150.82393471734133,3332,Valuable but Stable,Maintain relationship
2933-FILNV,0.514927828098776,292.8169423585208,150.77959215919762,3333,Low Priority,No immediate intervention
6994-FGRHH,0.1183428945659732,1273.8254739216848,150.7481937557648,3334,Valuable but Stable,Maintain relationship
8992-VONJD,0.2242569866816153,671.9836166656037,150.69702097284198,3335,Low Priority,No immediate intervention
3237-AJGEH,0.4049806377371625,372.02225571751956,150.6618103728988,3336,Low Priority,No immediate intervention
2894-QOJRX,0.3691622125837299,408.0049840458155,150.62002265554267,3337,Low Priority,No immediate intervention
5651-CPDND,0.2725248965256633,551.981181832034,150.42861446288842,3338,Low Priority,No immediate intervention
2607-FBDFF,0.2557443485066817,587.9852457707998,150.37390361119432,3339,Low Priority,No immediate intervention
2696-ECXKC,0.1240778725608788,1210.8000126240472,150.23348966307697,3340,Valuable but Stable,Maintain relationship
3729-OWRVL,0.1134175282853123,1324.2137188923448,150.18904691827112,3341,Valuable but Stable,Maintain relationship
6732-FZUGP,0.1318697160428253,1138.7918626451428,150.1721595588951,3342,Valuable but Stable,Maintain relationship
5482-NUPNA,0.2069381019952755,724.7866726484484,149.98597838934097,3343,Low Priority,No immediate intervention
6465-GSRCL,0.1172274497568197,1279.210588925489,149.9585950416545,3344,Valuable but Stable,Maintain relationship
7446-KQISO,0.1137880864779578,1317.0310089327293,149.8624383385894,3345,Valuable but Stable,Maintain relationship
1324-NLTJE,0.2268936123141862,659.9730973722018,149.743680092961,3346,Low Priority,No immediate intervention
6834-NXDCA,0.5218784738264807,286.81029159790586,149.680117256843,3347,Low Priority,No immediate intervention
1862-SKORY,0.3168600569398752,471.60137960133875,149.43163999340388,3348,Low Priority,No immediate intervention
2851-STERV,0.1704180629774565,875.9645927698953,149.28018913668205,3349,Valuable but Stable,Maintain relationship
4274-DRSQT,0.1397839708968647,1066.8134727833947,149.1234234319372,3350,Valuable but Stable,Maintain relationship
4012-ZTHBR,0.2762505544042789,539.4121144532337,149.01289567009016,3351,Low Priority,No immediate intervention
5149-CUZUJ,0.1335983049935786,1114.7936423687559,148.93454103808344,3352,Valuable but Stable,Maintain relationship
8905-IAZPF,0.1296910325983794,1147.8311252928893,148.86340388779462,3353,Valuable but Stable,Maintain relationship
8930-XOTDP,0.2216333807234405,671.3948571900728,148.80351199936737,3354,Low Priority,No immediate intervention
8199-ZLLSA,0.1047411145039632,1420.1803566449441,148.7512733516274,3355,Valuable but Stable,Maintain relationship
1679-JRFBR,0.1144529499198028,1297.8160924114004,148.53888022987618,3356,Valuable but Stable,Maintain relationship
5193-QLVZB,0.1180879529666847,1257.0258722981766,148.4396120858529,3357,Valuable but Stable,Maintain relationship
4713-ZBURT,0.1240017272794589,1196.4116862888966,148.3571156371533,3358,Valuable but Stable,Maintain relationship
9896-UYMIE,0.1080971837685369,1371.5861084727612,148.26459562195245,3359,Valuable but Stable,Maintain relationship
7351-MHQVU,0.2423657723378228,611.3806387707361,148.17774070806092,3360,Low Priority,No immediate intervention
4277-UDIEF,0.1523296307515598,971.9540773593096,148.05740571161664,3361,Valuable but Stable,Maintain relationship
7080-TNUWP,0.1298155414523243,1140.009223495098,147.99091460865992,3362,Valuable but Stable,Maintain relationship
6617-WLBQC,0.1505407066193189,982.1965272878763,147.86055925695803,3363,Valuable but Stable,Maintain relationship
6158-HDPXZ,0.4856732405772105,304.1882699101823,147.73610279285342,3364,Low Priority,No immediate intervention
2436-QBZFP,0.3139844927264475,470.4050333886523,147.6998857845036,3365,Low Priority,No immediate intervention
2307-FYNNL,0.1128588027305688,1308.6157838673269,147.68881060159129,3366,Valuable but Stable,Maintain relationship
0975-VOOVL,0.4211815082126689,350.39645305684905,147.58050657085332,3367,Low Priority,No immediate intervention
5951-AOFIH,0.1848735927012905,796.7878279919942,147.30502838153785,3368,Low Priority,No immediate intervention
7758-XKCBS,0.4129760012439645,356.4097587779873,147.18867698445916,3369,Low Priority,No immediate intervention
2324-EFHVG,0.1172390021294128,1252.8271096164522,146.8802001721093,3370,Valuable but Stable,Maintain relationship
1732-VHUBQ,0.1733465405918165,846.6038835781742,146.75585446987347,3371,Valuable but Stable,Maintain relationship
4282-MSACW,0.1043343417686172,1406.3974440262698,146.7355515875465,3372,Valuable but Stable,Maintain relationship
6131-FOYAS,0.205069734318203,715.180847555299,146.66194639763242,3373,Low Priority,No immediate intervention
9762-YAQAA,0.1497793252233025,976.7993107242401,146.30434163886366,3374,Valuable but Stable,Maintain relationship
6954-OOYZZ,0.2747195813277598,532.1895533305157,146.20289127796676,3375,Low Priority,No immediate intervention
8885-QSQBX,0.2457068696188832,594.558420234352,146.0870882413311,3376,Low Priority,No immediate intervention
1347-KTTTA,0.1187309873374314,1229.4281704850994,145.9712205421478,3377,Valuable but Stable,Maintain relationship
8910-ICHIU,0.1271385498345578,1147.802973840931,145.93000558992884,3378,Valuable but Stable,Maintain relationship
0917-EZOLA,0.1167507969836234,1249.8189697284847,145.91736080105167,3379,Valuable but Stable,Maintain relationship
8069-YQQAJ,0.3909326500715725,373.20158781306145,145.89668573467878,3380,Low Priority,No immediate intervention
1400-WIVLL,0.112620908278016,1295.4348213299222,145.8930461931452,3381,Valuable but Stable,Maintain relationship
2087-QAREY,0.2221933279857132,656.4074438149286,145.84935445583403,3382,Low Priority,No immediate intervention
4323-SADQS,0.352120327233514,414.0028558555299,145.7788210794585,3383,Low Priority,No immediate intervention
8095-WANWK,0.2682708220747499,542.9901714599796,145.66841967607812,3384,Low Priority,No immediate intervention
0036-IHMOT,0.1170356237329362,1244.416922268556,145.64111068152124,3385,Valuable but Stable,Maintain relationship
2889-FPWRM,0.102920581206657,1413.591214158867,145.48762934985453,3386,Valuable but Stable,Maintain relationship
4976-LNFVV,0.3534738436728696,411.589705529731,145.4861952297786,3387,Low Priority,No immediate intervention
8080-POTJR,0.1528801544826182,951.5655391000043,145.47548661794454,3388,Valuable but Stable,Maintain relationship
8260-NGFNY,0.4809064265664049,302.39630647275146,145.42432715269032,3389,Low Priority,No immediate intervention
6297-NOOPG,0.1096661399617355,1326.0610205443668,145.42399347682036,3390,Valuable but Stable,Maintain relationship
4827-USJHP,0.2339477478723876,621.5923762223803,145.4201365118717,3391,Low Priority,No immediate intervention
1958-RNRKS,0.2425406354012496,598.7910887536866,145.2311711389252,3392,Low Priority,No immediate intervention
7521-AFHAB,0.2701416295744145,537.5977071155141,145.2275206556538,3393,Low Priority,No immediate intervention
7919-ZODZZ,0.1835446803950353,790.786158289844,145.14459268412722,3394,Low Priority,No immediate intervention
4283-IVYCI,0.1859809810190772,779.3672439082156,144.94748459618435,3395,Low Priority,No immediate intervention
0516-WJVXC,0.2228322859409039,650.3788963271242,144.92541619629523,3396,Low Priority,No immediate intervention
3055-MJDSB,0.4909318679393099,295.20336824428,144.92474099414034,3397,Low Priority,No immediate intervention
2320-SLKMB,0.2708856484490799,533.4161201566327,144.49477160182178,3398,Low Priority,No immediate intervention
8008-ESFLK,0.1089426175667236,1325.9986174341998,144.45776027313826,3399,Valuable but Stable,Maintain relationship
3082-VQXNH,0.4034978832430961,357.5941245707823,144.28847232447868,3400,Low Priority,No immediate intervention
3132-TVFDZ,0.2680639709327588,538.1969948750807,144.27122359029175,3401,Low Priority,No immediate intervention
4307-KWMXE,0.3360967902971938,428.993423416478,144.18331266888327,3402,Low Priority,No immediate intervention
1809-DMJHQ,0.2611935055020158,551.989223931464,144.1760003979963,3403,Low Priority,No immediate intervention
7595-EHCDL,0.237346494314469,607.195080857731,144.11562380657298,3404,Low Priority,No immediate intervention
1049-FYSYG,0.3358696207150795,427.81456166153464,143.6899145616476,3405,Low Priority,No immediate intervention
6464-KEXXH,0.4740023669184822,303.0015002155533,143.62342828202324,3406,Low Priority,No immediate intervention
3439-GVUSX,0.4903168658036068,292.7897789303613,143.55976674446566,3407,Low Priority,No immediate intervention
0423-UDIJQ,0.2431681202915834,590.3699682082656,143.5591554458058,3408,Low Priority,No immediate intervention
7395-XWZOY,0.2171733515460996,659.9885580741675,143.33192713904455,3409,Low Priority,No immediate intervention
4939-KYYPY,0.200915799989626,713.386349699462,143.3305891515465,3410,Low Priority,No immediate intervention
7964-ZRKKG,0.1348113132845171,1060.8137271250869,143.0096917039763,3411,Valuable but Stable,Maintain relationship
0824-VWDPO,0.1231050672916156,1160.9739640093335,142.9217779631827,3412,Valuable but Stable,Maintain relationship
4439-YRNVD,0.3282214775381141,435.00042749155625,142.77648304098986,3413,Low Priority,No immediate intervention
9470-RTWDV,0.1449829153234183,983.9801251097574,142.66030715871452,3414,Valuable but Stable,Maintain relationship
0815-MFZGM,0.1200515192274463,1188.059020125572,142.6282902979461,3415,Valuable but Stable,Maintain relationship
9076-AXYIK,0.1163685262974458,1225.2283183020295,142.578013778705,3416,Valuable but Stable,Maintain relationship
8050-WYBND,0.2402084124439234,593.3950181668866,142.53847526600094,3417,Low Priority,No immediate intervention
7075-BNDVQ,0.3391374842695179,419.98266466189114,142.43186433024232,3418,Low Priority,No immediate intervention
4647-XXZAM,0.2604566011752288,545.9972765693813,142.20859490619242,3419,Low Priority,No immediate intervention
6656-JWRQX,0.3875348484069262,366.6029240211446,142.07140858607016,3420,Low Priority,No immediate intervention
1095-WGNGG,0.1170794861308871,1212.6408261585088,141.9753647879726,3421,Valuable but Stable,Maintain relationship
9895-VFOXH,0.4848145139219214,292.79757722658644,141.95251508062375,3422,Low Priority,No immediate intervention
0835-JKADZ,0.1062835826015636,1335.0539335228214,141.8943150211152,3423,Valuable but Stable,Maintain relationship
7854-EDSSA,0.200383790806524,707.9656884285295,141.86484840825918,3424,Low Priority,No immediate intervention
3865-ZYKAD,0.1390451902272719,1018.8093582054131,141.66054101699646,3425,Valuable but Stable,Maintain relationship
5913-INRQV,0.1309496556455149,1081.779487882099,141.6586514225423,3426,Valuable but Stable,Maintain relationship
4923-ADWXJ,0.1793500259551254,789.5875092435309,141.61254027667007,3427,Low Priority,No immediate intervention
2828-SLQPF,0.2622284440304838,539.9826251531999,141.5988035974196,3428,Low Priority,No immediate intervention
2277-BKJKN,0.1187247545594427,1190.4433608015322,141.33509582808,3429,Valuable but Stable,Maintain relationship
6542-LWGXJ,0.4707715973498788,299.9967656452282,141.22995656260133,3430,Low Priority,No immediate intervention
9099-FTUHS,0.2160684554791137,652.7763372964515,141.04437497295726,3431,Low Priority,No immediate intervention
0733-VUNUW,0.2109758669855544,667.765669724545,140.88244111332526,3432,Low Priority,No immediate intervention
9375-MHRRS,0.2345636105584538,600.5871389015181,140.8758877557117,3433,Low Priority,No immediate intervention
9031-ZVQPT,0.1083619322406719,1298.4582383923625,140.7034436460154,3434,Valuable but Stable,Maintain relationship
6103-LIANB,0.1177658040600439,1194.051155523082,140.61839441900028,3435,Valuable but Stable,Maintain relationship
2242-MFOTG,0.1461326966077913,961.1735154173116,140.4588777159222,3436,Valuable but Stable,Maintain relationship
9693-XMUOB,0.232542013769913,602.9949176399671,140.22165244102078,3437,Low Priority,No immediate intervention
3521-MNKLV,0.2350560509953558,596.3972357774929,140.1867790664036,3438,Low Priority,No immediate intervention
0186-CAERR,0.1004252237676365,1395.5863384055374,140.15207032143257,3439,Valuable but Stable,Maintain relationship
7566-DSRLQ,0.1059960847782707,1321.862939226115,140.11229617146537,3440,Valuable but Stable,Maintain relationship
7797-EJMDP,0.1766815647875654,792.5578800674667,140.0303664350356,3441,Low Priority,No immediate intervention
3920-HIHMQ,0.2357081685373279,594.0070389409004,140.01231124704086,3442,Low Priority,No immediate intervention
2209-XADXF,0.4618647778750149,302.9814935636586,139.93648022501944,3443,Low Priority,No immediate intervention
4683-WYDOU,0.1083728118690528,1291.2372190158019,139.93500821471844,3444,Valuable but Stable,Maintain relationship
6366-ZGQGL,0.4695350654576915,297.57441006646565,139.72162010909187,3445,Low Priority,No immediate intervention
1816-FLZDK,0.3993260356202736,349.7973495441307,139.68318886393683,3446,Low Priority,No immediate intervention
1777-JYQPJ,0.4789874610317012,291.5906191380634,139.66825032160278,3447,Low Priority,No immediate intervention
7954-MLBUN,0.1169260313087022,1193.4133995750062,139.5410925229319,3448,Valuable but Stable,Maintain relationship
0536-ACXIP,0.1059758729002345,1314.6447214112948,139.32062190524755,3449,Valuable but Stable,Maintain relationship
7950-XWOVN,0.3344418522191244,416.38930523452217,139.25801048686796,3450,Low Priority,No immediate intervention
5542-DHSXL,0.211962650078469,656.3787320135604,139.1277754927395,3451,Low Priority,No immediate intervention
8809-RIHDD,0.1121125096647049,1240.8543978212765,139.11530066822945,3452,Valuable but Stable,Maintain relationship
8706-HRADD,0.266059729523479,522.5985076546079,139.04241759595877,3453,Low Priority,No immediate intervention
4801-JZAZL,0.3905401488610913,355.20604725822074,138.72222257258537,3454,Low Priority,No immediate intervention
3890-RTCMS,0.2337552867735575,593.4033616962174,138.71117298569237,3455,Low Priority,No immediate intervention
5882-CMAZQ,0.3370306811042926,411.0104252326463,138.5231235571237,3456,Low Priority,No immediate intervention
7824-PANSQ,0.1431070500783432,967.8135998433429,138.5009492992829,3457,Valuable but Stable,Maintain relationship
7130-CTCUS,0.2112981126357016,654.552505993349,138.3057091373634,3458,Low Priority,No immediate intervention
5445-GLVOT,0.2308674610666694,597.590809032184,137.9642728380372,3459,Low Priority,No immediate intervention
3402-XRIUO,0.1807318379408136,762.5805555213511,137.82258537730044,3460,Low Priority,No immediate intervention
2558-BUOZZ,0.1209518016813308,1137.570845511527,137.59124330477403,3461,Valuable but Stable,Maintain relationship
8409-WQJUX,0.2113025259320404,650.3879680275776,137.42862048003428,3462,Low Priority,No immediate intervention
8190-ZTQFB,0.2227772383989138,616.1889389873843,137.27287015956625,3463,Low Priority,No immediate intervention
3639-XJHKQ,0.1887560909535728,727.1843340106207,137.26047229052196,3464,Low Priority,No immediate intervention
9526-BIHHD,0.3848886751131518,356.37730502067296,137.16558876980238,3465,Low Priority,No immediate intervention
3468-DRVQJ,0.1625422895191793,843.5588390177387,137.11398503808405,3466,Low Priority,No immediate intervention
2419-FSORS,0.1053622180301375,1300.8579207039038,137.06127586743602,3467,Valuable but Stable,Maintain relationship
1768-HNVGJ,0.1630137471811704,840.575258892582,137.02532273986222,3468,Low Priority,No immediate intervention
3723-BFBGR,0.2083605731672633,657.5617709473524,137.00994748747107,3469,Low Priority,No immediate intervention
7502-BNYGS,0.1652004283851841,829.2086201457254,136.9856192687612,3470,Low Priority,No immediate intervention
7108-DGVUU,0.1591270900705103,860.3376449909192,136.90302592552072,3471,Valuable but Stable,Maintain relationship
3982-XWFZQ,0.2264904026185204,603.0149635513774,136.57710187974388,3472,Low Priority,No immediate intervention
6994-ORCWG,0.2097778005685304,650.9880513818131,136.5628416152702,3473,Low Priority,No immediate intervention
4324-AHJKS,0.2036635945350043,669.5697332318539,136.3669786618433,3474,Low Priority,No immediate intervention
4389-UEFCZ,0.1076136062824471,1266.0460169762575,136.24377760634331,3475,Valuable but Stable,Maintain relationship
2931-XIQBR,0.1101554283169787,1236.6156877047388,136.21993074261067,3476,Valuable but Stable,Maintain relationship
0799-DDIHE,0.2451213050083341,555.5974257807051,136.18876606663747,3477,Low Priority,No immediate intervention
7246-ZGQDF,0.2078676615982849,653.9793449611135,135.94115717064477,3478,Low Priority,No immediate intervention
5999-LCXAO,0.3787669732656472,358.7847856284393,135.895827306248,3479,Low Priority,No immediate intervention
9828-QHFBK,0.2213611068496894,613.7822290658078,135.86751359067682,3480,Low Priority,No immediate intervention
1442-BQPVU,0.3882848740601637,349.79863380759537,135.82151847439948,3481,Low Priority,No immediate intervention
1346-PJWTK,0.1201762913601217,1129.8296039924135,135.7787316766832,3482,Valuable but Stable,Maintain relationship
2108-GLPQB,0.2036287878688308,666.5872013644276,135.73634382271464,3483,Low Priority,No immediate intervention
6778-JFCMK,0.2234439000026276,607.1752682819006,135.66960993004957,3484,Low Priority,No immediate intervention
8947-YRTDV,0.1191587035805963,1137.5886927800702,135.55359383961843,3485,Valuable but Stable,Maintain relationship
7674-YTAFD,0.1412723110102742,959.4137067510583,135.53859156765552,3486,Valuable but Stable,Maintain relationship
0193-ESZXP,0.1069616351197875,1265.9984797276081,135.41326745083012,3487,Valuable but Stable,Maintain relationship
5240-CAOYT,0.1288150052673332,1050.6192950796592,135.3355300296482,3488,Valuable but Stable,Maintain relationship
6483-OATDN,0.2198196451907531,615.5858747860987,135.31786857991958,3489,Low Priority,No immediate intervention
6156-UZDLF,0.1291773614802322,1045.8068229383223,135.09456600519687,3490,Valuable but Stable,Maintain relationship
6386-SZZKH,0.1041371691443273,1295.4443918789743,134.90391175417096,3491,Valuable but Stable,Maintain relationship
5016-ETTFF,0.380858191003481,353.99174614464977,134.8206560668148,3492,Low Priority,No immediate intervention
0807-ZABDG,0.2035913075465348,661.1929230233741,134.61313173884406,3493,Low Priority,No immediate intervention
2805-EDJPQ,0.1121436557075872,1197.0330636372573,134.2396637591349,3494,Valuable but Stable,Maintain relationship
9114-VEPUF,0.1164005427727766,1153.195379613816,134.23256811010634,3495,Valuable but Stable,Maintain relationship
9695-IDRZR,0.0962287072580044,1393.8250932904602,134.12598687110838,3496,Valuable but Stable,Maintain relationship
5693-PIPCS,0.1121098390779788,1195.844132552681,134.06589326282622,3497,Valuable but Stable,Maintain relationship
6295-OSINB,0.1018258989431984,1315.8367642708404,133.98626138438777,3498,Valuable but Stable,Maintain relationship
8735-IJJEG,0.2221738144797294,602.3875947025576,133.83474971033647,3499,Low Priority,No immediate intervention
2011-TRQYE,0.3316871402749898,402.0042828264163,133.33965094899222,3500,Low Priority,No immediate intervention
1685-VAYJF,0.2457925048650736,542.3829797715788,133.31367119423888,3501,Low Priority,No immediate intervention
5337-IIWKZ,0.2473656543187051,538.2188069368053,133.13684734455566,3502,Low Priority,No immediate intervention
6351-SCJKT,0.2682866644394864,496.17921410829274,133.1182663173196,3503,Low Priority,No immediate intervention
8963-JLGJT,0.1982213335495796,670.7642181627855,132.95977782156848,3504,Low Priority,No immediate intervention
2947-DOMLJ,0.2189298765027872,607.1673381812652,132.92707036455042,3505,Low Priority,No immediate intervention
0795-GMVQO,0.1007770002070041,1318.791363535579,132.90383751602027,3506,Valuable but Stable,Maintain relationship
7036-ZZKBD,0.1666860793881187,796.8028007976835,132.815934910438,3507,Low Priority,No immediate intervention
5056-FIMPT,0.1044042684265114,1272.0051035812614,132.80276227419046,3508,Valuable but Stable,Maintain relationship
6397-JNZZG,0.1991436673238938,666.5834334089404,132.74586950640895,3509,Low Priority,No immediate intervention
9738-QLWTP,0.1349744589467835,982.8072626318884,132.6538785227085,3510,Valuable but Stable,Maintain relationship
7143-BQIBA,0.1772810186553489,746.9577001879039,132.4214219817683,3511,Low Priority,No immediate intervention
7641-TQFHN,0.1097125106305327,1206.6321611350215,132.3826438056687,3512,Valuable but Stable,Maintain relationship
0308-GIQJT,0.1042530034516751,1268.97419458432,132.29437108808574,3513,Valuable but Stable,Maintain relationship
0750-EBAIU,0.1207585614240975,1094.9881010223794,132.22918785596687,3514,Valuable but Stable,Maintain relationship
3566-VVORZ,0.2399685171685271,550.7823452657535,132.1704226760266,3515,Low Priority,No immediate intervention
1142-WACZW,0.3687538858900269,358.18218551101967,132.08107276377098,3516,Low Priority,No immediate intervention
8734-FNWVH,0.1842942480461816,716.3756166943546,132.02390559730568,3517,Low Priority,No immediate intervention
9770-KXGQU,0.1114313146888194,1183.1953653935823,131.84501509952491,3518,Valuable but Stable,Maintain relationship
6900-RBKER,0.1226797819184775,1073.4461186689707,131.69013573954544,3519,Valuable but Stable,Maintain relationship
1120-BMWUB,0.2030618214378176,646.8092290505624,131.34226017379777,3520,Low Priority,No immediate intervention
5366-OBVMR,0.2175799113374262,603.6177495967358,131.33509643895454,3521,Low Priority,No immediate intervention
1309-XGFSN,0.1353621053316318,970.1645660923957,131.32351818441572,3522,Valuable but Stable,Maintain relationship
8465-SBRXP,0.1151789120045231,1138.8389062581675,131.1702261712368,3523,Valuable but Stable,Maintain relationship
5649-TJHOV,0.2994127455057048,437.9653367075851,131.13240389994849,3524,Low Priority,No immediate intervention
5590-YRFJT,0.4468709148961565,293.42076455225134,131.1212055049943,3525,Low Priority,No immediate intervention
5223-UZAVK,0.1089284231200668,1203.6019017038052,131.10645721690915,3526,Valuable but Stable,Maintain relationship
5236-PERKL,0.0967000996545233,1355.412502021225,131.0685240184392,3527,Valuable but Stable,Maintain relationship
4929-ROART,0.1941799839765484,674.966905870715,131.0650629666759,3528,Low Priority,No immediate intervention
9537-VHDTA,0.2132115035472847,614.374183412114,130.99164338593206,3529,Low Priority,No immediate intervention
6305-YLBMM,0.1048798065691733,1248.6078794322802,130.95375287560321,3530,Valuable but Stable,Maintain relationship
0810-BDHAW,0.1389046499296319,940.7612955957655,130.67611843207675,3531,Valuable but Stable,Maintain relationship
4524-QCSSM,0.2437555728389481,535.7752360011323,130.5981995643786,3532,Low Priority,No immediate intervention
0864-FVJNJ,0.0960076426037369,1360.2058458223728,130.59015671322803,3533,Valuable but Stable,Maintain relationship
8807-ARQET,0.2693545127310252,484.21416139772555,130.42526950074634,3534,Low Priority,No immediate intervention
4079-VTGLK,0.1450190498449413,898.1795612493286,130.25314656252388,3535,Valuable but Stable,Maintain relationship
1453-RZFON,0.2175089925158267,598.7762483870958,130.23921852908362,3536,Low Priority,No immediate intervention
4456-RHSNB,0.2185549790379609,595.1972802874716,130.0833291166797,3537,Low Priority,No immediate intervention
0384-RVBPI,0.1679666172798335,772.7642786559815,129.79860184053584,3538,Low Priority,No immediate intervention
3523-QRQLL,0.1555230380636868,833.9759502545377,129.70247345563584,3539,Low Priority,No immediate intervention
6180-YBIQI,0.4448065388224616,291.5926632284817,129.7023232766846,3540,Low Priority,No immediate intervention
5156-UMKOW,0.3644852974504124,355.79938887838546,129.6836460880133,3541,Low Priority,No immediate intervention
4622-YNKIJ,0.1213994556037517,1067.436143185263,129.5861666744593,3542,Valuable but Stable,Maintain relationship
4742-DRORA,0.1130108706088593,1144.796232312163,129.37441888333947,3543,Valuable but Stable,Maintain relationship
4450-MDZFX,0.144970541635517,892.2200817159404,129.34562850444513,3544,Valuable but Stable,Maintain relationship
7159-NOKYQ,0.1156636512806652,1117.8576184358672,129.29549376020105,3545,Valuable but Stable,Maintain relationship
3733-ZEECP,0.2107525153232446,613.2103443150395,129.23562248662745,3546,Low Priority,No immediate intervention
3058-WQDRE,0.4273756767127351,301.7904865679312,128.9779134224352,3547,Low Priority,No immediate intervention
5229-DTFYB,0.1086442723240656,1185.6387017156405,128.81285398714562,3548,Valuable but Stable,Maintain relationship
2604-XVDAM,0.2449448816925951,525.5791039412728,128.7379114349952,3549,Low Priority,No immediate intervention
4531-AUZNK,0.1126275614432082,1141.824208650618,128.60087621714004,3550,Valuable but Stable,Maintain relationship
6092-QZVPP,0.1352878255402723,950.3812468158462,128.57501231596868,3551,Valuable but Stable,Maintain relationship
7940-UQQUG,0.1026063286183351,1252.809423669556,128.54617542118547,3552,Valuable but Stable,Maintain relationship
2229-VWQJH,0.2168958829160976,591.6055152728725,128.31680057314253,3553,Low Priority,No immediate intervention
0314-TKOSI,0.1937892248785993,661.772802888176,128.2444385174377,3554,Low Priority,No immediate intervention
3703-TTEPD,0.1631195687202896,784.1490912990604,127.91006158510973,3555,Low Priority,No immediate intervention
3633-CDBUW,0.131793876606271,970.1607560673003,127.86124697338037,3556,Valuable but Stable,Maintain relationship
6402-SSEJG,0.1745322921939799,732.5630539439961,127.85590898146779,3557,Low Priority,No immediate intervention
4608-LCIMN,0.2382655792936384,535.7774576890731,127.65732632875984,3558,Low Priority,No immediate intervention
5566-SOEZD,0.1318182766594636,967.8063444672761,127.57456446777154,3559,Valuable but Stable,Maintain relationship
2843-CQMEG,0.2137268433754645,596.3984374050883,127.46635542064908,3560,Low Priority,No immediate intervention
4827-LTQRJ,0.0959943355553521,1327.2000900302019,127.40369079145272,3561,Valuable but Stable,Maintain relationship
0516-UXRMT,0.1152526579825947,1104.6096422693727,127.30919730474828,3562,Valuable but Stable,Maintain relationship
4644-PIZRT,0.1505596137774588,844.1529641298259,127.09534424848363,3563,Low Priority,No immediate intervention
7055-VKGDA,0.1004831787699338,1264.8021027280442,127.09133579701025,3564,Valuable but Stable,Maintain relationship
2165-VOEGB,0.1006616538736572,1262.3938391162997,127.07465168536226,3565,Valuable but Stable,Maintain relationship
2186-QZEYA,0.180805014914553,702.5568410221887,127.02580011933807,3566,Low Priority,No immediate intervention
5360-LJCNJ,0.1005285622754188,1261.845063178564,126.85147001567604,3567,Valuable but Stable,Maintain relationship
2272-WUSPA,0.0953446731923013,1329.0428152805423,126.71715288149937,3568,Valuable but Stable,Maintain relationship
9480-BQJEI,0.1143730962387012,1107.5932735549477,126.67887206963815,3569,Valuable but Stable,Maintain relationship
2538-OIMXF,0.4270662460186639,296.40075131446696,126.58275618098097,3570,Low Priority,No immediate intervention
5766-XQXMQ,0.1530449236864028,826.1701550669615,126.44114833420667,3571,Low Priority,No immediate intervention
8292-TYSPY,0.1913962473528568,660.000371752874,126.3215944049905,3572,Low Priority,No immediate intervention
5351-QESIO,0.4348657525895594,290.3937472393888,126.2822954405591,3573,Low Priority,No immediate intervention
4355-CVPVS,0.1182233354822542,1066.8084671436573,126.12165530643394,3574,Valuable but Stable,Maintain relationship
6568-POCUI,0.1100468409566328,1142.4631642979748,125.72446214031068,3575,Valuable but Stable,Maintain relationship
9330-VOFSZ,0.0944425252001176,1329.658288505284,125.57628641970553,3576,Valuable but Stable,Maintain relationship
5161-XEUVX,0.1108452387250819,1131.641804731885,125.4371059967883,3577,Valuable but Stable,Maintain relationship
6603-QWSPR,0.0999673084899052,1252.8371492548913,125.24275778717713,3578,Valuable but Stable,Maintain relationship
3552-CTCYF,0.0995113461570094,1257.6360205499282,125.14905338046769,3579,Valuable but Stable,Maintain relationship
9342-VNIMQ,0.1906980510343835,655.7825832299523,125.05646052424528,3580,Low Priority,No immediate intervention
0233-FTHAV,0.1315063015701009,950.4175873842242,124.98590186407752,3581,Valuable but Stable,Maintain relationship
6917-IAYHD,0.3099278408770023,403.1990692228193,124.96261696784538,3582,Low Priority,No immediate intervention
8735-DCXNF,0.1894259579503429,659.3929047927683,124.90613265602937,3583,Low Priority,No immediate intervention
2978-XXSOG,0.1762696306533593,708.5965537916688,124.90405281910071,3584,Low Priority,No immediate intervention
0282-NVSJS,0.3541622823205803,351.61052338105327,124.52718544856758,3585,Low Priority,No immediate intervention
7013-PSXHK,0.1284828646686388,968.9893745513652,124.49853067583203,3586,Valuable but Stable,Maintain relationship
6840-RESVB,0.1222082399751172,1017.5704137566211,124.35548931594845,3587,Valuable but Stable,Maintain relationship
8722-NGNBH,0.2589733026226272,479.9827212323348,124.30271051933354,3588,Low Priority,No immediate intervention
1131-SUEKT,0.1049502278970726,1181.4176154764777,123.99004798587242,3589,Valuable but Stable,Maintain relationship
3097-IDVPU,0.206140236009107,601.191484815929,123.92975456662107,3590,Low Priority,No immediate intervention
8495-PRWFH,0.1855725158640603,667.7747238542094,123.92063553605374,3591,Low Priority,No immediate intervention
1265-XTECC,0.1067806091320305,1158.5990005551532,123.715907019041,3592,Valuable but Stable,Maintain relationship
2826-DXLQO,0.3457282818514739,357.55251296397904,123.61601597871332,3593,Low Priority,No immediate intervention
9763-GRSKD,0.2061746780956687,599.3915801783222,123.57936609651978,3594,Low Priority,No immediate intervention
2931-VUVJN,0.10947069267562,1128.605549102709,123.549231217822,3595,Valuable but Stable,Maintain relationship
1134-YWTYF,0.1912993384874613,645.6109493439686,123.50494752976309,3596,Low Priority,No immediate intervention
5089-IFSDP,0.0939785989525585,1313.4253199860236,123.43387140110234,3597,Valuable but Stable,Maintain relationship
8133-ANHHJ,0.0997872417328032,1235.9652484526646,123.33356302069022,3598,Valuable but Stable,Maintain relationship
6029-CSMJE,0.4002201362181783,307.80715128765354,123.19062001727411,3599,Low Priority,No immediate intervention
9848-JQJTX,0.1015668647796722,1210.8381200722624,122.98103161145197,3600,Valuable but Stable,Maintain relationship
8107-RZLNV,0.0961910349909318,1275.6361195371737,122.70475861009675,3601,Valuable but Stable,Maintain relationship
6281-FKEWS,0.2084052906925474,588.6024347913033,122.66786152502273,3602,Low Priority,No immediate intervention
6302-JGYRJ,0.1285237289364903,953.3823612070312,122.53225616460357,3603,Valuable but Stable,Maintain relationship
1666-JZPZT,0.2083348696365844,587.9886095141311,122.49853031092303,3604,Low Priority,No immediate intervention
4701-MLJPN,0.1843992883604251,663.0035928756408,122.25739070667318,3605,Low Priority,No immediate intervention
0218-QNVAS,0.1012818820572757,1206.5981314030696,122.20652963529494,3606,Valuable but Stable,Maintain relationship
5286-YHCVC,0.096895507195117,1257.6385022006143,121.85952053883578,3607,Valuable but Stable,Maintain relationship
0484-FFVBJ,0.156550843978566,778.1669865495128,121.82269850058364,3608,Low Priority,No immediate intervention
2155-AMQRX,0.1848290626371417,658.8111349957928,121.7674445361838,3609,Low Priority,No immediate intervention
0708-SJDIS,0.1560597903648445,779.9968814736183,121.72614980800532,3610,Low Priority,No immediate intervention
5294-IMHHT,0.1036877286241276,1172.9957761120904,121.62526771075838,3611,Valuable but Stable,Maintain relationship
1976-AZZPJ,0.2962704837503843,410.38595989081233,121.58524686121677,3612,Low Priority,No immediate intervention
3716-LRGXK,0.1000972529234034,1213.837109241606,121.50176013156987,3613,Valuable but Stable,Maintain relationship
0440-UEDAI,0.1071698676950932,1133.4286007871883,121.46939318819757,3614,Valuable but Stable,Maintain relationship
2478-EEWWM,0.2280667039249493,531.6197962049083,121.2447746617067,3615,Low Priority,No immediate intervention
2294-SALNE,0.1162870092584075,1041.6086550553741,121.12555531406167,3616,Valuable but Stable,Maintain relationship
8976-OQHGT,0.1785601901996573,677.9986943181964,121.06357581257646,3617,Low Priority,No immediate intervention
2925-MXLSX,0.1458686633115084,827.3853883976158,120.68960064903344,3618,Low Priority,No immediate intervention
3594-KADLU,0.2860224602593464,421.1917829271946,120.47030999385677,3619,Low Priority,No immediate intervention
0811-GSDTP,0.3327360611873904,361.8006959858703,120.38413851719497,3620,Low Priority,No immediate intervention
6794-HKIAJ,0.1105074044820457,1088.3902641970442,120.27518315994334,3621,Valuable but Stable,Maintain relationship
9128-CPXKI,0.1045284189484993,1149.6409793290582,120.17015392767082,3622,Valuable but Stable,Maintain relationship
6993-YCOBK,0.0903911015110178,1327.2407075978945,119.97074953003637,3623,Valuable but Stable,Maintain relationship
2266-SJNAT,0.0915455756334922,1309.8229308610844,119.90849418362582,3624,Valuable but Stable,Maintain relationship
0975-UYDTX,0.1108661340790052,1081.1724888636302,119.86541411288698,3625,Valuable but Stable,Maintain relationship
7074-STDCN,0.2460022587222937,487.21458135231916,119.85588749510723,3626,Low Priority,No immediate intervention
4822-LPTYJ,0.0962560968885338,1245.0401700650227,119.84270723989543,3627,Valuable but Stable,Maintain relationship
5514-YQENT,0.0898274984562853,1333.8248387917388,119.81414864751991,3628,Valuable but Stable,Maintain relationship
3164-YAXFY,0.1857545746983974,644.9967264781894,119.81109260881463,3629,Low Priority,No immediate intervention
5153-LXKDT,0.0905688826309323,1322.4368157942563,119.77162475649384,3630,Valuable but Stable,Maintain relationship
8148-BPLZQ,0.2003987288533252,597.6003798894905,119.75835649211812,3631,Low Priority,No immediate intervention
6480-YAGIY,0.0888845611896107,1346.3806489533285,119.6724531763999,3632,Valuable but Stable,Maintain relationship
6549-NNDYT,0.3230702599126911,370.1851755775505,119.59582088966444,3633,Low Priority,No immediate intervention
1329-VHWNP,0.3977886054190158,300.58589943295385,119.56964574405524,3634,Low Priority,No immediate intervention
0052-DCKON,0.085961593299482,1389.5818467680228,119.45066956821589,3635,Valuable but Stable,Maintain relationship
3787-TRIAL,0.381809551247361,312.61475673239744,119.35929998129959,3636,Low Priority,No immediate intervention
8402-EIVQS,0.0985496964337837,1210.8095697821448,119.3249155411506,3637,Valuable but Stable,Maintain relationship
4806-DXQCE,0.0874236556375424,1363.8313968259895,119.23112638378373,3638,Valuable but Stable,Maintain relationship
3255-GRXMG,0.2175443267138944,547.7991412320198,119.1705953537693,3639,Low Priority,No immediate intervention
8851-RAGOV,0.1397494588487718,852.5964252962331,119.14988905154586,3640,Valuable but Stable,Maintain relationship
3571-DPYUH,0.1047580528745695,1136.43093331183,119.05029180017705,3641,Valuable but Stable,Maintain relationship
7619-ODSGN,0.181118759803445,656.9788920827625,118.99120215107128,3642,Low Priority,No immediate intervention
0804-XBFBV,0.3934662156403683,302.4020584219518,118.98499352914294,3643,Low Priority,No immediate intervention
3794-NFNCH,0.198290552395785,600.0074244789389,118.97580364150105,3644,Low Priority,No immediate intervention
7041-TXQJH,0.2464718767338462,482.41503071091614,118.90173798393556,3645,Low Priority,No immediate intervention
1852-XEMDW,0.1522212435648647,780.5647266574798,118.81853337467027,3646,Low Priority,No immediate intervention
0991-BRRFB,0.2003747312122921,592.77246456439,118.7766232571376,3647,Low Priority,No immediate intervention
9488-FYQAU,0.0905633191296105,1311.0482153720423,118.73287792304458,3648,Valuable but Stable,Maintain relationship
0156-FVPTA,0.1825502508083123,650.3977143578288,118.73026588117472,3649,Low Priority,No immediate intervention
5027-YOCXN,0.0897650111752763,1320.5950537901724,118.54322976148943,3650,Valuable but Stable,Maintain relationship
8879-XUAHX,0.0848262847024683,1395.0407149028938,118.33612085388778,3651,Valuable but Stable,Maintain relationship
3128-YOVTD,0.1244791433644106,949.8230519433505,118.23315985367834,3652,Valuable but Stable,Maintain relationship
2778-OCLGR,0.2515881033820585,469.1551075016716,118.03384368835133,3653,Low Priority,No immediate intervention
4419-UJMUS,0.098896432255163,1192.2648290117536,117.91073789257437,3654,Valuable but Stable,Maintain relationship
0106-UGRDO,0.0846201997908937,1392.0475475827466,117.79534159487562,3655,Valuable but Stable,Maintain relationship
7880-XSOJX,0.2315051095209391,508.7794292349523,117.78503748703852,3656,Low Priority,No immediate intervention
2452-SNHFZ,0.1298538748907035,905.4169616403727,117.57190086076984,3657,Valuable but Stable,Maintain relationship
4002-BQWPQ,0.1197691462625031,980.9464098612666,117.48711403835135,3658,Valuable but Stable,Maintain relationship
8707-HOEDG,0.0887056538409278,1322.4651476976233,117.31013560835682,3659,Valuable but Stable,Maintain relationship
9609-BENEA,0.1413300329193026,827.9941161375375,117.02043569070703,3660,Low Priority,No immediate intervention
5073-WXOYN,0.1917064463225686,609.6165115627263,116.86741505125131,3661,Low Priority,No immediate intervention
5832-TRLPB,0.1292119233676347,904.1673155284066,116.82919788557646,3662,Valuable but Stable,Maintain relationship
7820-ZYGNY,0.1076276971266295,1085.4070719168153,116.81986359536477,3663,Valuable but Stable,Maintain relationship
6261-LHRTG,0.1778047217251032,657.0033586156442,116.8182993511128,3664,Low Priority,No immediate intervention
5440-FLBQG,0.0897219004270992,1300.825290472983,116.71251718486937,3665,Valuable but Stable,Maintain relationship
3327-YBAKM,0.1003081296484306,1162.8318100232275,116.64148395912912,3666,Valuable but Stable,Maintain relationship
7109-MFBYV,0.2137798170713721,545.3882449847639,116.59299924571951,3667,Low Priority,No immediate intervention
2712-SYWAY,0.3781003834198656,308.362953533298,116.59215096342218,3668,Low Priority,No immediate intervention
5349-AZPEW,0.3875554832038728,300.6094978668528,116.5028592014617,3669,Low Priority,No immediate intervention
2091-MJTFX,0.1894264307988756,614.4117430775675,116.38582353209938,3670,Low Priority,No immediate intervention
8111-BKVDS,0.2376953285847651,488.3681028610023,116.08281667986431,3671,Low Priority,No immediate intervention
4075-WKNIU,0.1317555670585567,880.2130753970365,115.97297288129268,3672,Valuable but Stable,Maintain relationship
3815-SLMEF,0.2821725391412895,410.9943543460718,115.97132053856595,3673,Low Priority,No immediate intervention
2530-ENDWQ,0.1031254706476022,1124.4541772177686,115.95986624724468,3674,Valuable but Stable,Maintain relationship
2858-MOFSQ,0.172877224708712,670.1900029575345,115.86058773882205,3675,Low Priority,No immediate intervention
3374-TTZTK,0.0908189389168863,1275.6429641677928,115.85254044251056,3676,Valuable but Stable,Maintain relationship
5832-EXGTT,0.1602711908850167,722.3919843323629,115.77862361473812,3677,Low Priority,No immediate intervention
5206-HPJKM,0.1737648729557713,665.9802455521807,115.72397275942807,3678,Low Priority,No immediate intervention
4129-LYCOI,0.0926716599108938,1248.062438897397,115.66001788506024,3679,Valuable but Stable,Maintain relationship
3096-YXENJ,0.0893666605901185,1291.852119606658,115.44850990551338,3680,Valuable but Stable,Maintain relationship
4710-NKCAW,0.149368365532437,772.7754291779702,115.42820277994092,3681,Low Priority,No immediate intervention
6296-DDOOR,0.1646995270326373,698.377409102472,115.02242896945579,3682,Low Priority,No immediate intervention
2773-OVBPK,0.0860552889697858,1335.639886223006,114.93887636849261,3683,Valuable but Stable,Maintain relationship
1389-WNUIB,0.1260193291802812,911.9472235961701,114.92297736540927,3684,Valuable but Stable,Maintain relationship
1442-OKRJE,0.0926504638010615,1237.7983217335964,114.68258860079324,3685,Valuable but Stable,Maintain relationship
8082-GHXOP,0.2170206884899647,527.9900534276085,114.58476491071283,3686,Low Priority,No immediate intervention
0032-PGELS,0.3128632658990655,365.9793267499511,114.50148741853093,3687,Low Priority,No immediate intervention
8878-RYUKI,0.1604661974053672,713.4096965044829,114.47814119019145,3688,Low Priority,No immediate intervention
0851-DFJKB,0.1617015521861144,707.3821008596881,114.38478369768609,3689,Low Priority,No immediate intervention
2796-UUZZO,0.118657045925526,963.6441737736387,114.34317098332421,3690,Valuable but Stable,Maintain relationship
7776-QWNFX,0.1889853319052077,604.772692283018,114.2931679783122,3691,Low Priority,No immediate intervention
5304-EFJLP,0.0852486221564435,1339.8221721259465,114.21799410839022,3692,Valuable but Stable,Maintain relationship
6475-VHUIZ,0.1754375018895057,651.0056496650799,114.21080489319633,3693,Low Priority,No immediate intervention
5639-NTUPK,0.1826000556359235,625.1814337963299,114.15816459375625,3694,Low Priority,No immediate intervention
1162-ECVII,0.086591952894951,1317.0251901663046,114.04378322834454,3695,Valuable but Stable,Maintain relationship
5176-LDKUH,0.1264299805769961,901.8180010977818,114.01683236277799,3696,Valuable but Stable,Maintain relationship
2969-WGHQO,0.1365857776445723,833.3614712720606,113.8253246127193,3697,Low Priority,No immediate intervention
8205-OTCHB,0.2163791178087021,524.9771782072912,113.59409869019545,3698,Low Priority,No immediate intervention
1432-FPAXX,0.3088768081814192,367.21568847642897,113.42440977074175,3699,Low Priority,No immediate intervention
5315-CKEQK,0.1852444709336774,611.9747673934837,113.36494201056618,3700,Low Priority,No immediate intervention
0002-ORFBO,0.1437204829294991,787.1973527839929,113.13638370293873,3701,Low Priority,No immediate intervention
5180-UCIIQ,0.2349939329007977,480.57061986209374,112.93117999796762,3702,Low Priority,No immediate intervention
4366-CTOUZ,0.0939078205628734,1202.4573436546623,112.92014846243143,3703,Valuable but Stable,Maintain relationship
8033-ATFAS,0.1571352684482416,718.2153629913821,112.85696386730211,3704,Low Priority,No immediate intervention
3758-CKOQL,0.0878696707188096,1284.0158857349456,112.82605307725034,3705,Valuable but Stable,Maintain relationship
9107-UKCKY,0.1173729466882713,957.589280567111,112.3950755772636,3706,Valuable but Stable,Maintain relationship
5921-NGYRH,0.1273031973187764,882.6389518891986,112.36276065358864,3707,Valuable but Stable,Maintain relationship
5651-CRHKQ,0.1085426907217109,1034.4197429465337,112.27870223507729,3708,Valuable but Stable,Maintain relationship
7883-ROJOC,0.2082328327593049,538.8034367393348,112.19656593268061,3709,Low Priority,No immediate intervention
1621-YNCJH,0.0881391654679788,1272.6394222363133,112.16937661755935,3710,Valuable but Stable,Maintain relationship
9405-GPBBG,0.0845618119865135,1326.0549134385653,112.1336062739844,3711,Valuable but Stable,Maintain relationship
3192-NQECA,0.084908342442022,1320.0426325614608,112.08263188359673,3712,Valuable but Stable,Maintain relationship
3714-XPXBW,0.1183275250428501,946.7901665925131,112.0313371477998,3713,Valuable but Stable,Maintain relationship
3413-CSSTH,0.1670649622541975,668.3851646457305,111.66374230280455,3714,Low Priority,No immediate intervention
7964-YESJC,0.1403031248838276,795.5784791810809,111.62214671942883,3715,Low Priority,No immediate intervention
2770-NSVDG,0.3195597990403376,349.2037853573877,111.59149147293199,3716,Low Priority,No immediate intervention
7762-URZQH,0.0876785950956091,1272.6378149842672,111.58309568336625,3717,Valuable but Stable,Maintain relationship
6022-KOUQO,0.3196127836074277,348.6014822349461,111.41749010678637,3718,Low Priority,No immediate intervention
5133-VRSAB,0.3157749498564272,352.1826305197851,111.21045249268977,3719,Low Priority,No immediate intervention
8474-UMLNT,0.1366435626212117,813.5636447371435,111.16823483598108,3720,Low Priority,No immediate intervention
7148-XZPHA,0.1166431571906159,952.8383179569261,111.14206969869177,3721,Valuable but Stable,Maintain relationship
6303-KFWSL,0.1675884359228315,662.9919710855147,111.10978746361654,3722,Low Priority,No immediate intervention
3104-OWCGK,0.1017780143428776,1091.4134489285743,111.08189365906195,3723,Valuable but Stable,Maintain relationship
3016-KSVCP,0.2742592294005778,405.00658570643765,111.07679409800664,3724,Low Priority,No immediate intervention
5709-LVOEQ,0.1143298506050161,970.1871652416833,110.92135366098572,3725,Valuable but Stable,Maintain relationship
0201-MIBOL,0.0902010869357676,1228.8057537739994,110.83961462333995,3726,Valuable but Stable,Maintain relationship
6624-JDRDS,0.3134310104909651,353.37417375785714,110.75842436233505,3727,Low Priority,No immediate intervention
4833-QTJNO,0.1100766006243238,1006.1866279390655,110.75760359718359,3728,Valuable but Stable,Maintain relationship
9086-YJYXS,0.1193217053685615,926.3550494220742,110.53426427381997,3729,Valuable but Stable,Maintain relationship
8261-GWDBQ,0.079356694823919,1392.6107497488745,110.51298627633045,3730,Valuable but Stable,Maintain relationship
8263-QMNTJ,0.0796713917515953,1386.642508175972,110.47573848830254,3731,Valuable but Stable,Maintain relationship
3096-WPXBT,0.0913536223588105,1208.4157905542459,110.39315978271603,3732,Valuable but Stable,Maintain relationship
8182-PNAGI,0.1830208018908685,602.9761759069178,110.35718323557347,3733,Low Priority,No immediate intervention
6778-EICRF,0.1229502752198372,897.5587903715667,110.3551003021683,3734,Valuable but Stable,Maintain relationship
9586-JGQKH,0.0872373160555631,1264.8510762396143,110.34221310113438,3735,Valuable but Stable,Maintain relationship
6505-OZNPG,0.1449324283732295,760.8123581550415,110.26638260377338,3736,Low Priority,No immediate intervention
6497-TILVL,0.1811344425132087,608.3856428673951,110.1995942538257,3737,Low Priority,No immediate intervention
5748-RNCJT,0.0860479924259483,1278.0371587933366,109.97253175992951,3738,Valuable but Stable,Maintain relationship
8250-ZNGGW,0.1528627143901761,718.7589730010891,109.87144760524177,3739,Low Priority,No immediate intervention
8563-IIOXK,0.1839349278878942,596.9783442775708,109.80516870532946,3740,Low Priority,No immediate intervention
6728-CZFEI,0.1627656892041035,673.777514635052,109.66786153980216,3741,Low Priority,No immediate intervention
5195-KPUNQ,0.0944559787905993,1160.996545423792,109.66306507050876,3742,Valuable but Stable,Maintain relationship
1559-DTODC,0.3624439854701429,301.7945747487678,109.38362846521035,3743,Low Priority,No immediate intervention
5445-PZWGX,0.0892354250557385,1223.99454646565,109.22367361976815,3744,Valuable but Stable,Maintain relationship
2577-GVSIL,0.123909815541888,881.3813232546771,109.2117971865522,3745,Valuable but Stable,Maintain relationship
2469-DTSGX,0.0813522441622854,1339.8249584551609,108.99776715496813,3746,Valuable but Stable,Maintain relationship
8984-HPEMB,0.0765476794796095,1423.8381238843162,108.99150433794516,3747,Valuable but Stable,Maintain relationship
3518-FSTWG,0.0828294434744358,1314.606336974567,108.88811127957,3748,Valuable but Stable,Maintain relationship
2782-JEEBU,0.2518245903920632,432.01368970479615,108.79167045367417,3749,Low Priority,No immediate intervention
7361-YPXFS,0.1405767178424784,773.3614386335154,108.71661274903687,3750,Low Priority,No immediate intervention
5989-OMNJE,0.1572341217380499,691.1780803803031,108.67677843318822,3751,Low Priority,No immediate intervention
0420-BWTPW,0.3547730361410346,305.99645180871613,108.55929025656201,3752,Low Priority,No immediate intervention
3640-JQGJG,0.2018601072590493,537.5806262400929,108.51608287321204,3753,Low Priority,No immediate intervention
1060-ENTOF,0.0857863046734768,1264.8033131907773,108.50280237740692,3754,Valuable but Stable,Maintain relationship
2834-JRTUA,0.0835571125711853,1296.6420254500777,108.34366368506186,3755,Valuable but Stable,Maintain relationship
0164-APGRB,0.0785518868803639,1378.8447619063904,108.31085776285306,3756,Valuable but Stable,Maintain relationship
4316-XCSLJ,0.1793511519754533,603.5871726241128,108.2540547277414,3757,Low Priority,No immediate intervention
3259-FDWOY,0.085091787569658,1272.0395653269577,108.24012047300158,3758,Valuable but Stable,Maintain relationship
9924-JPRMC,0.0762779855430619,1418.431721750596,108.19511436551234,3759,Valuable but Stable,Maintain relationship
3597-YASZG,0.0862350195618158,1253.4361084810091,108.0900873343461,3760,Valuable but Stable,Maintain relationship
4291-HYEBC,0.2302574054512667,469.1921988374151,108.03497836227803,3761,Low Priority,No immediate intervention
2533-QVMSK,0.0954441551655884,1129.2634205597847,107.78159313473121,3762,Valuable but Stable,Maintain relationship
4489-SNOJF,0.1240468189297505,866.9914428314319,107.54753052255376,3763,Valuable but Stable,Maintain relationship
7134-HBPBS,0.0828912083007529,1297.2290323390166,107.52888193339754,3764,Valuable but Stable,Maintain relationship
8591-NXRCV,0.1199701632371529,895.7797063816099,107.46683759913064,3765,Valuable but Stable,Maintain relationship
5478-JJVZK,0.1469736185041329,730.7911320832881,107.40701705301258,3766,Low Priority,No immediate intervention
8034-RYTVV,0.1061840282044575,1011.0166830769606,107.35382399102106,3767,Valuable but Stable,Maintain relationship
4495-LHSSK,0.1551427341030125,691.7761309682975,107.32404034562532,3768,Low Priority,No immediate intervention
0356-OBMAC,0.089279634871993,1198.825371878274,107.03069147657352,3769,Valuable but Stable,Maintain relationship
5327-CNLUQ,0.0919681819736035,1162.8248591338697,106.94288824825358,3770,Valuable but Stable,Maintain relationship
2499-AJYUA,0.0802214731808582,1329.6458999073363,106.66615289945446,3771,Valuable but Stable,Maintain relationship
1004-NOZNR,0.0937250548597514,1137.5746791686643,106.61924921214715,3772,Valuable but Stable,Maintain relationship
2371-KFUOG,0.0894813262487587,1189.7766048277958,106.46278853973645,3773,Valuable but Stable,Maintain relationship
8089-UZWLX,0.0852294580340022,1248.6060747312463,106.41801904730697,3774,Valuable but Stable,Maintain relationship
4177-JPDFU,0.2603337229097214,408.0022782235335,106.21675204558042,3775,Low Priority,No immediate intervention
1921-KYSAY,0.1289406532520001,823.1986397016232,106.14377035928516,3776,Low Priority,No immediate intervention
9715-WZCLW,0.0906558018364968,1166.4504360094347,105.7454995789666,3777,Valuable but Stable,Maintain relationship
9863-JZAIC,0.1598869927103471,659.9899234191973,105.52380407462775,3778,Low Priority,No immediate intervention
9501-UKKNL,0.1696928115455501,620.4165803933017,105.28023385641518,3779,Low Priority,No immediate intervention
6766-HFKLA,0.0849155908322381,1238.4394621826877,105.16281864120212,3780,Valuable but Stable,Maintain relationship
3733-UOCWF,0.1021252152438669,1026.6027132788436,104.84202306353968,3781,Valuable but Stable,Maintain relationship
1163-ONYEY,0.1171208638981438,894.5871154333581,104.77481579170339,3782,Valuable but Stable,Maintain relationship
6713-OKOMC,0.292169916242966,356.9911561660382,104.30207619651098,3783,Low Priority,No immediate intervention
9097-ZUBYC,0.1780021910528504,585.5864189284869,104.235665620063,3784,Low Priority,No immediate intervention
5681-LLOEI,0.0951270508949434,1095.014932711537,104.16554123477341,3785,Valuable but Stable,Maintain relationship
7036-TYDEC,0.0834264401111851,1248.0504932815832,104.12040973349102,3786,Valuable but Stable,Maintain relationship
2294-DMMUS,0.123069597252002,845.4165003883759,104.04506821299442,3787,Valuable but Stable,Maintain relationship
4592-IWTJI,0.2916733200213073,356.39653953994684,103.95136193172142,3788,Low Priority,No immediate intervention
3948-FVVRP,0.1579286261389098,657.5970031912344,103.85339126705593,3789,Low Priority,No immediate intervention
7208-PSIHR,0.0827279232588998,1251.6557100793784,103.54687753001055,3790,Valuable but Stable,Maintain relationship
4544-RXFMG,0.1985896584097455,521.3978002991216,103.54421105699525,3791,Low Priority,No immediate intervention
1121-QSIVB,0.1112190746293586,930.5869195540954,103.49901605499186,3792,Valuable but Stable,Maintain relationship
8152-VETUR,0.0882463577259272,1172.4682217476086,103.46605011862121,3793,Valuable but Stable,Maintain relationship
9820-RMCQV,0.1774260971912605,582.5814016205884,103.36514438575529,3794,Low Priority,No immediate intervention
4726-DLWQN,0.1223757845116523,844.1506112208131,103.3035932941378,3795,Low Priority,No immediate intervention
7803-XOCCZ,0.1024044657784924,1008.6298640266532,103.28820239388284,3796,Valuable but Stable,Maintain relationship
5795-KTGUD,0.0773908302835591,1329.6299892236543,102.90116883593835,3797,Valuable but Stable,Maintain relationship
0870-VEMYL,0.1588339006710518,646.1840104102598,102.63592692472511,3798,Low Priority,No immediate intervention
5590-ZSKRV,0.156384193405226,655.7851875101346,102.55443759586728,3799,Low Priority,No immediate intervention
7089-XXAYG,0.2242411503412901,457.20443534185534,102.52404852219763,3800,Low Priority,No immediate intervention
4472-LVYGI,0.1622354678613021,630.6104539986009,102.30738204269115,3801,Low Priority,No immediate intervention
7666-WKRON,0.10585214503345,965.4635191050968,102.19638444881774,3802,Valuable but Stable,Maintain relationship
8071-SBTRN,0.0764528728922634,1333.8389524294776,101.9758198888406,3803,Valuable but Stable,Maintain relationship
6242-SGYTS,0.0894550541179945,1139.4140907749513,101.92634915307876,3804,Valuable but Stable,Maintain relationship
4190-MFLUW,0.1534767248123767,662.4034916686564,101.66351840558785,3805,Low Priority,No immediate intervention
2259-OUUSZ,0.2382444015198493,425.9988359296885,101.4918377142211,3806,Low Priority,No immediate intervention
1585-MQSSU,0.1640555591088738,617.9923306583926,101.3850773311586,3807,Low Priority,No immediate intervention
6008-NAIXK,0.1522238379477234,665.3758567658324,101.28606659464968,3808,Low Priority,No immediate intervention
3594-UVONA,0.0981368863201878,1031.3734984907794,101.215783775044,3809,Valuable but Stable,Maintain relationship
7182-OVLBJ,0.0833825358520758,1213.8358065064624,101.21270765455846,3810,Valuable but Stable,Maintain relationship
8799-OXZMD,0.2833582781726273,357.01986796740647,101.16453506066304,3811,Low Priority,No immediate intervention
3221-CJMSG,0.1649347784974457,613.2060374964517,101.13900196777364,3812,Low Priority,No immediate intervention
9152-AMKAK,0.1050233585963876,962.9922379638024,101.13667913321024,3813,Valuable but Stable,Maintain relationship
4423-JWZJN,0.0930420549342376,1083.0170970150177,100.76613623518982,3814,Valuable but Stable,Maintain relationship
3689-MOZGR,0.2689237968378418,374.4247134993904,100.69171558417719,3815,Low Priority,No immediate intervention
6773-LQTVT,0.2352702752640998,427.80597786191885,100.65003017120104,3816,Low Priority,No immediate intervention
5954-BDFSG,0.0779241350119946,1290.0599920469015,100.52680899383543,3817,Valuable but Stable,Maintain relationship
1492-QGCLU,0.0976683364921723,1028.380328400853,100.44019595618515,3818,Valuable but Stable,Maintain relationship
6873-UDNLD,0.1239938419709868,809.3685030481078,100.35671026324123,3819,Low Priority,No immediate intervention
6838-YAUVY,0.0879334612644375,1141.2468413986312,100.3537849212882,3820,Valuable but Stable,Maintain relationship
8401-EMUWF,0.1205012010707138,832.7774619666969,100.35068439160766,3821,Low Priority,No immediate intervention
6738-ISCBM,0.154835099749357,647.9827185401926,100.33046886103025,3822,Low Priority,No immediate intervention
5155-AZQPB,0.1675380908080852,598.8058872496307,100.32279511444466,3823,Low Priority,No immediate intervention
6196-HBOBZ,0.0841169709643914,1192.242571810169,100.28783379546732,3824,Valuable but Stable,Maintain relationship
3445-HXXGF,0.1842887733449235,543.600031583592,100.17938301080184,3825,Low Priority,No immediate intervention
5876-HZVZM,0.1492884048214786,670.7816850525588,100.13992774495996,3826,Low Priority,No immediate intervention
5151-HQRDG,0.1514556297277377,660.5967910553428,100.05110298540971,3827,Low Priority,No immediate intervention
3275-RHRNE,0.1387161832671387,720.0013803795885,99.87584343332783,3828,Low Priority,No immediate intervention
0723-FDLAY,0.0975675371066917,1022.9675578580582,99.80842516025788,3829,Valuable but Stable,Maintain relationship
8405-IGQFX,0.0923398194400886,1080.6374855506817,99.7858702959413,3830,Valuable but Stable,Maintain relationship
7629-WFGLW,0.0869028345241262,1147.7925074100253,99.74642233948532,3831,Valuable but Stable,Maintain relationship
2651-ZCBXV,0.0769461713139168,1296.0362814490838,99.7250297414329,3832,Valuable but Stable,Maintain relationship
5985-TBABQ,0.1110068798796858,896.9618913238224,99.56894092683935,3833,Valuable but Stable,Maintain relationship
2578-JQPHZ,0.082880401541843,1201.2212248126611,99.55769745305781,3834,Valuable but Stable,Maintain relationship
3090-HAWSU,0.0743019076607025,1339.2341309735402,99.50765073565714,3835,Valuable but Stable,Maintain relationship
0523-VNGTF,0.1640538002340934,606.0042400694208,99.41729854136234,3836,Low Priority,No immediate intervention
3638-DIMPH,0.1888506437853851,525.5916304366478,99.25831777617115,3837,Low Priority,No immediate intervention
0623-EJQEG,0.0883622431031024,1122.6048752671234,99.1958848970815,3838,Valuable but Stable,Maintain relationship
3999-WRNGR,0.1661120836336812,597.0284071010009,99.17363269204493,3839,Low Priority,No immediate intervention
6308-CQRBU,0.075643524116969,1311.0552313661112,99.1728380125208,3840,Valuable but Stable,Maintain relationship
8901-HJXTF,0.282985110722546,350.4128130019701,99.16160868596133,3841,Low Priority,No immediate intervention
0939-EREMR,0.1545581380387621,641.4018926575542,99.13388226368953,3842,Low Priority,No immediate intervention
0725-CXOTM,0.0921334827630664,1075.7683026177654,99.11428036628709,3843,Valuable but Stable,Maintain relationship
3272-VUHPV,0.1465415499899384,675.587003973568,99.00156671534533,3844,Low Priority,No immediate intervention
7519-JTWQH,0.0746206682968459,1326.043740946714,98.9502701402934,3845,Valuable but Stable,Maintain relationship
4159-NAAIX,0.0845758633367806,1169.432874129819,98.90579494394213,3846,Valuable but Stable,Maintain relationship
9391-LMANN,0.0858481609841421,1151.3898853449668,98.84470423260763,3847,Valuable but Stable,Maintain relationship
7663-CUXZB,0.0724084970791503,1365.0280535523596,98.83962982860425,3848,Valuable but Stable,Maintain relationship
7639-SUPCW,0.1685416290861205,585.5969556028106,98.69746488517028,3849,Low Priority,No immediate intervention
0222-CNVPT,0.168469200252322,585.5812396201603,98.65240312157175,3850,Low Priority,No immediate intervention
4501-VCPFK,0.2294201078291753,429.0031236044468,98.4219428763852,3851,Low Priority,No immediate intervention
2599-CZABP,0.1838004845594668,535.1832427500606,98.36693934556787,3852,Low Priority,No immediate intervention
3307-TLCUD,0.2379349660206946,412.79125420948577,98.21747304397391,3853,Low Priority,No immediate intervention
9866-OCCKE,0.074561400775454,1317.0385291576492,98.20023760923794,3854,Valuable but Stable,Maintain relationship
8309-PPCED,0.0740274470707132,1325.4524415125447,98.11986045881748,3855,Valuable but Stable,Maintain relationship
1153-GNOLC,0.2089653346545921,469.19836425330845,98.04619320557981,3856,Low Priority,No immediate intervention
5271-YNWVR,0.072187462700675,1357.8472456041545,98.01954739526418,3857,Valuable but Stable,Maintain relationship
2533-TIBIX,0.2702165032700395,362.39000016962814,97.92375866586593,3858,Low Priority,No immediate intervention
0960-HUWBM,0.0783315670514916,1249.248473274817,97.85559054829983,3859,Valuable but Stable,Maintain relationship
4837-QUSFT,0.0813709993749545,1201.8125590465481,97.79268899098913,3860,Valuable but Stable,Maintain relationship
3948-XHGNA,0.1644659784836247,594.5747493925955,97.78731794050917,3861,Low Priority,No immediate intervention
7909-FIOIY,0.3278738037429842,298.2278107385256,97.78108668878318,3862,Low Priority,No immediate intervention
7317-GGVPB,0.0749822960645012,1303.2614797803053,97.7215381263468,3863,Valuable but Stable,Maintain relationship
1629-DQQVB,0.1625083866227054,601.1664043162363,97.69458245720455,3864,Low Priority,No immediate intervention
0909-SDHNU,0.2720694975539927,357.59268327407386,97.29006166736131,3865,Low Priority,No immediate intervention
1444-VVSGW,0.0700302946400116,1387.799389797473,97.18800016874535,3866,Valuable but Stable,Maintain relationship
0744-GKNGE,0.0930590509193694,1041.630346003228,96.93313140787475,3867,Valuable but Stable,Maintain relationship
1291-CUOCY,0.0730251804324439,1327.2589842591904,96.92332680610959,3868,Valuable but Stable,Maintain relationship
3069-SSVSN,0.3123969196480081,310.1905208829829,96.902563227855,3869,Low Priority,No immediate intervention
7336-RLLRH,0.0998774048157108,970.1626894802039,96.89733167431305,3870,Valuable but Stable,Maintain relationship
7382-DFJTU,0.1461878658834553,662.3909166063471,96.8335144792677,3871,Low Priority,No immediate intervention
9592-ERDKV,0.1016561411801381,950.9608649066685,96.67101193973853,3872,Valuable but Stable,Maintain relationship
4701-AHWMW,0.1475127433334187,654.6098197500206,96.56329032432028,3873,Low Priority,No immediate intervention
0201-OAMXR,0.0696123683756506,1386.6007698846297,96.52456358316958,3874,Valuable but Stable,Maintain relationship
7811-JIVPF,0.1612743312412004,596.3957424378868,96.1833245167694,3875,Low Priority,No immediate intervention
2959-EEXWB,0.1573456488563087,610.7971459675309,96.10627325184265,3876,Low Priority,No immediate intervention
9798-DRYDS,0.1289719795854125,743.4020062275051,95.87802837092849,3877,Low Priority,No immediate intervention
9554-DFKIC,0.1467166283352826,653.3818917100003,95.86198816701997,3878,Low Priority,No immediate intervention
3197-NNYNB,0.0759117611258043,1261.232802284939,95.74240321108306,3879,Valuable but Stable,Maintain relationship
6368-NWMCE,0.1170264558707539,817.7993671738476,95.70416155370074,3880,Low Priority,No immediate intervention
8853-TZDGH,0.071444418777603,1339.244037750609,95.68151187846249,3881,Valuable but Stable,Maintain relationship
0748-RDGGM,0.0727837298788177,1314.0024256730185,95.63799761029621,3882,Valuable but Stable,Maintain relationship
5081-NWSUP,0.1226082492571757,778.7802426796093,95.48488211102531,3883,Low Priority,No immediate intervention
6408-OTUBZ,0.0760704937708826,1254.6036102093624,95.43831611535812,3884,Valuable but Stable,Maintain relationship
2692-PFYTJ,0.3083990179322312,308.9675864172792,95.28530022398068,3885,Low Priority,No immediate intervention
4043-MKDTV,0.075362995685136,1263.0616331037152,95.18810840565612,3886,Valuable but Stable,Maintain relationship
9518-IMLHK,0.1094430826998665,869.3733364290897,95.14689795586771,3887,Valuable but Stable,Maintain relationship
1557-EMYVT,0.0689082434649256,1380.620866133074,95.13615877625433,3888,Valuable but Stable,Maintain relationship
0440-QEXBZ,0.1579738945634724,601.8146203753506,95.07099938593181,3889,Low Priority,No immediate intervention
8041-TMEID,0.0729723256256529,1302.0079957823405,95.01055143543265,3890,Valuable but Stable,Maintain relationship
7432-FFVAR,0.087012744149128,1091.4114454346359,94.96670486303395,3891,Valuable but Stable,Maintain relationship
8896-BQTTI,0.3162803801040748,299.9609794527744,94.87177259771404,3892,Low Priority,No immediate intervention
0392-BZIUW,0.0752508747742132,1260.0513693257371,94.81996780220692,3893,Valuable but Stable,Maintain relationship
8314-DPQHL,0.1555021340234773,609.5693222791634,94.7893304496547,3894,Low Priority,No immediate intervention
3324-OIRTO,0.075459798641293,1255.7993458875196,94.76236577453969,3895,Valuable but Stable,Maintain relationship
0297-RBCSG,0.120462785120724,784.1715844632239,94.46349307697102,3896,Low Priority,No immediate intervention
7105-MXJLL,0.1292679707656255,728.3675107042241,94.15459008034505,3897,Low Priority,No immediate intervention
9795-VOWON,0.3222182870167977,292.19749534786735,94.15137642158854,3898,Low Priority,No immediate intervention
9862-KJTYK,0.3094016119746636,304.21248699009294,94.12383385755614,3899,Low Priority,No immediate intervention
8627-EHGIP,0.1453670863419389,647.3967030602619,94.11017243124766,3900,Low Priority,No immediate intervention
5135-GRQJV,0.0684761592356699,1374.0283233868558,94.08818226655887,3901,Valuable but Stable,Maintain relationship
5756-JYOJT,0.1206411780199568,778.7795682377237,93.95288453007231,3902,Low Priority,No immediate intervention
7923-IYJWY,0.0673571579582788,1393.2156438307613,93.8430461914537,3903,Valuable but Stable,Maintain relationship
2988-QRAJY,0.070999350031993,1320.6320658785398,93.76401830878449,3904,Valuable but Stable,Maintain relationship
9504-DSHWM,0.1318893627687367,710.3639649205807,93.68945066724861,3905,Low Priority,No immediate intervention
5090-EMGTC,0.0779763930532092,1200.6702912455587,93.62393855747486,3906,Valuable but Stable,Maintain relationship
4670-TABXH,0.0710664534592065,1317.0603344351402,93.59880696010184,3907,Valuable but Stable,Maintain relationship
9134-WYRVP,0.0903130943388451,1036.19597933351,93.58206523507927,3908,Valuable but Stable,Maintain relationship
8819-ZBYNA,0.0714598018377773,1309.2516349659745,93.55886239045448,3909,Valuable but Stable,Maintain relationship
6128-DAFVY,0.1736882215896968,538.2226578424888,93.48293625994177,3910,Low Priority,No immediate intervention
0689-DSXGL,0.0906422800289696,1029.6278209499023,93.32781327215882,3911,Valuable but Stable,Maintain relationship
3863-IUBJR,0.1447018600295706,643.7814972412456,93.15638010343011,3912,Low Priority,No immediate intervention
2851-MMUTZ,0.1382009473401223,673.8131500536018,93.12161566763976,3913,Low Priority,No immediate intervention
9513-DXHDA,0.0949460587177287,980.3533761136512,93.0806892126103,3914,Valuable but Stable,Maintain relationship
8224-IVVPA,0.1367494057214227,680.393105530144,93.04335283820042,3915,Low Priority,No immediate intervention
7746-AWNQW,0.2167868178959898,429.0254530283087,93.00706275839248,3916,Low Priority,No immediate intervention
4819-HJPIW,0.3079040968068995,301.8001707776778,92.92550899946892,3917,Low Priority,No immediate intervention
7217-JYHOQ,0.1099192999661998,843.592633411061,92.72711172118683,3918,Low Priority,No immediate intervention
3038-PQIUY,0.1167528535434106,793.7754020903633,92.67554326661805,3919,Low Priority,No immediate intervention
8752-GHJFU,0.0839334132770344,1104.0091834748591,92.66325905823665,3920,Valuable but Stable,Maintain relationship
3472-OAOOR,0.2209336676060076,419.4050516359291,92.66069627041281,3921,Low Priority,No immediate intervention
8823-RLPWL,0.0697535762896046,1327.8475322531044,92.62211414198012,3922,Valuable but Stable,Maintain relationship
0953-LGOVU,0.2173749245716127,426.01012323395906,92.60391840472528,3923,Low Priority,No immediate intervention
3022-BEXHZ,0.0693794965232249,1334.443695687804,92.58303174541139,3924,Valuable but Stable,Maintain relationship
2565-JSLRY,0.3203130613904141,288.5624884729534,92.43033408520779,3925,Low Priority,No immediate intervention
4310-KEDTB,0.2580841838717584,357.6220764389149,92.29660173226095,3926,Low Priority,No immediate intervention
9861-PDSZP,0.071068853510574,1296.664256029967,92.15244206419115,3927,Valuable but Stable,Maintain relationship
2830-LEWOA,0.073893300526691,1246.8190176793285,92.13157237577228,3928,Valuable but Stable,Maintain relationship
8565-HBFNN,0.0715646707869644,1286.4145833849896,92.06183615549674,3929,Valuable but Stable,Maintain relationship
2911-IJORQ,0.0845917960808085,1087.1502349819457,91.96399098679579,3930,Valuable but Stable,Maintain relationship
4616-ULAOA,0.0689387812937011,1329.6653459432162,91.66550847779278,3931,Valuable but Stable,Maintain relationship
5995-OIGLP,0.1347277791060369,679.7766881976844,91.58480348893094,3932,Low Priority,No immediate intervention
9496-IVVRP,0.1493515952012019,611.9731583016197,91.39916741266455,3933,Low Priority,No immediate intervention
0668-OGMHD,0.2669333867627481,342.00250146430744,91.2918859971993,3934,Low Priority,No immediate intervention
4712-AUQZO,0.2260492154835441,403.1866292734959,91.14002124072827,3935,Low Priority,No immediate intervention
4418-LZMSV,0.1227952445978357,741.5778120608227,91.06222882033656,3936,Low Priority,No immediate intervention
4903-CNOZC,0.1069281965738579,850.7651355718492,90.97078165461156,3937,Valuable but Stable,Maintain relationship
1527-SXDPN,0.0786718755960503,1155.046081340689,90.86964161894007,3938,Valuable but Stable,Maintain relationship
0742-LAFQK,0.0763595369827604,1189.8474394339369,90.85619955529847,3939,Valuable but Stable,Maintain relationship
8065-QBYTO,0.0758011834795908,1195.8048787448286,90.64342501952659,3940,Valuable but Stable,Maintain relationship
6705-LNMDD,0.1509726313074736,599.9967574122514,90.58308924247952,3941,Low Priority,No immediate intervention
6289-CPNLD,0.1020957488215413,886.797305384468,90.5382349461523,3942,Valuable but Stable,Maintain relationship
8070-AAWZP,0.2200049341145085,410.9948679407149,90.42089884269811,3943,Low Priority,No immediate intervention
4189-NAKJS,0.1461187988047247,618.5874264373639,90.38725170673361,3944,Low Priority,No immediate intervention
6257-DTAYD,0.0721241305092241,1249.8646123497806,90.14539841997636,3945,Valuable but Stable,Maintain relationship
9432-RUVSL,0.0731895397594926,1230.0469165395511,90.02656770411276,3946,Valuable but Stable,Maintain relationship
3570-YUEKJ,0.1509556287310834,594.6140262040711,89.76033417795645,3947,Low Priority,No immediate intervention
1353-GHZOS,0.1249082121887297,716.965011986262,89.55481784907515,3948,Low Priority,No immediate intervention
1518-OMDIK,0.1673826711201735,534.6140354033633,89.48512526414996,3949,Low Priority,No immediate intervention
3612-YUNGG,0.0682810252510203,1310.4594077911884,89.47951191382724,3950,Valuable but Stable,Maintain relationship
6616-AALSR,0.0714606549975281,1251.6513623116023,89.44382617933546,3951,Valuable but Stable,Maintain relationship
6500-JVEGC,0.0735171136447546,1216.1786858461626,89.40994665968064,3952,Valuable but Stable,Maintain relationship
4282-ACRXS,0.2982724854481059,298.2040304619978,88.94605733654276,3953,Low Priority,No immediate intervention
4360-QRAVE,0.2019303821288175,439.77864595662453,88.80467003011513,3954,Low Priority,No immediate intervention
0257-KXZGU,0.1184952615847814,749.3830178908158,88.79833673216514,3955,Low Priority,No immediate intervention
5663-QBGIS,0.0751233014026831,1180.2157906004613,88.66170655748438,3956,Valuable but Stable,Maintain relationship
3470-BTGQO,0.1616356156036263,547.7928834056058,88.54283993255058,3957,Low Priority,No immediate intervention
9933-QRGTX,0.0758749293186025,1166.4615945716143,88.50519104098561,3958,Valuable but Stable,Maintain relationship
5837-LXSDN,0.1251713888668175,706.2009812387209,88.39615764076002,3959,Low Priority,No immediate intervention
5414-OFQCB,0.0812609126657423,1085.4593363689742,88.2054163348938,3960,Valuable but Stable,Maintain relationship
4580-TMHJU,0.1309050788991399,673.806861282337,88.20474033894614,3961,Low Priority,No immediate intervention
6734-FQAJX,0.0699585451040333,1260.6240921611013,88.19142741068345,3962,Valuable but Stable,Maintain relationship
1891-QRQSA,0.0657950072740326,1339.211258468989,88.11341449243349,3963,Valuable but Stable,Maintain relationship
7654-YWJUF,0.0871261818755185,1011.0072120478684,88.08519823434348,3964,Valuable but Stable,Maintain relationship
4987-GQWPO,0.2922763426969457,301.1994146585568,88.0334633388638,3965,Low Priority,No immediate intervention
3092-IGHWF,0.0838446373603758,1048.8184637919799,87.93780375350498,3966,Valuable but Stable,Maintain relationship
7718-UPSKJ,0.0688624513960919,1276.8251100873647,87.92530708470085,3967,Valuable but Stable,Maintain relationship
8100-HZZLJ,0.1144239822828349,767.3972133255386,87.8086451414583,3968,Low Priority,No immediate intervention
1480-BKXGA,0.0629786927229096,1392.6111278143223,87.70482830112279,3969,Valuable but Stable,Maintain relationship
8015-IHCGW,0.0632637512454368,1386.0540365148804,87.68697777881097,3970,Valuable but Stable,Maintain relationship
6214-EDAKZ,0.1324299373722628,661.8083909517067,87.64324376617253,3971,Low Priority,No immediate intervention
9677-AVKED,0.0861124825883739,1015.1961927144798,87.42106446890911,3972,Valuable but Stable,Maintain relationship
8259-NFJTV,0.2101193097421567,415.80667209691154,87.36901092718634,3973,Low Priority,No immediate intervention
7343-EOBEU,0.3084589584971447,283.1711430522288,87.34667586233647,3974,Low Priority,No immediate intervention
8646-JCOMS,0.0803396009371035,1086.630477139316,87.29945889946703,3975,Valuable but Stable,Maintain relationship
9633-DENPU,0.1240231579782102,703.20561697208,87.21378132489305,3976,Low Priority,No immediate intervention
9378-FXTIZ,0.1035128059433101,841.8031222904358,87.13740324012242,3977,Low Priority,No immediate intervention
8845-LWKGE,0.1125244307729527,774.0074947697526,87.09475276296557,3978,Low Priority,No immediate intervention
1545-JFUML,0.073295618730239,1188.0472159458086,87.0786557734859,3979,Valuable but Stable,Maintain relationship
9357-UJRUN,0.1240953790447772,700.188341776919,86.89013767554077,3980,Low Priority,No immediate intervention
0308-IVGOK,0.1791517866735148,484.8067139388924,86.85398899346818,3981,Low Priority,No immediate intervention
0907-HQNTS,0.0639032958505897,1356.0369874418132,86.65523279283657,3982,Valuable but Stable,Maintain relationship
0530-IJVDB,0.0629904375938433,1375.2397280364767,86.62695226545573,3983,Valuable but Stable,Maintain relationship
7691-XVTZH,0.0801688998998973,1079.456241912696,86.53881940421824,3984,Valuable but Stable,Maintain relationship
0266-CLZKZ,0.0681829937156945,1267.8551722124323,86.44616123937104,3985,Valuable but Stable,Maintain relationship
5578-NKCXI,0.0724648946570543,1191.009051262873,86.30634543536229,3986,Valuable but Stable,Maintain relationship
1202-KKGFU,0.1325866139665449,650.3802217438488,86.23171139182755,3987,Low Priority,No immediate intervention
8869-LIHMK,0.0623774020635073,1381.2289721292673,86.15747493627222,3988,Valuable but Stable,Maintain relationship
2740-JFBOK,0.299192625085291,287.96398786022706,86.1567014579302,3989,Low Priority,No immediate intervention
6981-TDRFT,0.1316981071455944,651.611640561567,85.8160196559938,3990,Low Priority,No immediate intervention
1779-PWPMG,0.0623670012607221,1375.821149929759,85.80583939219741,3991,Valuable but Stable,Maintain relationship
6265-SXWBU,0.0746667756188731,1149.0171246350933,85.79340382737125,3992,Valuable but Stable,Maintain relationship
0068-FIGTF,0.0912665275043693,938.380639055859,85.64274240395919,3993,Valuable but Stable,Maintain relationship
0696-UKTOX,0.1316297860397494,649.7962854079503,85.53254601767243,3994,Low Priority,No immediate intervention
8029-XYPWT,0.0619380175615736,1380.6120348931436,85.51237246293138,3995,Valuable but Stable,Maintain relationship
4759-PXTAN,0.088872440412745,961.2064193196355,85.42476022533229,3996,Valuable but Stable,Maintain relationship
2388-LAESQ,0.0619247510628717,1378.2208322413,85.34598194620636,3997,Valuable but Stable,Maintain relationship
0699-NDKJM,0.1208911589731285,704.9982760616883,85.2280586671551,3998,Low Priority,No immediate intervention
6137-MFAJN,0.1584151970157404,537.6080268172966,85.16528148550549,3999,Low Priority,No immediate intervention
4926-UMJZD,0.1441641736080706,590.428354608405,85.11861581689357,4000,Low Priority,No immediate intervention
8777-MBMTS,0.0669820063501678,1270.2483833224396,85.08378527799402,4001,Valuable but Stable,Maintain relationship
6266-QHOJZ,0.0787956169236361,1078.2263606487704,84.95951127064681,4002,Valuable but Stable,Maintain relationship
4000-VGMQP,0.0896404965915796,947.3747120374934,84.92313964534564,4003,Valuable but Stable,Maintain relationship
9115-YQHGA,0.1382365495226226,613.212381183683,84.76836369938351,4004,Low Priority,No immediate intervention
9127-FHJBZ,0.0618789220871617,1368.0486208820957,84.65337402301222,4005,Valuable but Stable,Maintain relationship
5451-YHYPW,0.0608618461726486,1389.0339819524506,84.5391725381716,4006,Valuable but Stable,Maintain relationship
4199-QHJNM,0.068442624772711,1234.8202720853258,84.51434054407285,4007,Valuable but Stable,Maintain relationship
0396-UKGAI,0.1270607689058789,663.5928936130257,84.31662330294813,4008,Low Priority,No immediate intervention
1376-HHBDV,0.1435349134289598,585.6025606883558,84.05441285218032,4009,Low Priority,No immediate intervention
2250-IVBWA,0.0864032847624002,972.6226584181998,84.03779252167041,4010,Valuable but Stable,Maintain relationship
8079-XRJRS,0.0780067716417958,1077.0056624395438,84.0137347668425,4011,Valuable but Stable,Maintain relationship
8200-KLNYW,0.0864948892741945,970.7696463422684,83.96661307112346,4012,Valuable but Stable,Maintain relationship
5278-PNYOX,0.0693844635835665,1207.8461355922036,83.80575620954878,4013,Valuable but Stable,Maintain relationship
4765-OXPPD,0.1071503697973143,779.9884802092636,83.57605409206775,4014,Low Priority,No immediate intervention
9558-IHEZX,0.0652121514985268,1281.0464687612798,83.53979639751336,4015,Valuable but Stable,Maintain relationship
7997-EASSD,0.0852554365380544,974.4487906685008,83.07705703242222,4016,Valuable but Stable,Maintain relationship
4186-ZBUEW,0.0975109608824226,848.3978110891338,82.72808576984549,4017,Valuable but Stable,Maintain relationship
8591-TKMZH,0.0618901869454898,1333.2451459469662,82.51479132682456,4018,Valuable but Stable,Maintain relationship
9402-ROUMJ,0.0685659008145882,1203.0159923132371,82.48587520731282,4019,Valuable but Stable,Maintain relationship
1832-PEUTS,0.0771264536176773,1069.2639355413676,82.46853532958637,4020,Valuable but Stable,Maintain relationship
2212-LYASK,0.1496579314868188,550.2020562789194,82.34210164249734,4021,Low Priority,No immediate intervention
0716-BQNDX,0.0730983233119843,1125.016240552324,82.23680088312689,4022,Valuable but Stable,Maintain relationship
3898-BSJYF,0.0929904981796363,882.5653521333882,82.0701917709699,4023,Valuable but Stable,Maintain relationship
2202-OUTMO,0.1123789553803923,730.1937145235327,82.05840686348299,4024,Low Priority,No immediate intervention
5353-WILCI,0.1219790982883216,672.5816509804163,82.04090331186181,4025,Low Priority,No immediate intervention
9174-FKWZE,0.351296611511515,233.35170650807186,81.97566378671517,4026,Low Priority,No immediate intervention
4922-CVPDX,0.0929343006991203,882.0248854676939,81.9703659301618,4027,Valuable but Stable,Maintain relationship
1208-DNHLN,0.1409969689640144,580.2006930361518,81.80653910891795,4028,Low Priority,No immediate intervention
8847-GEOOQ,0.1130881327554637,722.4093894947518,81.69592894297598,4029,Low Priority,No immediate intervention
3363-DTIVD,0.0644364594537375,1266.632652420418,81.61732355046824,4030,Valuable but Stable,Maintain relationship
9259-PACGQ,0.1083933409540651,751.7975580400179,81.4898490370652,4031,Low Priority,No immediate intervention
7184-LRUUR,0.104038976389864,782.9621694925687,81.45858266599404,4032,Low Priority,No immediate intervention
5120-ZBLAI,0.0896567239489168,908.3724815767356,81.44170082351789,4033,Valuable but Stable,Maintain relationship
1337-BOZWO,0.1460771806010587,556.7868138788081,81.3338479672627,4034,Low Priority,No immediate intervention
6904-JLBGY,0.0577516819086228,1408.224863391483,81.32735436639872,4035,Valuable but Stable,Maintain relationship
9351-HXDMR,0.0610915256098424,1330.8493149346436,81.303615006171,4036,Valuable but Stable,Maintain relationship
0655-YDGFJ,0.13812900833493,587.3786443450035,81.13402966049088,4037,Low Priority,No immediate intervention
3635-JBPSG,0.1739475144460135,465.63656607786936,80.9963233044223,4038,Low Priority,No immediate intervention
2801-NISEI,0.122807582321155,659.382852605161,80.97721395246633,4039,Low Priority,No immediate intervention
4049-ZPALD,0.0681239950718265,1188.0402599325612,80.93404881277726,4040,Valuable but Stable,Maintain relationship
8919-FYFQZ,0.2220362353420499,364.20451983654567,80.86660047906553,4041,Low Priority,No immediate intervention
2323-ARSVR,0.060680580252745,1332.645639518989,80.8657106773027,4042,Valuable but Stable,Maintain relationship
3537-RYBHH,0.099807098112187,809.3800607895283,80.78187513726834,4043,Low Priority,No immediate intervention
8628-MFKAX,0.05765179471618,1401.032393510157,80.77203194136588,4044,Valuable but Stable,Maintain relationship
1150-FTQGN,0.0714378515147112,1129.7987616942553,80.7103961794188,4045,Valuable but Stable,Maintain relationship
7255-SSFBC,0.0598729423409061,1347.0454346407591,80.65157363882697,4046,Valuable but Stable,Maintain relationship
9386-LDCZR,0.073948238963289,1087.810185899433,80.44164757359111,4047,Valuable but Stable,Maintain relationship
6993-YGFJV,0.0594845161795439,1350.635208231553,80.34188189671146,4048,Valuable but Stable,Maintain relationship
4785-QRJHC,0.1116626471491986,718.7750088769233,80.26032019588598,4049,Low Priority,No immediate intervention
5084-OOVCJ,0.1208070437649162,664.2084878769538,80.24106386397996,4050,Low Priority,No immediate intervention
7228-PAQPD,0.1128282205711211,709.1868892947139,80.01629477149122,4051,Low Priority,No immediate intervention
5815-HGGHV,0.1037887322021738,769.7862897058665,79.89514307518715,4052,Low Priority,No immediate intervention
1810-MVMAI,0.0984599371493309,811.1867581198479,79.86939722084972,4053,Low Priority,No immediate intervention
8822-KNBHV,0.0794116701603258,1001.376349233322,79.52096835166778,4054,Valuable but Stable,Maintain relationship
5397-TUPSH,0.0932660782360325,851.4077668192904,79.40746339093366,4055,Valuable but Stable,Maintain relationship
5032-USPKF,0.0786603861114797,1009.1454677072929,79.37977213250544,4056,Valuable but Stable,Maintain relationship
0401-WDBXM,0.0625977982725801,1266.631768697604,79.28835994257395,4057,Valuable but Stable,Maintain relationship
3282-ZISZV,0.0787184509985609,1004.3716174171288,79.06257794999561,4058,Valuable but Stable,Maintain relationship
4826-DXMUP,0.0913135548602966,865.1910142555128,79.00366714485642,4059,Valuable but Stable,Maintain relationship
1397-XKKWR,0.1864608004223698,423.5716808211186,78.97951464215431,4060,Low Priority,No immediate intervention
6344-SFJVH,0.2638472769311218,298.8095747336589,78.84009261442245,4061,Low Priority,No immediate intervention
1096-ADRUX,0.0884686047547075,891.0358300295493,78.82869666916693,4062,Valuable but Stable,Maintain relationship
9691-HKOVS,0.0728458285904996,1081.7876108538926,78.80371487158874,4063,Valuable but Stable,Maintain relationship
8231-BSWXX,0.0829358727641936,948.6333032893539,78.67573094148254,4064,Valuable but Stable,Maintain relationship
1696-HXOWK,0.0684621997582781,1147.8149568954245,78.58193686451392,4065,Valuable but Stable,Maintain relationship
8975-SKGRX,0.0563765187461207,1393.2309319883555,78.54550975491674,4066,Valuable but Stable,Maintain relationship
2056-EVGZL,0.0617716426231244,1269.0208486053941,78.38950234134646,4067,Valuable but Stable,Maintain relationship
9591-YVTEB,0.1453093212109212,538.1843536836457,78.20320312010888,4068,Low Priority,No immediate intervention
3126-WQMGH,0.1248878370039943,625.8212731836613,78.15746515899329,4069,Low Priority,No immediate intervention
1163-VIPRI,0.0594930633034494,1311.64552159187,78.03381004775103,4070,Valuable but Stable,Maintain relationship
7610-TVOPG,0.2467907798127122,316.1636618382005,78.02627665349213,4071,Low Priority,No immediate intervention
4909-JOUPP,0.0592488847242014,1316.4313928030392,77.99709183950716,4072,Valuable but Stable,Maintain relationship
2794-XIMMO,0.1075039883970097,725.4094909184738,77.98441349478033,4073,Low Priority,No immediate intervention
8644-XYTSV,0.1617130185293815,481.79494484298914,77.91251484275664,4074,Low Priority,No immediate intervention
2363-BJLSL,0.0807302832969591,964.7916696180289,77.88790481080963,4075,Valuable but Stable,Maintain relationship
3391-JSQEW,0.1293246241393393,601.8152014749178,77.8295247320845,4076,Low Priority,No immediate intervention
1360-RCYRT,0.2135814588504556,364.21438369126236,77.7894394030994,4077,Low Priority,No immediate intervention
4654-DLAMQ,0.0668105843926216,1163.97585106721,77.76590682869937,4078,Valuable but Stable,Maintain relationship
0619-OLYUR,0.0578311568151618,1342.84772649235,77.65843744966259,4079,Valuable but Stable,Maintain relationship
1697-BCSHV,0.096793334890286,801.6043471939813,77.58995802745613,4080,Low Priority,No immediate intervention
7868-TMWMZ,0.0587612488838735,1320.0197499948104,77.56600906107353,4081,Valuable but Stable,Maintain relationship
7016-BPGEU,0.2563954748742263,301.22384541105043,77.23243088760681,4082,Low Priority,No immediate intervention
3580-HYCSP,0.0583061682304591,1323.6293612230356,77.17575621024544,4083,Valuable but Stable,Maintain relationship
0862-PRCBS,0.0619105292502931,1245.0746525530735,77.08323069568557,4084,Valuable but Stable,Maintain relationship
5914-XRFQB,0.0553925561866324,1389.6320898845163,76.97527361767547,4085,Valuable but Stable,Maintain relationship
6050-FFXES,0.0608064946462941,1264.2449047569019,76.87430103270515,4086,Valuable but Stable,Maintain relationship
6907-CQGPN,0.1865511037975307,411.6086725637863,76.78605219941072,4087,Low Priority,No immediate intervention
9788-HNGUT,0.0546920493426396,1403.4448424850937,76.7572745748678,4088,Valuable but Stable,Maintain relationship
4023-RTIQM,0.1268512544357482,604.7770818708784,76.71673148931212,4089,Low Priority,No immediate intervention
3863-QSTYI,0.0988734608844446,775.8137431763048,76.70738978955691,4090,Low Priority,No immediate intervention
0107-WESLM,0.3219016284569951,238.16383779454975,76.6653272256332,4091,Low Priority,No immediate intervention
4504-YOULA,0.1074624474406618,713.4048715476627,76.66423351260278,4092,Low Priority,No immediate intervention
3137-NYQQI,0.0985097922863163,777.564778945024,76.59774486302977,4093,Low Priority,No immediate intervention
2775-SEFEE,0.1030392002541854,742.7966156741433,76.53716923057924,4094,Low Priority,No immediate intervention
6481-OGDOO,0.0702521937284544,1087.2199272567823,76.37958495507957,4095,Valuable but Stable,Maintain relationship
4422-QVIJA,0.1269026400698644,601.803682630069,76.37047612952256,4096,Low Priority,No immediate intervention
2798-NYLMZ,0.0585762018938381,1302.6523664105612,76.304428012351,4097,Valuable but Stable,Maintain relationship
8319-QBEHW,0.158334376816677,479.38587397273585,75.90326361019119,4098,Low Priority,No immediate intervention
8901-UPRHR,0.0578471378416463,1310.4580776859805,75.80624905559975,4099,Valuable but Stable,Maintain relationship
4132-POCZS,0.1582831905037949,478.81195716017197,75.78788423067839,4100,Low Priority,No immediate intervention
7459-IMVYU,0.0901940912679179,839.3782485143735,75.70695835481047,4101,Low Priority,No immediate intervention
8017-UVSZU,0.1112878372389668,679.2047538759311,75.58722810127713,4102,Low Priority,No immediate intervention
2380-DAMQP,0.0546226192507871,1381.8424857545194,75.4798559639303,4103,Valuable but Stable,Maintain relationship
4137-JOPHL,0.0700095311161272,1076.452083703185,75.3619056490381,4104,Valuable but Stable,Maintain relationship
0997-YTLNY,0.1286276920116523,585.6094310963249,75.325589542177,4105,Low Priority,No immediate intervention
6933-VLYFX,0.104640732623105,719.3812968773346,75.2765859406037,4106,Low Priority,No immediate intervention
3407-JMJQQ,0.0574889105229484,1308.03854313077,75.19771076661262,4107,Valuable but Stable,Maintain relationship
3528-HFRIQ,0.1197178748430025,627.5937525127874,75.13419031557618,4108,Low Priority,No immediate intervention
5998-DZLYR,0.0663050022016321,1132.2605809555537,75.07454031307923,4109,Valuable but Stable,Maintain relationship
8406-LNMHF,0.0753598596154474,995.4042150996712,75.01352191053583,4110,Valuable but Stable,Maintain relationship
5504-WSIUR,0.0692366366497338,1083.0271020725977,74.9851539480146,4111,Valuable but Stable,Maintain relationship
4628-CTTLA,0.1589627990552252,471.6191523904734,74.96990055204246,4112,Low Priority,No immediate intervention
6791-YBNAK,0.2442922658810318,306.6096088968636,74.90235609831178,4113,Low Priority,No immediate intervention
7078-NVFAM,0.1774006473881063,421.81667766274535,74.83055169647118,4114,Low Priority,No immediate intervention
2368-GAKKQ,0.0548198716971887,1363.83536355143,74.7652796459781,4115,Valuable but Stable,Maintain relationship
7049-GKVZY,0.0780085189564535,958.1630591493204,74.74488116302324,4116,Valuable but Stable,Maintain relationship
7622-NXQZR,0.2065963188602241,361.22253925454845,74.6272468993325,4117,Low Priority,No immediate intervention
6865-JZNKO,0.1120828889054137,663.5826399527953,74.37625931339029,4118,Low Priority,No immediate intervention
9070-BCKQP,0.0561936570973782,1321.8583045625892,74.28005229791185,4119,Valuable but Stable,Maintain relationship
3351-NQLDI,0.065600244632163,1132.2360074332535,74.27495906896496,4120,Valuable but Stable,Maintain relationship
0565-JUPYD,0.0591167909030364,1253.9999704594534,74.13245404606532,4121,Valuable but Stable,Maintain relationship
2636-SJDOU,0.0731350448588963,1011.6161392574709,73.98459172457862,4122,Valuable but Stable,Maintain relationship
6650-BWFRT,0.052625322935273,1405.85232309286,73.98343250206551,4123,Valuable but Stable,Maintain relationship
1371-WEPDS,0.1103296431663602,669.5683865590291,73.87324116453321,4124,Low Priority,No immediate intervention
2792-VPPET,0.3002697324737693,245.96416803400416,73.85559493370367,4125,Low Priority,No immediate intervention
9027-YFHQJ,0.2457328069489195,300.550254724518,73.85505772266856,4126,Low Priority,No immediate intervention
9298-WGMRW,0.0532592799964738,1386.0403647134297,73.81951187068721,4127,Valuable but Stable,Maintain relationship
8550-XSXUQ,0.0870757457567877,846.5936705805273,73.71777521877567,4128,Valuable but Stable,Maintain relationship
3845-FXCYS,0.3123743700248336,235.76483684648122,73.64689238392724,4129,Low Priority,No immediate intervention
3244-CQPHU,0.0556162960041558,1321.2178642901658,73.48124382634042,4130,Valuable but Stable,Maintain relationship
3229-USWAR,0.0765334588739457,959.3671586419129,73.42368698093499,4131,Valuable but Stable,Maintain relationship
8099-MZPUJ,0.0546692625822584,1341.6318647655335,73.34602470359194,4132,Valuable but Stable,Maintain relationship
1320-GVNHT,0.0563152479178369,1300.8469585726089,73.25751897518057,4133,Valuable but Stable,Maintain relationship
4626-OZDTJ,0.0775152842367506,943.8078297815125,73.15953219038467,4134,Valuable but Stable,Maintain relationship
5038-ETMLM,0.0536194256697151,1363.8433033316733,73.12849462813136,4135,Valuable but Stable,Maintain relationship
3195-TQDZX,0.3005705242834261,242.9645651445776,73.02798672780033,4136,Low Priority,No immediate intervention
1090-PYKCI,0.0578663304456211,1261.2295876396006,72.98272808614757,4137,Valuable but Stable,Maintain relationship
6727-IOTLZ,0.0740227210224764,983.4023022702459,72.79411427381142,4138,Valuable but Stable,Maintain relationship
0373-AIVNJ,0.1529411815176126,474.5714302946427,72.581515263766,4139,Low Priority,No immediate intervention
4430-YHXGG,0.2373605621127233,305.3737576609542,72.48368677287863,4140,Low Priority,No immediate intervention
6435-VWCCY,0.0650116623138735,1112.4331921214032,72.32113103294103,4141,Valuable but Stable,Maintain relationship
7105-BENQF,0.0927617979810922,778.1592087356395,72.18344731786195,4142,Low Priority,No immediate intervention
6933-FHBZC,0.1072611202958467,672.5966947161478,72.1434749825376,4143,Low Priority,No immediate intervention
5829-NVSQN,0.0874149549894371,824.9780277697121,72.11541716476397,4144,Low Priority,No immediate intervention
2434-EEVDB,0.0634851055245812,1135.2566543458224,72.07188849862754,4145,Valuable but Stable,Maintain relationship
3669-WHAFY,0.0520156042607097,1381.8548186139749,71.8780133907793,4146,Valuable but Stable,Maintain relationship
4501-UYKBC,0.0866847549537405,829.1852454665524,71.87771981452526,4147,Low Priority,No immediate intervention
0377-JBKKT,0.10335402968835,695.4052582522188,71.87293570683453,4148,Low Priority,No immediate intervention
6048-UWKAL,0.0567603128623418,1264.8400413119773,71.79271646568516,4149,Valuable but Stable,Maintain relationship
2121-JAFOM,0.0517553422438118,1386.65486460053,71.76679709144693,4150,Valuable but Stable,Maintain relationship
7176-WRTNX,0.0520176831227469,1379.4255002802229,71.75451856501324,4151,Valuable but Stable,Maintain relationship
7055-JCGNI,0.0533855611547021,1343.4526432125444,71.72097324266947,4152,Valuable but Stable,Maintain relationship
9730-DRTMJ,0.0820599048566338,873.5814013028771,71.68600667543892,4153,Valuable but Stable,Maintain relationship
4853-RULSV,0.0574300575216417,1248.0483994074957,71.67549136776533,4154,Valuable but Stable,Maintain relationship
0607-MVMGC,0.0758352455225223,944.9797992702615,71.66277509148412,4155,Valuable but Stable,Maintain relationship
6341-JVQGF,0.0735698351936725,973.7881695815864,71.64143514966531,4156,Valuable but Stable,Maintain relationship
4003-OCTMP,0.0930189143609406,767.99710896054,71.43825730785044,4157,Low Priority,No immediate intervention
0128-MKWSG,0.129809429815938,549.6011136900086,71.34340719430452,4158,Low Priority,No immediate intervention
0303-UNCIP,0.0910501354132781,779.9777002944913,71.01707523115067,4159,Low Priority,No immediate intervention
6982-UQZLY,0.2834635273181607,250.16077204825422,70.91145484143249,4160,Low Priority,No immediate intervention
6784-XYJAE,0.1058835494534837,669.5862092643716,70.89816450201478,4161,Low Priority,No immediate intervention
0447-BEMNG,0.1303353197401579,543.6023672319693,70.85058834468546,4162,Low Priority,No immediate intervention
9637-CDTKZ,0.0517282557884792,1369.2493695456308,70.82888162607027,4163,Valuable but Stable,Maintain relationship
2519-TWKFS,0.1068652947218023,661.2066036700425,70.660038573201,4164,Low Priority,No immediate intervention
2946-KIQSP,0.1759512055127699,401.43387598989364,70.63277441408556,4165,Low Priority,No immediate intervention
2878-RMWXY,0.0572819776654964,1231.8258730546208,70.56142214809539,4166,Valuable but Stable,Maintain relationship
9114-AAFQH,0.089551983907121,787.8040842857177,70.5494186779188,4167,Low Priority,No immediate intervention
1043-UXOVO,0.0519139805348409,1357.8514184452647,70.49147210637358,4168,Valuable but Stable,Maintain relationship
1925-LFCZZ,0.1173081931968531,600.569956910482,70.45177653348055,4169,Low Priority,No immediate intervention
5183-KLYEM,0.0520421705980608,1353.052735185655,70.41580127270464,4170,Valuable but Stable,Maintain relationship
0112-QWPNC,0.0695587303479501,1012.1713436212123,70.40535355687024,4171,Valuable but Stable,Maintain relationship
7156-MXBJE,0.0688300638173071,1021.1810362717742,70.28795589561001,4172,Valuable but Stable,Maintain relationship
3345-JHUEO,0.2899913008619949,242.36532593016523,70.28383615033,4173,Low Priority,No immediate intervention
6158-DWPZT,0.2429674514323498,289.1827968348734,70.26200714504817,4174,Low Priority,No immediate intervention
9239-GZHZE,0.051505907890322,1363.8578826408882,70.24673847879119,4175,Valuable but Stable,Maintain relationship
0285-INHLN,0.1068136741628319,656.9984781924948,70.17642137512955,4176,Low Priority,No immediate intervention
8220-OCUFY,0.0968707230910136,722.9878270578605,70.03635359309564,4177,Low Priority,No immediate intervention
1536-YHDOE,0.0938326752182425,745.1859785006726,69.92279389784184,4178,Low Priority,No immediate intervention
8713-IGZSO,0.2344875599304096,298.15344298799585,69.91327333110564,4179,Low Priority,No immediate intervention
1877-HKBQX,0.1066088843962311,655.1907644294569,69.84915646253825,4180,Low Priority,No immediate intervention
2150-UWTFY,0.0951713855872391,733.7883377225755,69.83565282881446,4181,Low Priority,No immediate intervention
9052-DHNKM,0.0943154447658093,738.5596102522937,69.65757812700785,4182,Low Priority,No immediate intervention
4091-TVOCN,0.0736993328504568,944.9745296101189,69.64399239293999,4183,Valuable but Stable,Maintain relationship
2330-PQGDQ,0.0688840186080703,1010.4138035268064,69.60136324399161,4184,Valuable but Stable,Maintain relationship
3766-EJLFL,0.0531605954833669,1308.6463977065748,69.5684217792445,4185,Valuable but Stable,Maintain relationship
2233-FAGXV,0.2383642363876009,291.5828427863624,69.50292166449715,4186,Low Priority,No immediate intervention
4396-KLSEH,0.2917616371965108,238.16588188496803,69.48766762310909,4187,Low Priority,No immediate intervention
4353-HYOJD,0.1160591687985517,598.2098131046585,69.42773367606362,4188,Low Priority,No immediate intervention
0568-ONFPC,0.2233700599357788,310.7577694954891,69.41398159771633,4189,Low Priority,No immediate intervention
0743-HRVFF,0.1028120184434405,673.8212697838579,69.2769248166005,4190,Low Priority,No immediate intervention
8318-LCNBW,0.1085707235163038,637.7806155319226,69.24430287297443,4191,Low Priority,No immediate intervention
4011-ARPHK,0.1145781186370531,604.1818001215618,69.22601397267661,4192,Low Priority,No immediate intervention
9845-PEEKO,0.0727030663478869,950.4498208390032,69.10061638479526,4193,Valuable but Stable,Maintain relationship
4815-YOSUK,0.0548797355358434,1258.823931513252,69.08392444763793,4194,Valuable but Stable,Maintain relationship
9060-HJJRW,0.1020406784156138,676.8052250394135,69.06166431825392,4195,Low Priority,No immediate intervention
6999-CHVCF,0.0563653285666386,1225.223429841099,69.06012119053743,4196,Valuable but Stable,Maintain relationship
9039-RBEEE,0.1174914350368668,587.4071780572954,69.01531230090796,4197,Low Priority,No immediate intervention
5018-HEKFO,0.2346586221126733,293.97570424140116,68.98393369188996,4198,Low Priority,No immediate intervention
8606-CIQUL,0.049659013174135,1389.0298342767942,68.97785083961787,4199,Valuable but Stable,Maintain relationship
0289-IVARM,0.0948259553275679,726.5832085331355,68.89894687412406,4200,Low Priority,No immediate intervention
0661-KBKPA,0.0725587490654412,945.0038385387397,68.56829638641113,4201,Valuable but Stable,Maintain relationship
2205-LPVGL,0.0635925413859039,1078.1934343415992,68.565060595378,4202,Valuable but Stable,Maintain relationship
8865-TNMNX,0.1152343296651352,594.586155059807,68.51673700648699,4203,Low Priority,No immediate intervention
3209-ZPKFI,0.1052408513426782,651.0045504556414,68.5122731179092,4204,Low Priority,No immediate intervention
6919-ELBGL,0.0496117613277759,1379.416525721414,68.43528344568064,4205,Valuable but Stable,Maintain relationship
8671-KKKOS,0.1251954917591146,546.6035937173331,68.4323057127408,4206,Low Priority,No immediate intervention
6614-FHDBO,0.052215386984839,1310.4315956212938,68.4246928825259,4207,Valuable but Stable,Maintain relationship
9853-JFZDU,0.1002588581897513,682.2108977043845,68.39768564844681,4208,Low Priority,No immediate intervention
9412-ARGBX,0.0596719680219582,1146.06524935381,68.3879689105181,4209,Valuable but Stable,Maintain relationship
0496-AHOOK,0.0765486943159538,892.755547525661,68.3392715064138,4210,Valuable but Stable,Maintain relationship
7989-AWGEH,0.1450110066081754,470.414675599928,68.21530563200385,4211,Low Priority,No immediate intervention
4682-BLBUC,0.080032226894599,851.4004771151099,68.13947616264632,4212,Valuable but Stable,Maintain relationship
4429-WYGFR,0.1155105352907967,589.7874622820596,68.12666547600126,4213,Low Priority,No immediate intervention
6770-XUAGN,0.2700510769617833,251.9800370560032,68.04748037984373,4214,Low Priority,No immediate intervention
2038-YSEZE,0.0840523209011846,809.3846619524423,68.0306593389235,4215,Low Priority,No immediate intervention
3705-RHRFR,0.0571373917345657,1189.8316462201951,67.98387686826648,4216,Valuable but Stable,Maintain relationship
6718-BDGHG,0.0871357407415451,778.1987985698544,67.80892875756471,4217,Low Priority,No immediate intervention
6345-HOVES,0.2255642423237925,300.60495404508856,67.80572869795886,4218,Low Priority,No immediate intervention
5619-PTMIK,0.1063931346892998,637.2006506846044,67.79377465239659,4219,Low Priority,No immediate intervention
6797-LNAQX,0.0574626067359971,1179.6387228758197,67.78511602316709,4220,Valuable but Stable,Maintain relationship
1371-DWPAZ,0.1005526627222571,672.6161552915196,67.63334540456948,4221,Low Priority,No immediate intervention
2233-TXSIU,0.1267858837301968,533.3800371859497,67.62505937866587,4222,Low Priority,No immediate intervention
9711-FJTBX,0.0655945342864676,1030.2411051647493,67.57818549605742,4223,Valuable but Stable,Maintain relationship
2812-ENYMO,0.1031775935840064,654.576862104092,67.53766544767021,4224,Low Priority,No immediate intervention
1741-WTPON,0.0485703994079138,1390.231036659789,67.524076719844,4225,Valuable but Stable,Maintain relationship
5172-RKOCB,0.0516210708081662,1307.453614024712,67.49215558796246,4226,Valuable but Stable,Maintain relationship
1334-PDUKM,0.0649637675134229,1037.429359979621,67.3953197533152,4227,Valuable but Stable,Maintain relationship
8085-MSNLK,0.0491745745116103,1367.4422905566403,67.24339280730457,4228,Valuable but Stable,Maintain relationship
6445-TNRXS,0.0487951139002279,1376.434762337717,67.16329100450203,4229,Valuable but Stable,Maintain relationship
9589-ABEPT,0.0604856360370391,1109.4762047034474,67.10737390944821,4230,Valuable but Stable,Maintain relationship
3963-RYFNS,0.0480194979420235,1397.432278639953,67.10399642826843,4231,Valuable but Stable,Maintain relationship
2391-IPLOP,0.080081151946842,835.8057530951112,66.93228751165431,4232,Low Priority,No immediate intervention
6893-ODYYE,0.0618597948703625,1081.2158290870036,66.88378939791096,4233,Valuable but Stable,Maintain relationship
2930-UOTMB,0.0852746301461244,782.9881634470757,66.76902604674258,4234,Low Priority,No immediate intervention
0667-NSRGI,0.0799698158791743,834.613189585147,66.7438631014546,4235,Low Priority,No immediate intervention
4510-PYUSH,0.0970543054627645,685.7791665919285,66.5578207144131,4236,Low Priority,No immediate intervention
1841-YSJGV,0.0504147401358928,1319.4520255824182,66.519830991515,4237,Valuable but Stable,Maintain relationship
3280-MRDOF,0.0801475733878269,829.2044638048255,66.4587256163109,4238,Low Priority,No immediate intervention
2450-ZKEED,0.1026323707695558,645.5768367659815,66.25708127120322,4239,Low Priority,No immediate intervention
1136-XGEQU,0.0655270423768549,1009.8059986047243,66.16960046297405,4240,Valuable but Stable,Maintain relationship
8467-WYNSR,0.0998701951225894,661.1859639179673,66.03277122880476,4241,Low Priority,No immediate intervention
1150-WFARN,0.0505728173350379,1305.0607721850054,66.00060004283579,4242,Valuable but Stable,Maintain relationship
9277-JOOMO,0.2235281165190735,295.1623197582672,65.97707740296597,4243,Low Priority,No immediate intervention
3115-JPJDD,0.0676532428061429,975.0301410810891,65.9639508778667,4244,Valuable but Stable,Maintain relationship
0254-FNMCI,0.0499699557083742,1318.8520942879181,65.90298073746382,4245,Valuable but Stable,Maintain relationship
9143-CANJF,0.0994469818941691,661.8005608867936,65.81406839605992,4246,Low Priority,No immediate intervention
4198-VFOEA,0.163121589089966,403.2052220971353,65.77147655785737,4247,Low Priority,No immediate intervention
8746-OQQRW,0.2170289819815127,302.9541703380238,65.74983517551509,4248,Low Priority,No immediate intervention
5446-DKWYW,0.0839476020089095,782.3924342834584,65.67996868800965,4249,Low Priority,No immediate intervention
2320-JRSDE,0.2743140812313669,238.7817843425264,65.50120578670652,4250,Low Priority,No immediate intervention
5269-NRGDP,0.0742535241806274,877.7914605867519,65.17910944422663,4251,Valuable but Stable,Maintain relationship
4686-GEFRM,0.054923357510204,1184.4559412053375,65.05429711390592,4252,Valuable but Stable,Maintain relationship
5640-CAXOA,0.1340571718261612,484.2164495139182,64.91268777354104,4253,Low Priority,No immediate intervention
0080-EMYVY,0.1050147437925382,617.3832789179357,64.83434685736417,4254,Low Priority,No immediate intervention
7605-SNLQG,0.1074422136886155,603.0248919389189,64.7903292992556,4255,Low Priority,No immediate intervention
4795-WRNVT,0.0826087196884659,781.1861677264149,64.53278915421832,4256,Low Priority,No immediate intervention
7771-ZONAT,0.0947467082305396,681.0017527732648,64.52267437449458,4257,Low Priority,No immediate intervention
3696-XRIEN,0.0650561106047604,989.9891990687843,64.40484683213698,4258,Valuable but Stable,Maintain relationship
0533-UCAAU,0.0753588891016463,853.1785838579004,64.29459028484716,4259,Valuable but Stable,Maintain relationship
0489-WMEMG,0.1082957394814394,593.410114748947,64.26378719250302,4260,Low Priority,No immediate intervention
5214-NLTIT,0.0589328455581731,1089.6678292151955,64.21722588884886,4261,Valuable but Stable,Maintain relationship
7470-DYNOE,0.087507788571463,733.1952055396682,64.16029102797565,4262,Low Priority,No immediate intervention
8404-VLQFB,0.2112903248255827,302.98343509481504,64.01746841795432,4263,Low Priority,No immediate intervention
0727-BNRLG,0.0545505668940541,1171.865149571191,63.925908232493974,4264,Valuable but Stable,Maintain relationship
9057-MSWCO,0.1731059453802766,368.97921052247017,63.8724950631603,4265,Low Priority,No immediate intervention
3099-OONVS,0.0979425329442339,651.5947941299909,63.81884459036794,4266,Low Priority,No immediate intervention
7602-MVRMB,0.0481177477931159,1325.4468993412547,63.77751961566997,4267,Valuable but Stable,Maintain relationship
6250-CGGUN,0.0626976671363545,1012.809456812714,63.500790195795545,4268,Valuable but Stable,Maintain relationship
4057-FKCZK,0.0640585171527636,990.0447224040732,63.4207968321244,4269,Valuable but Stable,Maintain relationship
0020-INWCK,0.0551272043222538,1149.072220984921,63.34513910726171,4270,Valuable but Stable,Maintain relationship
5049-MUBWG,0.0703590083314341,899.9493801339326,63.319545934712316,4271,Valuable but Stable,Maintain relationship
2480-JZOSN,0.2555300405697025,247.78165469633348,63.31565627698212,4272,Low Priority,No immediate intervention
2223-GDSHL,0.0453538005753009,1392.6346620310387,63.16127473600729,4273,Valuable but Stable,Maintain relationship
3396-DKDEL,0.0456307528744291,1381.8577878710707,63.0552112259501,4274,Valuable but Stable,Maintain relationship
9817-APLHW,0.2100352584623585,299.9553060502834,63.00119023342712,4275,Low Priority,No immediate intervention
2150-WLKUW,0.0820296961419712,766.7798293166821,62.89871640663998,4276,Low Priority,No immediate intervention
8262-COGGB,0.2562022357413667,245.36759703526945,62.863726938922774,4277,Low Priority,No immediate intervention
5996-DAOQL,0.2562022357413667,245.36759703526945,62.863726938922774,4278,Low Priority,No immediate intervention
3726-TBHQT,0.0459192784106842,1368.0379183377408,62.81931404852358,4279,Valuable but Stable,Maintain relationship
1814-DKOLC,0.2055236014698094,305.36233230926297,62.75916628942047,4280,Low Priority,No immediate intervention
4526-RMTLL,0.0686783370327578,913.8059947768041,62.75867609183587,4281,Valuable but Stable,Maintain relationship
2346-DJQTB,0.2165335824849373,289.8164283891377,62.754989502089266,4282,Low Priority,No immediate intervention
9578-FOMUK,0.2100405449761302,297.56977454432445,62.5017176137141,4283,Low Priority,No immediate intervention
1183-CANVH,0.0867750798935296,719.9838093209872,62.47665257587645,4284,Low Priority,No immediate intervention
2081-KJSQF,0.2569485621521459,242.9679147237281,62.43025633736713,4285,Low Priority,No immediate intervention
7765-LWVVH,0.0546703697790372,1141.2616051522887,62.39319396829317,4286,Valuable but Stable,Maintain relationship
8305-VHZBZ,0.2571353658269946,242.36799414584289,62.321382839446194,4287,Low Priority,No immediate intervention
5356-RHIPP,0.2571353658269946,242.36799414584289,62.321382839446194,4288,Low Priority,No immediate intervention
4104-PVRPS,0.0967802244835107,643.1962863616511,62.248680981041026,4289,Low Priority,No immediate intervention
9495-REDIY,0.1274460251927165,487.78946721701396,62.16682872768132,4290,Low Priority,No immediate intervention
7569-NMZYQ,0.0436145554742826,1425.0388528965436,62.15243610266434,4291,Valuable but Stable,Maintain relationship
3795-CAWEX,0.044433243576844,1398.6477657556343,62.14645685402875,4292,Valuable but Stable,Maintain relationship
1240-KNSEZ,0.2575092394812039,241.16815299007226,62.10302766356014,4293,Low Priority,No immediate intervention
1000-AJSLD,0.2575092394812039,241.16815299007226,62.10302766356014,4294,Low Priority,No immediate intervention
4661-NJEUX,0.2576963094081046,240.56823241218683,61.99354565345172,4295,Low Priority,No immediate intervention
4376-KFVRS,0.04529387173806,1368.653099588314,61.99159794665136,4296,Valuable but Stable,Maintain relationship
5297-MDOIR,0.0635232576659451,973.8330253792096,61.86104619477039,4297,Valuable but Stable,Maintain relationship
4627-MIHJH,0.0467565457286264,1323.020503520428,61.85986867276322,4298,Valuable but Stable,Maintain relationship
5375-XLDOF,0.0449825118325033,1372.2359996559926,61.72662209151268,4299,Valuable but Stable,Maintain relationship
9137-NOQKA,0.2677763999101987,230.33653059129756,61.67868692954301,4300,Low Priority,No immediate intervention
2369-FEVNO,0.2582580512709245,238.768470678531,61.66387994237629,4301,Low Priority,No immediate intervention
4634-JLRJT,0.2523969784818267,244.17555417572396,61.6291720930783,4302,Low Priority,No immediate intervention
7854-EKTJL,0.2618795705112067,235.1763651853896,61.587885509136534,4303,Low Priority,No immediate intervention
6035-BXTTY,0.0938734950483116,655.7751849932122,61.55990858126593,4304,Low Priority,No immediate intervention
8073-IJDCM,0.2525815979426963,243.57563359783853,61.52272275404676,4305,Low Priority,No immediate intervention
2927-CVULT,0.0492150549683272,1248.6432536112911,61.45204636231061,4306,Valuable but Stable,Maintain relationship
6007-TCTST,0.0441992129816942,1389.6435388013101,61.421150740114335,4307,Valuable but Stable,Maintain relationship
0670-KDOMA,0.2527663067879542,242.97571301995322,61.41607361922341,4308,Low Priority,No immediate intervention
2876-VBBBL,0.2527663067879542,242.97571301995322,61.41607361922341,4309,Low Priority,No immediate intervention
9938-TKDGL,0.0513657712503047,1194.6591649643494,61.364589389638795,4310,Valuable but Stable,Maintain relationship
2465-BLLEU,0.2588205906968567,236.96870894487506,61.332381225784076,4311,Low Priority,No immediate intervention
7839-QRKXN,0.2529511049940983,242.37579244206802,61.30922452204132,4312,Low Priority,No immediate intervention
4897-QSUYC,0.2531359925375185,241.7758718641827,61.202175295963784,4313,Low Priority,No immediate intervention
6968-URWQU,0.0904610868497676,676.2035099754983,61.17010444401124,4314,Low Priority,No immediate intervention
6502-KUGLL,0.0856562524970961,713.3820333956478,61.10563157942945,4315,Low Priority,No immediate intervention
1325-USMEC,0.0512453204737044,1192.2505367558656,61.09726084100042,4316,Valuable but Stable,Maintain relationship
7989-CHGTL,0.2593839269583843,235.16894721121912,60.999045026314995,4317,Low Priority,No immediate intervention
0628-CNQRM,0.0752095572700217,809.9754038924505,60.917891526358204,4318,Low Priority,No immediate intervention
5989-AXPUC,0.0427822674431141,1423.2389924808108,60.8893912117823,4319,Valuable but Stable,Maintain relationship
8548-AWOFC,0.0794564077591728,766.2143586553605,60.88064051225339,4320,Low Priority,No immediate intervention
7931-PXHFC,0.0814008894316967,747.602906977585,60.85554156969743,4321,Low Priority,No immediate intervention
0076-LVEPS,0.1126606977051321,540.0083760857034,60.83772041643071,4322,Low Priority,No immediate intervention
9839-ETQOE,0.1252653639012953,485.40531456599786,60.80447336873244,4323,Low Priority,No immediate intervention
5906-BFOZT,0.2597599267891995,233.9691060554485,60.77579785989776,4324,Low Priority,No immediate intervention
1488-PBLJN,0.0433409062450691,1402.2418709369017,60.77443346118655,4325,Valuable but Stable,Maintain relationship
9972-NKTFD,0.0926303522210776,655.7930244989417,60.74633884346274,4326,Low Priority,No immediate intervention
4800-VHZKI,0.2540617694798099,238.77626897475614,60.66392140551358,4327,Low Priority,No immediate intervention
8226-BXGES,0.0565083441713329,1073.395436427877,60.65579875360456,4328,Valuable but Stable,Maintain relationship
3258-ZKPAI,0.0431403861989407,1399.23446975125,60.36351540793893,4329,Valuable but Stable,Maintain relationship
7541-YLXCL,0.0768986488018975,784.7978217071243,60.34989207195033,4330,Low Priority,No immediate intervention
7136-IHZJA,0.0704745177068313,856.2098198362048,60.340974108809455,4331,Valuable but Stable,Maintain relationship
4667-OHGKG,0.2605129870334711,231.56942374390724,60.32684228514488,4332,Low Priority,No immediate intervention
5088-QZLRL,0.2434687859854634,247.75411094611945,60.32039261495951,4333,Low Priority,No immediate intervention
2080-SRCDE,0.1976532552727923,304.76333689805523,60.23746562569931,4334,Low Priority,No immediate intervention
0675-NCDYU,0.0431181328293293,1396.857165045149,60.229872786017104,4335,Valuable but Stable,Maintain relationship
7893-IXHRQ,0.2438293107698669,246.5542697903487,60.11715767034855,4336,Low Priority,No immediate intervention
9411-TPQQV,0.091831063546254,654.588076274316,60.11151922896688,4337,Low Priority,No immediate intervention
6859-QNXIQ,0.0442714649433299,1357.2478275955032,60.08734961880498,4338,Valuable but Stable,Maintain relationship
4588-YBNIB,0.2551756449142165,235.17674550744425,60.01137770368866,4339,Low Priority,No immediate intervention
8879-ZKJOF,0.0625324604681581,958.1720870304514,59.91685815392424,4340,Valuable but Stable,Maintain relationship
0013-SMEOE,0.0455114360660009,1316.4277215256989,59.912516083728086,4341,Valuable but Stable,Maintain relationship
1622-HSHSF,0.2553616026238396,234.57682492955894,59.901913952424025,4342,Low Priority,No immediate intervention
8434-PNQZX,0.0636273122198688,941.4319353588853,59.90078368483513,4343,Valuable but Stable,Maintain relationship
6942-LBFDP,0.2428072593506255,246.57591785073782,59.870422835202625,4344,Low Priority,No immediate intervention
8566-YPRGL,0.2555476493539209,233.97690435167362,59.79224791017737,4345,Low Priority,No immediate intervention
3594-IVHJZ,0.2435409895462913,245.3760766949673,59.75913252927901,4346,Low Priority,No immediate intervention
3896-RCYYE,0.0932054043321954,640.8356233724742,59.729343386905946,4347,Low Priority,No immediate intervention
6992-TKNYO,0.0720216094930399,827.9908410250974,59.63323301612325,4348,Low Priority,No immediate intervention
3892-NXAZG,0.0435699244994901,1368.653099588314,59.63211221505595,4349,Valuable but Stable,Maintain relationship
7298-IZWLY,0.2559200097748172,232.777063195903,59.57230828844874,4350,Low Priority,No immediate intervention
5982-PSMKW,0.0544231768727956,1093.2102057925485,59.49597238899315,4351,Valuable but Stable,Maintain relationship
3682-YEUWS,0.203158354435518,292.77829246327167,59.48035611127909,4352,Low Priority,No immediate intervention
3224-DFQNQ,0.0556747177405118,1068.026513146895,59.4620746588364,4353,Valuable but Stable,Maintain relationship
8620-RJPZN,0.2392571500375787,248.3618298202299,59.42234358090633,4354,Low Priority,No immediate intervention
9822-BIIGN,0.068887673399152,862.1923888469015,59.39442769012001,4355,Valuable but Stable,Maintain relationship
0572-ZJKLT,0.0496238766868852,1195.8466129791302,59.34254485890569,4356,Valuable but Stable,Maintain relationship
8559-CIZFV,0.0637995177779177,929.9669269559596,59.331441489202234,4357,Valuable but Stable,Maintain relationship
3870-SPZSI,0.0437163266130846,1356.6611235998876,59.30824078256702,4358,Valuable but Stable,Maintain relationship
9318-NKNFC,0.2622125347106716,226.17013854293953,59.30464530320793,4359,Low Priority,No immediate intervention
3097-PYWXL,0.2476608389669141,239.38374901083,59.28598011506735,4360,Low Priority,No immediate intervention
7746-QYVCO,0.0884354392429333,670.1846369832568,59.26807274548012,4361,Low Priority,No immediate intervention
9351-LZYGF,0.0742252638567703,796.8100665121266,59.14343743059328,4362,Low Priority,No immediate intervention
7814-LEEVE,0.242699998162455,243.56747716415805,59.11382626017496,4363,Low Priority,No immediate intervention
7657-DYEPJ,0.070182444508601,841.7750758035231,59.077832546304165,4364,Low Priority,No immediate intervention
3617-XLSGQ,0.045056294445834,1311.0262831082375,59.06998623795207,4365,Valuable but Stable,Maintain relationship
2640-LYMOV,0.2504271260772915,235.76954915257716,59.043090610818616,4366,Low Priority,No immediate intervention
3186-AJIEK,0.0465662123766798,1267.8317998833954,59.0381248512784,4367,Valuable but Stable,Maintain relationship
3915-ODIYG,0.0685627350650622,860.9602495059337,59.02978948842519,4368,Valuable but Stable,Maintain relationship
0871-OPBXW,0.2448680707572445,240.57671207188469,58.9095553541635,4369,Low Priority,No immediate intervention
6121-VZNQB,0.2570392248921461,229.17753972859123,58.90761717452611,4370,Low Priority,No immediate intervention
1493-AMTIE,0.2429894317110753,242.35326065886477,58.88928108082365,4371,Low Priority,No immediate intervention
5143-WMWOG,0.2460000466441177,239.35522285572506,58.881395987021556,4372,Low Priority,No immediate intervention
2868-LLSKM,0.0586467915030631,1003.8425147399255,58.87214266386296,4373,Valuable but Stable,Maintain relationship
0017-IUDMW,0.0419960533158844,1401.6565296682313,58.86404235050455,4374,Valuable but Stable,Maintain relationship
4986-MXSFP,0.245120344100261,239.97679149399949,58.82319370708574,4375,Low Priority,No immediate intervention
9170-GYZJC,0.0613346329473221,958.7928555743806,58.807207869169446,4376,Valuable but Stable,Maintain relationship
8003-EWNDZ,0.2310240860649486,254.3756239649332,58.766896043699724,4377,Low Priority,No immediate intervention
2908-ZTPNF,0.140510712831869,418.2188016747723,58.7642219430123,4378,Low Priority,No immediate intervention
7971-HLVXI,0.0579482905775318,1014.0739004029143,58.76384904763912,4379,Valuable but Stable,Maintain relationship
9938-ZREHM,0.0678082190343917,865.1943895920974,58.66729067678777,4380,Valuable but Stable,Maintain relationship
4778-IZARL,0.0442836635860523,1321.2489812136096,58.50974539747782,4381,Valuable but Stable,Maintain relationship
3520-FJGCV,0.0432302894734129,1351.25540282964,58.41516221683849,4382,Valuable but Stable,Maintain relationship
1555-DJEQW,0.042620744115622,1370.4447175820346,58.409373632669755,4383,Valuable but Stable,Maintain relationship
6211-WWLTF,0.0488140330535146,1196.4367915778776,58.402905090523475,4384,Valuable but Stable,Maintain relationship
6176-YJWAS,0.0495776304888262,1175.4541233020227,58.27623018163483,4385,Valuable but Stable,Maintain relationship
1352-HNSAW,0.0419675704028993,1387.2438564897689,58.219254213223905,4386,Valuable but Stable,Maintain relationship
5701-SVCWR,0.2020327618690311,287.96556071726656,58.17847755487353,4387,Low Priority,No immediate intervention
3810-DVDQQ,0.0411903834525847,1411.2406796051814,58.129544736823654,4388,Valuable but Stable,Maintain relationship
0557-ASKVU,0.0890353784886775,652.8139163225912,58.123534122457755,4389,Low Priority,No immediate intervention
4223-BKEOR,0.0746069343402241,778.1710952127012,58.056959805994275,4390,Low Priority,No immediate intervention
0134-XWXCE,0.0645963776123645,898.157107443654,58.01769566765931,4391,Valuable but Stable,Maintain relationship
0895-UADGO,0.1084018891551476,534.6244382375208,57.95429909345679,4392,Low Priority,No immediate intervention
2955-PSXOE,0.2389613151667324,242.3610589550899,57.91491739311025,4393,Low Priority,No immediate intervention
0305-SQECB,0.1337971411794851,432.60429967061145,57.881218557881084,4394,Low Priority,No immediate intervention
7617-EYGLW,0.2478189119055584,233.35601707687192,57.83003423860531,4395,Low Priority,No immediate intervention
7291-CDTMJ,0.2449741441690898,235.75413430212632,57.753667284988055,4396,Low Priority,No immediate intervention
1898-JSNDC,0.0820208347493339,703.2034152179378,57.67733111475771,4397,Low Priority,No immediate intervention
7614-QVWQL,0.0927701013918232,621.5950832167134,57.66543889467329,4398,Low Priority,No immediate intervention
6663-JOCQO,0.0638506544078757,902.9708175844648,57.65527761398263,4399,Valuable but Stable,Maintain relationship
0019-EFAEP,0.0473544793164106,1215.6354439540507,57.56578348701771,4400,Valuable but Stable,Maintain relationship
4808-YNLEU,0.0771063473655099,745.7778557461279,57.50420640266608,4401,Low Priority,No immediate intervention
1156-ZFYDO,0.2426563026557658,236.96333884040894,57.50064766797905,4402,Low Priority,No immediate intervention
4378-MYPGO,0.0454821401714371,1263.034047572787,57.44549159300305,4403,Valuable but Stable,Maintain relationship
5066-GFJMM,0.2405159306203834,238.7842087549992,57.43140618616054,4404,Low Priority,No immediate intervention
5018-LXQQG,0.0721360866277091,795.5827006271601,57.39022261194757,4405,Low Priority,No immediate intervention
1725-IQNIY,0.043556931196877,1317.0203694933475,57.36536561890726,4406,Valuable but Stable,Maintain relationship
1449-XQEMT,0.2413224029208482,237.5699922497057,57.330961391586264,4407,Low Priority,No immediate intervention
7445-WMRBW,0.0646862799861073,886.1904059783355,57.324360722116715,4408,Valuable but Stable,Maintain relationship
4232-JGKIY,0.2487317191795758,230.35641418744535,57.2969469248857,4409,Low Priority,No immediate intervention
8624-GIOUT,0.0798365537196095,717.0037064297269,57.24310492553601,4410,Low Priority,No immediate intervention
5624-RYAMH,0.2444746186356132,233.9776429533597,57.201595030282284,4411,Low Priority,No immediate intervention
7526-IVLYU,0.2422908892986175,235.77023051604988,57.12497882187377,4412,Low Priority,No immediate intervention
9139-TWBAS,0.0993078463818528,574.1754747461742,57.02012984232048,4413,Low Priority,No immediate intervention
4304-TSPVK,0.0413534550702598,1378.8301362303196,57.01939008812072,4414,Valuable but Stable,Maintain relationship
6184-DYUOB,0.2419972428152858,235.18468528768733,56.91404539200105,4415,Low Priority,No immediate intervention
3007-FDPEA,0.2289325182718153,248.36094609741576,56.85789683045197,4416,Low Priority,No immediate intervention
2393-DIVAI,0.2367431040415154,239.9774728574722,56.81301182431648,4417,Low Priority,No immediate intervention
7853-WNZSY,0.2392640730940595,236.96855476711198,56.698061608791924,4418,Low Priority,No immediate intervention
7901-IIDQV,0.0864921669911693,655.1732992722768,56.6673584088131,4419,Low Priority,No immediate intervention
5965-GGPRW,0.044865214049361,1263.023789135697,56.66583264900804,4420,Valuable but Stable,Maintain relationship
0266-GMEAO,0.0412446524237813,1371.6527024777406,56.573338959834715,4421,Valuable but Stable,Maintain relationship
0761-AETCS,0.2442778380607781,231.5640536394411,56.56596639563273,4422,Low Priority,No immediate intervention
5855-EIBDE,0.0441761012806942,1279.8388708014877,56.53829157949582,4423,Valuable but Stable,Maintain relationship
6211-WHMYA,0.1074213189533513,526.2190435736156,56.52714371904883,4424,Low Priority,No immediate intervention
6258-NGCNG,0.2003853095259616,281.95899420245615,56.50044032688798,4425,Low Priority,No immediate intervention
7929-SKFGK,0.041139637205343,1371.6392330356312,56.42874042370079,4426,Valuable but Stable,Maintain relationship
0384-LPITE,0.0756619116344645,744.5684457859014,56.33547195086344,4427,Low Priority,No immediate intervention
6427-FEFIG,0.0597231234870486,943.2020332491061,56.33097150497168,4428,Valuable but Stable,Maintain relationship
8707-RMEZH,0.0537639535146945,1047.6053090853065,56.323403139409585,4429,Valuable but Stable,Maintain relationship
9053-JZFKV,0.0403564156480769,1394.4275938515573,56.2740995686212,4430,Valuable but Stable,Maintain relationship
3301-VKTGC,0.0547569262989091,1026.0126069452606,56.18129670025323,4431,Valuable but Stable,Maintain relationship
3450-WXOAT,0.103424754503608,542.4152835877208,56.09916754406493,4432,Low Priority,No immediate intervention
5524-KHNJP,0.0625315553389418,896.9681740559636,56.08881501325006,4433,Valuable but Stable,Maintain relationship
0670-ANMUU,0.0478158460588588,1171.8070089628884,56.030943551261245,4434,Valuable but Stable,Maintain relationship
4522-XRWWI,0.0580071719639981,965.3733911314498,55.99858030883001,4435,Valuable but Stable,Maintain relationship
1087-UDSIH,0.2380962389776401,235.1781082343897,55.995023060484556,4436,Low Priority,No immediate intervention
2832-SCUCO,0.2344904137071633,238.7637819375376,55.98781800482012,4437,Low Priority,No immediate intervention
1098-TDVUQ,0.2423576038057393,230.96256797526894,55.97553454330637,4438,Low Priority,No immediate intervention
6244-BESBM,0.0489458773549717,1142.4753693456646,55.91945930906889,4439,Valuable but Stable,Maintain relationship
9039-ZVJDC,0.2436545377790299,229.17110415931154,55.83857945624697,4440,Low Priority,No immediate intervention
4884-TVUQF,0.0459126699624137,1215.6205402362957,55.81238466340009,4441,Valuable but Stable,Maintain relationship
8221-EQDGL,0.0761364916481296,731.9859847972717,55.73084481806541,4442,Low Priority,No immediate intervention
9625-QNLUX,0.0449646607201282,1239.0518037665895,55.713543971027555,4443,Valuable but Stable,Maintain relationship
5012-YSPJJ,0.0853754113894939,652.2115063590719,55.68282566836728,4444,Low Priority,No immediate intervention
6549-YMFAW,0.218267039224412,254.9577892828935,55.64888179397869,4445,Low Priority,No immediate intervention
7925-PNRGI,0.0570358257413394,975.5937309958239,55.64379403542095,4446,Valuable but Stable,Maintain relationship
8992-CEUEN,0.2459066909270031,226.1647684384734,55.615429810976906,4447,Low Priority,No immediate intervention
8915-NNTRC,0.0429785789099617,1292.4592501981479,55.54806187255103,4448,Valuable but Stable,Maintain relationship
7102-JJVTX,0.0952059673255136,583.1855882208799,55.52274805686753,4449,Low Priority,No immediate intervention
3508-CFVZL,0.0415519586051201,1335.6460551466757,55.498709594546625,4450,Valuable but Stable,Maintain relationship
5144-PQCDZ,0.2317081792379526,239.3704353468346,55.464087737611095,4451,Low Priority,No immediate intervention
1264-FUHCX,0.0819891015204075,675.621777925928,55.39362253976712,4452,Low Priority,No immediate intervention
5887-IKKYO,0.0488426639589438,1132.2447314672881,55.301848938341315,4453,Valuable but Stable,Maintain relationship
4576-CSAJH,0.0834665375857729,661.798626102266,55.23803989977765,4454,Low Priority,No immediate intervention
9917-KWRBE,0.0587207360001768,940.1841245465893,55.20830376905761,4455,Valuable but Stable,Maintain relationship
4390-KYULV,0.2237267225636853,246.57522379351997,55.165466684731456,4456,Low Priority,No immediate intervention
5092-STPKP,0.0815068514345458,676.1929852105077,55.11436118663487,4457,Low Priority,No immediate intervention
7636-XUHWW,0.2302232527459992,238.76899786424065,54.97017534320802,4458,Low Priority,No immediate intervention
0690-SRQID,0.2331032279007922,235.7709118795227,54.95896060422997,4459,Low Priority,No immediate intervention
5671-RQRLP,0.060377884249088,907.8643942343169,54.81493130894798,4460,Valuable but Stable,Maintain relationship
0868-VJRDR,0.0438763694511821,1248.655336654228,54.78646286823107,4461,Valuable but Stable,Maintain relationship
5447-VYTKW,0.0853796217427243,641.3919916651159,54.761805637180174,4462,Low Priority,No immediate intervention
3160-TYXLT,0.0985251274311739,555.5910118851119,54.73967524559551,4463,Low Priority,No immediate intervention
3205-MXZRA,0.076728855544657,713.3869310143596,54.737362777246986,4464,Low Priority,No immediate intervention
0463-WZZKO,0.2198013499629648,248.9683290517636,54.72357482360126,4465,Low Priority,No immediate intervention
9959-WOFKT,0.0426813540178433,1280.4142274776004,54.64981293245481,4466,Valuable but Stable,Maintain relationship
3258-SYSWS,0.0400141859495374,1365.5996686615904,54.64335907445154,4467,Valuable but Stable,Maintain relationship
1576-PFZIW,0.043140566485148,1264.2171590899336,54.53904440338421,4468,Valuable but Stable,Maintain relationship
9362-MWODR,0.0708586028860139,769.2096867944472,54.50512373264286,4469,Low Priority,No immediate intervention
3744-ZBHON,0.2248447357075465,242.3639867683222,54.49426654995071,4470,Low Priority,No immediate intervention
7721-JXEAW,0.1105119413329881,492.6140716068197,54.439737381217256,4471,Low Priority,No immediate intervention
7030-FZTFM,0.0408450058043505,1330.8537022524756,54.358727193243716,4472,Valuable but Stable,Maintain relationship
7083-YNSKY,0.1783027964559383,304.7775272829375,54.34268541147379,4473,Low Priority,No immediate intervention
7005-CYUIL,0.0455516855475135,1192.8483197902192,54.33625156896389,4474,Valuable but Stable,Maintain relationship
6620-HVDUJ,0.0747153540393462,725.3692326179903,54.19621902430202,4475,Low Priority,No immediate intervention
5393-HJZSM,0.05918798693579,915.5772525562268,54.19117446300445,4476,Valuable but Stable,Maintain relationship
9473-CBZOP,0.076339145350844,707.9763324818141,54.04630815028667,4477,Low Priority,No immediate intervention
0813-TAXXS,0.0578846528015824,933.604332251417,54.04136262642645,4478,Valuable but Stable,Maintain relationship
0454-OKRCT,0.0558258427697857,967.2341187138087,53.99665983288932,4479,Valuable but Stable,Maintain relationship
8267-KFGYD,0.2133681218984575,252.57029459046169,53.890449404106946,4480,Low Priority,No immediate intervention
6635-MYYYZ,0.0526097023865969,1024.1525371313671,53.88036017695936,4481,Valuable but Stable,Maintain relationship
2732-ISEZX,0.2189309084710887,245.9780413632708,53.85219605959991,4482,Low Priority,No immediate intervention
1338-CECEE,0.0654253426462982,821.9729921686788,53.777864658638805,4483,Low Priority,No immediate intervention
5160-UXJED,0.1004793220089887,535.1870727138457,53.775234214262554,4484,Low Priority,No immediate intervention
9553-DLCLU,0.0503168935739003,1067.3917741608598,53.7078383021086,4485,Valuable but Stable,Maintain relationship
9680-NIAUV,0.0407968052606471,1316.444235799257,53.70671912440368,4486,Valuable but Stable,Maintain relationship
8480-PPONV,0.0386599428529411,1386.6208678863354,53.60668351118132,4487,Valuable but Stable,Maintain relationship
0268-QKIWO,0.2261187188408392,236.96470156735438,53.58215472891197,4488,Low Priority,No immediate intervention
2190-PHBHR,0.0471924784948017,1133.4633255385436,53.49094361512414,4489,Valuable but Stable,Maintain relationship
6469-QJKZW,0.2211437886022082,241.77132460720736,53.466226699012125,4490,Low Priority,No immediate intervention
1730-VFMWO,0.0887374367726909,602.4056206749559,53.45593067615752,4491,Low Priority,No immediate intervention
0906-QVPMS,0.038655816278987,1381.8246662774122,53.41556042939217,4492,Valuable but Stable,Maintain relationship
8024-XNAFQ,0.041421944189047,1288.8200856021026,53.38543365553308,4493,Valuable but Stable,Maintain relationship
9220-ZNKJI,0.050094369119185,1065.6492750359107,53.38302813524081,4494,Valuable but Stable,Maintain relationship
4654-GGUII,0.1106451710604368,482.40396418516025,53.375669137499884,4495,Low Priority,No immediate intervention
5203-XEHAX,0.0691174443286482,772.1735858599246,53.37066483272599,4496,Low Priority,No immediate intervention
8659-HDIYE,0.0595708030731204,895.7901287883411,53.36293735689543,4497,Valuable but Stable,Maintain relationship
1708-PBBOA,0.0810644907748824,657.0022126377557,53.259549805450675,4498,Low Priority,No immediate intervention
2292-XQWSV,0.0735875659834498,723.6007782917411,53.24802001821913,4499,Low Priority,No immediate intervention
4693-VWVBO,0.2268996284587408,234.56501925581313,53.222715718561375,4500,Low Priority,No immediate intervention
5915-DGNVC,0.0617267284242407,861.5830952988983,53.18270573843179,4501,Valuable but Stable,Maintain relationship
3259-KNMRR,0.0554465392930913,956.9871701825963,53.061626734513574,4502,Valuable but Stable,Maintain relationship
4255-DDUOU,0.2152442219098329,245.985543583246,52.94696692964307,4503,Low Priority,No immediate intervention
7032-LMBHI,0.0682179517016789,775.7608240493875,52.92081442705573,4504,Low Priority,No immediate intervention
4134-BSXLX,0.0723366812111852,730.7925538131249,52.863107996687916,4505,Low Priority,No immediate intervention
7976-CICYS,0.2120543737240152,248.36908983735123,52.66775179786318,4506,Low Priority,No immediate intervention
1114-CENIM,0.0797287348488509,660.0145658378609,52.62212631606626,4507,Low Priority,No immediate intervention
7359-WWYJV,0.0383042599399147,1373.4403574962325,52.608616465505065,4508,Valuable but Stable,Maintain relationship
9894-QMIMJ,0.0785564699999895,669.5718581547294,52.599201587969226,4509,Low Priority,No immediate intervention
5955-EPOAZ,0.2091325381101033,251.37800792771145,52.571320822983964,4510,Low Priority,No immediate intervention
7136-RVDTZ,0.0966864810822015,542.9938870677338,52.5001681897255,4511,Low Priority,No immediate intervention
5868-YTYKS,0.2160067726292701,242.97156534429666,52.48350367070333,4512,Low Priority,No immediate intervention
2055-SIFSS,0.0846792404427053,619.7825552222138,52.48271601585612,4513,Low Priority,No immediate intervention
1222-LRYKO,0.1659708555660925,316.15743639901484,52.47292021272697,4514,Low Priority,No immediate intervention
2746-DIJLO,0.0776417897292049,675.6030377111122,52.45502899437825,4515,Low Priority,No immediate intervention
6937-GCDGQ,0.0892148576446094,587.3777702121968,52.40282415308923,4516,Low Priority,No immediate intervention
2546-KZAAT,0.0579074094072029,904.7862487538403,52.39382773259595,4517,Valuable but Stable,Maintain relationship
2522-WLNSF,0.0679682138306909,770.3680039006651,52.36053721744293,4518,Low Priority,No immediate intervention
0303-WMMRN,0.2263063368317793,230.97222861991293,52.27047896884475,4519,Low Priority,No immediate intervention
4906-ZHGPK,0.0615814864098121,848.408012312189,52.24622648017876,4520,Valuable but Stable,Maintain relationship
2724-FJDYW,0.079245283591626,658.1823057721665,52.15784347590563,4521,Low Priority,No immediate intervention
1455-HFBXA,0.0474472440366371,1099.2545572484823,52.156599236154214,4522,Valuable but Stable,Maintain relationship
5028-HTLJB,0.2166774067120925,240.539211357971,52.119412529617065,4523,Low Priority,No immediate intervention
7017-VFHAY,0.0377056800186897,1381.243278927335,52.08071710319986,4524,Valuable but Stable,Maintain relationship
4486-EFAEB,0.2125388195520388,244.7711405129612,52.02336926503099,4525,Low Priority,No immediate intervention
3214-IYUUQ,0.0461826393894416,1124.4107935119146,51.92825820235663,4526,Valuable but Stable,Maintain relationship
4508-OEBEY,0.0572297828991786,905.9846753313284,51.849306279194735,4527,Valuable but Stable,Maintain relationship
2408-PSJVE,0.0695970356380809,742.8219650658224,51.698206775435324,4528,Low Priority,No immediate intervention
3882-IYOIJ,0.0373773194914393,1383.0423592975185,51.69441613365733,4529,Valuable but Stable,Maintain relationship
3354-OADJP,0.0791144527951344,650.9660867122678,51.50082573843108,4530,Low Priority,No immediate intervention
8513-OLYGY,0.0369839330818743,1389.638213099136,51.394286681273826,4531,Valuable but Stable,Maintain relationship
0723-VSOBE,0.1250141131661885,410.3877439889026,51.30425986904547,4532,Low Priority,No immediate intervention
1137-DGOWI,0.0607689603447575,842.9811513478439,51.227088157635144,4533,Low Priority,No immediate intervention
6941-KXRRV,0.0723983443488944,707.3802047098513,51.21315564617523,4534,Low Priority,No immediate intervention
8670-ERCJH,0.0375627179126645,1360.8208689981284,51.11613043184367,4535,Valuable but Stable,Maintain relationship
1725-MIMXW,0.2186689837624414,233.37283609813176,51.03140090733727,4536,Low Priority,No immediate intervention
6990-YNRIO,0.0391358916306456,1303.8287346022537,51.02650006231558,4537,Valuable but Stable,Maintain relationship
9802-CAQUT,0.0388119028102304,1314.644474065601,51.02385355744056,4538,Valuable but Stable,Maintain relationship
6743-HHQPF,0.1693768876860666,301.2314818932688,51.02165087614359,4539,Low Priority,No immediate intervention
9629-NHXFW,0.2189015040184088,232.7872908697692,50.95748808776328,4540,Low Priority,No immediate intervention
1724-IQWNM,0.2191707702929694,231.57307436447581,50.75404908757325,4541,Low Priority,No immediate intervention
5712-VBOXD,0.2096235701107882,241.7777617768379,50.682317597056425,4542,Low Priority,No immediate intervention
9308-ANMVE,0.0762467170233723,663.6000966370578,50.59732878496826,4543,Low Priority,No immediate intervention
3308-MHOOC,0.2195057545025294,230.3732332087052,50.568250372664,4544,Low Priority,No immediate intervention
8454-AATJP,0.0365216285383554,1380.640625673784,50.42324407582053,4545,Valuable but Stable,Maintain relationship
6440-DKQGE,0.0650026444263153,773.9792433656297,50.31069754984458,4546,Low Priority,No immediate intervention
3259-QMXUN,0.0485989663288681,1033.2108729657725,50.21298042588399,4547,Valuable but Stable,Maintain relationship
1423-BMPBQ,0.2202424639541035,227.9879262466867,50.2126226283567,4548,Low Priority,No immediate intervention
4781-ZXYGU,0.2074809756369037,241.76356775484567,50.161340911234056,4549,Low Priority,No immediate intervention
0635-WKOLD,0.0590034274795909,848.9908452146246,50.093369766457684,4550,Valuable but Stable,Maintain relationship
9788-YTFGE,0.2091169411331517,239.37247943725288,50.05684069137658,4551,Low Priority,No immediate intervention
4160-AMJTL,0.2122859693723296,235.74770226932708,50.04592950354345,4552,Low Priority,No immediate intervention
9103-CXVOK,0.2106613378128683,236.96576821805002,49.919525748668484,4553,Low Priority,No immediate intervention
0621-JFHOL,0.1404884259656108,355.2519671459582,49.90878968552255,4554,Low Priority,No immediate intervention
7707-PYBBH,0.0671454170134427,742.8010207738018,49.87568429786784,4555,Low Priority,No immediate intervention
8317-BVKSO,0.2071022749893568,240.57237783123674,49.82308674844823,4556,Low Priority,No immediate intervention
2790-XUYMV,0.0485540645987826,1025.422732713711,49.78844160524171,4557,Valuable but Stable,Maintain relationship
0020-JDNXP,0.067717726961986,734.993786595092,49.772108559402646,4558,Low Priority,No immediate intervention
3134-DSHVC,0.0422772615600131,1176.0406767569852,49.71977929646989,4559,Valuable but Stable,Maintain relationship
4328-VUFWD,0.0697928208774927,711.5990475647411,49.66450486328038,4560,Low Priority,No immediate intervention
6968-MHOMU,0.0918798280653035,540.0178079578852,49.61674334737258,4561,Low Priority,No immediate intervention
2364-UFROM,0.0586797369855062,844.7687873575967,49.57081025570879,4562,Valuable but Stable,Maintain relationship
3807-XHCJH,0.2062208191900074,239.97316940370172,49.487463578053784,4563,Low Priority,No immediate intervention
7730-CLDSV,0.0417567033067749,1183.8688322711914,49.434459583286205,4564,Valuable but Stable,Maintain relationship
3417-TSCIC,0.165763368193753,298.2118453008842,49.43259991234898,4565,Low Priority,No immediate intervention
3941-XTSKM,0.0912652780929251,541.2134680627311,49.39399767038159,4566,Low Priority,No immediate intervention
8109-YUOHE,0.0733452616771019,673.1662374676946,49.37355383925818,4567,Low Priority,No immediate intervention
8295-FHIVV,0.2117225222752648,232.77335308051443,49.283361432677296,4568,Low Priority,No immediate intervention
9200-NLNPD,0.075936471135647,648.6065422323627,49.252891972619615,4569,Low Priority,No immediate intervention
9013-AQORL,0.0899221927558845,546.6143596951451,49.15276181564123,4570,Low Priority,No immediate intervention
5753-QQWPW,0.0676464130952069,718.794354184568,48.62385981367174,4571,Low Priority,No immediate intervention
3407-QGWLG,0.2020279995993074,240.57324575970085,48.602531597944925,4572,Low Priority,No immediate intervention
3679-XASPY,0.2079877225952692,233.37404304696327,48.538935726188214,4573,Low Priority,No immediate intervention
1301-LOPVR,0.0730479433693526,664.1993893532076,48.518399379431685,4574,Low Priority,No immediate intervention
0840-DCNZE,0.0464652085949932,1043.3622366011043,48.48004396380896,4575,Valuable but Stable,Maintain relationship
7710-JSYOA,0.0431958606819822,1119.671350348313,48.365167659252606,4576,Valuable but Stable,Maintain relationship
9555-SAHUZ,0.073940176421735,654.0011543745654,48.35696073447372,4577,Low Priority,No immediate intervention
1614-JBEBI,0.1946776858559191,248.37976776523044,48.353998401965676,4578,Low Priority,No immediate intervention
6231-WFGFH,0.1962011838825725,245.97978937743915,48.26152588703939,4579,Low Priority,No immediate intervention
9715-SBVSU,0.0654945991508914,736.8032076276523,48.2566307366641,4580,Low Priority,No immediate intervention
0378-CJKPV,0.0358652190945499,1345.251888631848,48.247753723138274,4581,Valuable but Stable,Maintain relationship
8097-VBQTZ,0.0574846971364985,838.8038558050587,48.21838560788096,4582,Low Priority,No immediate intervention
9374-YOLBJ,0.2086329943499649,230.974360735422,48.18887249830006,4583,Low Priority,No immediate intervention
7853-GVUDZ,0.1991902711091401,241.78594536028584,48.16140800669507,4584,Low Priority,No immediate intervention
1386-ZIKUV,0.211766275487791,227.3740678795466,48.15015949735976,4585,Low Priority,No immediate intervention
8016-ZMGMO,0.0565733437151739,850.1783322267387,48.09743100825659,4586,Valuable but Stable,Maintain relationship
3694-GLTJM,0.2038382593786299,235.7792373614575,48.06082934138032,4587,Low Priority,No immediate intervention
3441-CGZJH,0.0663029754355083,724.8095709591289,48.05703117872443,4588,Low Priority,No immediate intervention
2111-DWYHN,0.1897591045881854,253.15810845318322,48.039055979314774,4589,Low Priority,No immediate intervention
2680-XKKNJ,0.068775150088167,698.3649499915347,48.030154251983035,4590,Low Priority,No immediate intervention
7266-GSSJX,0.1955079623099969,245.3799260377673,47.97372933142163,4591,Low Priority,No immediate intervention
9931-KGHOA,0.0726294893531194,659.987611463364,47.9345631999691,4592,Low Priority,No immediate intervention
2710-WYVXG,0.0561328209512348,853.199268468609,47.892481772672944,4593,Valuable but Stable,Maintain relationship
9742-XOKTS,0.0445408025114866,1074.6221731914497,47.86453399058491,4594,Valuable but Stable,Maintain relationship
8680-CGLTP,0.0678781402009001,704.9890639604534,47.85334652360899,4595,Low Priority,No immediate intervention
9388-ZEYVT,0.0902945296058095,529.8023946379262,47.838258007863,4596,Low Priority,No immediate intervention
7375-WMVMT,0.0417218125811061,1146.0551101038034,47.815496511369794,4597,Valuable but Stable,Maintain relationship
5382-TEMLV,0.078252795880898,610.7869136284269,47.79578367888896,4598,Low Priority,No immediate intervention
1936-UAFEH,0.0360179600997561,1323.0415887441713,47.653259153705484,4599,Valuable but Stable,Maintain relationship
4013-GUXND,0.190663119079014,249.55858498587122,47.5816182063514,4600,Low Priority,No immediate intervention
8044-BGWPI,0.187481613159344,253.7794954916343,47.57898920153607,4601,Low Priority,No immediate intervention
7508-KBIMB,0.0704196159921606,674.9880967087629,47.53240256951044,4602,Low Priority,No immediate intervention
1937-OTUKY,0.0402264249180583,1178.4569232667968,47.405108942957796,4603,Valuable but Stable,Maintain relationship
6682-QJDGB,0.0713855384278315,663.0001188209592,47.32862045975043,4604,Low Priority,No immediate intervention
3976-NLDEZ,0.1912676221901714,247.15890267433008,47.27349561765111,4605,Low Priority,No immediate intervention
5049-GLYVG,0.1912676221901714,247.15890267433008,47.27349561765111,4606,Low Priority,No immediate intervention
2834-JKOOW,0.0857637224465425,550.788345877804,47.23765882265423,4607,Low Priority,No immediate intervention
3230-JCNZS,0.0397426862145721,1188.0632229909352,47.21682387440194,4608,Valuable but Stable,Maintain relationship
5730-RIITO,0.1174029002357927,401.4006385076912,47.12559911730196,4609,Low Priority,No immediate intervention
4745-LSPLO,0.191570422036111,245.95906151855934,47.1184812187162,4610,Low Priority,No immediate intervention
9074-KGVOX,0.099517358296124,473.4197375901606,47.11348165021702,4611,Low Priority,No immediate intervention
5533-RJFTJ,0.1299926135267515,362.4109300180989,47.11074396371332,4612,Low Priority,No immediate intervention
2668-TZSPS,0.1917219590680351,245.35914094067414,47.04073517639618,4613,Low Priority,No immediate intervention
0673-IGUQO,0.1917219590680351,245.35914094067414,47.04073517639618,4614,Low Priority,No immediate intervention
7872-RDDLZ,0.0713778458217185,658.794150900344,47.0233073312147,4615,Low Priority,No immediate intervention
5624-BQSSA,0.1868415689410036,251.3661450157524,46.96564491339501,4616,Low Priority,No immediate intervention
6579-JPICP,0.191873587519582,244.75922036278882,46.96282968950422,4617,Low Priority,No immediate intervention
7663-YJHSN,0.0376459161607935,1247.452927349935,46.961508317552074,4618,Valuable but Stable,Maintain relationship
6374-NTQLP,0.0375826111938949,1249.2425921732479,46.94979862850059,4619,Valuable but Stable,Maintain relationship
9199-PWQVC,0.0490772932216141,956.3951673985808,46.937286066154854,4620,Valuable but Stable,Maintain relationship
0426-TIRNE,0.18699023054361,250.7662244378671,46.890834120187414,4621,Low Priority,No immediate intervention
7243-LCGGZ,0.18699023054361,250.7662244378671,46.890834120187414,4622,Low Priority,No immediate intervention
7434-SHXLS,0.18699023054361,250.7662244378671,46.890834120187414,4623,Low Priority,No immediate intervention
3590-TCXTB,0.1920253074008973,244.1592997849035,46.88476459598393,4624,Low Priority,No immediate intervention
2676-ISHSF,0.1921771187220518,243.55937920701808,46.806539733736344,4625,Low Priority,No immediate intervention
9122-UMROB,0.1921771187220518,243.55937920701808,46.806539733736344,4626,Low Priority,No immediate intervention
3969-JQABI,0.0597742318824536,783.0130729727105,46.804004990863355,4627,Low Priority,No immediate intervention
7838-LAZFO,0.049454185998598,945.5568249228903,46.761743091980385,4628,Valuable but Stable,Maintain relationship
8348-JLBUG,0.0484999862043844,963.5982375681909,46.734501228626385,4629,Valuable but Stable,Maintain relationship
8203-XJZRC,0.1923290214930405,242.95945862913277,46.72815494061996,4630,Low Priority,No immediate intervention
4211-MMAZN,0.1923290214930405,242.95945862913277,46.72815494061996,4631,Low Priority,No immediate intervention
5307-UVGNB,0.079907429372543,584.40916159243,46.69863380461417,4632,Low Priority,No immediate intervention
4786-UKSNZ,0.1924810157237831,242.35953805124757,46.64961005445099,4633,Low Priority,No immediate intervention
3247-MHJKM,0.1924810157237831,242.35953805124757,46.64961005445099,4634,Low Priority,No immediate intervention
8048-DSDFQ,0.1924810157237831,242.35953805124757,46.64961005445099,4635,Low Priority,No immediate intervention
6380-ARCEH,0.1924810157237831,242.35953805124757,46.64961005445099,4636,Low Priority,No immediate intervention
1934-SJVJK,0.1926331014241236,241.75961747336225,46.57090491300352,4637,Low Priority,No immediate intervention
1066-JKSGK,0.1926331014241236,241.75961747336225,46.57090491300352,4638,Low Priority,No immediate intervention
9987-LUTYD,0.0702739780433941,661.7827974185454,46.50610977528679,4639,Low Priority,No immediate intervention
3148-BLQJT,0.1927852786038303,241.15969689547694,46.49203935400979,4640,Low Priority,No immediate intervention
6586-PSJOX,0.0701653224876611,662.3877700342199,46.47665149633374,4641,Low Priority,No immediate intervention
8749-CLJXC,0.1929375472725958,240.5597763175915,46.41301321516038,4642,Low Priority,No immediate intervention
7096-UCLNH,0.1929375472725958,240.5597763175915,46.41301321516038,4643,Low Priority,No immediate intervention
3030-ZKIWL,0.1929375472725958,240.5597763175915,46.41301321516038,4644,Low Priority,No immediate intervention
5724-BIDBU,0.0698198753448985,664.1950254759544,46.374013883432816,4645,Low Priority,No immediate intervention
2200-DSAAL,0.0478790021344125,967.8316200194602,46.33881220066364,4646,Valuable but Stable,Maintain relationship
7698-YFGEZ,0.1930899074400364,239.9598557397063,46.33382633410438,4647,Low Priority,No immediate intervention
4877-EVATK,0.1930899074400364,239.9598557397063,46.33382633410438,4648,Low Priority,No immediate intervention
2002-MZHWP,0.1881828026312476,245.96685981478447,46.28673303435333,4649,Low Priority,No immediate intervention
9753-OYLBX,0.1881828026312476,245.96685981478447,46.28673303435333,4650,Low Priority,No immediate intervention
9928-BZVLZ,0.0773742126732065,598.2183725270479,46.28667558092728,4651,Low Priority,No immediate intervention
6286-SUUWT,0.1932423591156928,239.359935161821,46.254478548449555,4652,Low Priority,No immediate intervention
1963-VAUKV,0.1884818570076954,244.76701865901396,46.13414221108818,4653,Low Priority,No immediate intervention
3727-JEZTU,0.1884818570076954,244.76701865901396,46.13414221108818,4654,Low Priority,No immediate intervention
2632-IVXVF,0.0343950261890906,1341.0482321270015,46.12538906484187,4655,Valuable but Stable,Maintain relationship
9512-PHSMG,0.1870251033513116,246.58794581181758,46.1181360506428,4656,Low Priority,No immediate intervention
4541-RMRLG,0.1996586548735549,230.96042294616723,46.11324737445908,4657,Low Priority,No immediate intervention
2592-YKDIF,0.1886315209649698,244.16709808112864,46.057611080646254,4658,Low Priority,No immediate intervention
5975-BAICR,0.0602528003067468,764.3902230473352,46.05665146570073,4659,Low Priority,No immediate intervention
4892-VLANZ,0.1937002632862189,237.56017342816494,46.01546813935537,4660,Low Priority,No immediate intervention
6869-FGJJC,0.0481598887640428,955.225255629869,46.00354205573884,4661,Valuable but Stable,Maintain relationship
1855-CFULU,0.1911513223441957,240.5490537446144,45.98126971192805,4662,Low Priority,No immediate intervention
2789-CZANW,0.0347050182957259,1323.6344322328168,45.936757187492674,4663,Valuable but Stable,Maintain relationship
3930-ZGWVE,0.1938530810886188,236.96025285027974,45.93547511056489,4664,Low Priority,No immediate intervention
7239-HZZCX,0.1938530810886188,236.96025285027974,45.93547511056489,4665,Low Priority,No immediate intervention
6615-ZGEDR,0.1940059904457928,236.36033227239443,45.85532036460257,4666,Low Priority,No immediate intervention
4404-HIBDJ,0.0513843115669367,891.57563221634,45.813000071292976,4667,Valuable but Stable,Maintain relationship
0816-TSPHQ,0.1839310640973285,248.95934577145863,45.79135738471913,4668,Low Priority,No immediate intervention
3785-NRHYR,0.1941589913668227,235.76041169450912,45.77500373883276,4669,Low Priority,No immediate intervention
6141-OOXUQ,0.1941589913668227,235.76041169450912,45.77500373883276,4670,Low Priority,No immediate intervention
8974-OVACP,0.1892310888608177,241.7674157695874,45.74991133714504,4671,Low Priority,No immediate intervention
3847-BAERP,0.1824115073420273,250.78081280371725,45.74530607598484,4672,Low Priority,No immediate intervention
0661-WCQNQ,0.0677659200128518,674.9942630771818,45.74160724082215,4673,Low Priority,No immediate intervention
8792-AOROI,0.0581881388983237,786.0130099897884,45.736634201175306,4674,Low Priority,No immediate intervention
1866-NXPSP,0.0503454387869931,906.589378147268,45.642640042451426,4675,Valuable but Stable,Maintain relationship
7576-ASEJU,0.0508890156108651,896.4011384926139,45.616971530347875,4676,Valuable but Stable,Maintain relationship
7601-WFVZV,0.1944652679363948,234.5605705387385,45.61388419712941,4677,Low Priority,No immediate intervention
1029-QFBEN,0.1944652679363948,234.5605705387385,45.61388419712941,4678,Low Priority,No immediate intervention
4776-XSKYQ,0.125644153935059,363.0162159458588,45.6108653172241,4679,Low Priority,No immediate intervention
5294-CDGWY,0.0640901778480547,711.5859785459429,45.605671919191515,4680,Low Priority,No immediate intervention
4365-MSDYN,0.1942206558615234,234.5656397439626,45.557492393650236,4681,Low Priority,No immediate intervention
8313-AFGBW,0.0515643473801882,883.218222737239,45.542571249735424,4682,Valuable but Stable,Maintain relationship
8690-UPCZI,0.0549423199026588,828.5659290878186,45.52333433638664,4683,Low Priority,No immediate intervention
8393-JMVMB,0.1947719108684535,233.36072938296786,45.452115183576716,4684,Low Priority,No immediate intervention
4237-CLSMM,0.1893719769907491,239.96711415647667,45.44304682057676,4685,Low Priority,No immediate intervention
7356-AYNJP,0.1584027028622819,286.754647622972,45.42271124179999,4686,Low Priority,No immediate intervention
4717-GHADL,0.0475263547648518,955.2369153633879,45.398928524043086,4687,Valuable but Stable,Maintain relationship
6447-GORXK,0.1512562903947363,300.0127632119734,45.3788176345175,4688,Low Priority,No immediate intervention
5766-ZJYBB,0.1949253697423028,232.76080880508255,45.37098671784816,4689,Low Priority,No immediate intervention
7878-RTCZG,0.1899826017421059,238.76781288016082,45.36173030324526,4690,Low Priority,No immediate intervention
6654-QGBZZ,0.1899826017421059,238.76781288016082,45.36173030324526,4691,Low Priority,No immediate intervention
3900-AQPHZ,0.1899826017421059,238.76781288016082,45.36173030324526,4692,Low Priority,No immediate intervention
8035-BUYVG,0.089133556029943,508.1984257656728,45.29753285731343,4693,Low Priority,No immediate intervention
1135-LMECX,0.1901331781660455,238.1678923022755,45.283618300540084,4694,Low Priority,No immediate intervention
1036-GUDCL,0.0477290402411616,948.6092671069979,45.276209882888715,4695,Valuable but Stable,Maintain relationship
9541-PWTWO,0.0465596014543762,971.4201985786634,45.22893729055356,4696,Valuable but Stable,Maintain relationship
8630-QSGXK,0.0501056107724378,902.4234935167206,45.21648031805235,4697,Valuable but Stable,Maintain relationship
8739-QOTTN,0.185099495724977,244.174356497899,45.19655025673187,4698,Low Priority,No immediate intervention
4369-NYSCF,0.0496780845195683,908.9862785928489,45.15669717506341,4699,Valuable but Stable,Maintain relationship
6124-ACRHJ,0.1904346049500915,236.96805114650488,45.12691720587774,4700,Low Priority,No immediate intervention
4195-SMMNX,0.1847460998629552,244.15998114837623,45.10760425977517,4701,Low Priority,No immediate intervention
8466-PZBLH,0.0359265660129045,1255.232594521757,45.09619666863529,4702,Valuable but Stable,Maintain relationship
7140-ADSMJ,0.1836316616003103,245.37221240181566,45.05810707388967,4703,Low Priority,No immediate intervention
1663-MHLHE,0.195540121490056,230.3611264935413,45.044842661133224,4704,Low Priority,No immediate intervention
1661-CZBAU,0.0529027328717365,851.3738657651716,45.04000419455252,4705,Valuable but Stable,Maintain relationship
3981-QSVQI,0.1905514655962324,236.35882442432091,45.03852040065692,4706,Low Priority,No immediate intervention
7472-EQOAV,0.0432641331455691,1040.3955061140962,45.01180970057201,4707,Valuable but Stable,Maintain relationship
5067-DGXLL,0.1851675530341011,242.9601399926055,44.98833460725341,4708,Low Priority,No immediate intervention
7721-DVEKZ,0.1907363970548628,235.76820999073425,44.96957891370696,4709,Low Priority,No immediate intervention
0970-QXPXW,0.1907363970548628,235.76820999073425,44.96957891370696,4710,Low Priority,No immediate intervention
8329-IBCTI,0.1907363970548628,235.76820999073425,44.96957891370696,4711,Low Priority,No immediate intervention
6728-WYQBC,0.1788600702437211,251.34361323254916,44.95533631808441,4712,Low Priority,No immediate intervention
4139-JPIAM,0.0841868654206084,533.4171451739628,44.90671741380554,4713,Low Priority,No immediate intervention
9441-QHEVC,0.1958480472330373,229.16128533777078,44.88079023481527,4714,Low Priority,No immediate intervention
9025-ZRPVR,0.1973594719391683,227.37543060649205,44.87469491643828,4715,Low Priority,No immediate intervention
3800-LYTRK,0.0671041167166127,668.3826051387566,44.851224346584786,4716,Low Priority,No immediate intervention
2866-IKBTM,0.1910385545663229,234.56836883496362,44.81160212921156,4717,Low Priority,No immediate intervention
8605-ITULD,0.1910385545663229,234.56836883496362,44.81160212921156,4718,Low Priority,No immediate intervention
9027-TMATR,0.0473807128908656,945.6294146970472,44.80459579891808,4719,Valuable but Stable,Maintain relationship
1015-OWJKI,0.1960021476006827,228.56136475988535,44.79851835148053,4720,Low Priority,No immediate intervention
2839-RFSQE,0.1807566139688908,247.76730291191325,44.78557872656194,4721,Low Priority,No immediate intervention
1784-BXEFA,0.1814283961356978,246.58136875851994,44.736862250803334,4722,Low Priority,No immediate intervention
5919-VCZYM,0.1859680365454445,240.56045768106424,44.736555985421006,4723,Low Priority,No immediate intervention
7551-JOHTI,0.191189770376099,233.9684482570783,44.732373897523,4724,Low Priority,No immediate intervention
1905-OEILC,0.191189770376099,233.9684482570783,44.732373897523,4725,Low Priority,No immediate intervention
0930-EHUZA,0.0487745796846648,916.1883270024334,44.68670056153992,4726,Valuable but Stable,Maintain relationship
2054-PJOCK,0.0462195025841373,966.5947092369207,44.6755266613893,4727,Valuable but Stable,Maintain relationship
0188-GWFLE,0.1856591419899284,240.56045768106424,44.66224816977086,4728,Low Priority,No immediate intervention
8809-XKHMD,0.0369760962561757,1206.6463741497762,44.61707247772752,4729,Valuable but Stable,Maintain relationship
1599-MMYRQ,0.0456444794884774,977.4289214349875,44.61423435588387,4730,Valuable but Stable,Maintain relationship
5777-KJIRB,0.0739857305769808,603.010309143743,44.61415826745087,4731,Low Priority,No immediate intervention
9700-ZCLOT,0.1857744753089543,239.96053710317904,44.57854287519795,4732,Low Priority,No immediate intervention
7951-VRDVK,0.0432503009254661,1030.1558310910568,44.55454969481183,4733,Valuable but Stable,Maintain relationship
9975-SKRNR,0.19646499878491,226.7616030262294,44.550718063012404,4734,Low Priority,No immediate intervention
3675-YDUPJ,0.1870140378675957,238.17468237190053,44.54200906820119,4735,Low Priority,No immediate intervention
8150-QUDFX,0.1868745831852604,238.1607753695231,44.50619562825806,4736,Low Priority,No immediate intervention
8383-SGHJU,0.062399001360067,712.7855713320974,44.477107834987684,4737,Low Priority,No immediate intervention
4056-QHXHZ,0.0344758654987485,1289.4579420605187,44.45517857677148,4738,Valuable but Stable,Maintain relationship
0074-HDKDG,0.0600940677761964,739.1708382230761,44.41978245036544,4739,Low Priority,No immediate intervention
9818-XQCUV,0.1818601444811482,244.16777944460136,44.40438764743633,4740,Low Priority,No immediate intervention
2621-UDNLU,0.1771529938677412,250.17424364022486,44.31911624946355,4741,Low Priority,No immediate intervention
1530-ZTDOZ,0.0908476749659711,487.7982623677813,44.315337988553686,4742,Low Priority,No immediate intervention
2342-CKIAO,0.1818689788939622,243.56785886671594,44.29743778347832,4743,Low Priority,No immediate intervention
3936-QQFLL,0.1867513211601641,236.96093421375247,44.252767527765,4744,Low Priority,No immediate intervention
3082-YVEKW,0.0477967089265212,925.8068637550168,44.25052118907401,4745,Valuable but Stable,Maintain relationship
7302-ZHMHP,0.1922508403565314,229.7690042118811,44.173284147617544,4746,Low Priority,No immediate intervention
4730-AWNAU,0.0606371335904916,728.3880704913109,44.16736473610204,4747,Low Priority,No immediate intervention
8785-EPNCG,0.1587834646410691,277.76212143338694,44.104031987246536,4748,Low Priority,No immediate intervention
6569-KTMDU,0.1924027875205201,229.1690836339959,44.09277050470401,4749,Low Priority,No immediate intervention
1099-BTKWT,0.0674687480092944,652.8128112361441,44.04446305853047,4750,Low Priority,No immediate intervention
9837-FWLCH,0.1910691906202062,230.38259295410717,44.01901556872568,4751,Low Priority,No immediate intervention
0983-TATYJ,0.0712624221073399,617.421390237912,43.99894372923472,4752,Low Priority,No immediate intervention
8006-PYCSW,0.1824112811987403,241.1681765551748,43.99179606979344,4753,Low Priority,No immediate intervention
8639-NHQEI,0.0382236385340898,1150.8503132175717,43.98968637927249,4754,Valuable but Stable,Maintain relationship
6394-HHHZM,0.1770505091476596,248.36010655704615,43.972283317892014,4755,Low Priority,No immediate intervention
0980-FEXWF,0.0727770775726745,604.1945844939407,43.97151614470536,4756,Low Priority,No immediate intervention
5149-QYTTU,0.0384554642569433,1141.840751886381,43.91001622128799,4757,Valuable but Stable,Maintain relationship
4936-YPJNK,0.1837580311805124,238.78240124601098,43.87818393352211,4758,Low Priority,No immediate intervention
7310-EGVHZ,0.1810251920479685,242.34480456426945,43.87051478807427,4759,Low Priority,No immediate intervention
1298-PHBTI,0.0430931534489426,1017.6826538474248,43.855154764574216,4760,Valuable but Stable,Maintain relationship
9101-NTIXF,0.1881969352186402,232.76149016855527,43.80499908664575,4761,Low Priority,No immediate intervention
8350-NYMVI,0.0887973152532643,493.20639790499104,43.795403999696404,4762,Low Priority,No immediate intervention
1796-JANOW,0.182798497043845,239.36841482151885,43.75618646914128,4763,Low Priority,No immediate intervention
1474-JUWSM,0.0532974991934894,820.8091264581533,43.74707375541217,4764,Low Priority,No immediate intervention
0366-NQSHS,0.1882008074955885,232.16156959066996,43.69299486640735,4765,Low Priority,No immediate intervention
1349-WXNGG,0.1814606581211992,240.5450428306134,43.64946177983515,4766,Low Priority,No immediate intervention
3655-SNQYZ,0.0321116160976279,1359.0516684533607,43.64134543421499,4767,Valuable but Stable,Maintain relationship
5062-CJJKH,0.0677551518539393,643.7937988972257,43.62034660690598,4768,Low Priority,No immediate intervention
2700-LUEVA,0.175181638909039,248.95851023022283,43.61295984248319,4769,Low Priority,No immediate intervention
5574-NXZIU,0.0331999098048686,1310.4353776637813,43.506336343546465,4770,Valuable but Stable,Maintain relationship
0197-PNKNK,0.0429091760943501,1013.4130967471762,43.48472102464523,4771,Valuable but Stable,Maintain relationship
1641-BYBTK,0.1790162176165102,242.3750515837752,43.389064979133984,4772,Low Priority,No immediate intervention
6171-ZTVYB,0.0545664218794448,794.9801524419078,43.379222383930475,4773,Low Priority,No immediate intervention
9708-KFDBY,0.1757477162361229,246.55882791868157,43.33215092456351,4774,Low Priority,No immediate intervention
7037-MTYVW,0.0422183019008539,1024.8019651339473,43.265398752613336,4775,Valuable but Stable,Maintain relationship
5055-BRMNE,0.0337526215154281,1280.4516363983803,43.21859945216509,4776,Valuable but Stable,Maintain relationship
2245-ADZFJ,0.0446995126061536,966.6094985295191,43.20697346474805,4777,Valuable but Stable,Maintain relationship
3717-OFRTN,0.1823340353017674,236.94551936330163,43.203232692183846,4778,Low Priority,No immediate intervention
7874-ECPQJ,0.1795517528980823,240.5669919324207,43.19422509088496,4779,Low Priority,No immediate intervention
2308-STERM,0.1852128281332418,232.7692884647804,43.11185821912436,4780,Low Priority,No immediate intervention
1194-SPVSP,0.1826258859213775,235.745678207531,43.05326333478632,4781,Low Priority,No immediate intervention
1544-JJMYL,0.0517092695062494,832.1717676323242,43.0309942079918,4782,Low Priority,No immediate intervention
0883-EIBTI,0.1839077847597259,233.96912962055103,43.02874433067671,4783,Low Priority,No immediate intervention
1051-GEJLJ,0.1837716273567719,233.96912962055103,42.99688770161617,4784,Low Priority,No immediate intervention
1125-SNVCK,0.0817420578269856,525.5984829171225,42.96350158438733,4785,Low Priority,No immediate intervention
3026-ATZYV,0.047567672499753,901.1647641696571,42.8663103703394,4786,Valuable but Stable,Maintain relationship
3256-EZDBI,0.1212388102441519,353.4152771072523,42.847647718590515,4787,Low Priority,No immediate intervention
0396-HUJBP,0.184941608859005,231.56944730900977,42.82682614791886,4788,Low Priority,No immediate intervention
9770-LXDBK,0.1749037646692348,244.7683813859594,42.81091137639935,4789,Low Priority,No immediate intervention
6776-TLWOI,0.1797505349714837,238.16145673299582,42.809649257343864,4790,Low Priority,No immediate intervention
8207-DMRVL,0.031104381348592,1374.6292699633568,42.756993025876874,4791,Valuable but Stable,Maintain relationship
9739-JLPQJ,0.030301562787474,1410.0469616640305,42.72662654214957,4792,Valuable but Stable,Maintain relationship
6670-MFRPK,0.0448985335988188,950.4784271833971,42.6750875978462,4793,Valuable but Stable,Maintain relationship
2654-VBVPB,0.1786425798847966,238.7530793931827,42.65146605823782,4794,Low Priority,No immediate intervention
4385-ZKVNW,0.0647050541284512,658.8144146761688,42.6286223622254,4795,Low Priority,No immediate intervention
7696-AMHOD,0.0455291400728373,935.9909045221566,42.614860998890954,4796,Valuable but Stable,Maintain relationship
1402-PTHGN,0.0577418697085602,737.9999390221326,42.61349632394135,4797,Low Priority,No immediate intervention
0866-QLSIR,0.0550808594658607,772.79661651112,42.56630182974164,4798,Low Priority,No immediate intervention
7021-XSNYE,0.0714063174863071,595.8175585980208,42.54513775316666,4799,Low Priority,No immediate intervention
3893-JRNFS,0.0888389921161226,478.8142519058194,42.537375550148234,4800,Low Priority,No immediate intervention
9570-KYEUA,0.0356959289786105,1191.0413327507028,42.51532682445868,4801,Valuable but Stable,Maintain relationship
5696-CEIQJ,0.034289341907452,1237.847416723732,42.44497330129627,4802,Valuable but Stable,Maintain relationship
4860-YZGZM,0.1767862495421357,239.96127570486522,42.42185396720953,4803,Low Priority,No immediate intervention
3621-CHYVB,0.0707123112633392,598.8163083833376,42.34368518796629,4804,Low Priority,No immediate intervention
1385-TQOZW,0.1725256724542859,245.3806920615135,42.33446890521068,4805,Low Priority,No immediate intervention
9367-OIUXP,0.1703059032912931,248.360787920519,42.29730832894126,4806,Low Priority,No immediate intervention
6726-NNFWD,0.0393717937209491,1073.4489466666457,42.26361049812927,4807,Valuable but Stable,Maintain relationship
4785-NKHCX,0.1756810252384169,240.52720332488389,42.25606567784476,4808,Low Priority,No immediate intervention
6734-CKRSM,0.1760639150763779,239.9690167628769,42.24988458830106,4809,Low Priority,No immediate intervention
2483-XSSMZ,0.0735317672880084,574.2007365714162,42.221994938172394,4810,Low Priority,No immediate intervention
3090-QFUVD,0.1732796841996763,243.56702332548014,42.20521688329439,4811,Low Priority,No immediate intervention
8883-ANODQ,0.0416560526942068,1012.8824218425491,42.19268353730903,4812,Valuable but Stable,Maintain relationship
7017-VFULY,0.1747430630197837,241.1600201214943,42.141040593942584,4813,Low Priority,No immediate intervention
0178-CIIKR,0.176023166774894,239.36909618499158,42.134506338526414,4814,Low Priority,No immediate intervention
1729-VLAZJ,0.0871167413371695,482.9936283812367,42.07683099118917,4815,Low Priority,No immediate intervention
9777-IQHWP,0.0375219992623883,1120.8311577881077,42.0558258757872,4816,Valuable but Stable,Maintain relationship
0137-UDEUO,0.1764999105008122,238.16925502922095,42.03685219670262,4817,Low Priority,No immediate intervention
5781-BKHOP,0.0347954191551623,1207.834597400244,42.0271110866482,4818,Valuable but Stable,Maintain relationship
5322-TEUJK,0.0305317416041781,1375.2363074739947,41.98835958448003,4819,Valuable but Stable,Maintain relationship
0114-RSRRW,0.1754075091873875,239.3741653902158,41.9880261149075,4820,Low Priority,No immediate intervention
0030-FNXPP,0.1762840331171822,238.16925502922095,41.9854368410658,4821,Low Priority,No immediate intervention
3410-YOQBQ,0.0440641873745107,950.4194749085182,41.879461826753015,4822,Valuable but Stable,Maintain relationship
7753-USQYQ,0.0543501774127652,770.4079614377632,41.8718093843492,4823,Low Priority,No immediate intervention
2303-PJYHN,0.1757483495086603,238.16041723206774,41.856300246829804,4824,Low Priority,No immediate intervention
9258-CNWAC,0.0306722353723946,1363.8523958033888,41.832401697285825,4825,Valuable but Stable,Maintain relationship
3397-AVTKU,0.0580397174264439,720.029039660121,41.790282000707194,4826,Low Priority,No immediate intervention
8883-GRDWQ,0.0644949509691026,647.9610304156469,41.790214886546345,4827,Low Priority,No immediate intervention
2542-HYGIQ,0.1742627721522464,239.36757928028305,41.71285792875474,4828,Low Priority,No immediate intervention
7926-IJOOU,0.1793183275519066,231.56081347154884,41.52309779827714,4829,Low Priority,No immediate intervention
8562-GHPPI,0.1746854406451739,237.567817546627,41.499638891244814,4830,Low Priority,No immediate intervention
2664-XJZNO,0.032949844533901,1258.8618863790336,41.479303445842504,4831,Valuable but Stable,Maintain relationship
5641-DMBFJ,0.0409518423174708,1011.6315085464641,41.42817402137992,4832,Valuable but Stable,Maintain relationship
7100-FQPRV,0.0479491026131076,862.79375691071,41.37018638406025,4833,Valuable but Stable,Maintain relationship
0278-YXOOG,0.1636030597410583,252.5609133291888,41.31973819165152,4834,Low Priority,No immediate intervention
4393-GEADV,0.0300005481556104,1377.0421688571678,41.31201989910565,4835,Valuable but Stable,Maintain relationship
9092-GDZKO,0.1385480054923372,298.1753721742833,41.311603101682294,4836,Low Priority,No immediate intervention
1702-CCFNJ,0.0560355484323868,736.1981232459335,41.25326559097977,4837,Low Priority,No immediate intervention
2576-HXMPA,0.1753916834134457,234.56821465720054,41.14131404401289,4838,Low Priority,No immediate intervention
8439-LTUGF,0.1713839600501598,239.9742899277934,41.12774411805041,4839,Low Priority,No immediate intervention
5687-DKDTV,0.1683246100161742,244.16914217154692,41.09967563400943,4840,Low Priority,No immediate intervention
7808-DVWEP,0.1711597678290839,239.95306203297127,41.07031038744113,4841,Low Priority,No immediate intervention
4558-CGYCZ,0.1731494436858678,236.96229694069802,41.02988988980727,4842,Low Priority,No immediate intervention
0842-IWYCP,0.0760567105787854,539.4004435907088,41.025023424247,4843,Low Priority,No immediate intervention
8166-ZZTFS,0.0423745834122359,966.6064070495388,40.95954382232233,4844,Valuable but Stable,Maintain relationship
5702-SKUOB,0.1741234009327138,235.17691055656485,40.94980348695771,4845,Low Priority,No immediate intervention
2220-IAHLS,0.1758165070369098,232.7684529235446,40.924536341402984,4846,Low Priority,No immediate intervention
8659-IOOPU,0.0339421340578578,1205.4576640060181,40.915805632764375,4847,Valuable but Stable,Maintain relationship
2040-XBAVJ,0.0297868199490379,1373.4294288075862,40.91009510860154,4848,Valuable but Stable,Maintain relationship
4397-FRLTA,0.1691024494678785,241.76945986000567,40.88380786885289,4849,Low Priority,No immediate intervention
2639-UGMAZ,0.0602235046848188,677.3778603383122,40.79406874547688,4850,Low Priority,No immediate intervention
1336-EZFZY,0.1693424021757932,240.56961870423493,40.738637121889774,4851,Low Priority,No immediate intervention
5562-YJQGT,0.1664886466460524,244.1676252668383,40.651137485456374,4852,Low Priority,No immediate intervention
8410-BGQXN,0.1746365864201128,232.76285289550083,40.64891007507713,4853,Low Priority,No immediate intervention
6339-TBELP,0.0390784953964347,1036.8732411666263,40.51944618161633,4854,Valuable but Stable,Maintain relationship
1097-FSPVW,0.0618286385100872,654.596929233213,40.47283690737346,4855,Low Priority,No immediate intervention
1303-SRDOK,0.0488364292713,828.6882632516122,40.47017575624379,4856,Low Priority,No immediate intervention
4797-MIWUM,0.1665515814750771,242.96749709145274,40.466620887622646,4857,Low Priority,No immediate intervention
8670-MEFCP,0.0362781725664343,1114.816204321566,40.443494640235045,4858,Valuable but Stable,Maintain relationship
3806-YAZOV,0.1792817060145617,225.57092289362936,40.44073988364902,4859,Low Priority,No immediate intervention
5688-KZTSN,0.1680698578261373,239.98336629069047,40.333970253114174,4860,Low Priority,No immediate intervention
7706-DZNKK,0.1643096652799615,245.37425649223394,40.31736195255838,4861,Low Priority,No immediate intervention
3315-IKYZQ,0.0660962767518421,609.5927154680124,40.291808827480686,4862,Low Priority,No immediate intervention
5020-ZSTTY,0.0407132672847217,989.3496052089544,40.279654914906054,4863,Valuable but Stable,Maintain relationship
6621-YOBKI,0.1648474708384978,244.1620252387945,40.24949233542074,4864,Low Priority,No immediate intervention
2439-QKJUL,0.1656540326730704,242.96218408302377,40.247665580409766,4865,Low Priority,No immediate intervention
4578-PHJYZ,0.0484721890570078,825.0130732165068,39.990189659453534,4866,Low Priority,No immediate intervention
5222-JCXZT,0.1753044654876814,227.96348827241832,39.96301746230362,4867,Low Priority,No immediate intervention
2923-ARZLG,0.1690338347975584,236.37395831204117,39.955196619762525,4868,Low Priority,No immediate intervention
7234-KMNRQ,0.1751257857698989,227.96348827241832,39.92228501055439,4869,Low Priority,No immediate intervention
1735-XMJVH,0.1718531986630497,232.18434153996805,39.90162177311751,4870,Low Priority,No immediate intervention
4903-UYAVB,0.1718114371437784,232.17019073438587,39.889494132019976,4871,Low Priority,No immediate intervention
0181-RITDD,0.0307342506624671,1297.8467460163463,39.88834721353366,4872,Valuable but Stable,Maintain relationship
9207-ZPANB,0.0492811010296411,809.3767851543575,39.88697912023802,4873,Low Priority,No immediate intervention
5716-EZXZN,0.0335151831077327,1188.6702351039169,39.83850058421945,4874,Valuable but Stable,Maintain relationship
0254-KCJGT,0.040782280943192,976.7902219846644,39.83573325554146,4875,Valuable but Stable,Maintain relationship
6377-KSLXC,0.166389695393835,239.362660615712,39.82748018850622,4876,Low Priority,No immediate intervention
1140-UKVZG,0.1337319668275721,297.57154115842695,39.79482747102826,4877,Low Priority,No immediate intervention
6131-JLWZM,0.1633701604628483,243.58380995951154,39.79432611923735,4878,Low Priority,No immediate intervention
5204-HMGYF,0.03797576546685,1046.395961674546,39.73768762601152,4879,Valuable but Stable,Maintain relationship
9754-CLVZW,0.0852328790658112,466.21792999382427,39.73709644547646,4880,Low Priority,No immediate intervention
9426-SXNHE,0.175694008716465,224.9555874652932,39.52334894494473,4881,Low Priority,No immediate intervention
1247-QBVSH,0.0655807811347911,602.4201589654198,39.50718459629726,4882,Low Priority,No immediate intervention
3977-QCRSL,0.1631544894331826,241.7701412234784,39.44588395150507,4883,Low Priority,No immediate intervention
8208-EUMTE,0.0598766613098083,658.2107147085726,39.411460035092055,4884,Low Priority,No immediate intervention
9986-BONCE,0.1566913214763388,251.35345561919257,39.384905118615556,4885,Low Priority,No immediate intervention
3645-DEYGF,0.1581669974706857,248.96231502855449,39.37762185141743,4886,Low Priority,No immediate intervention
4513-CXYIX,0.0406318794308315,968.4529987986748,39.350065481614955,4887,Valuable but Stable,Maintain relationship
5555-RNPGT,0.1322205177853439,297.56246976069815,39.34386382524525,4888,Low Priority,No immediate intervention
0320-DWVTU,0.0329263273093923,1194.045920912303,39.31554681440324,4889,Valuable but Stable,Maintain relationship
2887-JPYLU,0.0723686625639495,542.4002902833402,39.2527835821033,4890,Low Priority,No immediate intervention
5499-ECUTN,0.0494528614569519,792.5983524908021,39.196256516735964,4891,Low Priority,No immediate intervention
6806-YDEUL,0.1673278312172147,233.9365566278434,39.14409666296017,4892,Low Priority,No immediate intervention
3803-KMQFW,0.1587397104299668,246.577008066536,39.14156285916951,4893,Low Priority,No immediate intervention
3363-EWLGO,0.1634364609637432,239.37045891193713,39.12186066383411,4894,Low Priority,No immediate intervention
5236-XMZJY,0.0546416132073128,715.7793864946269,39.11134037860706,4895,Low Priority,No immediate intervention
6490-FGZAT,0.1577181584544116,247.76223006957912,39.076602661132256,4896,Low Priority,No immediate intervention
5515-IDEJJ,0.1634340584553922,238.7702422578019,39.02318973056975,4897,Low Priority,No immediate intervention
6371-NZYEG,0.0505685176393197,771.0053386678485,38.98859706843476,4898,Low Priority,No immediate intervention
6194-HBGQN,0.0400267317016115,973.783580287468,38.97737410360114,4899,Valuable but Stable,Maintain relationship
5161-UBZXI,0.0305309984936236,1276.2587406748846,38.96545368901886,4900,Valuable but Stable,Maintain relationship
5944-UGLLK,0.0590088501556434,658.8026941273168,38.875189459893015,4901,Low Priority,No immediate intervention
7816-VGHTO,0.0798814963062518,486.64269345328034,38.87374651955264,4902,Low Priority,No immediate intervention
6469-MRVET,0.1602325472329861,242.36875641133565,38.835363209479446,4903,Low Priority,No immediate intervention
5202-IVJNU,0.1073397298666952,361.2218473590142,38.77345551746519,4904,Low Priority,No immediate intervention
0247-SLUJI,0.163969721380345,236.37055994626064,38.75761485690449,4905,Low Priority,No immediate intervention
4115-BNPJY,0.0427352716531775,906.6212017472587,38.74470334319935,4906,Valuable but Stable,Maintain relationship
1053-MXTTK,0.0297010763233351,1303.8542863337693,38.7258756729069,4907,Valuable but Stable,Maintain relationship
6286-ZHAOK,0.1262336668053142,306.5763441986084,38.70025608395846,4908,Low Priority,No immediate intervention
1042-HFUCW,0.0588329625947344,657.0127544863955,38.65400680896152,4909,Low Priority,No immediate intervention
2984-TBYKU,0.0306601480575962,1258.861630354314,38.59688397069021,4910,Valuable but Stable,Maintain relationship
7740-KKCXF,0.1069174942512654,360.63488900149645,38.55817867162323,4911,Low Priority,No immediate intervention
9962-BFPDU,0.1600503454517871,240.57780228768286,38.504560364175376,4912,Low Priority,No immediate intervention
6112-KTHFQ,0.1662157523298691,231.58539840180538,38.49314122396854,4913,Low Priority,No immediate intervention
2812-SFXMJ,0.1599989657570365,240.5634269381601,38.48989950907403,4914,Low Priority,No immediate intervention
6352-GIGGQ,0.0361061751596002,1065.5735350822572,38.47378470311437,4915,Valuable but Stable,Maintain relationship
6519-ZHPXP,0.0295955525417398,1299.654842288572,38.464003171077984,4916,Valuable but Stable,Maintain relationship
2928-HLDBA,0.1547874640067154,248.36994894368956,38.44455453247109,4917,Low Priority,No immediate intervention
3831-YCPUO,0.0292201246085338,1314.0675154670344,38.39721654597316,4918,Valuable but Stable,Maintain relationship
9330-DHBFL,0.0482670450532052,794.9997367373327,38.37228811038711,4919,Low Priority,No immediate intervention
3648-GZPHF,0.0881803592447212,435.0250605364164,38.36066611855779,4920,Low Priority,No immediate intervention
2634-HCZGT,0.0531432465148021,720.584836006109,38.294217574700895,4921,Low Priority,No immediate intervention
7758-UJWYS,0.0785789054665296,486.6546469787211,38.24078949978826,4922,Low Priority,No immediate intervention
4291-HPAXL,0.1605255303880815,238.16374462661895,38.231361425399605,4923,Low Priority,No immediate intervention
2933-XEUJM,0.0401486387087949,950.4059966840275,38.15750698753914,4924,Valuable but Stable,Maintain relationship
4445-KWOKW,0.0528627762940229,721.7789690970075,38.155240177105576,4925,Low Priority,No immediate intervention
3675-EQOZA,0.153969945504851,247.74681521912828,38.145563638289566,4926,Low Priority,No immediate intervention
6849-WLEYG,0.1607893378665479,236.96390347084832,38.10126913735027,4927,Low Priority,No immediate intervention
3373-YZZYM,0.1653150524418739,230.3713541674075,38.08385249529047,4928,Low Priority,No immediate intervention
2453-SAFNS,0.0439979491648571,865.1790503672166,38.06610387655614,4929,Valuable but Stable,Maintain relationship
1755-RMCXH,0.1562071509130342,243.57028824435702,38.04742077371751,4930,Low Priority,No immediate intervention
7841-FCRQD,0.0587904716151189,645.0227202692002,37.921189927093195,4931,Low Priority,No immediate intervention
5850-BDWCY,0.1564124681798723,242.37074316483643,37.90980615300198,4932,Low Priority,No immediate intervention
9146-JRIOX,0.1234961980877095,306.57853341015465,37.86128329145992,4933,Low Priority,No immediate intervention
0927-CNGRH,0.1613180041132007,234.56422115930707,37.83943199378682,4934,Low Priority,No immediate intervention
9618-LFJRU,0.154083752825515,245.36882914955447,37.80735002176597,4935,Low Priority,No immediate intervention
0750-EKNGL,0.1517940767568848,248.96275258882247,37.79107117607304,4936,Low Priority,No immediate intervention
4760-XOHVN,0.1616346537170684,233.3787553530592,37.722094306412146,4937,Low Priority,No immediate intervention
1063-DHQJF,0.0341085976725959,1105.879722026763,37.72000651289304,4938,Valuable but Stable,Maintain relationship
4830-FAXFM,0.1300552207306321,289.17817003615403,37.60913073453228,4939,Low Priority,No immediate intervention
6972-SNKKW,0.1565021984904781,239.97106085329517,37.555998597633,4940,Low Priority,No immediate intervention
4174-LPGTI,0.0469892634908278,798.002773721078,37.49756260079117,4941,Low Priority,No immediate intervention
2410-CIYFZ,0.1530979219108055,244.76355234683012,37.472791223806354,4942,Low Priority,No immediate intervention
0679-TDGAK,0.0413372548085869,905.9851874908803,37.4509405481159,4943,Valuable but Stable,Maintain relationship
5510-BOIUJ,0.1621136345740041,230.96469769199518,37.442526601135434,4944,Low Priority,No immediate intervention
0117-LFRMW,0.0775750405875484,482.38972327355475,37.42140236196225,4945,Low Priority,No immediate intervention
0253-ZTEOB,0.0391107995083009,955.8325324875027,37.383374541630225,4946,Valuable but Stable,Maintain relationship
8777-PVYGU,0.0482855150356555,771.604693259943,37.25733001798533,4947,Low Priority,No immediate intervention
8570-KLJYJ,0.0568258377352009,653.385074803301,37.12915423937448,4948,Low Priority,No immediate intervention
3530-CRZSB,0.1496580912554083,247.7707097292771,37.08089148708143,4949,Low Priority,No immediate intervention
8904-OPDCK,0.1237209952546278,299.4047522524501,37.042653932638395,4950,Low Priority,No immediate intervention
7570-WELNY,0.0364035641573742,1016.455724215814,37.00261116962064,4951,Valuable but Stable,Maintain relationship
7968-QUXNS,0.162265334822645,227.36493042147845,36.893446561768585,4952,Low Priority,No immediate intervention
9364-YKUVW,0.1551470873879435,237.57816861137883,36.85956088701717,4953,Low Priority,No immediate intervention
4163-KIUHY,0.1199435891799159,307.1784804393759,36.84408946273134,4954,Low Priority,No immediate intervention
4072-IPYLT,0.0599019103694254,612.604692275539,36.696191368578766,4955,Low Priority,No immediate intervention
6671-NGWON,0.1502616362539725,244.1711862619652,36.68956197379639,4956,Low Priority,No immediate intervention
4106-HADHQ,0.0382113409574745,959.9790386294227,36.682086357097454,4957,Valuable but Stable,Maintain relationship
3506-LCJDC,0.1532516746975639,239.3554293487091,36.6816203956441,4958,Low Priority,No immediate intervention
0458-HEUZG,0.0862597590436488,424.8402781752091,36.64662002743027,4959,Low Priority,No immediate intervention
1452-UZOSF,0.0287504208268255,1273.259943832562,36.60675920712635,4960,Valuable but Stable,Maintain relationship
7764-BDPEE,0.1460510778615122,250.16351891127067,36.536651578619875,4961,Low Priority,No immediate intervention
2159-TURXX,0.1517897424507286,240.56234759371944,36.514896784593326,4962,Low Priority,No immediate intervention
3285-UCQVC,0.1063280890182917,343.2303963908737,36.495032141232365,4963,Low Priority,No immediate intervention
5345-BMKWB,0.149960194371969,242.97080522673969,36.435949178515706,4964,Low Priority,No immediate intervention
1383-EZRWL,0.1514362406770801,240.5716627946532,36.43126822705646,4965,Low Priority,No immediate intervention
1925-GMVBW,0.1477414785040259,246.5693516687977,36.42852056932728,4966,Low Priority,No immediate intervention
8582-KRHPJ,0.0865197147387793,420.0158668076035,36.33965298195498,4967,Low Priority,No immediate intervention
4895-TMWIR,0.1516307283607857,239.35276089022568,36.2932334689499,4968,Low Priority,No immediate intervention
7787-BNTZM,0.1498155549325714,241.74829080374786,36.217654340764135,4969,Low Priority,No immediate intervention
7492-TAFJD,0.0780947894178464,462.61958252491917,36.128178877855575,4970,Low Priority,No immediate intervention
9931-DCEZH,0.0552902055699379,652.8075562353914,36.093863981863585,4971,Low Priority,No immediate intervention
3156-QLHBO,0.156235098426764,230.9653790554679,36.08489872990589,4972,Low Priority,No immediate intervention
5701-GUXDC,0.0849052301417914,424.7986890546314,36.067630458114756,4973,Low Priority,No immediate intervention
6434-TTGJP,0.0559316547157899,644.4183071234764,36.043382246564136,4974,Low Priority,No immediate intervention
2316-ESMLS,0.090575198399065,397.8075542976753,36.031498155158765,4975,Low Priority,No immediate intervention
0014-BMAQU,0.0354410286617679,1015.8691559218927,36.00344787163376,4976,Valuable but Stable,Maintain relationship
0248-PGHBZ,0.032335247489636,1109.4360997773579,35.87389086023737,4977,Valuable but Stable,Maintain relationship
8788-DOXSU,0.0487166298779467,736.1888754290491,35.86464096453879,4978,Low Priority,No immediate intervention
4973-RLZVI,0.0399658706359306,895.778328901138,35.80056081133298,4979,Valuable but Stable,Maintain relationship
2586-CWXVV,0.0979939822070778,364.82336291418375,35.75049413413881,4980,Low Priority,No immediate intervention
4140-WJAWW,0.1498393480126555,238.17046357840343,35.68730697845988,4981,Low Priority,No immediate intervention
5756-OZRIO,0.0464026869094542,768.5653168184198,35.66349576579061,4982,Low Priority,No immediate intervention
5791-KAJFD,0.0431429337951946,824.9896575001582,35.59247417524959,4983,Low Priority,No immediate intervention
8053-WWDRO,0.1519719224178206,233.96369864076155,35.555913058420174,4984,Low Priority,No immediate intervention
7191-ADRGF,0.0545378554186277,651.617233418245,35.53780646445042,4985,Low Priority,No immediate intervention
6674-KVJHG,0.117523524547732,302.3573521922995,35.534101702558964,4986,Low Priority,No immediate intervention
6478-HRRCZ,0.0419491244274596,845.9810609907058,35.48816479077341,4987,Valuable but Stable,Maintain relationship
7521-YXVZY,0.1482192257149706,239.36494850933502,35.47848733135744,4988,Low Priority,No immediate intervention
4598-ZADCK,0.0551277246497243,643.2117539535944,35.45880046341997,4989,Low Priority,No immediate intervention
9705-ZJBCG,0.0545555278988918,649.7798800477271,35.44908437408235,4990,Low Priority,No immediate intervention
2332-EFBJY,0.1498405548516909,236.37900881908104,35.41916183674384,4991,Low Priority,No immediate intervention
2320-YKQBO,0.1527682304691909,231.5728541263736,35.37697514958617,4992,Low Priority,No immediate intervention
6075-QMNRR,0.0592157979419654,597.0013081775992,35.35190883613373,4993,Low Priority,No immediate intervention
2877-VDUER,0.071856825984652,490.8211280540547,35.2688483881708,4994,Low Priority,No immediate intervention
6543-JXSOO,0.0508639661673078,693.0093024980979,35.24920171589283,4995,Low Priority,No immediate intervention
3392-EHMNK,0.0311518324751103,1129.2750596911526,35.17898747781897,4996,Valuable but Stable,Maintain relationship
8738-JOKAR,0.0433012201057573,812.4019996013789,35.17799779909666,4997,Low Priority,No immediate intervention
1465-WCZVT,0.1490864416509763,235.7798003915459,35.151571453553046,4998,Low Priority,No immediate intervention
1904-WAJAA,0.0454722645495399,772.2134606968107,35.1142947735211,4999,Low Priority,No immediate intervention
7219-TLZHO,0.139968564924416,250.17857562426627,35.01713620496303,5000,Low Priority,No immediate intervention
9289-LBQVU,0.0415649284692668,841.8165416667051,34.990044338622155,5001,Low Priority,No immediate intervention
6416-JNVRK,0.0521765847967544,667.7990573370907,34.843474142341364,5002,Low Priority,No immediate intervention
7094-MSZAO,0.144658977049067,240.5844381795448,34.802698720977446,5003,Low Priority,No immediate intervention
4139-SUGLD,0.0819108246577252,424.7993017053341,34.795661116709724,5004,Low Priority,No immediate intervention
7109-CQYUZ,0.0324348332776632,1071.0150321591739,34.73819400595389,5005,Valuable but Stable,Maintain relationship
2055-BFOCC,0.0344519620834633,1007.963836415112,34.72633187367565,5006,Valuable but Stable,Maintain relationship
7785-RDVIG,0.1497952971281405,231.5803563463487,34.689648287941964,5007,Low Priority,No immediate intervention
5327-XOKKY,0.0393434219309016,881.423416557324,34.67821337739164,5008,Valuable but Stable,Maintain relationship
7833-PKIHD,0.0377977095999623,916.7828741700018,34.65229284409651,5009,Valuable but Stable,Maintain relationship
4182-BGSIQ,0.1455462650496977,237.57805427712833,34.578598457810386,5010,Low Priority,No immediate intervention
9575-IWCAZ,0.1147736513399259,301.15759528233355,34.56495683930506,5011,Low Priority,No immediate intervention
0031-PVLZI,0.1415343094490764,244.17936984541313,34.55975849278118,5012,Low Priority,No immediate intervention
4568-TTZRT,0.1411833366891291,244.76467127057083,34.55669299359701,5013,Low Priority,No immediate intervention
3658-QQJYD,0.0387573783865448,891.5880784440302,34.555616521187666,5014,Valuable but Stable,Maintain relationship
4946-EDSEW,0.1495803451131701,230.99434277084083,34.552213510852276,5015,Low Priority,No immediate intervention
5844-QVTAT,0.0492565300774159,701.4038245072868,34.54871857825771,5016,Low Priority,No immediate intervention
4135-FRWKJ,0.0377425526926478,914.9733982698137,34.533431696569465,5017,Valuable but Stable,Maintain relationship
4083-EUGRJ,0.1414527160456325,242.96490953691477,34.36804635777799,5018,Low Priority,No immediate intervention
8106-GWQOK,0.0477301103219227,720.019671761331,34.3666183671229,5019,Low Priority,No immediate intervention
9297-FVVDH,0.0338859172071255,1014.0341601151013,34.36147759485736,5020,Valuable but Stable,Maintain relationship
8944-AILEF,0.1464234130476279,233.3851474417163,34.17304984303996,5021,Low Priority,No immediate intervention
9970-QBCDA,0.1444829796040491,236.3713832082202,34.151641739054156,5022,Low Priority,No immediate intervention
5872-OEQNH,0.0640082243126316,533.4105847948993,34.14266436228391,5023,Low Priority,No immediate intervention
9546-KDTRB,0.1145569585885843,296.3583292426237,33.94990885042928,5024,Low Priority,No immediate intervention
3011-WQKSZ,0.1414152184574076,239.97951469128384,33.93675549537056,5025,Low Priority,No immediate intervention
1009-IRMNA,0.1413622758032977,239.9570087297899,33.92086884899487,5026,Low Priority,No immediate intervention
0310-VQXAM,0.1424251284117645,238.16554491383238,33.92075831761044,5027,Low Priority,No immediate intervention
7322-OCWHC,0.0303658520388195,1116.635874634103,33.90759975037697,5028,Valuable but Stable,Maintain relationship
1322-AGOQM,0.0932055999004122,363.6014726164511,33.88969337988962,5029,Low Priority,No immediate intervention
8608-OZTLB,0.0381093834759697,888.5826041236044,33.86333521062221,5030,Valuable but Stable,Maintain relationship
6979-TNDEU,0.1469278571026427,230.3736943340757,33.84831324132496,5031,Low Priority,No immediate intervention
2325-ZUSFD,0.0401981216140561,841.1896521188493,33.81424393635905,5032,Low Priority,No immediate intervention
9500-IWPXQ,0.0354717230448001,952.8064219289677,33.79768551397129,5033,Valuable but Stable,Maintain relationship
6278-FEPBZ,0.139006771191028,242.9727078331399,33.77485160342577,5034,Low Priority,No immediate intervention
7801-CEDNV,0.05776842891636,584.3860908246033,33.7590663475106,5035,Low Priority,No immediate intervention
0487-CRLZF,0.037717532547418,893.4278695332133,33.69789474788929,5036,Valuable but Stable,Maintain relationship
1452-XRSJV,0.0547889751109016,612.6067363659573,33.564095231525094,5037,Low Priority,No immediate intervention
0620-XEFWH,0.1481588777657067,226.1739542126287,33.5096792359754,5038,Low Priority,No immediate intervention
5073-RZGBK,0.0348578863335854,960.587873262394,33.48406289960107,5039,Valuable but Stable,Maintain relationship
6950-TWMYB,0.0348948168125084,959.4681436026892,33.480465108453345,5040,Valuable but Stable,Maintain relationship
3039-MJSLN,0.1381454634935281,242.34981791178348,33.479527922995466,5041,Low Priority,No immediate intervention
9224-VTYID,0.0308218765062124,1086.019867462809,33.47317023823186,5042,Valuable but Stable,Maintain relationship
3752-CQSJI,0.1363586565765033,245.3937993670338,33.46156881389272,5043,Low Priority,No immediate intervention
0022-TCJCI,0.0444639447099199,752.3586950328016,33.45283541796598,5044,Low Priority,No immediate intervention
0594-UFTUL,0.1403315864325325,238.1869541361849,33.42515314146368,5045,Low Priority,No immediate intervention
7845-URHJN,0.1381332351929293,241.7640288802162,33.39564746250105,5046,Low Priority,No immediate intervention
4086-ATNFV,0.0457566873483904,729.6007730313692,33.3841144607403,5047,Low Priority,No immediate intervention
6967-PEJLL,0.0691792294755122,482.41342553509253,33.37298906716008,5048,Low Priority,No immediate intervention
6202-JVYEU,0.1397657342273113,238.76445617793956,33.37108952509442,5049,Low Priority,No immediate intervention
0787-LHDYT,0.1345829543552198,247.1774250432536,33.265868112236966,5050,Low Priority,No immediate intervention
9225-BZLNZ,0.0324723165506428,1023.0217622303409,33.21988650134006,5051,Valuable but Stable,Maintain relationship
3133-PZNSR,0.0282936344211822,1173.0690517179823,33.19038690011146,5052,Valuable but Stable,Maintain relationship
6463-HHXJR,0.0275078942343928,1206.037804923684,33.175560380519954,5053,Valuable but Stable,Maintain relationship
3841-NFECX,0.0286835459820475,1156.252329016501,33.165416846194326,5054,Valuable but Stable,Maintain relationship
0853-TWRVK,0.0261224815200779,1267.233832420329,33.10329236901754,5055,Valuable but Stable,Maintain relationship
6848-YLDFR,0.0365547525629127,902.4133219461373,32.98749569321713,5056,Valuable but Stable,Maintain relationship
9294-TDIPC,0.1360058336412372,242.36591412570715,32.963178196887306,5057,Low Priority,No immediate intervention
2904-GGUAZ,0.03267731133274,1008.659482157196,32.960279927171,5058,Valuable but Stable,Maintain relationship
6867-ACCZI,0.0522432424989246,630.0461609114311,32.91565437001236,5059,Low Priority,No immediate intervention
7691-KGKGP,0.0421511837831489,780.0166303758645,32.87862434088559,5060,Low Priority,No immediate intervention
2057-BOYKM,0.0283352105830637,1159.238033960185,32.84725380815859,5061,Valuable but Stable,Maintain relationship
4664-NJCMS,0.0459624796686652,714.6151203170339,32.8454829384924,5062,Low Priority,No immediate intervention
9174-IHETN,0.0388710986848029,844.2677583113734,32.81761534971872,5063,Valuable but Stable,Maintain relationship
1257-SXUXQ,0.1405054549448682,233.37368251072508,32.79027543332866,5064,Low Priority,No immediate intervention
5061-PBXFW,0.0443576650577374,736.7912004756845,32.68233728818866,5065,Low Priority,No immediate intervention
9209-NWPGU,0.0414811236580223,784.781131031357,32.553603140794316,5066,Low Priority,No immediate intervention
7619-PLRLP,0.0365682709697314,889.1721461546314,32.51548797932017,5067,Valuable but Stable,Maintain relationship
0872-CASZJ,0.0391584523821007,829.2056099218911,32.470408391097145,5068,Low Priority,No immediate intervention
4942-VZZOM,0.0408487758102916,793.7986523605941,32.42570318878951,5069,Low Priority,No immediate intervention
0942-KOWSM,0.0333287188413796,969.6117462242632,32.315917275207575,5070,Valuable but Stable,Maintain relationship
1984-GPTEH,0.1070561837692059,301.77444925920133,32.306820896743965,5071,Low Priority,No immediate intervention
9796-MVYXX,0.0677708642326023,476.40950911166675,32.286684161127475,5072,Low Priority,No immediate intervention
7812-FZHPE,0.1116372969772589,289.1828807418989,32.28359513812261,5073,Low Priority,No immediate intervention
7839-NUIAA,0.0449723885323757,717.6090168202232,32.27259151877521,5074,Low Priority,No immediate intervention
1991-VOPLL,0.1410881815408321,228.5746139638925,32.249176630563284,5075,Low Priority,No immediate intervention
8224-UAXBZ,0.0592543752727585,544.2157907597827,32.24716669504119,5076,Low Priority,No immediate intervention
2321-OMBXY,0.0333955903619449,963.5868806570822,32.179552744568205,5077,Valuable but Stable,Maintain relationship
1179-INLAT,0.1375478604322712,233.36579510223112,32.09896581438769,5078,Low Priority,No immediate intervention
4355-HBJHH,0.0335592328470941,956.425684261949,32.09691223908805,5079,Valuable but Stable,Maintain relationship
6752-APNJL,0.0489985537651727,654.0007938383272,32.04509305935291,5080,Low Priority,No immediate intervention
2039-JONDJ,0.0481595288707726,665.359350102935,32.04339283072079,5081,Low Priority,No immediate intervention
1237-WIYYZ,0.1364214544052971,234.5884081085958,32.00289182079803,5082,Low Priority,No immediate intervention
2791-SFVEW,0.1317886026304957,241.75813319039128,31.860966547718927,5083,Low Priority,No immediate intervention
9932-WBWIK,0.1303377665257371,244.16611341963107,31.824065884384517,5084,Low Priority,No immediate intervention
5616-PRTNT,0.1367049517460066,232.7811491201329,31.82233575784774,5085,Low Priority,No immediate intervention
2338-BQEZT,0.0524170403421326,606.6166608233975,31.797049982589794,5086,Low Priority,No immediate intervention
3724-UCSHY,0.1352581274207602,234.57420502996843,31.728067713567,5087,Low Priority,No immediate intervention
8815-LMFLX,0.1040157360594202,304.77219098609106,31.701103775860453,5088,Low Priority,No immediate intervention
6161-ERDGD,0.0309010983920734,1025.3882369516584,31.68562280011787,5089,Valuable but Stable,Maintain relationship
2371-JUNGC,0.1303756608232322,242.96627226386033,31.676888304158147,5090,Low Priority,No immediate intervention
3340-QBBFM,0.0487064908419439,649.1861874267794,31.61958109261891,5091,Low Priority,No immediate intervention
0142-GVYSN,0.129465756032845,243.5801570823363,31.535289191263814,5092,Low Priority,No immediate intervention
9194-GFVOI,0.0311333636146853,1012.2166293425228,31.513708378151893,5093,Valuable but Stable,Maintain relationship
3585-YNADK,0.0351306051509505,895.1934678765723,31.44868825368195,5094,Valuable but Stable,Maintain relationship
7777-UNYHB,0.1303306841438388,241.1935197806008,31.43491644406622,5095,Low Priority,No immediate intervention
9955-QOPOY,0.0430788413027054,729.6243949075679,31.43137351880557,5096,Low Priority,No immediate intervention
6164-HXUGH,0.1319274526154713,238.18152679350544,31.4226820899308,5097,Low Priority,No immediate intervention
8756-RDDLT,0.0582185476693642,539.4319109970082,31.40494242475555,5098,Low Priority,No immediate intervention
6691-CCIHA,0.030784509520083,1019.4344031404596,31.38278808857761,5099,Valuable but Stable,Maintain relationship
4957-TIALW,0.0397972301966636,787.1801309913855,31.32758887930397,5100,Low Priority,No immediate intervention
7639-LIAYI,0.0326418922516227,957.0208945581426,31.23897292271846,5101,Valuable but Stable,Maintain relationship
3077-RSNTJ,0.1321168443754898,236.3817650598495,31.230012867615727,5102,Low Priority,No immediate intervention
4732-RRJZC,0.1284468259453735,242.97377448383554,31.209210120415655,5103,Low Priority,No immediate intervention
7623-HKYRK,0.132024919353593,236.36738971032673,31.206385564325178,5104,Low Priority,No immediate intervention
1345-GKDZZ,0.1328077147429672,234.5676279766708,31.15239062426015,5105,Low Priority,No immediate intervention
7520-HQWJU,0.0384841106024661,809.4026429664847,31.149140833850577,5106,Low Priority,No immediate intervention
9929-PLVPA,0.1271392796010925,244.77255919223774,31.120206841816877,5107,Low Priority,No immediate intervention
3012-VFFMN,0.1254953341986064,247.7809374031433,31.09535154745144,5108,Low Priority,No immediate intervention
4719-UMSIY,0.1318589293428452,235.76746913244142,31.08804605367603,5109,Low Priority,No immediate intervention
1642-HMARX,0.0281672093453946,1100.431705334545,30.996090214467717,5110,Valuable but Stable,Maintain relationship
5774-XZTQC,0.1257257396333068,245.38125509160204,30.850739788540796,5111,Low Priority,No immediate intervention
5396-IZEPB,0.1305047452356559,236.36562900241336,30.846836195425514,5112,Low Priority,No immediate intervention
8942-DBMHZ,0.1254956490398038,245.36663593887442,30.7924452298623,5113,Low Priority,No immediate intervention
4403-BWPAY,0.1033129048871869,297.56524758633833,30.742330121619595,5114,Low Priority,No immediate intervention
5863-OOKCL,0.1356859945178832,226.17561301582418,30.688862987743995,5115,Low Priority,No immediate intervention
7727-SHVZV,0.130983467719713,233.9591656778822,30.64478282529987,5116,Low Priority,No immediate intervention
6901-GOGZG,0.0299005863149552,1019.4211140569646,30.48128901214806,5117,Valuable but Stable,Maintain relationship
5575-GNVDE,0.0446036278861434,683.3752688431864,30.481016198074695,5118,Low Priority,No immediate intervention
2739-CCZMB,0.1247967122413539,244.1655216816,30.47105434855869,5119,Low Priority,No immediate intervention
9530-GRMJG,0.0301375159719512,1009.2450477127979,30.4161387450571,5120,Valuable but Stable,Maintain relationship
5539-HIVAK,0.0984255177096731,308.36361865224006,30.350848808674936,5121,Low Priority,No immediate intervention
8871-JLMHM,0.0279760616757406,1082.476217876746,30.283421433842264,5122,Valuable but Stable,Maintain relationship
8963-MQVYN,0.1226964312843911,246.5884834346656,30.25552691326366,5123,Low Priority,No immediate intervention
1539-LNKHM,0.123481367628845,244.77451365721424,30.225091707078214,5124,Low Priority,No immediate intervention
5862-BRIXZ,0.0414139350510193,729.0161526564998,30.191427597260255,5125,Low Priority,No immediate intervention
6719-FGEDO,0.0259334003456281,1164.0579635428883,30.187981194074283,5126,Valuable but Stable,Maintain relationship
8311-UEUAB,0.0332505454466009,906.0362180170761,30.12619844344319,5127,Valuable but Stable,Maintain relationship
7107-UBYKY,0.0973524372201305,308.9962681431233,30.08153979565802,5128,Low Priority,No immediate intervention
2023-VQFDL,0.1317418423991535,227.96831505494094,30.032965833968607,5129,Low Priority,No immediate intervention
6754-LZUKA,0.0309309099649844,970.8067548461722,30.027936327545635,5130,Valuable but Stable,Maintain relationship
6838-HVLXG,0.1232071959788899,243.5746725014435,30.010152410379277,5131,Low Priority,No immediate intervention
1395-OFUWC,0.0852477215227163,351.62582395140805,29.9753003204053,5132,Low Priority,No immediate intervention
0380-ZCSBI,0.1246749188449376,239.96583383319808,29.917720858711753,5133,Low Priority,No immediate intervention
8996-ZROXE,0.0465148744973139,641.9987700380484,29.86249221574971,5134,Low Priority,No immediate intervention
2428-ZMCTB,0.1254533693611966,236.9662309437715,29.728212096719584,5135,Low Priority,No immediate intervention
9367-TCUYN,0.1230687189610446,241.17499018990236,29.68109708811378,5136,Low Priority,No immediate intervention
2348-KCJLT,0.04010900728413,738.0028241359225,29.600560648976227,5137,Low Priority,No immediate intervention
1850-AKQEP,0.1211183165246142,244.16771994978137,29.57318318997098,5138,Low Priority,No immediate intervention
3850-OKINF,0.0370988376939281,794.4024349750244,29.4714069987997,5139,Low Priority,No immediate intervention
0083-PIVIK,0.0302175294013266,974.9792649454562,29.46146460417312,5140,Valuable but Stable,Maintain relationship
7690-KPNCU,0.0335665841241283,876.6004527701137,29.42448284115698,5141,Valuable but Stable,Maintain relationship
0098-BOWSO,0.1262864551709883,232.78226804387361,29.397247457923626,5142,Low Priority,No immediate intervention
2088-IEBAU,0.0277643288409823,1057.8307672513904,29.36996128007621,5143,Valuable but Stable,Maintain relationship
9256-JTBNZ,0.120530793077209,243.55925765099266,29.35639048597043,5144,Low Priority,No immediate intervention
4020-KIUDI,0.1232317995253508,238.17357431951723,29.350558162778984,5145,Low Priority,No immediate intervention
1563-IWQEX,0.1238455790101,236.37562556681985,29.2740762121974,5146,Low Priority,No immediate intervention
4024-CSNBY,0.025850117016665,1131.0623317591962,29.238093629117195,5147,Valuable but Stable,Maintain relationship
2676-SSLTO,0.0368204470464827,793.8241452672482,29.228959905032102,5148,Low Priority,No immediate intervention
7995-ZHHNZ,0.0433825925529761,673.1851666336622,29.20451779677549,5149,Low Priority,No immediate intervention
3750-RNQKR,0.125024790898365,233.37602267739328,29.17778843593318,5150,Low Priority,No immediate intervention
3623-FQBOX,0.1216757888429973,239.38201852587144,29.126995938964402,5151,Low Priority,No immediate intervention
6252-DFGTK,0.0355811979690847,817.189548518395,29.07658310409996,5152,Low Priority,No immediate intervention
0516-QREYC,0.1190546956160385,243.57073999809143,28.99824031144603,5153,Low Priority,No immediate intervention
6736-DHUQI,0.0284903232495375,1017.6157058618135,28.99220040380934,5154,Valuable but Stable,Maintain relationship
4854-SSLTN,0.0405375702024184,714.0136585413973,28.944378808607492,5155,Low Priority,No immediate intervention
1154-HYWWO,0.0341620160903331,847.1786328830158,28.94133008793598,5156,Valuable but Stable,Maintain relationship
1431-AIDJQ,0.0293449258014761,985.2185063526896,28.91116396716079,5157,Valuable but Stable,Maintain relationship
6061-GWWAV,0.0342996499093982,842.3737832549872,28.89312585850134,5158,Low Priority,No immediate intervention
1206-EHBDD,0.029970495738725,963.6442694481013,28.88089647114109,5159,Valuable but Stable,Maintain relationship
7247-XOZPB,0.0310378450017164,928.7693036961751,28.82699769047395,5160,Valuable but Stable,Maintain relationship
6013-BHCAW,0.0296128697647272,972.0286808054445,28.784558732271215,5161,Valuable but Stable,Maintain relationship
2717-HVIZY,0.1190566195418324,240.5759947786945,28.64216468126489,5162,Low Priority,No immediate intervention
4694-PHWFW,0.1194384100983334,239.376153622924,28.590707204176454,5163,Low Priority,No immediate intervention
6661-EIPZC,0.080750038646045,354.05514555947127,28.589966686758395,5164,Low Priority,No immediate intervention
9522-ZSINC,0.119191851660725,239.36710220971588,28.530608139038055,5165,Low Priority,No immediate intervention
6648-INWPS,0.1177582733427937,241.77535329322382,28.47104814065397,5166,Low Priority,No immediate intervention
2193-SFWQW,0.0211824320136214,1343.4327900833794,28.457173740810894,5167,Valuable but Stable,Maintain relationship
8735-NBLWT,0.1158658611120835,244.7683218911394,28.360292388876505,5168,Low Priority,No immediate intervention
2599-CIPQE,0.0215385846159089,1311.6508974012,28.251103840208586,5169,Valuable but Stable,Maintain relationship
6584-VQMYT,0.041883425244266,674.3765428787614,28.245199520149146,5170,Low Priority,No immediate intervention
8498-XXGWA,0.0424039453570194,661.8268348533662,28.064068940931243,5171,Low Priority,No immediate intervention
1159-WFSGR,0.114525222843925,244.78275447887552,28.033799505043,5172,Low Priority,No immediate intervention
5825-XJOCM,0.0361653664133751,772.7760947211708,27.94773062108821,5173,Low Priority,No immediate intervention
3181-MIZBN,0.1179220311536472,236.9759886701413,27.94468991862675,5174,Low Priority,No immediate intervention
0945-TSONX,0.0272257857304031,1023.6318354824668,27.869181019664882,5175,Valuable but Stable,Maintain relationship
6556-DBKZF,0.030534259764052,912.6789677469234,27.867976682371395,5176,Valuable but Stable,Maintain relationship
3061-BCKYI,0.1165910103318557,238.76887230908153,27.83830405831366,5177,Low Priority,No immediate intervention
3442-ZHHCC,0.0301370456384458,922.7865790225881,27.810061246549008,5178,Valuable but Stable,Maintain relationship
7531-GQHME,0.1154961632086891,240.56711713802872,27.784579023617596,5179,Low Priority,No immediate intervention
5762-TJXGK,0.0393225162243754,705.0212379298113,27.723209067024236,5180,Low Priority,No immediate intervention
9867-NNXLC,0.115170480663401,240.5903393413398,27.708905024912863,5181,Low Priority,No immediate intervention
3486-KHMLI,0.0931717446185886,296.3702777808909,27.613335833941328,5182,Low Priority,No immediate intervention
7311-MQJCH,0.1173236184971929,234.56162888048118,27.519619060853717,5183,Low Priority,No immediate intervention
3318-ISQFQ,0.1175888430693236,233.97511677067791,27.51286328807391,5184,Low Priority,No immediate intervention
3727-OWVYD,0.0374350310619989,734.3743369532378,27.491326114979305,5185,Low Priority,No immediate intervention
2197-OMWGI,0.0431741800293712,636.0450123492238,27.46072186994902,5186,Low Priority,No immediate intervention
3422-WJOYD,0.0420842607056613,652.1930673815442,27.44706307810983,5187,Low Priority,No immediate intervention
4054-CUMIA,0.1129352133685908,242.99752387285628,27.44297720662026,5188,Low Priority,No immediate intervention
2167-FQSTQ,0.0247225822230637,1108.8333188788306,27.4132228976545,5189,Valuable but Stable,Maintain relationship
1045-LTCYT,0.1082443832255835,252.58082921193534,27.340456072652383,5190,Low Priority,No immediate intervention
4500-HKANN,0.0381380515747372,716.4323144813393,27.32333255949766,5191,Low Priority,No immediate intervention
4623-ZKHLY,0.111292058642288,245.37374923451682,27.308149689085916,5192,Low Priority,No immediate intervention
3739-YBWAB,0.0642738620891876,424.1979379930116,27.26483976508058,5193,Low Priority,No immediate intervention
8398-TBIYD,0.0268138606580162,1016.4618507047452,27.255266428986303,5194,Valuable but Stable,Maintain relationship
0657-DOGUM,0.0374625336389255,727.1988976204472,27.242713164295544,5195,Low Priority,No immediate intervention
2882-DDZPG,0.1165621182659307,233.36128919041516,27.20108618930323,5196,Low Priority,No immediate intervention
9000-PLFUZ,0.0458116916897331,593.4421719206172,27.1865898157129,5197,Low Priority,No immediate intervention
7994-XIRTR,0.0346794624568499,782.9653683471885,27.152818096609977,5198,Low Priority,No immediate intervention
8457-XIGKN,0.1153236090786919,235.18173893943845,27.12200692389877,5199,Low Priority,No immediate intervention
7973-DZRKH,0.0248371940636682,1091.470000688088,27.109052221762106,5200,Valuable but Stable,Maintain relationship
9619-GSATL,0.0406680491425316,665.4072422758027,27.060814428668774,5201,Low Priority,No immediate intervention
0810-DHDBD,0.0304740995549697,887.9898235886437,27.06069028784031,5202,Valuable but Stable,Maintain relationship
1032-MAELW,0.0287075379593071,941.412700493456,27.025640834789694,5203,Valuable but Stable,Maintain relationship
3482-ABPKK,0.0414340436481023,651.5943680465864,26.998189486499893,5204,Low Priority,No immediate intervention
1821-BUCWY,0.0403635510161939,667.8207632999345,26.955617449130454,5205,Low Priority,No immediate intervention
6047-SUHPR,0.0375436794776958,717.5848015941103,26.940773789115216,5206,Low Priority,No immediate intervention
4116-IQRFR,0.0931255358536571,289.1613174404873,26.928302634794825,5207,Low Priority,No immediate intervention
4304-XUMGI,0.0298548058171357,901.789876500185,26.922761650771807,5208,Valuable but Stable,Maintain relationship
8400-WZICQ,0.040275292749133,668.4108314228498,26.920441912246666,5209,Low Priority,No immediate intervention
7605-BDWDC,0.0449816940590071,598.2262426682428,26.909229825772236,5210,Low Priority,No immediate intervention
7173-TETGO,0.0284888993506633,942.0341393313834,26.837515780300507,5211,Valuable but Stable,Maintain relationship
2466-NEJOJ,0.1138237242962088,235.77525473492153,26.836817590816107,5212,Low Priority,No immediate intervention
4367-NUYAO,0.0868166093195923,308.99420081257205,26.825828813964716,5213,Low Priority,No immediate intervention
4648-YPBTM,0.0302240008418878,886.8234143094211,26.803351620693757,5214,Valuable but Stable,Maintain relationship
4877-TSOFF,0.0294744312769033,908.9941743828892,26.792086323953924,5215,Valuable but Stable,Maintain relationship
6242-FEGFD,0.0230966065982661,1159.2529898351268,26.77481025408569,5216,Valuable but Stable,Maintain relationship
4801-KFYKL,0.1146658410757124,233.3544160608676,26.757780386351115,5217,Low Priority,No immediate intervention
8138-EALND,0.1124098863547113,236.9697919388983,26.63774738135114,5218,Low Priority,No immediate intervention
5232-NXPAY,0.0297784433037175,893.4327841986506,26.605037509941987,5219,Valuable but Stable,Maintain relationship
3213-VVOLG,0.0874462542503166,304.1948361894896,26.600698987059516,5220,Low Priority,No immediate intervention
8571-ZCMCX,0.0368581216473498,720.0406525426616,26.53934596245455,5221,Low Priority,No immediate intervention
6682-VCIXC,0.0431040259514435,615.0049436525094,26.50918905146381,5222,Low Priority,No immediate intervention
4994-OBRSZ,0.029011683076075,913.1838760914375,26.493001203346527,5223,Valuable but Stable,Maintain relationship
1744-JHKYS,0.0890928503046518,296.385147928895,26.405797616951123,5224,Low Priority,No immediate intervention
4178-EGMON,0.024998023105584,1056.073741810845,26.399755798988053,5225,Valuable but Stable,Maintain relationship
4322-RCYMT,0.0289170879915801,909.6031455539585,26.30307419740186,5226,Valuable but Stable,Maintain relationship
0347-UBKUZ,0.1101370247293099,238.77735196877939,26.29822711858459,5227,Low Priority,No immediate intervention
2188-SXWVT,0.0398180603032262,659.9873662294797,26.27941674789286,5228,Low Priority,No immediate intervention
1090-ESELR,0.0206877573775002,1266.039099537442,26.191509721659425,5229,Valuable but Stable,Maintain relationship
2958-NHPPS,0.1046568395276918,250.16878325406128,26.1818742038582,5230,Low Priority,No immediate intervention
2252-NKNSI,0.0255561691972193,1021.8212593944152,26.113836994399385,5231,Valuable but Stable,Maintain relationship
2773-MADBQ,0.0409193722599296,637.2431565338618,26.07558994230168,5232,Low Priority,No immediate intervention
9391-TTOYH,0.1111917234003723,233.9918943480742,26.017961994280203,5233,Low Priority,No immediate intervention
6034-ZRYCV,0.0399580678163488,650.4627460114144,25.991234517132565,5234,Low Priority,No immediate intervention
5129-HHMZC,0.0250051620211406,1037.4151766047742,25.940734574192568,5235,Valuable but Stable,Maintain relationship
9906-NHHVC,0.0403977751688091,642.0219251829102,25.936257386985186,5236,Low Priority,No immediate intervention
6040-CGACY,0.1102509229827041,235.1778285014675,25.928572657354888,5237,Low Priority,No immediate intervention
9867-XOBQA,0.0406457961511612,637.8282707946295,25.925037874166154,5238,Low Priority,No immediate intervention
5025-GOOKI,0.1142973321015575,226.79064914526919,25.92156614288464,5239,Low Priority,No immediate intervention
9750-BOOHV,0.0716066772939007,361.8007576832437,25.907350100112797,5240,Low Priority,No immediate intervention
1430-SFQSA,0.0606401681723522,427.1973740007642,25.905320602193584,5241,Low Priority,No immediate intervention
7672-VFMXZ,0.0387018030171859,668.4107233213393,25.86870014855722,5242,Low Priority,No immediate intervention
7233-IOQNP,0.063384091670046,408.01384956187496,25.861587243278237,5243,Low Priority,No immediate intervention
5906-DVAPM,0.0287252233876383,900.0101646328252,25.85299303022303,5244,Valuable but Stable,Maintain relationship
1936-CZAKF,0.0433431406925935,595.8386698027581,25.825519295348705,5245,Low Priority,No immediate intervention
9958-MEKUC,0.0207006335146355,1247.4546832798978,25.823102224692867,5246,Valuable but Stable,Maintain relationship
5453-YBTWV,0.0212596317580772,1213.2659134871437,25.793586545363826,5247,Valuable but Stable,Maintain relationship
6476-EPYZR,0.1045990213336709,245.97678419062584,25.728930897143034,5248,Low Priority,No immediate intervention
7471-MQPOS,0.0293897491873271,874.7892311674083,25.709836095784837,5249,Valuable but Stable,Maintain relationship
7244-QWYHG,0.048167842574768,533.4039280612955,25.692916435619356,5250,Low Priority,No immediate intervention
8631-XVRZL,0.1060815504399549,241.76877137346207,25.64720611525984,5251,Low Priority,No immediate intervention
1752-OZXFY,0.0356990978885182,717.6055578630901,25.617871055499165,5252,Low Priority,No immediate intervention
9350-ZXYJC,0.0842633477134189,303.60313686775095,25.582616688772006,5253,Low Priority,No immediate intervention
4063-EIKNQ,0.1017185214089329,251.36065454114294,25.56803412030663,5254,Low Priority,No immediate intervention
0536-ESJEP,0.0285608871889671,894.6119270108192,25.550910325260475,5255,Valuable but Stable,Maintain relationship
6437-UDQJM,0.0253132355152199,1009.215380403916,25.54650660974657,5256,Valuable but Stable,Maintain relationship
1271-UODNO,0.0395153039445168,646.2454453009609,25.536585193827076,5257,Low Priority,No immediate intervention
2495-TTHBQ,0.1042522403398902,244.77641636231863,25.518489788141473,5258,Low Priority,No immediate intervention
5668-MEISB,0.0200292441727648,1273.2592860341915,25.502421135219002,5259,Valuable but Stable,Maintain relationship
7089-RKVSZ,0.0870807304268247,292.76372053945323,25.494078627050367,5260,Low Priority,No immediate intervention
4079-ULGFR,0.1062169864202812,239.9700761917976,25.48889832413801,5261,Low Priority,No immediate intervention
9498-FIMXL,0.1106127864837843,230.37739732639352,25.482685861154305,5262,Low Priority,No immediate intervention
2282-YGNOR,0.0365846773527186,695.992953994541,25.462677661655803,5263,Low Priority,No immediate intervention
8782-NUUOL,0.0268448564641965,947.9848622085412,25.448517556219386,5264,Valuable but Stable,Maintain relationship
7876-AEHIG,0.0351792618923926,721.7858065203762,25.39189191779213,5265,Low Priority,No immediate intervention
2144-ESWKO,0.0600981848755943,422.40467066719964,25.385753990071887,5266,Low Priority,No immediate intervention
4770-QAZXN,0.1087054251639027,233.37654986310292,25.369297076153345,5267,Low Priority,No immediate intervention
7581-EBBOU,0.0301320049185681,841.8184290557695,25.36567704484972,5268,Low Priority,No immediate intervention
6036-TTFYU,0.1078503189702626,235.18508691823786,25.364786641180885,5269,Low Priority,No immediate intervention
2027-DNKIV,0.0359600768275286,705.0082532206022,25.352150949854593,5270,Low Priority,No immediate intervention
6064-PUPMC,0.0369208190638042,686.3886299464488,25.34203041370529,5271,Low Priority,No immediate intervention
1023-BQXZE,0.0283563066236548,892.2065101088032,25.29968137226619,5272,Valuable but Stable,Maintain relationship
0078-XZMHT,0.0247433111663321,1021.8310707738843,25.28348414358454,5273,Valuable but Stable,Maintain relationship
9919-FZDED,0.0250297596996489,1009.207582107691,25.260223267219192,5274,Valuable but Stable,Maintain relationship
4881-GQJTW,0.1071668706790205,235.16919466400657,25.20234667224699,5275,Low Priority,No immediate intervention
5318-YKDPV,0.0265293123094507,949.8292691949207,25.198317323129373,5276,Valuable but Stable,Maintain relationship
8265-HKSOW,0.0195302825627461,1289.4569220280946,25.183458039697552,5277,Valuable but Stable,Maintain relationship
1696-MZVAU,0.0829947176385151,303.02809705479746,25.149731351599463,5278,Low Priority,No immediate intervention
5893-PYOLZ,0.025604021866503,981.6328826659803,25.133749792658133,5279,Valuable but Stable,Maintain relationship
1265-BCFEO,0.0260064644420144,965.4405157590902,25.107694443968825,5280,Valuable but Stable,Maintain relationship
2129-ALKBS,0.0798551431942085,314.3989601614549,25.106373983803234,5281,Low Priority,No immediate intervention
2120-SMPEX,0.1038168412363925,241.7844262913037,25.10129539771652,5282,Low Priority,No immediate intervention
3474-BAFSJ,0.0363366685249983,690.044579937311,25.07392116865376,5283,Low Priority,No immediate intervention
2126-GSEGL,0.0246354685910129,1017.6380622979667,25.069990520760786,5284,Valuable but Stable,Maintain relationship
2091-GPPIQ,0.0264599552832417,947.4584532150498,25.069708304799565,5285,Valuable but Stable,Maintain relationship
9720-JJJOR,0.0346111273051241,723.583805013622,25.044051191252567,5286,Low Priority,No immediate intervention
0323-XWWTN,0.0789562145130858,316.7967147198616,25.01306936446224,5287,Low Priority,No immediate intervention
8204-TIFGJ,0.1024940270536573,243.575890107261,24.965073870272267,5288,Low Priority,No immediate intervention
2404-JIBFC,0.0244090251117901,1021.2218231418972,24.927029125778635,5289,Valuable but Stable,Maintain relationship
7998-ZLXWN,0.1015532413559972,245.3829012010524,24.919428990305292,5290,Low Priority,No immediate intervention
1094-BKOSX,0.0406880122581848,612.0060189506956,24.901308401148786,5291,Low Priority,No immediate intervention
2511-MORQY,0.0377700492304057,658.7895861478135,24.882515101281513,5292,Low Priority,No immediate intervention
6898-RBTLU,0.026027368192624,951.6237486248959,24.768261686305234,5293,Valuable but Stable,Maintain relationship
5306-BVTKJ,0.0368270654484986,669.6143570229998,24.65993175134032,5294,Low Priority,No immediate intervention
9926-PJHDQ,0.0267030602355698,921.6355298428389,24.610489068634614,5295,Valuable but Stable,Maintain relationship
5820-PTRYM,0.0299601791845126,821.3949672308767,24.60914039949392,5296,Low Priority,No immediate intervention
2926-JEJJC,0.1011510881390423,242.36107539712168,24.51508649896733,5297,Low Priority,No immediate intervention
5173-ZXXXL,0.1021903419128731,239.35586342301622,24.459857522048985,5298,Low Priority,No immediate intervention
6598-KELSS,0.0473146626874108,516.5932473594398,24.442435245406067,5299,Low Priority,No immediate intervention
7781-EWARA,0.0336591114115028,724.2164274677132,24.376481418176297,5300,Low Priority,No immediate intervention
9640-ZSLDC,0.0335083531063966,727.2101277646439,24.36761374368547,5301,Low Priority,No immediate intervention
8328-SKJNO,0.0499265571058132,487.77931894626175,24.35314202240521,5302,Low Priority,No immediate intervention
5577-OTWWW,0.1027464983639075,236.96285674814533,24.347103773180162,5303,Low Priority,No immediate intervention
8909-BOLNL,0.095573899676016,254.35455923362179,24.309657126331437,5304,Low Priority,No immediate intervention
6924-TDGMT,0.0985754776021377,246.57607577678766,24.30635443495774,5305,Low Priority,No immediate intervention
6870-ECSHE,0.0990374250987193,245.3628674980945,24.300106611849518,5306,Low Priority,No immediate intervention
5808-TOTXO,0.0984913544940207,246.57534255473854,24.285539473043343,5307,Low Priority,No immediate intervention
4488-PSYCG,0.0998731845437406,242.95494559424594,24.264684117148583,5308,Low Priority,No immediate intervention
8898-KASCD,0.0568772478328734,426.61225822186964,24.264531139427064,5309,Low Priority,No immediate intervention
3230-IUALN,0.024960431875869,972.035645777611,24.26242951734839,5310,Valuable but Stable,Maintain relationship
2690-DVRVK,0.0979140730827228,246.56246981582842,24.14193568900366,5311,Low Priority,No immediate intervention
8097-OMULG,0.0262083176877436,921.0070211281911,24.138044602370016,5312,Valuable but Stable,Maintain relationship
6261-RCVNS,0.0272150767422559,886.7874769855309,24.13398924023271,5313,Valuable but Stable,Maintain relationship
6234-RAAPL,0.0201015175290958,1198.8506190684661,24.098716733972125,5314,Valuable but Stable,Maintain relationship
8999-YPYBV,0.0238047328100111,1012.2276638260288,24.09580908028035,5315,Valuable but Stable,Maintain relationship
2999-AANRQ,0.0282323503760218,852.6116778644707,24.07123162415757,5316,Valuable but Stable,Maintain relationship
5840-NVDCG,0.0293560230055558,819.0081474411802,24.042822018020924,5317,Low Priority,No immediate intervention
6631-HMANX,0.0234451270735026,1025.4451735504113,24.04169240079932,5318,Valuable but Stable,Maintain relationship
2223-KAGMX,0.103218703970173,232.76341270294813,24.02553779087281,5319,Low Priority,No immediate intervention
8727-XDPUD,0.0558979332582454,429.63499481524104,24.01570826558895,5320,Low Priority,No immediate intervention
4318-RAJVY,0.1007251089432363,237.57780698796273,23.93005049135771,5321,Low Priority,No immediate intervention
1218-VKFPE,0.1048505405699827,227.98696515029167,23.90455653891789,5322,Low Priority,No immediate intervention
3823-KYNQY,0.0797841790755785,299.3551904984534,23.88380812593252,5323,Low Priority,No immediate intervention
6827-IEAUQ,0.0299607581392361,793.7941649408579,23.78267498812993,5324,Low Priority,No immediate intervention
4611-ANLQC,0.0395141376601045,600.6049481030834,23.732386598685157,5325,Low Priority,No immediate intervention
7542-CYDDM,0.0985676649069914,240.57135949662836,23.712557149083025,5326,Low Priority,No immediate intervention
1813-JYWTO,0.0245275994877742,965.4516068285311,23.680210337118258,5327,Valuable but Stable,Maintain relationship
2863-IMQDR,0.0219799927822382,1075.815158949045,23.646409428722453,5328,Valuable but Stable,Maintain relationship
8821-KVZKQ,0.0336384250724797,700.8257581401243,23.574674754060354,5329,Low Priority,No immediate intervention
4712-UYOOI,0.0981729360385591,239.98611530968412,23.56014154843989,5330,Low Priority,No immediate intervention
0056-EPFBG,0.0497969175715568,472.8453700792854,23.54624191793044,5331,Low Priority,No immediate intervention
4227-OJHAL,0.0268557674996926,876.0110195266254,23.525948267575725,5332,Valuable but Stable,Maintain relationship
3649-JPUGY,0.0220801842342341,1063.219013594673,23.47607170151103,5333,Valuable but Stable,Maintain relationship
4815-TUMEQ,0.1013549846600191,231.5786012091097,23.471645573137994,5334,Low Priority,No immediate intervention
8246-SHFGA,0.0926274993537655,253.16885609098426,23.450398053961198,5335,Low Priority,No immediate intervention
4636-OLWOE,0.0319186568622314,732.0141658369432,23.364908977641942,5336,Low Priority,No immediate intervention
5197-LQXXH,0.0233425235561903,999.6557056340952,23.334486856843903,5337,Valuable but Stable,Maintain relationship
9795-NREXC,0.0228577966734834,1020.039042946028,23.31584504267491,5338,Valuable but Stable,Maintain relationship
4393-OBCRR,0.0956709352717688,242.96386655002584,23.244580350086196,5339,Low Priority,No immediate intervention
0547-HURJB,0.0919956624098457,252.56917931630358,23.23526895551445,5340,Low Priority,No immediate intervention
0310-SUCIN,0.0227860832590956,1017.5963798249047,23.18703583484455,5341,Valuable but Stable,Maintain relationship
6837-BJYDQ,0.0985334929181123,235.15710074129174,23.17085052053589,5342,Low Priority,No immediate intervention
2040-LDIWQ,0.0228916382919214,1010.4314608703227,23.13043152102116,5343,Valuable but Stable,Maintain relationship
2809-ILCYT,0.0718965477622144,321.5840952272369,23.12078626207354,5344,Low Priority,No immediate intervention
8573-CGOCC,0.0975026286086839,236.97031912460795,23.105229016887954,5345,Low Priority,No immediate intervention
1057-FOGLZ,0.0979849853188807,235.7797931697711,23.102879572228748,5346,Low Priority,No immediate intervention
6861-OKBCE,0.0957401073215531,241.17780526923514,23.090388960053204,5347,Low Priority,No immediate intervention
7622-FWGEW,0.0223477607480192,1027.7941447820801,22.968897645804933,5348,Valuable but Stable,Maintain relationship
6082-GLJIX,0.0994304694053149,230.97263025046345,22.965717045583816,5349,Low Priority,No immediate intervention
9251-WNSOD,0.0254835227415222,901.1948302879343,22.965618952184812,5350,Valuable but Stable,Maintain relationship
0436-TWFFZ,0.0223672754669112,1023.0342670503383,22.882489263204512,5351,Valuable but Stable,Maintain relationship
2521-NPUZR,0.0188542867389583,1212.0537460072087,22.852408870248446,5352,Valuable but Stable,Maintain relationship
9577-WJVCQ,0.0349143075756332,653.4116315367069,22.813414676968893,5353,Low Priority,No immediate intervention
6319-QSUSR,0.0963258869776519,236.37844064615263,22.769362957634897,5354,Low Priority,No immediate intervention
3387-PLKUI,0.1009230755008904,225.58796420222313,22.767031143273126,5355,Low Priority,No immediate intervention
6461-PPAXN,0.0345157172728445,659.4020553848883,22.759734912797352,5356,Low Priority,No immediate intervention
7609-YBPXG,0.0217562881318712,1045.1914828291501,22.7394870534087,5357,Valuable but Stable,Maintain relationship
3190-FZATL,0.0947654442458066,239.37244350753542,22.684235949195838,5358,Low Priority,No immediate intervention
6419-ZTTLE,0.0910878336749723,248.95865718428547,22.67710475754664,5359,Low Priority,No immediate intervention
2516-XSJKX,0.0240544698479313,941.4250040784731,22.645479374694233,5360,Valuable but Stable,Maintain relationship
7325-ENZFI,0.0467824076825717,483.6033804868805,22.624130502607084,5361,Low Priority,No immediate intervention
8741-LQOBK,0.053764663202793,420.6078983201157,22.613841993615623,5362,Low Priority,No immediate intervention
8332-OSJDW,0.0713373289144371,316.76326910875673,22.597045516423734,5363,Low Priority,No immediate intervention
8760-ZRHKE,0.0271973380158857,830.3815845164795,22.584168636261452,5364,Low Priority,No immediate intervention
1960-UOTYM,0.0237279343131461,950.4123297327949,22.551321330303907,5365,Valuable but Stable,Maintain relationship
3308-JSGML,0.0293263540162446,768.6203599249684,22.540832779252966,5366,Low Priority,No immediate intervention
2580-ASVVY,0.0413656454018446,544.8406235395444,22.5376840338567,5367,Low Priority,No immediate intervention
0208-BPQEJ,0.0965760309809804,232.77159628639606,22.480156894447248,5368,Low Priority,No immediate intervention
6260-XLACS,0.0950628104056546,236.3576232605352,22.468819927947397,5369,Low Priority,No immediate intervention
4737-HOBAX,0.0234609120121023,957.6344222571937,22.466976920336442,5370,Valuable but Stable,Maintain relationship
5788-YPOEG,0.0220522218854047,1017.0188756525407,22.42752590753464,5371,Valuable but Stable,Maintain relationship
6103-QCKFX,0.0332234168561894,675.0024196888434,22.42588676825895,5372,Low Priority,No immediate intervention
5619-XZZKR,0.0936782974699008,239.35722614996178,22.42257743284644,5373,Low Priority,No immediate intervention
2000-DHJUY,0.0202477185648263,1106.401687699841,22.40210999219522,5374,Valuable but Stable,Maintain relationship
3720-DBRWL,0.0222569655552883,1006.2287414296804,22.395598438741498,5375,Valuable but Stable,Maintain relationship
5127-BZENZ,0.0285819799010272,782.3831239859744,22.362058724669993,5376,Low Priority,No immediate intervention
9018-PCIOK,0.0287579462043622,777.0461175219516,22.34625044600479,5377,Low Priority,No immediate intervention
6339-RZCBJ,0.0235777890439418,946.8235821462549,22.324006681673698,5378,Valuable but Stable,Maintain relationship
1282-IHQAC,0.042127631991129,528.6036410798904,22.268819660584462,5379,Low Priority,No immediate intervention
7779-ORAEL,0.0246079011180724,901.79892036521,22.191378660731537,5380,Valuable but Stable,Maintain relationship
9548-ZMVTX,0.0204269001416931,1085.459819235192,22.17257933533751,5381,Valuable but Stable,Maintain relationship
0916-KNFAJ,0.0264257882061164,838.8322210201305,22.166802613144192,5382,Low Priority,No immediate intervention
7338-ERIVA,0.0409859172605778,540.5840974703943,22.156335091305706,5383,Low Priority,No immediate intervention
9967-ATRFS,0.092727978129967,238.7800774226704,22.141593797121207,5384,Low Priority,No immediate intervention
2351-BKRZW,0.0244924677968607,902.405190719731,22.10213007342295,5385,Valuable but Stable,Maintain relationship
6963-EZQEE,0.0207902015470724,1062.6142665272032,22.091964767895064,5386,Valuable but Stable,Maintain relationship
6121-TNHBO,0.0221620874072034,995.9530159636917,22.072397793255178,5387,Valuable but Stable,Maintain relationship
3021-VLNRJ,0.0259771799999257,849.6050407622608,22.07034307272546,5388,Valuable but Stable,Maintain relationship
6114-TCFID,0.0465447321955984,474.00396082060774,22.062387416048104,5389,Low Priority,No immediate intervention
1488-SYSFC,0.0889299086149269,247.79323561876367,22.036229798973704,5390,Low Priority,No immediate intervention
2361-UPSND,0.0259235716190549,847.1982395313202,21.962404238027407,5391,Valuable but Stable,Maintain relationship
3654-ARMGP,0.0206340384363953,1063.8253606852031,21.951013381990574,5392,Valuable but Stable,Maintain relationship
1834-ABKHQ,0.0357683577680822,611.4128677826985,21.869234198860703,5393,Low Priority,No immediate intervention
4114-QMKVN,0.0264785036948904,824.9824030331582,21.844299606933042,5394,Low Priority,No immediate intervention
8387-UGUSU,0.0906843323085944,240.58734137630142,21.817502414609763,5395,Low Priority,No immediate intervention
3824-RHKVR,0.0922440339818752,236.3788782064206,21.8045412738706,5396,Low Priority,No immediate intervention
7503-MIOGA,0.0201688738070115,1078.2067832661767,21.746216549559314,5397,Valuable but Stable,Maintain relationship
6598-RFFVI,0.0937002556610331,231.55674173274406,21.696925900393932,5398,Low Priority,No immediate intervention
8780-RSYYU,0.0941218992613961,230.3935794299448,21.685081273577723,5399,Low Priority,No immediate intervention
5546-QUERU,0.0904299045551628,239.37181451581182,21.646370339860994,5400,Low Priority,No immediate intervention
5384-ZTTWP,0.0908801756874469,237.58773848687485,21.592015414870374,5401,Low Priority,No immediate intervention
8390-FESFV,0.0212847636788493,1014.0180547749799,21.58313466197191,5402,Valuable but Stable,Maintain relationship
0565-IYCGT,0.0228311403114724,943.199675748826,21.53432413875672,5403,Valuable but Stable,Maintain relationship
2667-WYLWJ,0.0907903379754035,236.98675135699818,21.516107251394782,5404,Low Priority,No immediate intervention
5110-CHOPY,0.0334465722859369,643.231296775366,21.513882064174208,5405,Low Priority,No immediate intervention
1498-NHTLT,0.0206657350361919,1041.0286783470465,21.513622831797107,5406,Valuable but Stable,Maintain relationship
7321-ZNSLA,0.0442084545909169,486.6316735371012,21.513234242066837,5407,Low Priority,No immediate intervention
5684-FJVYR,0.019832916451246,1084.2682413059786,21.504201440560912,5408,Valuable but Stable,Maintain relationship
3057-VJJQE,0.0323782544340202,663.01302323083,21.467204359236757,5409,Low Priority,No immediate intervention
2239-CFOUJ,0.0876648039053312,244.76469493437753,21.45724898437042,5410,Low Priority,No immediate intervention
6418-HNFED,0.0214553015782059,999.0296944950569,21.434483380974353,5411,Valuable but Stable,Maintain relationship
2243-FNMMI,0.0920776210150612,232.77375471106495,21.433253568538255,5412,Low Priority,No immediate intervention
9385-NXKDA,0.0215477237817939,991.8382486048627,21.37185661715581,5413,Valuable but Stable,Maintain relationship
8189-DUKMV,0.0868262752879844,245.95599436924476,21.355442875833987,5414,Low Priority,No immediate intervention
9702-AIUJO,0.0394759300468555,537.6095396809027,21.2226365809655,5415,Low Priority,No immediate intervention
8144-DGHXP,0.02193664096095,967.2190173512257,21.217536314236707,5416,Valuable but Stable,Maintain relationship
7138-GIRSH,0.0253965565919954,834.0147656441728,21.181103194242016,5417,Low Priority,No immediate intervention
5789-LDFXO,0.0717418884717785,295.1593646865965,21.175290222746803,5418,Low Priority,No immediate intervention
5777-ZPQNC,0.0873005025356001,241.76544535941423,21.10624487562003,5419,Low Priority,No immediate intervention
7435-ZNUYY,0.0852963181720471,247.1575563894163,21.081629568417323,5420,Low Priority,No immediate intervention
8060-HIWJJ,0.0202857213377326,1038.622942208213,21.06921558061176,5421,Valuable but Stable,Maintain relationship
4111-BNXIF,0.0293569176225376,714.6696073630123,20.980496790687244,5422,Low Priority,No immediate intervention
4293-ETKAP,0.022003386983438,952.8429476908261,20.96577211248102,5423,Valuable but Stable,Maintain relationship
2890-WFBHU,0.0218714840339918,958.1902187628612,20.957042071199027,5424,Valuable but Stable,Maintain relationship
0234-TEVTT,0.0388040646702481,540.0078644975682,20.95450009640621,5425,Low Priority,No immediate intervention
5562-BETPV,0.0888454390662803,235.76588626609782,20.946723682162165,5426,Low Priority,No immediate intervention
9782-LGXMC,0.0282256438893747,741.0010260723233,20.915231083578654,5427,Low Priority,No immediate intervention
2302-OUZXB,0.0212090220118108,985.8122642915055,20.908114012871586,5428,Valuable but Stable,Maintain relationship
8668-KNZTI,0.0323879859503008,644.9879040949401,20.889859175940877,5429,Low Priority,No immediate intervention
7047-YXDMZ,0.0870333319739282,239.97348300916144,20.885691811676164,5430,Low Priority,No immediate intervention
6258-PVZWJ,0.0190311703004962,1089.6298947647172,20.736932091779085,5431,Valuable but Stable,Maintain relationship
7508-DQAKK,0.0199772177487705,1036.8353796998463,20.71308614989297,5432,Valuable but Stable,Maintain relationship
4981-FLTMF,0.0263135602350104,782.4028083117286,20.587803424551964,5433,Low Priority,No immediate intervention
8645-KOMJQ,0.0208650518155236,983.4377603193747,20.51947982640623,5434,Valuable but Stable,Maintain relationship
8200-LGKSR,0.0205275539913172,998.4258591673126,20.49524073038427,5435,Valuable but Stable,Maintain relationship
6174-NRBTZ,0.0554884491598799,368.9952680178781,20.47497516964629,5436,Low Priority,No immediate intervention
2977-CEBSX,0.0189388111555281,1080.6309446124194,20.46586538883456,5437,Valuable but Stable,Maintain relationship
4697-LUPSU,0.0842617783666043,242.365693986309,20.42216439034261,5438,Low Priority,No immediate intervention
1226-JZNKR,0.085830754243807,237.57350353419213,20.391112996683457,5439,Low Priority,No immediate intervention
2967-MXRAV,0.0902008240129592,225.5672364420475,20.346350597398683,5440,Low Priority,No immediate intervention
3174-AKMAS,0.0264009096492567,770.4586810944264,20.340810028059433,5441,Low Priority,No immediate intervention
2096-XOTMO,0.0875527437097635,232.18913464937987,20.328795798148924,5442,Low Priority,No immediate intervention
7233-PAHHL,0.0201335346599221,1008.0380006173738,20.29536802394847,5443,Valuable but Stable,Maintain relationship
3926-YZVVX,0.0337773162148267,600.599298330034,20.286632418096595,5444,Low Priority,No immediate intervention
8932-CZHRQ,0.0220145616758893,920.9783611943367,20.274934934672178,5445,Valuable but Stable,Maintain relationship
5321-NTRKC,0.0211439648108461,958.2154801485129,20.260474393468158,5446,Valuable but Stable,Maintain relationship
2703-AMTUL,0.0314433569886593,643.7933027311628,20.24302264468396,5447,Low Priority,No immediate intervention
4464-JCOLN,0.0848180404503127,238.1662499411118,20.200794621404505,5448,Low Priority,No immediate intervention
5961-VUSRV,0.0869063930193598,232.16515102696235,20.176635860548217,5449,Low Priority,No immediate intervention
2862-JVEOY,0.0877034975783581,229.7598596307422,20.150743292728695,5450,Low Priority,No immediate intervention
3605-JISKB,0.0279602626562587,719.972402100569,20.13061746798941,5451,Low Priority,No immediate intervention
3034-ZBEQN,0.0483300220833537,416.42413793025935,20.12578778221096,5452,Low Priority,No immediate intervention
8565-WUXZU,0.0197595794180851,1017.6590127635685,20.10851408323181,5453,Valuable but Stable,Maintain relationship
8174-TBVCF,0.0176619501282293,1137.6327020187127,20.09281204729725,5454,Valuable but Stable,Maintain relationship
8610-ZIKJJ,0.082379216983264,243.57333343830464,20.065380486651012,5455,Low Priority,No immediate intervention
4560-WQAQW,0.0243374876304608,824.3842769601627,20.06344214326433,5456,Low Priority,No immediate intervention
7956-XQWGU,0.0859903039102586,232.78682617220647,20.017409928852572,5457,Low Priority,No immediate intervention
5256-SKJGO,0.0304900894533127,655.2714900632164,19.979286348232975,5458,Low Priority,No immediate intervention
0484-JPBRU,0.0658610022931258,302.97310339413303,19.954112257396435,5459,Low Priority,No immediate intervention
9127-QRZMH,0.027771655564483,718.1940929984371,19.94543897919887,5460,Low Priority,No immediate intervention
0487-VVUVK,0.0867602180823806,229.79624240746364,19.937172105783144,5461,Low Priority,No immediate intervention
9229-RQABD,0.069953406998467,284.9613389878055,19.93401652504208,5462,Low Priority,No immediate intervention
3569-VLDHH,0.0221084438355927,901.2084705310284,19.92431685489564,5463,Valuable but Stable,Maintain relationship
8331-ZXFOE,0.0233262486962956,853.2061084920665,19.902097875884508,5464,Valuable but Stable,Maintain relationship
0455-ENTCR,0.0194439431863987,1023.020397670842,19.891550490838856,5465,Valuable but Stable,Maintain relationship
6516-NKQBO,0.0204537303142299,972.014467664718,19.881321783143882,5466,Valuable but Stable,Maintain relationship
2990-OGYTD,0.0191811850084549,1033.8254177158565,19.82999660365101,5467,Valuable but Stable,Maintain relationship
2541-YGPKE,0.0259412313170315,764.3970348495094,19.829400299084114,5468,Low Priority,No immediate intervention
6732-VAILE,0.0192180105665215,1031.4466672228875,19.82235294949284,5469,Valuable but Stable,Maintain relationship
0956-SYCWG,0.0838392002112241,235.7669209440338,19.766510088210694,5470,Low Priority,No immediate intervention
2073-QBVBI,0.0464261817264827,425.4293567701627,19.751060629192217,5471,Low Priority,No immediate intervention
5537-UXXVS,0.0855100274094152,230.97363483995366,19.750561846016694,5472,Low Priority,No immediate intervention
1897-OKVMW,0.0181436755583948,1087.2390900938417,19.726513305067037,5473,Valuable but Stable,Maintain relationship
7945-HLKEA,0.0253232111220871,776.9994059783221,19.676119999325316,5474,Low Priority,No immediate intervention
5386-THSLQ,0.0358620466238614,546.589872908271,19.601831506366892,5475,Low Priority,No immediate intervention
4872-VXRIL,0.0252197889226855,775.7886776137439,19.56522669802793,5476,Low Priority,No immediate intervention
7353-YOWFP,0.0805241132574527,242.96659200391696,19.564669372300713,5477,Low Priority,No immediate intervention
9885-MFVSU,0.0351302066327281,556.2544166359166,19.54133259678738,5478,Low Priority,No immediate intervention
2673-ZALNP,0.0817849438658842,238.76714795871987,19.52755779282117,5479,Low Priority,No immediate intervention
7010-ZMVBF,0.0795616968092433,245.38875008980233,19.523545335044027,5480,Low Priority,No immediate intervention
2550-QHZGP,0.0832867024338257,233.95998503941223,19.48575565539984,5481,Low Priority,No immediate intervention
0383-CLDDA,0.0190095546844656,1024.2353167552913,19.470257263620656,5482,Valuable but Stable,Maintain relationship
3372-CDXFJ,0.0660999582257974,293.95223502560947,19.430230455572563,5483,Low Priority,No immediate intervention
8345-MVDYC,0.0197926405537564,979.8011960346803,19.392852887255035,5484,Valuable but Stable,Maintain relationship
0016-QLJIS,0.0178661443820191,1085.4400097236585,19.3926279317431,5485,Valuable but Stable,Maintain relationship
1038-RQOST,0.0782298581027294,247.18139489070586,19.33696544793464,5486,Low Priority,No immediate intervention
0743-HNPFG,0.0230736661814874,837.0149490620346,19.313003523572068,5487,Low Priority,No immediate intervention
4859-ZSRDZ,0.0289784223890816,666.069328785053,19.301638349945335,5488,Low Priority,No immediate intervention
1194-BHJYC,0.0258627209726633,745.8454598296556,19.28959301630214,5489,Low Priority,No immediate intervention
8075-GXIUB,0.0808822054389505,238.1466497274689,19.261826247854927,5490,Low Priority,No immediate intervention
1866-ZSLJM,0.0781117744002121,245.9725346102514,19.213351132124316,5491,Low Priority,No immediate intervention
1830-GGFNM,0.0168933632396604,1134.659061221162,19.168207674381158,5492,Valuable but Stable,Maintain relationship
1064-FBXNK,0.0804433918878556,238.165414399876,19.158833764702752,5493,Low Priority,No immediate intervention
3055-VTCGS,0.0272532165626893,702.6099700322075,19.14838167239239,5494,Low Priority,No immediate intervention
7564-GHCVB,0.0201502419014099,948.6574812683109,19.115677729138696,5495,Valuable but Stable,Maintain relationship
5702-KVQRD,0.0192691049122256,990.6347379194576,19.08864469466514,5496,Valuable but Stable,Maintain relationship
0967-BMLBD,0.0795184902981848,239.98839833684303,19.083515124825162,5497,Low Priority,No immediate intervention
2612-PHGOX,0.0208174347746003,913.234211396873,19.011193629687945,5498,Valuable but Stable,Maintain relationship
0334-ZFJSR,0.0239698447428607,792.6147270897976,18.998851949247353,5499,Low Priority,No immediate intervention
1930-QPBVZ,0.0166334025108107,1141.2468904024179,18.982818892274484,5500,Valuable but Stable,Maintain relationship
1088-CNNKB,0.0197730136071881,959.9914847074806,18.98192468990572,5501,Valuable but Stable,Maintain relationship
2192-OZITF,0.0214625531526104,882.6194662544593,18.943267208014955,5502,Valuable but Stable,Maintain relationship
5906-CVLHP,0.0290368132067792,649.8339118745245,18.869105914531183,5503,Low Priority,No immediate intervention
8595-SIZNC,0.061393076002611,307.1402027263771,18.856281809437817,5504,Low Priority,No immediate intervention
2361-FJWNO,0.0435346515487091,432.01327223614254,18.80754727121807,5505,Low Priority,No immediate intervention
5394-MEITZ,0.0194252252632846,967.2409609115001,18.788873549581744,5506,Valuable but Stable,Maintain relationship
7501-IWUNG,0.0211526676395623,885.6473060562435,18.73380311088143,5507,Valuable but Stable,Maintain relationship
9778-OGKQZ,0.0169633710799604,1104.0307140878558,18.728082686745964,5508,Valuable but Stable,Maintain relationship
4378-BZYFP,0.0760888562643211,245.97366632644128,18.71585494192067,5509,Low Priority,No immediate intervention
9236-NDUCW,0.0444274398215153,421.23821445141607,18.714535423062845,5510,Low Priority,No immediate intervention
0221-NAUXK,0.0781345142224538,239.35868755898412,18.70217477734532,5511,Low Priority,No immediate intervention
6693-DJWTY,0.0279978570825928,667.1905909703817,18.679906812839377,5512,Low Priority,No immediate intervention
1623-NLDOT,0.046392734470954,402.6330561739936,18.67924846430879,5513,Low Priority,No immediate intervention
4565-EVZMJ,0.0263417922412162,706.81360083894,18.618737026565274,5514,Low Priority,No immediate intervention
3551-GAEGL,0.0509799534650311,364.7894191902788,18.596947614856138,5515,Low Priority,No immediate intervention
6131-IUNXN,0.0766908719656807,242.38982856384848,18.589087308173397,5516,Low Priority,No immediate intervention
7670-ZBPOQ,0.0253705658986091,732.6049964561424,18.58660334024085,5517,Low Priority,No immediate intervention
0757-WCUUZ,0.0244294194825811,760.236951286587,18.572147389138607,5518,Low Priority,No immediate intervention
8221-HVAYI,0.0223405553684544,829.8336628133691,18.53894489068939,5519,Low Priority,No immediate intervention
8869-TORSS,0.0255619034702936,724.2106231557285,18.51220204126791,5520,Low Priority,No immediate intervention
5857-XRECV,0.0751029846812653,245.95170520957015,18.47170714868543,5521,Low Priority,No immediate intervention
8259-DZLIZ,0.0284944101111829,646.2182491192564,18.41360781173465,5522,Low Priority,No immediate intervention
1227-UDMZR,0.0168178453410076,1093.8252832508156,18.395784443796046,5523,Valuable but Stable,Maintain relationship
9746-YKGXB,0.0346351898729025,530.9894036777393,18.390918816877775,5524,Low Priority,No immediate intervention
8125-QPFJD,0.0180456016048663,1018.8300733888244,18.385401607431422,5525,Valuable but Stable,Maintain relationship
1187-WILMM,0.0171358510132128,1072.8323623871333,18.38389552401904,5526,Valuable but Stable,Maintain relationship
2123-VSCOT,0.0212072938856171,865.2434696391509,18.34947254324849,5527,Valuable but Stable,Maintain relationship
2400-XIWIO,0.0169595021134243,1081.2278348380378,18.33708575002888,5528,Valuable but Stable,Maintain relationship
9670-BPNXF,0.0243764876087591,750.6062861198592,18.297144832657438,5529,Low Priority,No immediate intervention
6120-RJKLU,0.0190188233597136,959.4245270631042,18.24712560718994,5530,Valuable but Stable,Maintain relationship
9297-EONCV,0.0166056964044313,1096.218388509059,18.203469752536353,5531,Valuable but Stable,Maintain relationship
8165-CBKXO,0.0266693511634975,681.0550177554051,18.163295430180924,5532,Low Priority,No immediate intervention
2387-KDZQY,0.0752730502352167,241.17430170335888,18.15392532756024,5533,Low Priority,No immediate intervention
6229-UOLQL,0.0290864688469269,624.0195452366879,18.150525062400416,5534,Low Priority,No immediate intervention
7407-SUJIZ,0.0733514709849662,247.1752553976762,18.130668574504256,5535,Low Priority,No immediate intervention
7711-YIJWC,0.0177964448021354,1018.776803575696,18.130605150530815,5536,Valuable but Stable,Maintain relationship
6322-HRPFA,0.025338338740059,715.2124238638402,18.122294666960638,5537,Low Priority,No immediate intervention
3181-VTHOE,0.0295619924339812,612.6199807932015,18.110267237114332,5538,Low Priority,No immediate intervention
1525-LNLOJ,0.0237982790801716,759.6393034647555,18.078108144121416,5539,Low Priority,No immediate intervention
8661-BOYNW,0.0178306715101423,1012.8454469191863,18.05971445455928,5540,Valuable but Stable,Maintain relationship
0519-DRGTI,0.0739200722786505,244.19027166097726,18.05056253092274,5541,Low Priority,No immediate intervention
8050-DVOJX,0.0184655457654244,976.1903580499092,18.02588773233663,5542,Valuable but Stable,Maintain relationship
4615-PIVVU,0.0225856225398744,798.0358478387709,18.02413643257512,5543,Low Priority,No immediate intervention
8681-ICONS,0.0727334748678016,247.79658519791406,18.02310670181954,5544,Low Priority,No immediate intervention
9028-LIHRP,0.0149698026438026,1202.4595683540856,18.000582425412723,5545,Valuable but Stable,Maintain relationship
8752-IMQOS,0.0741936244095756,241.16789692095665,17.8931203638007,5546,Low Priority,No immediate intervention
4667-QONEA,0.0199069531437224,898.1963513167024,17.880352679524016,5547,Valuable but Stable,Maintain relationship
4891-NLUBA,0.0241894542318489,737.4524799609355,17.838573012178518,5548,Low Priority,No immediate intervention
0513-RBGPE,0.0235641660191795,753.6399745225527,17.75889747833964,5549,Low Priority,No immediate intervention
2987-BJXIK,0.0174673378716842,1016.4187506010851,17.75412973586427,5550,Valuable but Stable,Maintain relationship
5980-BDHPY,0.0169783044675086,1045.22391814588,17.746129919003035,5551,Valuable but Stable,Maintain relationship
2164-SOQXL,0.0737590353593796,240.59074819366526,17.74574150315615,5552,Low Priority,No immediate intervention
1971-DTCZB,0.0162575942633017,1091.4256009392743,17.743954588650958,5553,Valuable but Stable,Maintain relationship
1265-HVPZB,0.0221887135147133,796.7948561331791,17.67985279273631,5554,Low Priority,No immediate intervention
5260-UMPWX,0.0724887623308764,243.0028206028752,17.614973708414414,5555,Low Priority,No immediate intervention
7665-VIGUD,0.0720182407843395,244.16067895388085,17.584022566968404,5556,Low Priority,No immediate intervention
5997-OPVFA,0.0164351380507755,1068.6208206834071,17.56293071186481,5557,Valuable but Stable,Maintain relationship
5751-USDBL,0.0180605837704189,972.0200727502631,17.555249950434803,5558,Valuable but Stable,Maintain relationship
4890-VMUAV,0.0204386821050787,857.9880674133594,17.536145359812487,5559,Valuable but Stable,Maintain relationship
1952-DVVSW,0.0724987243016334,241.17545141397704,17.484912560383904,5560,Low Priority,No immediate intervention
5248-RPYWW,0.0161104582963354,1081.8099573540574,17.428454202512917,5561,Valuable but Stable,Maintain relationship
9313-QOLTZ,0.06926460777462,250.77546022846082,17.369863892224156,5562,Low Priority,No immediate intervention
2753-JMMCV,0.0195003624973827,890.4456934476211,17.364013806461923,5563,Valuable but Stable,Maintain relationship
0687-ZVTHB,0.0199701054372368,869.3933750796479,17.36187736677573,5564,Valuable but Stable,Maintain relationship
5248-YGIJN,0.016007139592855,1083.0334938618698,17.33626831998442,5565,Valuable but Stable,Maintain relationship
1139-WUOAH,0.0270566661090546,640.2455805078251,17.32291089959806,5566,Low Priority,No immediate intervention
6701-YVNQG,0.0162500021116919,1064.435955947425,17.29708653190644,5567,Valuable but Stable,Maintain relationship
8076-FEZKJ,0.0739164073364503,233.9620291298305,17.293632646423003,5568,Low Priority,No immediate intervention
6195-MELTI,0.0263479611888933,655.8234222227225,17.279610075491476,5569,Low Priority,No immediate intervention
6166-YIPFO,0.022215162084394,776.4493296202381,17.248947707832652,5570,Low Priority,No immediate intervention
4835-YSJMR,0.0288208970406975,597.6366893530941,17.22442549158884,5571,Low Priority,No immediate intervention
3108-PCCGG,0.0169418155417508,1013.3985700582929,17.16881164420162,5572,Valuable but Stable,Maintain relationship
3544-FBCAS,0.0170796444029381,1003.2403902052521,17.13498911537057,5573,Valuable but Stable,Maintain relationship
6603-YRDCJ,0.0233699916213021,732.6371241975243,17.12172345395101,5574,Low Priority,No immediate intervention
0604-THJFP,0.01877903979497,911.4583091151768,17.116311858329972,5575,Valuable but Stable,Maintain relationship
5372-FBKBN,0.0687117462240255,248.98374059423475,17.108107597619654,5576,Low Priority,No immediate intervention
0707-HOVVN,0.0188649499631863,906.019908926393,17.092020247547012,5577,Valuable but Stable,Maintain relationship
9359-UGBTK,0.0195811048239705,868.1957123169582,17.000231250600095,5578,Valuable but Stable,Maintain relationship
6586-MYGKD,0.0183884441445932,923.4441837923724,16.980701794315497,5579,Valuable but Stable,Maintain relationship
9880-TDQAC,0.0235761938708878,720.072299381344,16.97656413127053,5580,Low Priority,No immediate intervention
8819-WFGGJ,0.0261240836459409,649.2331671327868,16.96062156389605,5581,Low Priority,No immediate intervention
3166-PNEOF,0.016334013132822,1037.4196624663907,16.945226390973794,5582,Valuable but Stable,Maintain relationship
8573-JGCZW,0.0718526401854347,235.76028301541294,16.939998785522718,5583,Low Priority,No immediate intervention
2225-ZRGSG,0.0150244615876646,1126.8567195130267,16.930415497125214,5584,Valuable but Stable,Maintain relationship
0459-SPZHJ,0.0168587631742401,1002.0181623874062,16.89278689597654,5585,Valuable but Stable,Maintain relationship
0263-FJTQO,0.0199196172705394,846.038668724293,16.852766477064588,5586,Valuable but Stable,Maintain relationship
3082-WQRVY,0.071480071166273,235.75052841105457,16.851464548308645,5587,Low Priority,No immediate intervention
6064-ZATLR,0.0265597723383712,634.2089771901857,16.844446049122585,5588,Low Priority,No immediate intervention
0895-LNKRC,0.07207731975481,233.3696107719203,16.82065605666325,5589,Low Priority,No immediate intervention
7579-KKLOE,0.0153602687855079,1095.035028854435,16.82003237275052,5590,Valuable but Stable,Maintain relationship
9339-FIIJL,0.0162975365356162,1031.421343925454,16.809627036239448,5591,Valuable but Stable,Maintain relationship
3750-YHRYO,0.0677860649742715,247.76838600464066,16.795243912280956,5592,Low Priority,No immediate intervention
6559-ILWKJ,0.0283161115487749,592.2495782035139,16.77020512112558,5593,Low Priority,No immediate intervention
7301-ABVAD,0.0161025073204707,1039.2215326808905,16.73407233758482,5594,Valuable but Stable,Maintain relationship
1568-LJSZU,0.0151132842684418,1106.4313215660745,16.721811086335823,5595,Valuable but Stable,Maintain relationship
6551-ZCOTS,0.0558004771144306,298.7428903792557,16.669995817706507,5596,Low Priority,No immediate intervention
7401-JIXNM,0.0152059219285265,1095.6225542771501,16.65995102347113,5597,Valuable but Stable,Maintain relationship
5003-XZWWO,0.0164869748103505,1010.4380216452103,16.659066210284976,5598,Valuable but Stable,Maintain relationship
3239-TPHPZ,0.0691068393360095,240.61833619259824,16.628372700559808,5599,Low Priority,No immediate intervention
9467-ROOLM,0.0727054802663156,228.5855157794566,16.619419706668854,5600,Low Priority,No immediate intervention
3423-HHXAO,0.0708677103218902,233.99123664840818,16.582423176660246,5601,Low Priority,No immediate intervention
2682-KEVRP,0.068819844558792,240.5650212794418,16.555647370733674,5602,Low Priority,No immediate intervention
7762-ONLJY,0.0700122232170238,236.377011957572,16.549280124546634,5603,Low Priority,No immediate intervention
4295-YURET,0.0189898539793937,871.2318285549634,16.54456520645892,5604,Valuable but Stable,Maintain relationship
6369-MCAKO,0.0154519793305998,1068.6295441463099,16.51244162821707,5605,Valuable but Stable,Maintain relationship
7649-PHJVR,0.0705453040444806,233.96271049330323,16.504970546820868,5606,Low Priority,No immediate intervention
2351-RRBUE,0.0661835825704562,247.7761843008658,16.398715552668925,5607,Low Priority,No immediate intervention
3146-JTQHR,0.0696998456609896,235.15371385192066,16.390177562087384,5608,Low Priority,No immediate intervention
8084-OIVBS,0.0682663302912258,239.9697145683815,16.38185179461631,5609,Low Priority,No immediate intervention
3557-HTYWR,0.0184289551130317,888.6251723865851,16.376433414222433,5610,Valuable but Stable,Maintain relationship
7164-BPTUT,0.0151762621885356,1074.6131569698227,16.308611021423992,5611,Valuable but Stable,Maintain relationship
6506-EYCNH,0.0694088453514992,234.59071593021145,16.282670722897528,5612,Low Priority,No immediate intervention
4381-MHQDC,0.0208517392334028,780.041018384356,16.26521190670855,5613,Low Priority,No immediate intervention
8100-PNJMH,0.0152220146957912,1066.2366428477585,16.230269846619652,5614,Valuable but Stable,Maintain relationship
4751-ERMAN,0.0178923943092143,904.834483162211,16.189655357312404,5615,Valuable but Stable,Maintain relationship
3556-BVQGL,0.0674502418265428,239.9908799875293,16.187442891323663,5616,Low Priority,No immediate intervention
0795-LAFGP,0.0149215835060027,1084.8232106296934,16.187280126660927,5617,Valuable but Stable,Maintain relationship
4342-HFXWS,0.0193411675766736,836.3889669713257,16.17673916947333,5618,Low Priority,No immediate intervention
0756-MPZRL,0.0399975619539282,404.41981220665946,16.17580649413187,5619,Low Priority,No immediate intervention
7644-OMVMY,0.0678450422780068,238.2029627921636,16.16089008138082,5620,Low Priority,No immediate intervention
3146-MSEGF,0.0152828956050211,1056.6278723920893,16.14833346712386,5621,Valuable but Stable,Maintain relationship
3401-URHDA,0.022459411022644,718.793801485568,16.14368542809315,5622,Low Priority,No immediate intervention
8510-TMWYB,0.0224883561725879,717.6436190926746,16.13862531114107,5623,Low Priority,No immediate intervention
8292-FRFZQ,0.0326655998625052,493.79357421633546,16.13006331002708,5624,Low Priority,No immediate intervention
8461-EFQYM,0.0553737726892161,290.98571412083834,16.11297678953652,5625,Low Priority,No immediate intervention
9548-LIGTA,0.0165601164241841,972.636220881862,16.106969056182077,5626,Valuable but Stable,Maintain relationship
3530-VWVGU,0.0672497348638998,238.79234918695488,16.058722170350496,5627,Low Priority,No immediate intervention
4451-RWASJ,0.0685449533032861,233.98411971565577,16.038430559620128,5628,Low Priority,No immediate intervention
3398-GCPMU,0.0149196738022397,1074.6254897286485,16.033061766323524,5629,Valuable but Stable,Maintain relationship
3115-CZMZD,0.0659523835493274,242.99575036194835,16.02614892872783,5630,Low Priority,No immediate intervention
1964-SVLEA,0.0677926022244757,236.37698117069465,16.024610659527283,5631,Low Priority,No immediate intervention
1171-TYKUR,0.0525493623757135,304.78509544821003,16.016262427424415,5632,Low Priority,No immediate intervention
6481-LXPWL,0.0367712722254914,433.231519260006,15.9304741313729,5633,Low Priority,No immediate intervention
9830-ECLEN,0.0265501342822829,600.0044490376924,15.930198691917901,5634,Low Priority,No immediate intervention
2520-SGTTA,0.0662814763962217,240.01052282204466,15.908251803274183,5635,Low Priority,No immediate intervention
8218-FFJDS,0.0153398685397385,1036.828892352979,15.904818906897377,5636,Valuable but Stable,Maintain relationship
8612-GXIDD,0.052098017553535,304.79627899972957,15.879281893580062,5637,Low Priority,No immediate intervention
9995-HOTOH,0.0223967767970915,708.0323302813661,15.857642066436325,5638,Low Priority,No immediate intervention
1015-JPFYW,0.0676810549649296,233.3637150820955,15.794302427291475,5639,Low Priority,No immediate intervention
0536-BGFMZ,0.0641249796033753,245.99183368184651,15.7742213174453,5640,Low Priority,No immediate intervention
2498-XLDZR,0.0178364541023864,883.2292205761826,15.753677454693594,5641,Valuable but Stable,Maintain relationship
5442-BXVND,0.0539739727282003,290.9788108041407,15.705282398826846,5642,Low Priority,No immediate intervention
7636-PEPNS,0.0296727158291177,529.2386342814938,15.703947600825114,5643,Low Priority,No immediate intervention
0909-SELIE,0.0161673106303622,969.6204268531422,15.676154634479142,5644,Valuable but Stable,Maintain relationship
0771-CHWSK,0.0175062839929099,895.22656855398,15.672090547104197,5645,Valuable but Stable,Maintain relationship
8766-PAFNE,0.0165058061589384,949.2539689655624,15.6682020073485,5646,Valuable but Stable,Maintain relationship
1866-DIOQZ,0.0195268497427071,801.596934707634,15.652662898250563,5647,Low Priority,No immediate intervention
9479-HYNYL,0.0161543287228764,968.4592257541176,15.644808687534383,5648,Valuable but Stable,Maintain relationship
4291-YZODP,0.0650200507254037,240.57056031294428,15.641910034586429,5649,Low Priority,No immediate intervention
4032-RMHCI,0.0368195686525293,424.81256012729136,15.641415222063534,5650,Low Priority,No immediate intervention
1429-UYJSV,0.0661669244333967,236.37087246454234,15.639933656617421,5651,Low Priority,No immediate intervention
1930-BZLHI,0.0639868392881378,244.17663004667645,15.624090784715765,5652,Low Priority,No immediate intervention
6522-OIQSX,0.0236454805939624,659.4677193381772,15.59343115995551,5653,Low Priority,No immediate intervention
2335-GSODA,0.0323681826769643,481.2314232899681,15.57658661894522,5654,Low Priority,No immediate intervention
4568-KNYWR,0.0204996284614517,759.030732065723,15.559847998171014,5655,Low Priority,No immediate intervention
2239-CGBUZ,0.0214282432977037,726.0056283514805,15.557025239817776,5656,Low Priority,No immediate intervention
2484-DGXPZ,0.0662470739931355,234.60749350760784,15.542059981742552,5657,Low Priority,No immediate intervention
0121-SNYRK,0.0365830460047959,424.82045641674614,15.541226300872216,5658,Low Priority,No immediate intervention
6408-WHTEF,0.0144466366616705,1072.8386488361512,15.498910156333384,5659,Valuable but Stable,Maintain relationship
5199-FPUSP,0.0379019999913049,408.60605798301606,15.486986806119404,5660,Low Priority,No immediate intervention
8469-SNFFH,0.0162059421709108,952.7828476169516,15.440743729916035,5661,Valuable but Stable,Maintain relationship
3283-WCWXT,0.0506041871005848,304.79846821127586,15.424078713335051,5662,Low Priority,No immediate intervention
7975-JMZNT,0.0140000105724002,1100.4040670358968,15.405668572414735,5663,Valuable but Stable,Maintain relationship
6203-HBZPA,0.0200882654579192,766.8264980850578,15.40421425369921,5664,Low Priority,No immediate intervention
9227-YBAXE,0.015525898465125,990.033968354184,15.371166869691839,5665,Valuable but Stable,Maintain relationship
9541-ZPSEA,0.0159323166737186,964.2627980212183,15.362940254760007,5666,Valuable but Stable,Maintain relationship
1929-ZCBHE,0.0317203570759936,483.6116242309953,15.340333406708409,5667,Low Priority,No immediate intervention
5602-BVFMK,0.0662053960875654,231.57150784145983,15.331283399238606,5668,Low Priority,No immediate intervention
9415-ZNBSX,0.0143415583014074,1068.03098629537,15.317228657664696,5669,Valuable but Stable,Maintain relationship
6549-BTYPG,0.0209901919187666,729.6553036790048,15.315604858768234,5670,Low Priority,No immediate intervention
0654-PQKDW,0.0179889064566397,849.0052942901311,15.272676820177029,5671,Valuable but Stable,Maintain relationship
3549-ZTMNH,0.0529877017474206,287.9985028189409,15.26037877107371,5672,Low Priority,No immediate intervention
4254-QPEDE,0.0191794122492896,795.0371405951903,15.24834507297157,5673,Low Priority,No immediate intervention
2176-LVPNX,0.0141420903227894,1078.2058022417891,15.248083841858987,5674,Valuable but Stable,Maintain relationship
5696-JVVQY,0.0180998868940178,841.2388681419422,15.22632836422071,5675,Low Priority,No immediate intervention
1568-BEKZM,0.0140788194857271,1080.603427769167,15.213620595220045,5676,Valuable but Stable,Maintain relationship
4006-HKYHO,0.014612267576591,1040.4112343683037,15.202767346280984,5677,Valuable but Stable,Maintain relationship
5039-LZRQT,0.0626942848018318,242.3707596068682,15.195261430429305,5678,Low Priority,No immediate intervention
0123-CRBRT,0.0143568392842083,1057.2325610145624,15.178517964518019,5679,Valuable but Stable,Maintain relationship
6746-WAUWT,0.0640526327224313,236.37614562945873,15.140514440347653,5680,Low Priority,No immediate intervention
2788-CJQAQ,0.0648539378950771,233.36415264236336,15.134584262405125,5681,Low Priority,No immediate intervention
6765-MBQNU,0.0484804740828195,311.9775912499494,15.124821527013626,5682,Low Priority,No immediate intervention
4547-FZJWE,0.0211966419098126,713.3975277397388,15.121631934844844,5683,Low Priority,No immediate intervention
1265-ZFOSD,0.0154341304451737,975.6442085056169,15.05821998215394,5684,Valuable but Stable,Maintain relationship
1680-VDCWW,0.0633626871484373,237.55475889040724,15.05210786819533,5685,Low Priority,No immediate intervention
8295-KMENE,0.0163766206694013,917.4472382366199,15.024685404790969,5686,Valuable but Stable,Maintain relationship
4702-HDRKD,0.02535983797432,592.205086818527,15.018225049285952,5687,Low Priority,No immediate intervention
5248-KWLAR,0.0138340438811618,1084.223290051808,14.99919257155433,5688,Valuable but Stable,Maintain relationship
9442-JTWDL,0.0621879128975817,240.56948096850363,14.960513928285742,5689,Low Priority,No immediate intervention
3911-RSNHI,0.0202975445156264,736.8703017064242,14.956657751129201,5690,Low Priority,No immediate intervention
7054-DMVAS,0.0190691162368991,783.6142591767511,14.942831393133046,5691,Low Priority,No immediate intervention
6872-HXFNF,0.0213381364584512,700.2129085008401,14.94123859155993,5692,Low Priority,No immediate intervention
0946-FKYTX,0.0413486427069581,361.21585887044705,14.935785488521118,5693,Low Priority,No immediate intervention
8413-YNHNV,0.0137007652356827,1087.8159354244042,14.903910750884332,5694,Valuable but Stable,Maintain relationship
3638-VBZTA,0.0143540907023702,1038.0152833259044,14.899765527306533,5695,Valuable but Stable,Maintain relationship
9470-YFUYI,0.0174869252219338,851.9802172019936,14.89851434877818,5696,Valuable but Stable,Maintain relationship
0104-PPXDV,0.0246794316217983,603.612662748852,14.896817436361891,5697,Low Priority,No immediate intervention
4077-HWUYD,0.014175949733598,1050.6268539674165,14.893633470610304,5698,Valuable but Stable,Maintain relationship
6510-UPNKS,0.0500129601279512,297.57072205922293,14.882392657593565,5699,Low Priority,No immediate intervention
6122-LJADA,0.0137511630068908,1081.8359405997223,14.876502365899816,5700,Valuable but Stable,Maintain relationship
4537-CIBHB,0.0611514874709136,242.9781824047286,14.85847727702812,5701,Low Priority,No immediate intervention
6656-GULJQ,0.0148044193532299,1002.6426494194794,14.843542243439442,5702,Valuable but Stable,Maintain relationship
9483-GCPWE,0.0615342309782815,241.16404532155002,14.839844068473006,5703,Low Priority,No immediate intervention
4827-DPADN,0.0148132864017707,999.6362655170628,14.807898298700753,5704,Valuable but Stable,Maintain relationship
6509-TSGWN,0.0466463923505071,317.3927751719637,14.805227919887706,5705,Low Priority,No immediate intervention
5583-EJXRD,0.0228148675838169,648.6493736213426,14.798849567496708,5706,Low Priority,No immediate intervention
4933-IKULF,0.0597009607777499,247.75220530210652,14.791044691342101,5707,Low Priority,No immediate intervention
7554-NEWDD,0.0479620283459282,308.37575597163436,14.790326749108564,5708,Low Priority,No immediate intervention
9758-MFWGD,0.0412090201013812,358.79617862850745,14.785638937400924,5709,Low Priority,No immediate intervention
1498-DQNRX,0.0620332276791358,238.19354753281027,14.775914565803875,5710,Low Priority,No immediate intervention
3724-BSCVH,0.0602069603115069,245.3707477835177,14.77302687340702,5711,Low Priority,No immediate intervention
4018-KJYUY,0.0610906522144246,241.7774225490956,14.77034043424678,5712,Low Priority,No immediate intervention
7025-WCBNE,0.0206500727137154,715.20329992845,14.769000148611697,5713,Low Priority,No immediate intervention
7996-BPXHY,0.0492034559532662,300.005394036345,14.761302191209573,5714,Low Priority,No immediate intervention
5317-FLPJF,0.020008406886155,736.2366251568038,14.73092196062691,5715,Low Priority,No immediate intervention
1431-CYWMH,0.0643950410184422,228.57896587592643,14.719351883533383,5716,Low Priority,No immediate intervention
7029-IJEJK,0.0278013272512105,529.1997550093209,14.712455570274555,5717,Low Priority,No immediate intervention
5387-ASZNZ,0.019191749393692,766.198574648126,14.704691030450848,5718,Low Priority,No immediate intervention
0661-KQHNK,0.0644797047593777,227.97796968941452,14.699952177215806,5719,Low Priority,No immediate intervention
2256-YLYLP,0.0167417297521906,875.4456274802774,14.656474108011727,5720,Valuable but Stable,Maintain relationship
5993-BQHEA,0.0609252513938621,240.56236403575122,14.656322504779915,5721,Low Priority,No immediate intervention
8197-BFWVU,0.0130538352531039,1119.025598142567,14.60757580215912,5722,Valuable but Stable,Maintain relationship
4849-PYRLQ,0.0165762891479831,878.9960753374809,14.57049310473642,5723,Valuable but Stable,Maintain relationship
0674-GCDXG,0.0168824792013016,862.8242120368776,14.566611814092028,5724,Valuable but Stable,Maintain relationship
7269-JISCY,0.0269333055747931,540.6016639154566,14.560189808476592,5725,Low Priority,No immediate intervention
1345-ZUKID,0.0626949401350187,232.16499285006557,14.555570328181904,5726,Low Priority,No immediate intervention
0203-HHYIJ,0.0478753955740209,303.5489129595813,14.532524284003994,5727,Low Priority,No immediate intervention
2725-TTRIQ,0.0143739927725774,1010.4348359189985,14.523983028660115,5728,Valuable but Stable,Maintain relationship
7795-CFOCW,0.0285722499053063,507.58683576471367,14.502897920113064,5729,Low Priority,No immediate intervention
1760-CAZHT,0.058090053906882,249.57858832978593,14.498033650080776,5730,Low Priority,No immediate intervention
1131-ALZWV,0.0490852678212759,295.15714180193936,14.487867354710502,5731,Low Priority,No immediate intervention
8414-OOEEL,0.015128441071332,954.0470003385522,14.433243823902847,5732,Valuable but Stable,Maintain relationship
4718-WXBGI,0.0130768996638026,1103.434444130539,14.429501511478854,5733,Valuable but Stable,Maintain relationship
9675-ICXCT,0.0148249386943755,969.641849677513,14.374880976969996,5734,Valuable but Stable,Maintain relationship
5485-ITNPC,0.0139299734859248,1030.8211262658547,14.359310957614497,5735,Valuable but Stable,Maintain relationship
9135-MGVPY,0.014095060104735,1016.4398099740037,14.326780214429004,5736,Valuable but Stable,Maintain relationship
2226-ICFDO,0.013891540091481,1030.8467148763143,14.320048467875804,5737,Valuable but Stable,Maintain relationship
5245-VDBUR,0.0334005232092835,425.41647926057146,14.20913298915439,5738,Low Priority,No immediate intervention
7677-SJJJK,0.0594904266955173,238.7701045220706,14.204535400151245,5739,Low Priority,No immediate intervention
8559-WNQZS,0.0578437605881862,245.39208667945843,14.19440111212203,5740,Low Priority,No immediate intervention
2211-RMNHO,0.0138048239877028,1023.6310998758474,14.1310471621247,5741,Valuable but Stable,Maintain relationship
6916-HIJSE,0.0138751871412905,1018.2233340097177,14.128039311013579,5742,Valuable but Stable,Maintain relationship
4425-OWHWB,0.0608387554454409,232.1851812439595,14.125857459756624,5743,Low Priority,No immediate intervention
3957-HHLMR,0.0180090152080536,782.3924434655925,14.09011741303807,5744,Low Priority,No immediate intervention
9871-ELEYA,0.0173511256755877,811.8283852863888,14.086136340113564,5745,Low Priority,No immediate intervention
9617-UDPEU,0.060880065857133,230.9868569928974,14.062495065859757,5746,Low Priority,No immediate intervention
3249-VHRIP,0.0268719941429128,523.2647474590477,14.061167228912275,5747,Low Priority,No immediate intervention
1951-IEYXM,0.0129160201709452,1087.2365885276356,14.042769708012587,5748,Valuable but Stable,Maintain relationship
3721-CNZHX,0.05903668147772,237.564959414506,14.025046839221671,5749,Low Priority,No immediate intervention
3298-QEICA,0.0337433846911523,415.2505990733747,14.011960707764334,5750,Low Priority,No immediate intervention
2683-JXWQQ,0.0346138289117088,403.2114220897125,13.956691179460112,5751,Low Priority,No immediate intervention
1915-OAKWD,0.0601801392843195,231.57160652353662,13.936011534880063,5752,Low Priority,No immediate intervention
3891-NLXJB,0.028557674504596,486.64625468117646,13.897485340065764,5753,Low Priority,No immediate intervention
5727-MYATE,0.0127387830498728,1089.6362708391769,13.880640057492714,5754,Valuable but Stable,Maintain relationship
7817-OMJNA,0.0566740685305608,244.74859149867905,13.870898447354366,5755,Low Priority,No immediate intervention
6248-TKCQV,0.014327940348295,967.2352555855787,13.85848904479804,5756,Valuable but Stable,Maintain relationship
2907-ILJBN,0.0559711331910264,247.17898917687148,13.834888125241948,5757,Low Priority,No immediate intervention
6508-NJYRO,0.0612987081427463,225.57312491009748,13.827341148711321,5758,Low Priority,No immediate intervention
3508-VLHCZ,0.0127071765248106,1086.6437848825026,13.808174394090276,5759,Valuable but Stable,Maintain relationship
9348-ROUAI,0.0127217614154256,1083.6275495368077,13.785651148389553,5760,Valuable but Stable,Maintain relationship
5996-EBTKM,0.0163608424988671,838.852195510979,13.724328650583999,5761,Low Priority,No immediate intervention
2171-UDMFD,0.0587775882882137,233.40038124132172,13.718711514914524,5762,Low Priority,No immediate intervention
9253-VIFJQ,0.0169933303118415,804.5925181754778,13.672706427792232,5763,Low Priority,No immediate intervention
6741-QRLUP,0.0141651358524997,963.6383843533772,13.65006862704891,5764,Valuable but Stable,Maintain relationship
3219-JQRSL,0.0127565166099461,1069.2140978125167,13.639447398333903,5765,Valuable but Stable,Maintain relationship
7527-QNRUS,0.0451839490770215,301.81481641464495,13.63718529556991,5766,Low Priority,No immediate intervention
2592-HODOV,0.0588228601855343,231.56423673094434,13.621270721194305,5767,Low Priority,No immediate intervention
5816-JMLGY,0.0140920841491117,964.8480922346865,13.59672050688109,5768,Valuable but Stable,Maintain relationship
3489-VSFRD,0.0187918728374192,723.0162329077399,13.586829108192111,5769,Low Priority,No immediate intervention
9891-NQDBD,0.0442881485325234,306.5796687759271,13.577845907800084,5770,Low Priority,No immediate intervention
2274-XUATA,0.0178956235239685,757.2212849874054,13.550947040470268,5771,Low Priority,No immediate intervention
6122-EFVKN,0.0315421888701551,429.0350783786869,13.532705474142338,5772,Low Priority,No immediate intervention
0993-OSGPT,0.0185893625404876,727.804399468816,13.529419840287682,5773,Low Priority,No immediate intervention
2405-LBMUW,0.0221974749503811,608.4178622292801,13.505340256198863,5774,Low Priority,No immediate intervention
9565-FLVCG,0.0161371713688659,834.6403546769883,13.468734434793575,5775,Low Priority,No immediate intervention
0269-XFESX,0.0460511770365727,292.1740204136593,13.454957539556633,5776,Low Priority,No immediate intervention
8404-VIOMB,0.0178980153734133,750.0399360744931,13.424226306535205,5777,Low Priority,No immediate intervention
9150-HEPMB,0.0211356233077445,632.3970097193355,13.366104978371913,5778,Low Priority,No immediate intervention
1088-AUUZZ,0.0146810183758587,910.2391767561844,13.36323808038404,5779,Valuable but Stable,Maintain relationship
4671-VJLCL,0.0138577874435089,958.2393187614099,13.279076799408388,5780,Valuable but Stable,Maintain relationship
1577-HKTFG,0.0562912346864466,235.77981309776374,13.272336793412736,5781,Low Priority,No immediate intervention
1506-YJTYT,0.0149673775096137,886.2266221569768,13.264488412893252,5782,Valuable but Stable,Maintain relationship
5792-JALQC,0.0184277954096273,718.1937354236738,13.234727220863462,5783,Low Priority,No immediate intervention
1172-VIYBP,0.0158146269372151,836.4087504673977,13.227492355664129,5784,Low Priority,No immediate intervention
3243-ZHOHY,0.0547252014531304,241.17296254151586,13.198238960132727,5785,Low Priority,No immediate intervention
4782-OSFXZ,0.0132903193957324,992.4114557841162,13.189465219354668,5786,Valuable but Stable,Maintain relationship
1763-KUAAW,0.0537561674087758,244.13862971128935,13.123957049709196,5787,Low Priority,No immediate intervention
2606-PKWJB,0.0270744919242616,483.00627098919426,13.07714938326465,5788,Low Priority,No immediate intervention
7398-HPYZQ,0.012008622422824,1086.6093005618982,13.048680811576714,5789,Valuable but Stable,Maintain relationship
2845-KDHVX,0.0158895196043487,819.668303591026,13.02413557897285,5790,Low Priority,No immediate intervention
3796-ENZGF,0.0161290681457789,807.0497095323508,13.016959762078352,5791,Low Priority,No immediate intervention
6681-ZSEXG,0.0182041669023758,714.0401326501343,12.9985057497576,5792,Low Priority,No immediate intervention
9073-ZZIAY,0.0125731267642862,1033.2232988303601,12.99084751200808,5793,Valuable but Stable,Maintain relationship
9142-XMYJH,0.0558989020838769,232.18761052289642,12.979032505708732,5794,Low Priority,No immediate intervention
5456-ITGIC,0.0167724104034984,773.4337198995239,12.972347770059242,5795,Low Priority,No immediate intervention
6461-SZMCV,0.0122562705470208,1055.4212288080873,12.935528121341061,5796,Valuable but Stable,Maintain relationship
7110-BDTWG,0.0227916226045495,564.6773966176914,12.869914117029941,5797,Low Priority,No immediate intervention
0307-BCOPK,0.0561758945727635,228.57463040592427,12.840384339691584,5798,Low Priority,No immediate intervention
9847-HNVGP,0.0535850932234535,239.36608387510762,12.826453918980631,5799,Low Priority,No immediate intervention
5505-OVWQW,0.0527687069058079,241.773564482874,12.758078361769225,5800,Low Priority,No immediate intervention
3967-KXAPS,0.0115129017533005,1107.6217814605723,12.751940749771247,5801,Valuable but Stable,Maintain relationship
2706-QZIHY,0.0421203108397673,302.40906584664594,12.737563854224383,5802,Low Priority,No immediate intervention
4701-LKOZD,0.0118251848163027,1077.0256905044034,12.736027842120603,5803,Valuable but Stable,Maintain relationship
5879-HMFFH,0.0120492867631304,1056.6217513273307,12.731538481904067,5804,Valuable but Stable,Maintain relationship
9046-JBFWA,0.055366826489523,229.78257198651625,12.722331793493773,5805,Low Priority,No immediate intervention
3452-FLHYD,0.0505198747671587,251.37024600151074,12.699193348186197,5806,Low Priority,No immediate intervention
4334-HOWRP,0.0162612509558447,779.432925678377,12.67455440770434,5807,Low Priority,No immediate intervention
9110-HSGTV,0.0127708560030253,989.4393134080019,12.635986995265812,5808,Valuable but Stable,Maintain relationship
9888-ZCUMM,0.0175272397923627,720.6397567824812,12.630825821036481,5809,Low Priority,No immediate intervention
2990-IAJSV,0.0114326424548152,1104.0011016307476,12.621649864666434,5810,Valuable but Stable,Maintain relationship
0357-NVCRI,0.0523964401777378,240.58742377996828,12.60592455760316,5811,Low Priority,No immediate intervention
9309-BZGNT,0.0352361473952545,357.6210309650862,12.601187358728652,5812,Low Priority,No immediate intervention
9766-HGEDE,0.0541682178911654,232.18141229000662,12.576853331203587,5813,Low Priority,No immediate intervention
4323-ELYYB,0.0523534806995259,239.97350667296803,12.563448350000781,5814,Low Priority,No immediate intervention
0829-DDVLK,0.0520644490375298,241.17212700028006,12.556493915478745,5815,Low Priority,No immediate intervention
5680-LQOGP,0.0126868831900223,989.4437696708562,12.552957528909483,5816,Valuable but Stable,Maintain relationship
4723-BEGSG,0.0120697983894656,1039.825618533205,12.550485575897149,5817,Valuable but Stable,Maintain relationship
6147-CBCRA,0.0521413113719099,240.59595529824253,12.54498862002778,5818,Low Priority,No immediate intervention
9477-LGWQI,0.0130393469434681,961.8360994780537,12.54171460384644,5819,Valuable but Stable,Maintain relationship
8499-BRXTD,0.0519460310865954,241.16652697223628,12.527643907146034,5820,Low Priority,No immediate intervention
6418-PIQSP,0.0128616903722705,972.0351222414838,12.50201477324207,5821,Valuable but Stable,Maintain relationship
2194-IIQOF,0.0116586534597793,1071.6336637202057,12.493805521147543,5822,Valuable but Stable,Maintain relationship
3178-CIFOT,0.052939048463084,235.78674880168955,12.482326121765656,5823,Low Priority,No immediate intervention
1414-YADCW,0.0122763710435932,1015.2554972808919,12.463653188667955,5824,Valuable but Stable,Maintain relationship
1177-XZBJL,0.0161360848043543,769.7891993237433,12.421383801763918,5825,Low Priority,No immediate intervention
3779-OSWCF,0.0110905937961578,1118.4274687952602,12.404024746873185,5826,Valuable but Stable,Maintain relationship
6885-PKOAM,0.0120433977493202,1029.0393026903487,12.393129621982974,5827,Valuable but Stable,Maintain relationship
9140-CZQZZ,0.0129673276317118,955.2363584767442,12.386862826091242,5828,Valuable but Stable,Maintain relationship
8969-PRHFK,0.0524923327685918,235.76724177126846,12.37597251099046,5829,Low Priority,No immediate intervention
4039-PIMHX,0.020706399455857,597.6258143855438,12.37467883779892,5830,Low Priority,No immediate intervention
3227-WLKLI,0.0112538993123035,1098.6150728555617,12.363703412895466,5831,Valuable but Stable,Maintain relationship
9435-JMLSX,0.0119611112501343,1033.2242153947595,12.358509786669444,5832,Valuable but Stable,Maintain relationship
4616-EWBNJ,0.0511976763847368,241.15822905453774,12.346740968650456,5833,Low Priority,No immediate intervention
7609-NRNCA,0.0525371863674547,234.57451754825024,12.323885145488196,5834,Low Priority,No immediate intervention
1084-MNSMJ,0.0119917397320464,1026.0291133220942,12.303874084460896,5835,Valuable but Stable,Maintain relationship
4203-QGNZA,0.050613806778006,242.9893043596909,12.298613699983486,5836,Low Priority,No immediate intervention
2725-IWWBA,0.0180049858144752,682.8088680155051,12.29396398261704,5837,Low Priority,No immediate intervention
3638-WEABW,0.0170879129667202,718.8682941069159,12.283958844233599,5838,Low Priority,No immediate intervention
1133-KXCGE,0.0509290694218286,241.17432526846142,12.282783954360143,5839,Low Priority,No immediate intervention
1837-YQUCE,0.0174741270355662,700.2441159375761,12.23615463780095,5840,Low Priority,No immediate intervention
3938-YFPXD,0.0120944111393456,1011.6227743192975,12.234981750543012,5841,Valuable but Stable,Maintain relationship
2885-HIJDH,0.0117317767784214,1042.8122486435666,12.234040522889996,5842,Valuable but Stable,Maintain relationship
1492-KGETH,0.0129899818373765,940.187946492928,12.213024348663442,5843,Valuable but Stable,Maintain relationship
9621-OUPYD,0.050314588651474,242.37923562945616,12.195211538354778,5844,Low Priority,No immediate intervention
3084-DOWLE,0.0110378488122169,1104.0154769802703,12.18595592125575,5845,Valuable but Stable,Maintain relationship
2550-AEVRU,0.0189815489572394,641.4110150426786,12.174974583745222,5846,Low Priority,No immediate intervention
1734-ZMNTZ,0.0405002964465358,300.0103087017823,12.150506439438903,5847,Low Priority,No immediate intervention
7649-SIJJF,0.0126162085406183,961.2430858844535,12.127243229745734,5848,Valuable but Stable,Maintain relationship
9845-QOMAD,0.0511278339945496,236.9745851470143,12.115997250323806,5849,Low Priority,No immediate intervention
4654-ULTTN,0.0134862256276037,897.6455314610475,12.105850170893921,5850,Valuable but Stable,Maintain relationship
2030-BTZRO,0.0493289253433876,244.8141025096353,12.076416585706237,5851,Low Priority,No immediate intervention
0744-BIKKF,0.0115842736633591,1039.8095997970192,12.045438961836576,5852,Valuable but Stable,Maintain relationship
8745-PVESG,0.0243080290063699,493.22775195717503,11.989394501321629,5853,Low Priority,No immediate intervention
5170-PTRKA,0.0278626667236642,429.63701146868425,11.970832862703043,5854,Low Priority,No immediate intervention
1038-ZAGBI,0.0503812862109673,237.56620780720095,11.968891109588725,5855,Low Priority,No immediate intervention
0428-AXXLJ,0.0510544348450479,233.965972189539,11.945000483109109,5856,Low Priority,No immediate intervention
6878-GGDWG,0.0512357085027232,232.7815729352826,11.92672881571754,5857,Low Priority,No immediate intervention
7873-CVMAW,0.0111841090770925,1062.621161065876,11.884470972987437,5858,Valuable but Stable,Maintain relationship
4092-OFQZS,0.0478709153394542,247.77359310921793,11.861148699083744,5859,Low Priority,No immediate intervention
5130-YPIRV,0.0137223877781985,864.0419581786347,11.856718806761195,5860,Valuable but Stable,Maintain relationship
6762-QVYJO,0.0165123049441069,717.0502208229408,11.84015190646759,5861,Low Priority,No immediate intervention
3374-PZLXD,0.050076146422127,236.3828172669954,11.837140569136952,5862,Low Priority,No immediate intervention
4115-UMJFQ,0.02756052148813,429.01612595687317,11.82390815818869,5863,Low Priority,No immediate intervention
9860-LISIZ,0.0484173405489238,244.18958307572962,11.82301020227732,5864,Low Priority,No immediate intervention
8746-BFOAJ,0.0480178692198949,245.93263723913833,11.809161211852798,5865,Low Priority,No immediate intervention
2661-GKBTK,0.0127689914529099,923.4265683363201,11.79122595847639,5866,Valuable but Stable,Maintain relationship
8232-CTLKO,0.0164379054495105,717.0541609178011,11.786868499344903,5867,Low Priority,No immediate intervention
5726-CVNYA,0.0493881618124461,238.2242913538306,11.765459849038292,5868,Low Priority,No immediate intervention
3043-SUDUA,0.0492656223848152,238.77420166083812,11.763359654258565,5869,Low Priority,No immediate intervention
3131-NWVFJ,0.0500979326093513,234.58270113169817,11.752108352615412,5870,Low Priority,No immediate intervention
7153-CHRBV,0.0164769502276281,711.6288051430209,11.725472402888013,5871,Low Priority,No immediate intervention
1790-NESIO,0.047874829785857,244.81659685406657,11.720552903141211,5872,Low Priority,No immediate intervention
7279-NMVJC,0.0490302493992597,238.75922810646932,11.706424500434927,5873,Low Priority,No immediate intervention
4973-MGTON,0.0115553790502527,1012.8492933520994,11.703857505464102,5874,Valuable but Stable,Maintain relationship
4079-WWQQQ,0.0148575497534145,786.6313812101085,11.687414883926357,5875,Low Priority,No immediate intervention
0191-EQUUH,0.0277755893881586,420.62993646101216,11.683244399508315,5876,Low Priority,No immediate intervention
9534-NSXEM,0.0471132465166966,247.77940615358898,11.673692243874727,5877,Low Priority,No immediate intervention
4311-QTTAI,0.0502563343682471,232.17399969547307,11.668214160308995,5878,Low Priority,No immediate intervention
2192-CKRLV,0.0197021573602727,590.4606295763635,11.633348238959202,5879,Low Priority,No immediate intervention
6332-FBZRI,0.0139648230544503,832.2174499149764,11.6217694308885,5880,Low Priority,No immediate intervention
5546-BYZSM,0.0473491035595356,245.3894814697136,11.618971970530211,5881,Low Priority,No immediate intervention
5930-GBIWP,0.0118789718662206,978.0327681072362,11.618023736587716,5882,Valuable but Stable,Maintain relationship
9108-EQPNQ,0.0370403710884367,313.20772587402337,11.601330394139183,5883,Low Priority,No immediate intervention
0839-JTCUD,0.0107300681124594,1078.8329544580345,11.57595108330052,5884,Valuable but Stable,Maintain relationship
1272-ILHFG,0.0490692417694543,235.7754253547164,11.569321350026504,5885,Low Priority,No immediate intervention
0422-OHQHQ,0.0468701837713382,246.58179405287706,11.557334001924616,5886,Low Priority,No immediate intervention
9648-BCHKM,0.0389886291185838,295.82393611772676,11.533769729693676,5887,Low Priority,No immediate intervention
0378-XSZPU,0.0159284819613167,723.59786078671,11.525815472788464,5888,Low Priority,No immediate intervention
4291-TPNFG,0.011659031107674,987.625539187902,11.514756884125056,5889,Valuable but Stable,Maintain relationship
8007-YYPWD,0.0382967023832132,300.5879935727142,11.511528929821438,5890,Low Priority,No immediate intervention
4359-INNWN,0.0477053981647041,240.5735691493402,11.476657904173248,5891,Low Priority,No immediate intervention
9068-VPWQQ,0.0126827590212001,904.2300694519358,11.468132070581932,5892,Valuable but Stable,Maintain relationship
7813-TKCVO,0.046895502296485,244.18186793813118,11.451031348652627,5893,Low Priority,No immediate intervention
1099-GODLO,0.046739962655617,244.21027149377915,11.414378969737326,5894,Low Priority,No immediate intervention
6685-GBWJZ,0.0134347520759204,849.6017721569106,11.414189172190705,5895,Valuable but Stable,Maintain relationship
8169-SAEJD,0.0167583839167784,678.6167166952342,11.372519470722379,5896,Low Priority,No immediate intervention
8626-PTQGE,0.0157802821212566,720.6341375535742,11.371809996803837,5897,Low Priority,No immediate intervention
0336-KXKFK,0.0154575888319374,734.4477326169745,11.35279106934189,5898,Low Priority,No immediate intervention
2995-YWTCD,0.0379842989815086,298.80964106141096,11.350074744633904,5899,Low Priority,No immediate intervention
2430-RRYUW,0.017257271757325,657.6101453474369,11.34855698863471,5900,Low Priority,No immediate intervention
8374-UULRV,0.0109799620597402,1032.6211961728789,11.338141556061752,5901,Valuable but Stable,Maintain relationship
5656-MJEFC,0.0195862767049009,577.8440085920083,11.317812644552209,5902,Low Priority,No immediate intervention
0042-JVWOJ,0.0481058073303126,235.16649470878235,11.31287408500566,5903,Low Priority,No immediate intervention
9560-BBZXK,0.0303446654676354,372.6250188931541,11.30718154318408,5904,Low Priority,No immediate intervention
0412-UCCNP,0.0159156657042905,710.4425618251795,11.307166316109292,5905,Low Priority,No immediate intervention
9102-OXKFY,0.0172952095503088,649.8389602271994,11.2391009910842,5906,Low Priority,No immediate intervention
5676-CFLYY,0.0127417393514099,880.2628171305885,11.216079376615756,5907,Valuable but Stable,Maintain relationship
5458-CQJTA,0.0124837813592962,897.6326536073523,11.205849788599046,5908,Valuable but Stable,Maintain relationship
5329-KRDTM,0.012066125552931,928.223235006787,11.20005809473967,5909,Valuable but Stable,Maintain relationship
4707-YNOQA,0.0362956930848126,307.1956300720499,11.14987830609075,5910,Low Priority,No immediate intervention
7369-TRPFD,0.0494145881854174,225.56927331069085,11.146412747931652,5911,Low Priority,No immediate intervention
8690-ZVLCL,0.0105470257478687,1056.0373352253382,11.138052965332292,5912,Valuable but Stable,Maintain relationship
0602-DDUML,0.0132920754133103,837.0464172664982,11.126084102747495,5913,Low Priority,No immediate intervention
7771-CFQRQ,0.0144708279911296,765.6403934425742,11.079450436568283,5914,Low Priority,No immediate intervention
6023-GSSXW,0.0150164398293822,737.4633853469423,11.074074552434858,5915,Low Priority,No immediate intervention
8908-NMQTX,0.0140645889587344,787.2313017879937,11.072084675097525,5916,Low Priority,No immediate intervention
2824-DXNKN,0.0129034136136804,857.4341889715915,11.063827986811047,5917,Valuable but Stable,Maintain relationship
8184-WMOFI,0.0128516485629585,856.8023671120344,11.011322910034817,5918,Valuable but Stable,Maintain relationship
6953-PBDIN,0.0125740486844689,875.4348470763397,11.007760387218482,5919,Valuable but Stable,Maintain relationship
9046-DQMTP,0.0441500682507805,248.9670972790815,10.991914337070156,5920,Low Priority,No immediate intervention
9968-FFVVH,0.0133054368290275,825.5823350266703,10.984733605858379,5921,Low Priority,No immediate intervention
0739-UUAJR,0.0170039679558605,645.6623973453746,10.97882271476482,5922,Low Priority,No immediate intervention
5917-HBSDW,0.0472702883201556,232.1987309762119,10.97610096081978,5923,Low Priority,No immediate intervention
0298-XACET,0.0182076811165749,602.4569128896554,10.969343356370988,5924,Low Priority,No immediate intervention
2234-EOFPT,0.0115033658472741,952.2316827449835,10.953869417980988,5925,Valuable but Stable,Maintain relationship
4549-ZDQYY,0.0157452533259479,695.4087047765291,10.949386221775768,5926,Low Priority,No immediate intervention
5312-TSZVC,0.0464101911890067,235.7766465976439,10.94243924649952,5927,Low Priority,No immediate intervention
2320-TZRRH,0.0467475556407324,233.9766410607832,10.937836046620637,5928,Low Priority,No immediate intervention
4967-WPNCF,0.0142674970371704,764.434319828352,10.906564393262382,5929,Low Priority,No immediate intervention
6169-PGNCD,0.012206144154172,891.6434366053625,10.883528321326377,5930,Valuable but Stable,Maintain relationship
8204-YJCLA,0.0139893742074953,777.6222352560745,10.87844844106617,5931,Low Priority,No immediate intervention
7196-LIWRH,0.0463671508864116,234.60472139111164,10.877952515406228,5932,Low Priority,No immediate intervention
6094-ZIVKX,0.0166045402527833,653.418506520052,10.84971389342575,5933,Low Priority,No immediate intervention
9313-CDOGY,0.0461200019347104,235.19121693288605,10.847019379971599,5934,Low Priority,No immediate intervention
9867-JCZSP,0.0435366433317135,248.98283909136387,10.839877061238122,5935,Low Priority,No immediate intervention
5707-ZMDJP,0.0129480565469385,836.4466655426951,10.83035872394497,5936,Low Priority,No immediate intervention
2829-HYVZP,0.0455475275577284,237.5829545977199,10.821316171786183,5937,Low Priority,No immediate intervention
8580-QVLOC,0.009733086293539,1109.4124271514013,10.79800688858914,5938,Valuable but Stable,Maintain relationship
5320-BRKGK,0.0117906137991191,909.6391332660427,10.72520371690534,5939,Valuable but Stable,Maintain relationship
6810-VCAEX,0.0225380749523392,475.8159870967733,10.723976380708338,5940,Low Priority,No immediate intervention
5377-NDTOU,0.0097689193592558,1092.6346887445234,10.67386016347081,5941,Valuable but Stable,Maintain relationship
4188-PCPIG,0.0126350390200677,844.2523520069885,10.66716141039223,5942,Valuable but Stable,Maintain relationship
0214-JHPFW,0.015362236391428,693.6523033313985,10.656050657235463,5943,Low Priority,No immediate intervention
3546-GHEAE,0.0456104425076811,233.39776330258871,10.645375264534085,5944,Low Priority,No immediate intervention
1022-RKXDR,0.0356293498243282,298.1915174519763,10.624369889943733,5945,Low Priority,No immediate intervention
1178-PZGAB,0.0435855155444048,242.9746141878269,10.590173823579287,5946,Low Priority,No immediate intervention
8672-OAUPW,0.0184267860169931,574.2200381713665,10.581029770053378,5947,Low Priority,No immediate intervention
5847-MXBEO,0.0433694685520369,243.56893473766843,10.563455255358438,5948,Low Priority,No immediate intervention
1401-FTHFQ,0.0438826116657953,239.98862222452783,10.531327513288208,5949,Low Priority,No immediate intervention
3745-HRPHI,0.0160547913031397,655.8452961687491,10.529459357135114,5950,Low Priority,No immediate intervention
0979-MOZQI,0.022450999933908,468.06251544006267,10.508471503209659,5951,Low Priority,No immediate intervention
6870-ZWMNX,0.0114838434143153,913.2444227923293,10.487555950343868,5952,Valuable but Stable,Maintain relationship
5003-OKNNK,0.0429447149147059,244.18195756357284,10.48632455488245,5953,Low Priority,No immediate intervention
7103-ZGVNT,0.0118544616503379,884.4133126018303,10.484243697286702,5954,Valuable but Stable,Maintain relationship
5197-YPYBZ,0.0345199364537101,303.0104387769186,10.459901091390044,5955,Low Priority,No immediate intervention
1534-OULXE,0.0175104814686347,596.4129944425573,10.44347868683933,5956,Low Priority,No immediate intervention
0363-SVHYR,0.0099929495286439,1042.2188284189538,10.414840150192981,5957,Valuable but Stable,Maintain relationship
1972-XMUWV,0.0144650355222251,717.6734785201742,10.38117236015317,5958,Low Priority,No immediate intervention
0556-FJEGU,0.0123335188251568,841.2240108919648,10.375252174509956,5959,Low Priority,No immediate intervention
0114-IGABW,0.0148380353195029,699.0522698958391,10.372562270893134,5960,Low Priority,No immediate intervention
9030-QGZNL,0.0414063415439294,250.20401914307536,10.360033072302029,5961,Low Priority,No immediate intervention
5494-WOZRZ,0.0105207264988335,984.0516186078457,10.352937940107559,5962,Valuable but Stable,Maintain relationship
2581-VKIRT,0.0131691299675163,786.0136748906865,10.351116240880554,5963,Low Priority,No immediate intervention
6527-PZFPV,0.0413997422808714,249.58803283416557,10.332880235724124,5964,Low Priority,No immediate intervention
4674-HGNUA,0.0095511990665604,1078.828562979173,10.304106363705374,5965,Valuable but Stable,Maintain relationship
3740-RLMVT,0.0140663290925514,731.3874521121668,10.287936595572415,5966,Low Priority,No immediate intervention
0244-LGNFY,0.009223597298492,1111.8180951133481,10.254962378502,5967,Valuable but Stable,Maintain relationship
8022-BECSI,0.0434492048121982,235.17004664727415,10.217951522471619,5968,Low Priority,No immediate intervention
8388-DMKAE,0.0419987288365886,243.00497220845148,10.205899933725503,5969,Low Priority,No immediate intervention
0420-TXVSG,0.0128529328577479,793.2408634947869,10.195471558520463,5970,Low Priority,No immediate intervention
9489-DEDVP,0.0122518750912492,830.4521811766175,10.174596393031367,5971,Low Priority,No immediate intervention
1682-VCOIO,0.0412571798756936,245.3693778347972,10.123248557317254,5972,Low Priority,No immediate intervention
5117-ZSMHQ,0.0093747481972057,1078.8217819661832,10.113682555593716,5973,Valuable but Stable,Maintain relationship
0754-EEBDC,0.042161440148581,238.80523208700447,10.068372499804235,5974,Low Priority,No immediate intervention
2649-HWLYB,0.0110075749515669,913.8169448427768,10.058908512368742,5975,Valuable but Stable,Maintain relationship
2017-CCBLH,0.0418962387606346,240.00536931902502,10.055322256824159,5976,Low Priority,No immediate intervention
1222-KJNZD,0.0410425790882693,244.78974381970977,10.046802420717619,5977,Low Priority,No immediate intervention
1775-KWJKQ,0.0093125160166943,1078.2293237647605,10.041027847228797,5978,Valuable but Stable,Maintain relationship
1069-QJOEE,0.0420383829456811,238.77712957277458,10.037804411650814,5979,Low Priority,No immediate intervention
3161-ONRWK,0.0126998677181073,790.2030507795389,10.03547421534497,5980,Low Priority,No immediate intervention
1407-DIGZV,0.0437541935969648,229.21361977359186,10.029057094634817,5981,Low Priority,No immediate intervention
5186-PEIZU,0.0433107273074786,230.97727823874732,10.003793912021996,5982,Low Priority,No immediate intervention
2925-VDZHY,0.0093940121149846,1064.4311504733985,9.999279123114102,5983,Valuable but Stable,Maintain relationship
1027-LKKQQ,0.0103521169838268,965.4401827476588,9.994349712690887,5984,Valuable but Stable,Maintain relationship
2085-JVGAD,0.0408818756075521,244.17567243624228,9.982359466928845,5985,Low Priority,No immediate intervention
3050-RLLXC,0.0102365884282519,975.0340969771602,9.981022754267439,5986,Valuable but Stable,Maintain relationship
4803-LBYPN,0.0399863724258218,249.5912976543384,9.980250582250518,5987,Low Priority,No immediate intervention
2378-YIZKA,0.0097712309900803,1020.0499468168733,9.967143651766794,5988,Valuable but Stable,Maintain relationship
5148-ORICT,0.0111416947744665,892.2546383496173,9.941228841593428,5989,Valuable but Stable,Maintain relationship
5995-WWKKG,0.041816543063343,237.5914914956312,9.935254835610955,5990,Low Priority,No immediate intervention
3569-JFODW,0.0090983988302771,1091.4353747744626,9.930314337171017,5991,Valuable but Stable,Maintain relationship
9489-JMTTN,0.009197372440976,1077.037280905215,9.90591300530135,5992,Valuable but Stable,Maintain relationship
6016-LVTJQ,0.0399559767369605,247.7993342169077,9.901064433405063,5993,Low Priority,No immediate intervention
0730-BGQGF,0.009121654556054,1083.6279276022556,9.884479622880468,5994,Valuable but Stable,Maintain relationship
5474-LAMUQ,0.0408940909326812,241.17719220637048,9.862722028976044,5995,Low Priority,No immediate intervention
9150-KPBJQ,0.0418063543928561,235.8044083691192,9.85812266367716,5996,Low Priority,No immediate intervention
8316-BBQAY,0.013692067734668,719.444290827162,9.850679961325687,5997,Low Priority,No immediate intervention
4676-WLUHT,0.017758716754925,554.4163417370031,9.84572277720914,5998,Low Priority,No immediate intervention
8884-MRNSU,0.0412365244535053,238.7616574841104,9.845700927402975,5999,Low Priority,No immediate intervention
8763-KIAFH,0.039907416438497,246.5984265091455,9.841106099778566,6000,Low Priority,No immediate intervention
7639-OPLNG,0.0103237840697147,951.0328914395214,9.81825821441804,6001,Valuable but Stable,Maintain relationship
7349-ALMUX,0.01246159843156,787.2067916028392,9.80985491955132,6002,Low Priority,No immediate intervention
2061-VVFST,0.0416413043786234,233.98482090841708,9.74343314742508,6003,Low Priority,No immediate intervention
7319-ZNRTR,0.0414203308296695,235.1776061054627,9.741134248617966,6004,Low Priority,No immediate intervention
1122-YJBCS,0.015122887532748,643.8204390220275,9.736424090614562,6005,Low Priority,No immediate intervention
7633-MVPUY,0.0135759319348451,717.0508295897564,9.734633256334746,6006,Low Priority,No immediate intervention
1839-UMACK,0.0323698342974298,300.5709144300739,9.729430694728444,6007,Low Priority,No immediate intervention
9746-UGFAC,0.0388820501749982,250.161125903654,9.726777449219917,6008,Low Priority,No immediate intervention
7408-OFWXJ,0.0090135433957422,1077.6372014831004,9.713329680434105,6009,Valuable but Stable,Maintain relationship
3506-OVLKD,0.0307688477408753,314.3542969962445,9.67231950096734,6010,Low Priority,No immediate intervention
8748-HFWBO,0.0404814163767759,238.77775369803396,9.666061668961355,6011,Low Priority,No immediate intervention
3717-FDJFU,0.0391608485399743,245.398462753918,9.610012031848708,6012,Low Priority,No immediate intervention
1561-BWHIN,0.0404419872440442,237.57791254226322,9.608122908500858,6013,Low Priority,No immediate intervention
7131-ZQZNK,0.0133553332109366,718.2512705278939,9.59248504707859,6014,Low Priority,No immediate intervention
9055-MOJJJ,0.0121159621841677,789.6168612000818,9.566968030281386,6015,Low Priority,No immediate intervention
0238-WHBIQ,0.0088820763749821,1076.4295620311045,9.560929582248802,6016,Valuable but Stable,Maintain relationship
6463-MVYRY,0.0114008888549671,838.2017671838115,9.556245185699645,6017,Low Priority,No immediate intervention
7284-ZZLOH,0.0149265118022774,639.6326833723554,9.547484797479825,6018,Low Priority,No immediate intervention
0379-DJQHR,0.0097798496797357,976.2236931622874,9.547320972923599,6019,Valuable but Stable,Maintain relationship
3125-RAHBV,0.0391628642672685,243.56878055990535,9.53885109281168,6020,Low Priority,No immediate intervention
3262-EIDHV,0.0093684846696631,1016.4401649124713,9.522504102612322,6021,Valuable but Stable,Maintain relationship
6504-VBLFL,0.0135352428600633,703.2316577609203,9.518411274678973,6022,Low Priority,No immediate intervention
3778-FOAQW,0.0393350921193987,241.78491108048092,9.51063175043134,6023,Low Priority,No immediate intervention
6100-FJZDG,0.0395047661008698,240.57600758361627,9.503898909071841,6024,Low Priority,No immediate intervention
4950-HKQTE,0.0301305280738561,315.0055904732491,9.491284787175848,6025,Low Priority,No immediate intervention
3908-MKIMJ,0.0188246262285487,503.43527320126896,9.476980848281189,6026,Low Priority,No immediate intervention
7101-HRBLJ,0.0094266074812612,1004.4401579365313,9.468463107283686,6027,Valuable but Stable,Maintain relationship
7253-UVNDW,0.0145097764316653,652.2520889945436,9.464031988397485,6028,Low Priority,No immediate intervention
0859-YGKFW,0.0393107295333532,240.56210058123895,9.456671671924392,6029,Low Priority,No immediate intervention
5468-BPMMO,0.0400811320034796,235.19301722009948,9.426802369495457,6030,Low Priority,No immediate intervention
6518-KZXCB,0.0311062124711104,302.9993806193178,9.42516311215935,6031,Low Priority,No immediate intervention
0277-ORXQS,0.0155007336003517,606.6478727834217,9.403487065235868,6032,Low Priority,No immediate intervention
1221-GHZEP,0.0120157274710885,781.2523180355324,9.387314939671116,6033,Low Priority,No immediate intervention
1897-RCFUM,0.0322957614139747,290.40141488638807,9.37873480945147,6034,Low Priority,No immediate intervention
4685-TFLLS,0.0394670312795046,237.56249769181238,9.375886527239999,6035,Low Priority,No immediate intervention
6439-PKTRR,0.0096789203954066,968.4399515807075,9.37345319908109,6036,Valuable but Stable,Maintain relationship
7524-VRLPL,0.0105366695645748,889.210363899667,9.369315777806104,6037,Valuable but Stable,Maintain relationship
5126-RCXYW,0.0169421088695679,552.0594356611441,9.35305106144332,6038,Low Priority,No immediate intervention
9803-FTJCG,0.0116091561992141,802.2202104758701,9.313099729580788,6039,Low Priority,No immediate intervention
1982-FEBTD,0.030286014814409,307.22583391491145,9.304646157316167,6040,Low Priority,No immediate intervention
5736-YEJAX,0.0097571966952849,953.4398946435075,9.302900589168415,6041,Valuable but Stable,Maintain relationship
3566-CAAYU,0.0155154530957684,598.26851158726,9.282407030207306,6042,Low Priority,No immediate intervention
6754-WKSHP,0.0304638310295555,304.1558909753991,9.265753669318462,6043,Low Priority,No immediate intervention
5360-XGYAZ,0.0117337458026605,787.8414500397455,9.244331307565826,6044,Low Priority,No immediate intervention
2137-DQMEV,0.0171937832827841,537.6155865736158,9.243645884993603,6045,Low Priority,No immediate intervention
8181-YHCMF,0.012750762354818,723.6651994285022,9.227282982364807,6046,Low Priority,No immediate intervention
7359-SSBJK,0.0109331582621052,842.430217804724,9.210422896038802,6047,Low Priority,No immediate intervention
9242-TKFSV,0.0117580572399877,781.256902992222,9.186063384518064,6048,Low Priority,No immediate intervention
0516-VRYBW,0.0379658184039515,241.7631629799372,9.178736342461226,6049,Low Priority,No immediate intervention
7137-NAXML,0.0379631448480044,241.7551208805072,9.177784671733509,6050,Low Priority,No immediate intervention
9178-JHUVJ,0.0316918565464185,289.20652033638464,9.165491554789567,6051,Low Priority,No immediate intervention
6698-OXETB,0.0374400436431987,244.79897973630068,9.165284485137612,6052,Low Priority,No immediate intervention
0301-FIDRB,0.0119570829623915,765.6521869542139,9.154966719748023,6053,Low Priority,No immediate intervention
5275-PMFUT,0.0117359878889808,777.6573795249101,9.12657758788089,6054,Low Priority,No immediate intervention
8146-QQKZH,0.0092423501915396,982.2251708498106,9.078068995938764,6055,Valuable but Stable,Maintain relationship
3902-MIVLE,0.0099788781217542,908.4346810224102,9.065158963497286,6056,Valuable but Stable,Maintain relationship
5469-NUJUR,0.0378006172140873,239.41360153771018,9.049981907573004,6057,Low Priority,No immediate intervention
2587-YNLES,0.03751291368014,241.2140754217163,9.048642789729623,6058,Low Priority,No immediate intervention
7781-HVGMK,0.0115602963246868,782.4645424442178,9.04552197421563,6059,Low Priority,No immediate intervention
9347-AERRL,0.039012207098485,231.57762741896954,9.034354360244638,6060,Low Priority,No immediate intervention
6368-TZZDT,0.0385945476813037,234.00571328615888,9.031344659120142,6061,Low Priority,No immediate intervention
1354-YZFNB,0.0383226357776966,234.6056338640442,8.99070625796741,6062,Low Priority,No immediate intervention
2138-VFAPZ,0.0380140221950691,236.42861780101123,8.987602724637151,6063,Low Priority,No immediate intervention
0617-AQNWT,0.0155770106598647,574.2588450594204,8.945236151012184,6064,Low Priority,No immediate intervention
8039-EQPIM,0.0123567125923563,723.0307391962224,8.934283039686646,6065,Low Priority,No immediate intervention
1092-WPIVQ,0.0295464089443202,301.2149194018623,8.899819188777872,6066,Low Priority,No immediate intervention
0361-HJRDX,0.0115047483045331,772.2444833978149,8.884478411056051,6067,Low Priority,No immediate intervention
5498-IBWPI,0.0149577974811564,592.8506279820206,8.867739629931457,6068,Low Priority,No immediate intervention
9453-PATOS,0.0086664555058171,1021.240560889134,8.85053588168138,6069,Valuable but Stable,Maintain relationship
5766-FTRTS,0.0087280262079639,1013.4337950803999,8.845276723498047,6070,Valuable but Stable,Maintain relationship
6152-ONASV,0.0126338646180627,699.0078016346972,8.831169932822391,6071,Low Priority,No immediate intervention
3523-BRGUW,0.0381220074177006,231.55252949646967,8.827247247051755,6072,Low Priority,No immediate intervention
8722-PRFDV,0.0094828426862908,930.6351153667928,8.825066397361386,6073,Valuable but Stable,Maintain relationship
2160-GPFXD,0.0111902829188244,787.8482322686477,8.816244616181846,6074,Low Priority,No immediate intervention
7560-QJAVJ,0.0092118473413084,955.2214864282014,8.799354510114286,6075,Valuable but Stable,Maintain relationship
9823-EALYC,0.0090432892912698,970.2317126587968,8.774086057137655,6076,Valuable but Stable,Maintain relationship
5915-ANOEI,0.0092331871103085,949.8356770555652,8.770010530300592,6077,Valuable but Stable,Maintain relationship
3078-ZKNTS,0.0369407755447841,237.0131235284456,8.755448597432496,6078,Low Priority,No immediate intervention
8779-YIQQA,0.0367423321896686,237.57927526920878,8.729216653321988,6079,Low Priority,No immediate intervention
0230-WEQUW,0.0128308511841826,679.2423027691111,8.715256904831966,6080,Low Priority,No immediate intervention
3594-BDSOA,0.0355993336014668,244.78435979214441,8.714160084662025,6081,Low Priority,No immediate intervention
3129-AAQOU,0.028217436025976,307.2148065441881,8.66881414989322,6082,Low Priority,No immediate intervention
7665-NKLAV,0.0177542321957789,487.8536285436121,8.661466598716558,6083,Low Priority,No immediate intervention
8336-TAVKX,0.0091881603774099,941.4104319327422,8.649830029564761,6084,Valuable but Stable,Maintain relationship
5495-GPSRW,0.0365420788028177,236.41468001175645,8.639083867132534,6085,Low Priority,No immediate intervention
8314-HTWVE,0.0362469467490915,238.21515389576257,8.634571998086342,6086,Low Priority,No immediate intervention
9443-JUBUO,0.0110212545465943,783.056664725878,8.630266826351052,6087,Low Priority,No immediate intervention
7244-KXYZN,0.0351459275303606,245.3777033167321,8.624026978336191,6088,Low Priority,No immediate intervention
8205-VSLRB,0.009251617510235,927.6331042607178,8.582106670452106,6089,Valuable but Stable,Maintain relationship
3985-HOYPM,0.0367377786464923,232.7730897896239,8.55156624755128,6090,Low Priority,No immediate intervention
9488-FVZCC,0.0089590307317077,954.0414357431182,8.547286542145132,6091,Valuable but Stable,Maintain relationship
2749-CTKAJ,0.0352973619763351,241.7794006778788,8.53417502414845,6092,Low Priority,No immediate intervention
0224-NIJLP,0.0352270326383874,241.80756043032204,8.518162823487787,6093,Low Priority,No immediate intervention
4632-PAOYU,0.0355379878016298,239.37971836633756,8.507073511260481,6094,Low Priority,No immediate intervention
5214-CHIWJ,0.0349219597789031,243.57234155503227,8.506023515038084,6095,Low Priority,No immediate intervention
1335-MXCSE,0.012730682210426,663.0676771399703,8.44130388167431,6096,Low Priority,No immediate intervention
3547-LQRIK,0.026129567428722,322.785757978717,8.434252228136026,6097,Low Priority,No immediate intervention
2466-FCCPT,0.0355357835088752,236.37181755921256,8.399657736383523,6098,Low Priority,No immediate intervention
2535-PBCGC,0.0108278849401786,774.6375261803842,8.387686003825786,6099,Low Priority,No immediate intervention
1439-LCGVL,0.0363637514956064,230.3877828276054,8.37776408236678,6100,Low Priority,No immediate intervention
5647-URDKA,0.0352579289239095,236.40827522935422,8.335266165060606,6101,Low Priority,No immediate intervention
6695-AMZUF,0.0080307511266886,1037.436899587329,8.33139755022927,6102,Valuable but Stable,Maintain relationship
2996-XAUVF,0.0172927340036621,480.67423530811635,8.312171693596941,6103,Low Priority,No immediate intervention
6115-ZTBFQ,0.0105554786122377,786.0373798871506,8.297000751818178,6104,Low Priority,No immediate intervention
3500-NSDOA,0.0097218322788807,849.6509738223772,8.260164263088807,6105,Valuable but Stable,Maintain relationship
9581-GVBXT,0.0197165203543348,417.6181336167151,8.233976431793273,6106,Low Priority,No immediate intervention
5014-GSOUQ,0.0343486641460465,239.4010572622783,8.223106512110444,6107,Low Priority,No immediate intervention
6479-OAUSD,0.0344282304123109,238.77146002724123,8.220478841701743,6108,Low Priority,No immediate intervention
0023-UYUPN,0.0271811469311058,302.3699374614141,8.218761697687968,6109,Low Priority,No immediate intervention
9184-GALIL,0.033483492894262,245.40237735925746,8.2169287585437,6110,Low Priority,No immediate intervention
5063-IUOKK,0.0346474941435574,237.00137495073704,8.211503750620714,6111,Low Priority,No immediate intervention
3812-LRZIR,0.0279223185959531,294.01729243239737,8.20964451201691,6112,Low Priority,No immediate intervention
4915-BFSXL,0.0099040293230882,827.435122268775,8.194941713903019,6113,Low Priority,No immediate intervention
4709-LKHYG,0.034075975244589,239.98749447866135,8.177807920865805,6114,Low Priority,No immediate intervention
1699-UOTXU,0.0110954803622139,736.8240398865639,8.175416664968482,6115,Low Priority,No immediate intervention
2229-DPMBI,0.0348914577116915,234.0163912140381,8.165173017887264,6116,Low Priority,No immediate intervention
8631-NBHFZ,0.0085684806135739,952.8154859742856,8.16418101988366,6117,Valuable but Stable,Maintain relationship
9717-IOAAF,0.0262971748080827,310.21378690870625,8.157746182215565,6118,Low Priority,No immediate intervention
5397-NSKQG,0.0133015202539185,610.8434066211105,8.125145945143275,6119,Low Priority,No immediate intervention
6374-AFWOX,0.0103119373710221,787.8341549922553,8.124096465032256,6120,Low Priority,No immediate intervention
2005-DWQZJ,0.0354985195651906,228.61710601307027,8.115568810742229,6121,Low Priority,No immediate intervention
6072-NUQCB,0.033248474791628,242.9645083466712,8.078199331024589,6122,Low Priority,No immediate intervention
6061-PQHMK,0.0338271777750686,238.77925832346637,8.077228420306925,6123,Low Priority,No immediate intervention
1093-YSWCA,0.0343391185779899,234.60017573448727,8.055963252963828,6124,Low Priority,No immediate intervention
8468-FZTOE,0.0090145175806008,892.2590275718719,8.043284690496414,6125,Valuable but Stable,Maintain relationship
5057-RKGLH,0.0329015211486951,244.21572240156115,8.035068755438816,6126,Low Priority,No immediate intervention
6016-NXBNJ,0.0349668213472641,229.78807526604749,8.034958575559559,6127,Low Priority,No immediate intervention
6082-OQFBA,0.0340662339449548,235.7808762624984,8.03216649050471,6128,Low Priority,No immediate intervention
9424-CMPOG,0.0341420784463213,235.2091154370563,8.030528070541818,6129,Low Priority,No immediate intervention
1245-HARPS,0.032791895298964,244.81539917624173,8.027960937361396,6130,Low Priority,No immediate intervention
4163-NCJAK,0.0273181650858607,293.3874032125771,8.014805515073158,6131,Low Priority,No immediate intervention
4632-XJMEX,0.0105971849923673,754.1986567247013,7.992382686306582,6132,Low Priority,No immediate intervention
8966-OIQHG,0.0319845370262363,248.97151242174948,7.963238557531497,6133,Low Priority,No immediate intervention
7168-HDQHG,0.0345537898737755,230.38826669820094,7.960787756872985,6134,Low Priority,No immediate intervention
9801-NOSHQ,0.033449857552709,237.5740609428566,7.94681849675716,6135,Low Priority,No immediate intervention
8606-OEGQZ,0.0261646765758096,303.60787048234283,7.94380173704079,6136,Low Priority,No immediate intervention
5876-QMYLD,0.0329367886749085,240.58803918180593,7.924197404241747,6137,Low Priority,No immediate intervention
3352-RICWQ,0.0334244433073681,237.0166754669374,7.9221504320455125,6138,Low Priority,No immediate intervention
0017-DINOC,0.0145528665466405,542.4427071858502,7.894096326874067,6139,Low Priority,No immediate intervention
1998-VHJHK,0.0342368978313165,229.7819665598953,7.867021712590119,6140,Low Priority,No immediate intervention
0440-EKDCF,0.0108933308763544,721.8661503227987,7.86352682390643,6141,Low Priority,No immediate intervention
2451-YMUXS,0.0101340976908676,774.6134653376148,7.850008530392871,6142,Low Priority,No immediate intervention
8050-XGRVL,0.0119078451317386,657.0157133857981,7.823641364116839,6143,Low Priority,No immediate intervention
2150-OEGBV,0.0323597541644749,241.157925756513,7.803811192295451,6144,Low Priority,No immediate intervention
1834-WULEG,0.0320915409063949,242.98060456059488,7.797622010716894,6145,Low Priority,No immediate intervention
7998-WNZEM,0.0080578013744939,967.2125250284355,7.793606413601842,6146,Valuable but Stable,Maintain relationship
7898-PDWQE,0.0080697986480285,964.8339990794071,7.7860161013429305,6147,Valuable but Stable,Maintain relationship
7018-FPXHH,0.0108412041448793,717.6325185279222,7.780000634365082,6148,Low Priority,No immediate intervention
9065-ZCPQX,0.0082108994005724,946.22256321922,7.769338277144774,6149,Valuable but Stable,Maintain relationship
3487-EARAT,0.0087300644435737,889.2164651481754,7.762917045030378,6150,Valuable but Stable,Maintain relationship
1552-TKMXS,0.0316737749060004,244.20145685904617,7.7347819762707966,6151,Low Priority,No immediate intervention
4795-UXVCJ,0.0324668362036214,237.5723002349432,7.713220958245468,6152,Low Priority,No immediate intervention
8277-RVRSV,0.0266118183846177,289.7887958553077,7.711806805198503,6153,Low Priority,No immediate intervention
8194-PEEBY,0.03228380603972,238.78895881162293,7.709016430701124,6154,Low Priority,No immediate intervention
6609-MXJHJ,0.0255019332187186,301.23155185813073,7.681986918857018,6155,Low Priority,No immediate intervention
1494-EJZDW,0.031657392135079,241.81672145349273,7.655286775872391,6156,Low Priority,No immediate intervention
3950-VPYJB,0.0106984735021261,715.2132758471078,7.6516902800190865,6157,Low Priority,No immediate intervention
6288-CHQJB,0.0090790768959487,839.4301372736502,7.621250765084244,6158,Low Priority,No immediate intervention
1872-EBWSC,0.03112559869438,244.18142315608827,7.600292985778991,6159,Low Priority,No immediate intervention
2251-PYLPB,0.0079529210625125,954.6360306188294,7.592144994941816,6160,Valuable but Stable,Maintain relationship
7337-CINUD,0.0324181413870998,234.00165772705998,7.585898825011565,6161,Low Priority,No immediate intervention
8908-SLFCJ,0.0302251254065461,250.22117878505344,7.562966508152033,6162,Low Priority,No immediate intervention
6119-SPUDB,0.0164249738389755,459.0463826475163,7.539824825861792,6163,Low Priority,No immediate intervention
7197-VOJMM,0.0090652509527171,830.4529744451285,7.52826461777545,6164,Low Priority,No immediate intervention
1535-VTJOQ,0.0249036294214626,301.80854630895476,7.5161281935085436,6165,Low Priority,No immediate intervention
8148-WOCMK,0.0318918538429564,235.2082798958205,7.501228085090688,6166,Low Priority,No immediate intervention
4716-MRVEN,0.0312111081480917,239.98197911089107,7.4901035036231045,6167,Low Priority,No immediate intervention
7277-KAMWT,0.0311826626349168,240.00082366240053,7.483864716366793,6168,Low Priority,No immediate intervention
2296-DKZFP,0.0087780558291548,852.0223356985358,7.47909963044862,6169,Valuable but Stable,Maintain relationship
6625-IUTTT,0.0094904422994979,786.6128424601324,7.465303793411918,6170,Low Priority,No immediate intervention
3813-DHBBB,0.0121552999475833,611.4478032238114,7.432331450476319,6171,Low Priority,No immediate intervention
5519-TEEUH,0.0306592784439967,241.7887747173769,7.413069368692847,6172,Low Priority,No immediate intervention
6177-PEVRA,0.0111171303926643,666.0336557602502,7.40438299698959,6173,Low Priority,No immediate intervention
0254-WWRKD,0.0121969416740832,606.6310484539224,7.3990435156804315,6174,Low Priority,No immediate intervention
3705-PSNGL,0.0301070989340676,244.78819104181196,7.369862285587272,6175,Low Priority,No immediate intervention
4452-ROHMO,0.0312968375538522,235.2107742402518,7.361353392312965,6176,Low Priority,No immediate intervention
4837-PZTIC,0.0146295116979788,502.84906449284193,7.356436271315727,6177,Low Priority,No immediate intervention
7632-YUTXB,0.0305634419101898,240.58940190875148,7.353240209445433,6178,Low Priority,No immediate intervention
0486-LGCCH,0.0311256816086727,235.81039874188718,7.339759391254134,6179,Low Priority,No immediate intervention
0804-YGEQV,0.0249727264223606,293.38900974272747,7.326723475632421,6180,Low Priority,No immediate intervention
8873-TMKGR,0.0319450007966635,229.1756104127304,7.321015057210516,6181,Low Priority,No immediate intervention
8515-OCTJS,0.024636562363057,297.00986304934503,7.317302013458208,6182,Low Priority,No immediate intervention
3933-DQPWX,0.0153512345736942,476.4636417704021,7.314305130654044,6183,Low Priority,No immediate intervention
3378-AJRAO,0.0244813977231405,298.1828225193445,7.299932272304688,6184,Low Priority,No immediate intervention
5338-YHWYT,0.0098973291127456,737.4276775694103,7.2985644217521,6185,Low Priority,No immediate intervention
3982-JGSFD,0.0297845941282231,244.18669632100466,7.273001641432793,6186,Low Priority,No immediate intervention
7026-YMSBE,0.0307092909586655,236.3753387108269,7.2589190519238915,6187,Low Priority,No immediate intervention
0835-DUUIQ,0.0287086494647984,252.5658215627093,7.250823638032642,6188,Low Priority,No immediate intervention
2808-CHTDM,0.024058151165067,301.21832621922607,7.246756025870606,6189,Low Priority,No immediate intervention
3889-VWBID,0.0072772916082517,994.2185922690375,7.235218618287285,6190,Valuable but Stable,Maintain relationship
6701-DHKWQ,0.0117154612719187,616.2688625707344,7.219873992536827,6191,Low Priority,No immediate intervention
9674-EHPPG,0.0148129601465614,484.84939037211933,7.182054696666794,6192,Low Priority,No immediate intervention
5181-OABFK,0.0097617395897786,735.6525134699218,7.1812482650594704,6193,Low Priority,No immediate intervention
6388-TABGU,0.0105881514929445,673.7857365354444,7.134145452222475,6194,Low Priority,No immediate intervention
9610-WCESF,0.0135410939207556,526.849071757645,7.134112762733178,6195,Low Priority,No immediate intervention
3533-UVMOM,0.0083702709749331,851.4166609148436,7.126588164429974,6196,Valuable but Stable,Maintain relationship
9227-UAQFT,0.0300426336605866,237.00341904115533,7.1202068945599235,6197,Low Priority,No immediate intervention
4102-HLENU,0.0090374715945868,787.8417560366848,7.120097491210923,6198,Low Priority,No immediate intervention
6447-EGDIV,0.028302735229893,251.3818328176576,7.114793455843389,6199,Low Priority,No immediate intervention
3458-IDMFK,0.0285442808450545,249.01641896471165,7.107994597958485,6200,Low Priority,No immediate intervention
5781-RFZRP,0.0080364454670952,882.0412429415028,7.088476348628257,6201,Valuable but Stable,Maintain relationship
0230-UBYPQ,0.0163498042523961,433.19102474439,7.0825884584656515,6202,Low Priority,No immediate intervention
3389-KTRXV,0.0247234309454874,286.2203117720932,7.076348113293221,6203,Low Priority,No immediate intervention
5125-CNDSP,0.0144760024034038,487.21510900188207,7.052927088885889,6204,Low Priority,No immediate intervention
7446-SFAOA,0.0296066125878691,238.1879679459321,7.051938890066995,6205,Low Priority,No immediate intervention
9531-NSBMR,0.0305235086362698,230.98166259453785,7.050370773024333,6206,Low Priority,No immediate intervention
5442-PPTJY,0.0298222605416607,236.41100068324522,7.050310457290465,6207,Low Priority,No immediate intervention
1209-VFFOC,0.0104057467603898,676.8621476830616,7.043256100483501,6208,Low Priority,No immediate intervention
4825-XJGDM,0.0134205439154561,524.4230289928341,7.038042290874838,6209,Low Priority,No immediate intervention
1676-MQAOA,0.0077623205513046,901.2300086981785,6.9956362179702944,6210,Valuable but Stable,Maintain relationship
2580-ATZSQ,0.0094922979012753,736.1978320741896,6.988209136321255,6211,Low Priority,No immediate intervention
3887-PBQAO,0.022468752228132,310.80264853756205,6.983347701837674,6212,Low Priority,No immediate intervention
5176-OLSKT,0.0086956286418098,802.8243556333667,6.981062461188,6213,Low Priority,No immediate intervention
1459-QNFQT,0.0097204976724334,714.036262511984,6.940787827780785,6214,Low Priority,No immediate intervention
3460-TJBWI,0.0237956811909188,290.4126388845381,6.910566568709898,6215,Low Priority,No immediate intervention
4312-GVYNH,0.0115449147881214,598.2581912693826,6.906839839500655,6216,Low Priority,No immediate intervention
8990-YOZLV,0.0086001587009333,802.854191967994,6.904673464634317,6217,Low Priority,No immediate intervention
4584-LBNMK,0.0232784160173994,296.3640846973049,6.898886456199656,6218,Low Priority,No immediate intervention
5512-IDZEI,0.0229654247062261,298.78410582417524,6.8617038857221875,6219,Low Priority,No immediate intervention
7305-ZWMAJ,0.027582477029362,248.38017314406773,6.8509404202952044,6220,Low Priority,No immediate intervention
7722-VJRQD,0.0093610368174807,731.4353219976036,6.846992978825419,6221,Low Priority,No immediate intervention
6365-HITVU,0.0065344694493327,1047.0399608175353,6.841850636192691,6222,Valuable but Stable,Maintain relationship
6997-UVGOX,0.0066591196279246,1025.4204424082238,6.82839739491573,6223,Valuable but Stable,Maintain relationship
6828-HMKWP,0.0270262131186581,252.59412279917046,6.826662595290876,6224,Low Priority,No immediate intervention
1843-TLSGD,0.0272689465647571,250.2176536343053,6.823171826512771,6225,Low Priority,No immediate intervention
5917-RYRMG,0.0286865557198821,237.55582345615926,6.814658366157588,6226,Low Priority,No immediate intervention
0973-KYVNF,0.0080359450112481,847.8545668310275,6.813312676589715,6227,Valuable but Stable,Maintain relationship
4883-KCPZJ,0.0224733475286527,303.01725241164615,6.809812020624399,6228,Low Priority,No immediate intervention
2235-EZAIK,0.0071398923426086,950.444604478858,6.786072153592257,6229,Valuable but Stable,Maintain relationship
3896-ZVNET,0.0228754845687655,296.4196429596163,6.780742968401682,6230,Low Priority,No immediate intervention
2650-GYRYL,0.0289881835892639,233.38173019330202,6.765312441223492,6231,Low Priority,No immediate intervention
6823-SIDFQ,0.0308478748174549,218.97612504744416,6.7549480934749075,6232,Low Priority,No immediate intervention
6188-UXBBR,0.0277804545124351,243.00259324170224,6.750722487954879,6233,Low Priority,No immediate intervention
3266-FTKHB,0.0293156028321255,229.8050534700044,6.736873676342013,6234,Low Priority,No immediate intervention
3704-IEAXF,0.0104596027081059,643.874552024915,6.734672008040275,6235,Low Priority,No immediate intervention
5158-RIVOP,0.026732115184782,250.81605730748208,6.704843734136494,6236,Low Priority,No immediate intervention
2882-WDTBA,0.007354925775458,909.0371597941355,6.68590083741902,6237,Valuable but Stable,Maintain relationship
0567-XRHCU,0.0126746305074758,527.4699959305619,6.685487302199636,6238,Low Priority,No immediate intervention
3525-DVKFN,0.0286498133819097,232.8124546556561,6.670033378868862,6239,Low Priority,No immediate intervention
1328-EUZHC,0.0275801262408491,241.21860116282085,6.652839471711629,6240,Low Priority,No immediate intervention
0219-QAERP,0.0279996551557289,237.58160274213196,6.652202948125071,6241,Low Priority,No immediate intervention
5457-COLHT,0.0068560362995334,967.8227682055567,6.635428030332196,6242,Valuable but Stable,Maintain relationship
6384-VMJHP,0.0075721871203289,876.0555024234352,6.633656192144,6243,Valuable but Stable,Maintain relationship
3486-HOOGQ,0.0069343004144901,956.4315188421191,6.632183477538303,6244,Valuable but Stable,Maintain relationship
5614-DNZCE,0.0084776400237676,778.8530458454085,6.602835754092337,6245,Low Priority,No immediate intervention
4012-YCFAI,0.0089567042157784,736.2550444786006,6.594418660769595,6246,Low Priority,No immediate intervention
5871-DGTXZ,0.0276800748812727,237.57654259354285,6.576136489023139,6247,Low Priority,No immediate intervention
8597-CTXVJ,0.0084325159876428,779.3929346956475,6.572243382476889,6248,Low Priority,No immediate intervention
5313-FPXWG,0.0222465560740447,295.176196414074,6.56665380524893,6249,Low Priority,No immediate intervention
9481-WHGWY,0.0072575881734326,904.2491082922993,6.562667634179165,6250,Valuable but Stable,Maintain relationship
1776-SPBWV,0.0271646780255604,241.18917736550895,6.55182634638383,6251,Low Priority,No immediate intervention
0854-UYHZD,0.0279163056437116,234.61971860928713,6.54971577473847,6252,Low Priority,No immediate intervention
9755-JHNMN,0.0080718554274561,808.8199070646089,6.528677356674001,6253,Low Priority,No immediate intervention
9281-CEDRU,0.0084724513242311,769.2507945312459,6.51743991279208,6254,Low Priority,No immediate intervention
0164-XAIRP,0.0277289505612827,234.61070854123852,6.505508738287507,6255,Low Priority,No immediate intervention
6479-VDGRK,0.0063549725425666,1023.6291603342657,6.505135207694762,6256,Valuable but Stable,Maintain relationship
0064-SUDOG,0.0266164407333461,243.6031124271159,6.483847804374977,6257,Low Priority,No immediate intervention
7951-QKZPL,0.0220089033673657,294.0345490139252,6.471377975914433,6258,Low Priority,No immediate intervention
5914-GXMDA,0.0278687685025136,231.5917121642126,6.454175813405204,6259,Low Priority,No immediate intervention
5795-BKOYE,0.0090456209874136,709.2233024034379,6.415365188983319,6260,Low Priority,No immediate intervention
5993-JSUWV,0.0087000435397805,733.8347583879122,6.38439434897914,6261,Low Priority,No immediate intervention
5803-NQJZO,0.0078437449878479,813.6427877291738,6.382006538149301,6262,Low Priority,No immediate intervention
2878-DHMIN,0.0267244210327728,238.78394320750215,6.381362634142996,6263,Low Priority,No immediate intervention
2819-GWENI,0.0265883717628838,238.79168426551394,6.349082075136654,6264,Low Priority,No immediate intervention
4194-FJARJ,0.008801002418466,720.036832233695,6.337045901873347,6265,Low Priority,No immediate intervention
4530-NDRKU,0.0276742196209144,228.60631731858155,6.326501432202873,6266,Low Priority,No immediate intervention
7469-LKBCI,0.0278200817922758,227.40453561722722,6.326412780805757,6267,Low Priority,No immediate intervention
7452-FOLON,0.0205592926061679,305.3618644024245,6.278023921014411,6268,Low Priority,No immediate intervention
4573-JKNAE,0.02702494206143,232.19024609777227,6.274927948021468,6269,Low Priority,No immediate intervention
6223-DHJGV,0.0253190304297828,247.79826044314132,6.274011696607138,6270,Low Priority,No immediate intervention
3865-ZFZIB,0.0264035257765848,235.80562197580298,6.2260998181017255,6271,Low Priority,No immediate intervention
0885-HMGPY,0.0074603070001943,832.8183994388834,6.213080935224514,6272,Low Priority,No immediate intervention
8510-BBWMU,0.0261730254860329,236.99900867773295,6.202981094286837,6273,Low Priority,No immediate intervention
5918-VUKWP,0.0250708843085252,246.56841607106958,6.181688233454091,6274,Low Priority,No immediate intervention
5696-EXCYS,0.0264776004075747,233.4044227595532,6.179989039188084,6275,Low Priority,No immediate intervention
8512-WIWYV,0.0252876432442974,244.17551477251834,6.174623306560114,6276,Low Priority,No immediate intervention
3721-WKIIL,0.0262458212964773,235.22740669652023,6.173736480190658,6277,Low Priority,No immediate intervention
0071-NDAFP,0.0200328421667286,306.0111010952659,6.13027208950829,6278,Low Priority,No immediate intervention
0769-MURVM,0.0077692751185783,788.4407128192605,6.12561281258082,6279,Low Priority,No immediate intervention
3071-MVJCD,0.006190646973981,987.6209533228756,6.114012666128491,6280,Valuable but Stable,Maintain relationship
6614-YOLAC,0.0086801132762023,703.8620274622051,6.109602129189355,6281,Low Priority,No immediate intervention
4139-DETXS,0.0078779153905376,773.4426983721277,6.093116137204715,6282,Low Priority,No immediate intervention
7473-ZBDSN,0.0269060651774541,225.62159130448026,6.070589241079257,6283,Low Priority,No immediate intervention
0988-AADSA,0.0062501598829965,970.2308352514261,6.0640978437346496,6284,Valuable but Stable,Maintain relationship
5849-ASHZJ,0.025196766398646,240.5762351084112,6.061743197092375,6285,Low Priority,No immediate intervention
4750-UKWJK,0.0257275210886625,235.1740774892678,6.050446038111886,6286,Low Priority,No immediate intervention
2266-FUBDZ,0.0260274035772969,232.2136007284663,6.043917102297078,6287,Low Priority,No immediate intervention
3470-OBUET,0.006801954036132,888.0491721832585,6.040469651015597,6288,Valuable but Stable,Maintain relationship
8717-VCTXJ,0.0257385447620704,234.59220943343928,6.0380620833355705,6289,Low Priority,No immediate intervention
5115-GZDEL,0.0074864124806536,806.4385341155122,6.0373315066823645,6290,Low Priority,No immediate intervention
4526-EXKKN,0.0204340251093158,295.22113374391375,6.032556059723812,6291,Low Priority,No immediate intervention
4962-CHQPW,0.0252819348170438,238.17806970157858,6.021602433044625,6292,Low Priority,No immediate intervention
2333-KWEWW,0.0250237057195204,240.60415105764957,6.020807470961656,6293,Low Priority,No immediate intervention
8143-ETQTI,0.0255263415825725,235.83482949438064,6.020000414741305,6294,Low Priority,No immediate intervention
4999-IEZLT,0.0169613719310381,353.43625435713125,5.994763764064288,6295,Low Priority,No immediate intervention
2277-AXSDC,0.0252902213669826,236.96968682490467,5.993015837066379,6296,Low Priority,No immediate intervention
1716-LSAMB,0.0091149272166142,655.8307900025453,5.977849917287792,6297,Low Priority,No immediate intervention
6696-YDAYZ,0.0242955473513898,246.01245538330113,5.977007258796663,6298,Low Priority,No immediate intervention
1051-EQPZR,0.0253518802221826,235.20781571604368,5.962960371354337,6299,Low Priority,No immediate intervention
5846-NEQVZ,0.0070081956288977,850.2555279622079,5.958757074510851,6300,Valuable but Stable,Maintain relationship
1293-HHSHJ,0.0234749121643018,253.18432000520454,5.943479673500655,6301,Low Priority,No immediate intervention
7162-WPHPM,0.006911058463265,859.2369863950272,5.938237046775666,6302,Valuable but Stable,Maintain relationship
4900-MSOMT,0.006169976306527,962.4320873479177,5.938183175577976,6303,Valuable but Stable,Maintain relationship
9114-DPSIA,0.0060842761751849,972.0373779980721,5.914143860342869,6304,Valuable but Stable,Maintain relationship
3067-SVMTC,0.0087941193966585,670.8109246441461,5.899191363903509,6305,Low Priority,No immediate intervention
0562-FGDCR,0.0065933178599962,894.6518595351238,5.898724083951743,6306,Valuable but Stable,Maintain relationship
5627-TVBPP,0.0243891733227067,241.19786098489908,5.88261643662682,6307,Low Priority,No immediate intervention
6283-GITPX,0.0063693819585218,922.8446980683607,5.877950370394114,6308,Valuable but Stable,Maintain relationship
5148-HKFIR,0.0248442722982576,236.41402221338626,5.873534342995689,6309,Low Priority,No immediate intervention
9509-MPYOD,0.023422869116513,248.98487596000723,5.831940161602473,6310,Low Priority,No immediate intervention
7596-IIWYC,0.0239587680109548,243.01164072205108,5.822259524021119,6311,Low Priority,No immediate intervention
9091-WTUUY,0.0069865946299036,831.0452176177369,5.8061760546151495,6312,Low Priority,No immediate intervention
1089-XZWHH,0.0245051127787539,236.4354314357388,5.793876912226114,6313,Low Priority,No immediate intervention
0336-PIKEI,0.006457430649703,892.808676606866,5.76525011264195,6314,Valuable but Stable,Maintain relationship
1699-TLDLZ,0.0242081000054018,236.42152443336136,5.723315906912357,6315,Low Priority,No immediate intervention
0057-QBUQH,0.0188951819323549,301.22912022388306,5.6917790299534765,6316,Low Priority,No immediate intervention
4703-MQYKT,0.0241211110496828,235.20706412486322,5.673455713425689,6317,Low Priority,No immediate intervention
0559-CKHUS,0.0241213290607517,234.635425898878,5.659718317416457,6318,Low Priority,No immediate intervention
5622-UEJFI,0.0185237309181151,304.83432796504326,5.6466690658289105,6319,Low Priority,No immediate intervention
6546-OPBBH,0.0196292729104785,287.40219006240943,5.641496023804247,6320,Low Priority,No immediate intervention
9824-QCJPK,0.0234479846294273,239.98552741227286,5.627176958047978,6321,Low Priority,No immediate intervention
0774-RMNUW,0.007850022960553,716.4456261108185,5.624114614957695,6322,Low Priority,No immediate intervention
6723-CEGQI,0.0103452534055923,543.0709186483512,5.618206270624993,6323,Low Priority,No immediate intervention
3935-TBRZZ,0.0181831058927541,308.38618464949064,5.6074186513441076,6324,Low Priority,No immediate intervention
6199-IPCAO,0.0178543300133165,313.2208259577688,5.592347993693575,6325,Low Priority,No immediate intervention
8884-FEEWR,0.0225624240558007,247.16258244314815,5.57658699580911,6326,Low Priority,No immediate intervention
6348-SNFUS,0.0082397371757096,665.4662279793687,5.483266817860844,6327,Low Priority,No immediate intervention
2954-PIBKO,0.0070917453137394,769.8674320528096,5.459703753461098,6328,Low Priority,No immediate intervention
8067-NIOYM,0.021517173123908,253.2330534387645,5.448859451537742,6329,Low Priority,No immediate intervention
4980-URKXC,0.021680533048789,250.16944374934508,5.423806893004836,6330,Low Priority,No immediate intervention
2969-VAPYH,0.0074650627370193,726.0160763283667,5.419755557875851,6331,Low Priority,No immediate intervention
3521-HTQTV,0.0172342007989077,313.191473318063,5.397604739669241,6332,Low Priority,No immediate intervention
8338-QIUNR,0.0067509353321936,798.0579450076123,5.387637578089707,6333,Low Priority,No immediate intervention
7061-OVMIM,0.022864217518951,234.57886946028418,5.3634622966895495,6334,Low Priority,No immediate intervention
8098-TDCBU,0.0176878527576055,303.02267093219984,5.3598203856650946,6335,Low Priority,No immediate intervention
6563-VRERX,0.0216385810289961,247.18618087704704,5.348758204156069,6336,Low Priority,No immediate intervention
3948-KXDUF,0.0064817044045378,825.0221573802653,5.347549751332944,6337,Low Priority,No immediate intervention
3913-FCUUW,0.006306024507627,845.4500272738892,5.331428591963061,6338,Valuable but Stable,Maintain relationship
9769-TSBZE,0.0066918434235978,792.0467851494083,5.300253070383848,6339,Low Priority,No immediate intervention
4597-ELFTS,0.0177247853139322,298.78069178503654,5.295823617837919,6340,Low Priority,No immediate intervention
6814-ZPWFQ,0.0176460811604682,299.9465399829406,5.292880988340589,6341,Low Priority,No immediate intervention
5135-RDDQL,0.0086633395946285,607.8505469903856,5.266015711358399,6342,Low Priority,No immediate intervention
3200-MNQTF,0.0061812911169631,850.8405799553192,5.259293318829546,6343,Valuable but Stable,Maintain relationship
3486-NPGST,0.0224183433379107,234.58746345423253,5.259062298486564,6344,Low Priority,No immediate intervention
7274-CGTOD,0.0100185242217294,524.4474876865239,5.254189858412571,6345,Low Priority,No immediate intervention
9993-LHIEB,0.0064382387865785,814.2492659183658,5.242331205778694,6346,Low Priority,No immediate intervention
4804-NCPET,0.0215299736224689,242.41497600640764,5.219188039109388,6347,Low Priority,No immediate intervention
6897-RWMUB,0.0063872811368587,816.6379364110273,5.216096086881369,6348,Low Priority,No immediate intervention
5322-ZSMZY,0.0168684574148526,309.014946343292,5.212605462944783,6349,Low Priority,No immediate intervention
9945-PSVIP,0.0232063974396164,224.43770124150524,5.208390495444258,6350,Low Priority,No immediate intervention
7860-UXCRM,0.0058166145942484,894.0411803807859,5.200292977661945,6351,Valuable but Stable,Maintain relationship
8780-YRMTT,0.0091178704649264,568.8668676871313,5.186854411359688,6352,Low Priority,No immediate intervention
1395-WSWXR,0.0207819416813789,249.0072815066436,5.174854802509766,6353,Low Priority,No immediate intervention
4213-HKBJO,0.0167706854810948,308.41380493694805,5.172310920625279,6354,Low Priority,No immediate intervention
5196-WPYOW,0.007166526658852,720.619374682803,5.164337959549566,6355,Low Priority,No immediate intervention
2077-DDHJK,0.0060631953810048,850.849059615017,5.158864088190049,6356,Valuable but Stable,Maintain relationship
8958-JPTRR,0.017652748052008,291.59602019993554,5.1474710775576975,6357,Low Priority,No immediate intervention
2892-GESUL,0.0221191052332456,232.22344311510972,5.136574775889735,6358,Low Priority,No immediate intervention
9548-LERKT,0.0216394797017759,237.01544700223508,5.128890954412208,6359,Low Priority,No immediate intervention
6772-WFQRD,0.0208651876178107,244.77841366413463,5.107347525892247,6360,Low Priority,No immediate intervention
8999-EXMNO,0.0210927041470553,241.82285372474746,5.100697909612728,6361,Low Priority,No immediate intervention
2324-AALNO,0.0172975209173797,294.5735739474001,5.09539255706245,6362,Low Priority,No immediate intervention
3795-GWTRD,0.0056162900448897,906.6473108126025,5.091994265942837,6363,Valuable but Stable,Maintain relationship
0902-RFHOF,0.0210348857559186,241.1801542416914,5.073196991068806,6364,Low Priority,No immediate intervention
7963-SHNDT,0.0108033218127499,469.25812057622363,5.069546489831139,6365,Low Priority,No immediate intervention
1116-FRYVH,0.0107033240217594,472.86514626351067,5.0612288790550055,6366,Low Priority,No immediate intervention
1635-HDGFT,0.0205449658612074,246.0157207166469,5.054384583443845,6367,Low Priority,No immediate intervention
1403-LKLIK,0.0208633485445895,241.19477339441903,5.032130624461046,6368,Low Priority,No immediate intervention
8450-LUGUK,0.0173591282596815,289.22317635775556,5.0206622140667605,6369,Low Priority,No immediate intervention
8859-AXJZP,0.0175627310115614,285.6319508081422,5.016477120350939,6370,Low Priority,No immediate intervention
3512-IZIKN,0.0063930064373308,783.6541799924804,5.009906217333117,6371,Low Priority,No immediate intervention
5095-ETBRJ,0.0073392656182558,681.6582072753031,5.002870644057517,6372,Low Priority,No immediate intervention
1371-OJCEK,0.0170950685753763,292.1738916358589,4.994732713449572,6373,Low Priority,No immediate intervention
3429-IFLEM,0.0053759340018965,928.2396748503895,4.99015522993756,6374,Valuable but Stable,Maintain relationship
5208-FVQKB,0.0061130535769078,815.4487021715817,4.984881605594811,6375,Low Priority,No immediate intervention
2332-TODQS,0.0165258923482734,300.5873590354684,4.967474336671956,6376,Low Priority,No immediate intervention
0343-QLUZP,0.010441542924684,475.2290657637225,4.962124689229383,6377,Low Priority,No immediate intervention
1223-UNPKS,0.0206081374551722,240.61589563622442,4.958645451170682,6378,Low Priority,No immediate intervention
4538-WNTMJ,0.0165516118807109,299.39653700438157,4.955495278925423,6379,Low Priority,No immediate intervention
7799-LGRDP,0.0159645328689723,308.429074666271,4.923926100256395,6380,Low Priority,No immediate intervention
7328-OWMOM,0.0203841794707687,241.18667943641276,4.916392559590596,6381,Low Priority,No immediate intervention
7596-ZYWBB,0.0068625863442895,715.262452312906,4.908550337825568,6382,Low Priority,No immediate intervention
5249-QYHEX,0.0164770590461493,297.63884202554635,4.90421277448243,6383,Low Priority,No immediate intervention
5380-XPJNZ,0.0203698004412669,240.58803196003112,4.900730199582976,6384,Low Priority,No immediate intervention
8327-WKMIE,0.0201783506182972,241.77923927834092,4.878706262383537,6385,Low Priority,No immediate intervention
7190-XHTWJ,0.0210260620443884,231.58922329175152,4.869409377744087,6386,Low Priority,No immediate intervention
1755-FZQEC,0.0203715437394942,238.78115329362288,4.864340708487909,6387,Low Priority,No immediate intervention
0848-SOMKO,0.0083412015760201,580.8376630665904,4.844884030582875,6388,Low Priority,No immediate intervention
7921-BEPCI,0.006690828607524,717.0292881245741,4.797520073416469,6389,Low Priority,No immediate intervention
3978-YNKDD,0.0191099296852817,250.207212287856,4.78144223357128,6390,Low Priority,No immediate intervention
5859-HZYLF,0.0207976024146438,229.82971533195757,4.779907042544818,6391,Low Priority,No immediate intervention
0019-GFNTW,0.0087920250107657,540.6405973102204,4.7533256533867645,6392,Low Priority,No immediate intervention
6087-YPWHO,0.0058017224083244,817.848509166754,4.74493002224746,6393,Low Priority,No immediate intervention
6048-NJXHX,0.01996066345496,237.0307739697713,4.731291507679298,6394,Low Priority,No immediate intervention
6164-HAQTX,0.0072744213851977,647.4348858106604,4.709714178864099,6395,Low Priority,No immediate intervention
0301-KOBTQ,0.0195213008287178,240.60756693164842,4.6969726957385625,6396,Low Priority,No immediate intervention
1934-MKPXS,0.019418312743091,241.18682092043082,4.683441118144809,6397,Low Priority,No immediate intervention
5067-WJEUN,0.0071870512012534,650.4449728042359,4.674781323141919,6398,Low Priority,No immediate intervention
5451-MHQOF,0.0159125906085731,293.40480265862635,4.668830507295901,6399,Low Priority,No immediate intervention
7306-YDSOI,0.0064934772465365,717.0414556751828,4.656092377250209,6400,Low Priority,No immediate intervention
7139-JZFVG,0.00637636552115,726.0256759776123,4.629405087773269,6401,Low Priority,No immediate intervention
8008-OTEZX,0.0196184207684905,235.79685092039665,4.625961837241368,6402,Low Priority,No immediate intervention
8039-ACLPL,0.0056057842548002,825.0489091677897,4.625046184452876,6403,Low Priority,No immediate intervention
1333-PBMXB,0.0155616870770916,296.9960282082396,4.621759254115694,6404,Low Priority,No immediate intervention
5924-SNGKP,0.0189830707300845,243.00171089939147,4.612918665534694,6405,Low Priority,No immediate intervention
3653-NCRDJ,0.0199101527208729,230.40367442558113,4.5873723452635975,6406,Low Priority,No immediate intervention
7599-NTMDP,0.0078445376106372,584.4511828328074,4.584749285313356,6407,Low Priority,No immediate intervention
7977-HXJKU,0.0193418077191166,235.2107147454318,4.549400418082125,6408,Low Priority,No immediate intervention
1970-KKFWL,0.0162674660079912,279.6044006161834,4.548455082708517,6409,Low Priority,No immediate intervention
9066-QRSDU,0.0143634810838118,315.6101571350892,4.533260521868724,6410,Low Priority,No immediate intervention
8046-DNVTL,0.0097846984852782,463.2728091060029,4.532984753530083,6411,Low Priority,No immediate intervention
1757-TCATG,0.0186294878138759,240.5736837602758,4.481764509951293,6412,Low Priority,No immediate intervention
7860-KSUGX,0.0057896186386064,773.4427671313815,4.477938660479156,6413,Low Priority,No immediate intervention
3399-BMLVW,0.0061452248286461,726.0453027315056,4.461711621067522,6414,Low Priority,No immediate intervention
9950-MTGYX,0.0183064808940894,243.62925135026524,4.459994235084935,6415,Low Priority,No immediate intervention
7815-PDTHL,0.0183469896577411,242.42410624270087,4.4477525700219624,6416,Low Priority,No immediate intervention
3280-NMUVX,0.0189030477264455,235.1882965050504,4.445775593536383,6417,Low Priority,No immediate intervention
6923-AQONU,0.0176813846308131,250.81658955069304,4.434784591634582,6418,Low Priority,No immediate intervention
0229-LFJAF,0.0052266903587527,835.8248159630375,4.368597507200258,6419,Low Priority,No immediate intervention
0731-EBJQB,0.0176953160459734,244.81098655621258,4.332007778638727,6420,Low Priority,No immediate intervention
2176-OSJUV,0.0055176023102221,781.8339236444525,4.313848663310639,6421,Low Priority,No immediate intervention
0129-QMPDR,0.0174987308829239,245.98755732709378,4.30447006621463,6422,Low Priority,No immediate intervention
2805-AUFQN,0.0177454682647863,237.61711600875742,4.21662699130345,6423,Low Priority,No immediate intervention
6253-GNHWH,0.0049351401361297,853.2545908153081,4.210930977469551,6424,Valuable but Stable,Maintain relationship
5010-IPEAQ,0.0064644286578534,650.4643685255023,4.204880504808772,6425,Low Priority,No immediate intervention
9499-XPZXM,0.0053196677976617,777.0430386810679,4.133610830268871,6426,Low Priority,No immediate intervention
4893-GYUJU,0.0177743511334677,232.20577632590528,4.127307003636101,6427,Low Priority,No immediate intervention
7552-KEYGT,0.0175335418945879,234.603075294134,4.113422849268858,6428,Low Priority,No immediate intervention
6695-FRVEC,0.0056676519190806,724.849038549084,4.108192044376444,6429,Low Priority,No immediate intervention
2812-REYAT,0.0170675051419119,240.59582661914624,4.106370507944822,6430,Low Priority,No immediate intervention
3251-YMVWZ,0.0142275213547174,288.56997668968563,4.105635505682804,6431,Low Priority,No immediate intervention
8590-OHDIW,0.0168448216266997,243.5978625233239,4.103362542850706,6432,Low Priority,No immediate intervention
4992-LTJNE,0.0061757775447098,663.6336484440953,4.098453783974882,6433,Low Priority,No immediate intervention
0531-XBKMM,0.0051130531020506,788.4267167510981,4.031267669823771,6434,Low Priority,No immediate intervention
9063-ZGTUY,0.0172943532938118,232.8281726781346,4.02661267504828,6435,Low Priority,No immediate intervention
3957-SQXML,0.0134369410098129,299.4259053060074,4.023368226406645,6436,Low Priority,No immediate intervention
2346-CZYIL,0.0164499806830345,244.2098067962164,4.017246604405347,6437,Low Priority,No immediate intervention
7340-KEFQE,0.0097832354931204,410.45557914055127,4.015583590197131,6438,Low Priority,No immediate intervention
4872-JCVCA,0.0070161046294019,571.2618003823557,4.00803256226311,6439,Low Priority,No immediate intervention
3070-FNFZQ,0.0163126924806977,244.81044858108692,3.9935175637649274,6440,Low Priority,No immediate intervention
4896-CPRPF,0.0130639033026232,305.40341484289297,3.989760679798473,6441,Low Priority,No immediate intervention
8148-NLEGT,0.0144853200698885,275.42997497004416,3.989691344282468,6442,Low Priority,No immediate intervention
8173-RXAYP,0.0168479322565253,236.42697534114347,3.983305664162763,6443,Low Priority,No immediate intervention
8587-XYZSF,0.0065111930755242,606.6461201040156,3.9499900165148887,6444,Low Priority,No immediate intervention
4335-UPJSI,0.0166329430408261,237.02031886573116,3.9423454632121464,6445,Low Priority,No immediate intervention
1686-STUHN,0.0165486848877484,237.5686227412923,3.931448276962025,6446,Low Priority,No immediate intervention
1814-WFGVS,0.0066918743089762,586.8634123422339,3.9272161919311013,6447,Low Priority,No immediate intervention
5177-RVZNU,0.016100460326939,243.57587061957543,3.9216836415101013,6448,Low Priority,No immediate intervention
5171-EPLKN,0.0163841044100185,238.21060101736327,3.9028673586417386,6449,Low Priority,No immediate intervention
9447-YPTBX,0.0163764729654109,238.19682567107793,3.9008238760491007,6450,Low Priority,No immediate intervention
9372-TXXPS,0.0054247419647491,718.2420358566928,3.89627771275863,6451,Low Priority,No immediate intervention
7267-FRMJW,0.0160260979255472,241.2270213276987,3.8659278660857628,6452,Low Priority,No immediate intervention
0784-GTUUK,0.0135477272625224,285.0061979507368,3.861186237965053,6453,Low Priority,No immediate intervention
4774-HHGGS,0.0168626049591804,228.62064709267725,3.8551396574360117,6454,Low Priority,No immediate intervention
0969-RGKCU,0.0162178883025311,237.59002290700982,3.853208453301691,6455,Low Priority,No immediate intervention
1627-AFWVJ,0.0165387059577598,232.8206310173291,3.8505519572956968,6456,Low Priority,No immediate intervention
9805-FILKB,0.0158672077929641,242.38939658672746,3.8460429224527872,6457,Low Priority,No immediate intervention
0354-VXMJC,0.0162625931739041,235.2185003479118,3.82526277813391,6458,Low Priority,No immediate intervention
2511-ALLCS,0.0131095914433381,291.6130398477559,3.822927811953953,6459,Low Priority,No immediate intervention
0562-KBDVM,0.0071212234221627,535.2593072924667,3.811701116021696,6460,Low Priority,No immediate intervention
4121-AGSIN,0.0128909437185383,294.01373008191916,3.790114446963531,6461,Low Priority,No immediate intervention
8966-KZXXA,0.0124943231586521,301.21923147038376,3.7635304195918033,6462,Low Priority,No immediate intervention
8242-PDSGJ,0.0080071732416196,469.87618474292805,3.7623800133478813,6463,Low Priority,No immediate intervention
5124-EOGYE,0.0152762110056302,245.41252758364112,3.7489735547927436,6464,Low Priority,No immediate intervention
3400-ESFUW,0.005391568887371,690.6381347809481,3.7236230799168992,6465,Low Priority,No immediate intervention
0270-THENM,0.0044364428184105,838.2347259484447,3.718780430076271,6466,Low Priority,No immediate intervention
4163-HFTUK,0.01621644894319,229.18588810303515,3.7165812529225257,6467,Low Priority,No immediate intervention
9798-OPFEM,0.014642482259451,253.233257632966,3.7079634823936893,6468,Low Priority,No immediate intervention
1266-NZYUI,0.0046044186190957,802.2421519452241,3.6938587014399915,6469,Low Priority,No immediate intervention
7297-DVYGA,0.0154266003837891,238.19092998125302,3.6744762918638805,6470,Low Priority,No immediate intervention
9359-JANWS,0.0051915849277918,706.8603293758554,3.669725432041638,6471,Low Priority,No immediate intervention
8874-EJNSR,0.0120575771389267,302.42127089433563,3.6464678022607,6472,Low Priority,No immediate intervention
4487-ZYJZK,0.0154532526757187,235.19882025516654,3.634586798434034,6473,Low Priority,No immediate intervention
2162-FRZAA,0.0076926536154974,472.2609055187767,3.6329395622970937,6474,Low Priority,No immediate intervention
8292-ITGYJ,0.0122680847247551,295.827753622276,3.62923994537206,6475,Low Priority,No immediate intervention
9392-XBGTD,0.0146727430636333,247.21321448397464,3.62729597805823,6476,Low Priority,No immediate intervention
0827-ITJPH,0.0162830372813969,222.62725435819516,3.6250478825695223,6477,Low Priority,No immediate intervention
9361-YNQWJ,0.0123453260182078,292.7931701239037,3.6146271410841706,6478,Low Priority,No immediate intervention
8234-GSZYK,0.0112537483417333,317.39704963451504,3.5719065209954657,6479,Low Priority,No immediate intervention
4884-LEVMQ,0.0145440728039685,245.41827815233796,3.569381304872195,6480,Low Priority,No immediate intervention
8219-VYBVI,0.0118834029675699,300.01501152949675,3.5651992783251396,6481,Low Priority,No immediate intervention
9385-EHGDO,0.0149615283207462,238.24268816759502,3.564474726230179,6482,Low Priority,No immediate intervention
6813-GZQCG,0.0120068335009138,295.84233293149117,3.552129634030322,6483,Low Priority,No immediate intervention
5986-WWXDV,0.0152544799287353,232.1709440704749,3.541647006358585,6484,Low Priority,No immediate intervention
4609-KNNWG,0.0147747638635347,238.828701743103,3.528637672088905,6485,Low Priority,No immediate intervention
4518-FZBSX,0.0144589021052948,242.99286910310445,3.513410106646501,6486,Low Priority,No immediate intervention
9795-SHUHB,0.0050119476455009,698.4754309916931,3.500722291799043,6487,Low Priority,No immediate intervention
4737-AQCPU,0.0040435137944763,865.2457312624989,3.498633049971648,6488,Valuable but Stable,Maintain relationship
5774-QPLTF,0.0142595797210558,244.20661726125263,3.4822837272461933,6489,Low Priority,No immediate intervention
7169-YWAMK,0.0042304402960679,820.8384868420859,3.4725082113001604,6490,Low Priority,No immediate intervention
2314-TNDJQ,0.005181742602521,667.8652524925396,3.460705831584037,6491,Low Priority,No immediate intervention
6265-FRMTQ,0.0141024469037292,244.7978735187777,3.4522490134443786,6492,Low Priority,No immediate intervention
9220-CXRSC,0.0046763125700114,736.8594081757902,3.445784912783609,6493,Low Priority,No immediate intervention
3284-SVCRO,0.0112100929443809,306.0290302181405,3.430613872424106,6494,Low Priority,No immediate intervention
9650-VBUOG,0.0114021082967154,300.6206736194439,3.4277094768404335,6495,Low Priority,No immediate intervention
8859-DZTGQ,0.0140147991820541,244.21404915481605,3.422610856341036,6496,Low Priority,No immediate intervention
4940-KHCWD,0.0075618467142744,452.45763886953637,3.4214153098339564,6497,Low Priority,No immediate intervention
2122-SZZZD,0.0145958937035506,233.98504131014113,3.415220791183716,6498,Low Priority,No immediate intervention
8174-LNWMW,0.0135185799419278,250.819456903071,3.39072287913508,6499,Low Priority,No immediate intervention
9786-YWNHU,0.0044457434760166,762.6605228169027,3.3905930437286544,6500,Low Priority,No immediate intervention
1552-CZCLL,0.0140924979511588,240.0145211595634,3.3824041476895075,6501,Low Priority,No immediate intervention
3373-DIUUN,0.0131314959955202,255.02080314019952,3.348804655209875,6502,Low Priority,No immediate intervention
0839-QNXME,0.0142729548349807,232.82115820303886,3.32304587565987,6503,Low Priority,No immediate intervention
7216-KAOID,0.0141356296351089,233.97864558437402,3.3074354765051197,6504,Low Priority,No immediate intervention
3572-UUHRS,0.0145773803517097,226.17217585188985,3.2969978323667704,6505,Low Priority,No immediate intervention
7205-BAIAD,0.0133159815447441,247.21994249239424,3.291976191721419,6506,Low Priority,No immediate intervention
5231-FIQPA,0.0137965311730669,238.23654867456537,3.286837970352511,6507,Low Priority,No immediate intervention
7850-THJMU,0.0139035896294764,235.82826331244053,3.278859396128278,6508,Low Priority,No immediate intervention
0625-AFOHS,0.0133214250402206,242.42958793736034,3.2295075832391142,6509,Low Priority,No immediate intervention
4955-VCWBI,0.0134151107891506,240.00174587337597,3.2196500104809065,6510,Low Priority,No immediate intervention
0788-DXBFY,0.0136966640813362,234.60862661677368,3.2133555493535804,6511,Low Priority,No immediate intervention
3079-BCHLN,0.013441585052924,238.77844776772451,3.2095608144750396,6512,Low Priority,No immediate intervention
6974-DAFLI,0.0135331945963484,236.40203584107257,3.199274754010164,6513,Low Priority,No immediate intervention
0526-SXDJP,0.0062871349232123,505.2398480729588,3.1765110934179757,6514,Low Priority,No immediate intervention
5227-JSCFE,0.0056659332537115,556.241545893997,3.1516274719766892,6515,Low Priority,No immediate intervention
3472-QPRCH,0.0103767023624979,303.02171865793065,3.1443661838859227,6516,Low Priority,No immediate intervention
7399-QHBJS,0.0039227202613013,801.058091726264,3.1423268068939714,6517,Low Priority,No immediate intervention
2595-KIWPV,0.0132523324229018,236.4144899042759,3.133043409802226,6518,Low Priority,No immediate intervention
4825-FUREZ,0.0128456772363732,243.02220501750173,3.121784806926543,6519,Low Priority,No immediate intervention
8577-QSOCG,0.0128156262692777,242.4441763032105,3.1070739546648185,6520,Low Priority,No immediate intervention
7471-WNSUF,0.0107160146864744,289.7811644430632,3.105299214035518,6521,Low Priority,No immediate intervention
9418-RUKPH,0.0129082551091615,239.44457341378393,3.0908116381294723,6522,Low Priority,No immediate intervention
5480-XTFFL,0.0122446116919573,252.0296799104708,3.0860055653520067,6523,Low Priority,No immediate intervention
8590-YFFQO,0.0039398634185418,779.451465447444,3.0709323152451824,6524,Low Priority,No immediate intervention
5472-CVMDX,0.006559576287431,466.86813845265107,3.0624571703510632,6525,Low Priority,No immediate intervention
2428-HYUNX,0.0131633167505127,232.21744660581942,3.0567518046676714,6526,Low Priority,No immediate intervention
1270-XKUCC,0.0129142238440777,236.43106352198004,3.0533236780162043,6527,Low Priority,No immediate intervention
2263-SFSQZ,0.0101395849688688,299.4383004611775,3.0361800904597747,6528,Low Priority,No immediate intervention
8859-YSTWS,0.0126692214918063,239.37247265578492,3.0326628751174862,6529,Low Priority,No immediate intervention
2384-OVPSA,0.0125072977492007,242.40492757512845,3.031830605055563,6530,Low Priority,No immediate intervention
9067-SQTNS,0.0122587260119117,247.1789423882692,3.0300989306518993,6531,Low Priority,No immediate intervention
4641-FROLU,0.0130261662793191,231.63169889889753,3.017273025418214,6532,Low Priority,No immediate intervention
7113-HIPFI,0.0038049591324718,790.25111519382,3.0068731977027503,6533,Low Priority,No immediate intervention
5542-NKVRU,0.012062471864189,249.0210669529955,3.0038096137108337,6534,Low Priority,No immediate intervention
2208-NKVVH,0.0102636745531294,291.0255053684057,2.986991073761329,6535,Low Priority,No immediate intervention
9631-RXVJM,0.0129260029603443,231.0171591682846,2.9861284832995767,6536,Low Priority,No immediate intervention
7945-PRBVF,0.0115638428881601,257.3989311082603,2.976520798916267,6537,Low Priority,No immediate intervention
5266-PFRQK,0.0118742923387271,250.20703158928814,2.9710314382963334,6538,Low Priority,No immediate intervention
6551-VLJMV,0.0123366997097407,240.62162992651133,2.9684767920717263,6539,Low Priority,No immediate intervention
1269-FOYWN,0.0122235888395698,239.97989545364544,2.9334155717883075,6540,Low Priority,No immediate intervention
7321-KKSDU,0.011755962329649,246.01678014556762,2.892163999852833,6541,Low Priority,No immediate intervention
8430-TWCBX,0.0116154979016252,248.40091734627515,2.8853003341974337,6542,Low Priority,No immediate intervention
4521-WFJAI,0.0092495755309038,311.4151576754031,2.880458022386957,6543,Low Priority,No immediate intervention
0048-PIHNL,0.0116656263328658,245.38673514763354,2.8625899592741995,6544,Low Priority,No immediate intervention
9585-KKMFD,0.011664715006049,240.0387397858624,2.7999834900132403,6545,Low Priority,No immediate intervention
3727-OVPRY,0.0090575223623839,308.4094765627236,2.7934257307379826,6546,Low Priority,No immediate intervention
1839-FBNFR,0.0116749014907471,238.2306801345079,2.7813197226440622,6547,Low Priority,No immediate intervention
8902-ZEOVF,0.011559281306237,240.59659360892704,2.781123706847971,6548,Low Priority,No immediate intervention
9624-EGDEQ,0.0116728043154465,237.62544654819362,2.7737553379276565,6549,Low Priority,No immediate intervention
6922-NCEDI,0.0108747980301214,254.4027782128419,2.7665788313664246,6550,Low Priority,No immediate intervention
4635-EJYPD,0.012161016435471,227.42581928442064,2.765729126168297,6551,Low Priority,No immediate intervention
8917-FAEMR,0.0115856809471906,238.22536712607905,2.7600030970500997,6552,Low Priority,No immediate intervention
1043-YCUTE,0.0090910664379882,301.8375847917508,2.7440255368237034,6553,Low Priority,No immediate intervention
5642-MHDQT,0.0115172332302818,238.2025203820648,2.7434339832811947,6554,Low Priority,No immediate intervention
8592-PLTMQ,0.009228601996043,296.39897098359836,2.735348135244327,6555,Low Priority,No immediate intervention
1985-MBRYP,0.0115543546720621,235.82349560299156,2.7247883082024416,6556,Low Priority,No immediate intervention
4652-ODEVH,0.009271396577634,293.42655040689255,2.720473915229414,6557,Low Priority,No immediate intervention
3769-MHZNV,0.0112086217455054,241.23247223548083,2.703883534020638,6558,Low Priority,No immediate intervention
8191-XWSZG,0.0108338423742521,247.79661798327356,2.684589500103549,6559,Low Priority,No immediate intervention
7688-AWMDX,0.0040926221191952,654.0450930986125,2.6767594149664653,6560,Low Priority,No immediate intervention
9602-WCXPI,0.0110576553255833,241.78809700348677,2.6736094384932567,6561,Low Priority,No immediate intervention
9732-OUYRN,0.0117068758615577,228.00361769817448,2.6692100483785888,6562,Low Priority,No immediate intervention
2589-AYCRP,0.011223512634089,236.98195136741435,2.65976992522324,6563,Low Priority,No immediate intervention
0732-OCQOC,0.0088345916714637,300.63188778966787,2.6559599720430094,6564,Low Priority,No immediate intervention
3563-SVYLG,0.0035165976924827,751.8574067583427,2.6439800216824145,6565,Low Priority,No immediate intervention
0582-AVCLN,0.0108239258049765,243.62533369051948,2.6369825360788246,6566,Low Priority,No immediate intervention
5044-XDPYX,0.0086073308761705,306.0331183989771,2.634128309126258,6567,Low Priority,No immediate intervention
2300-RQGOI,0.0108732444499473,240.6257308010929,2.616382391947497,6568,Low Priority,No immediate intervention
3884-UEBXB,0.0059547025690492,433.85340540530484,2.5834679877577127,6569,Low Priority,No immediate intervention
6080-LNESI,0.0086404801346149,297.0199343811746,2.56639484260516,6570,Low Priority,No immediate intervention
1087-GRUYI,0.0104773216696153,244.8092201163846,2.5649449468470182,6571,Low Priority,No immediate intervention
5176-LMJXE,0.0103969839591479,246.6395249457962,2.5643071845533014,6572,Low Priority,No immediate intervention
0442-TDYUO,0.0106498015723291,240.6397792874883,2.5627658998208203,6573,Low Priority,No immediate intervention
7601-DHFWZ,0.0088845352354881,288.0267257409388,2.558983593607638,6574,Low Priority,No immediate intervention
9710-NJERN,0.0105204809898503,241.82625332033638,2.5441285009033217,6575,Low Priority,No immediate intervention
9620-QJREV,0.0102355569165261,246.58906815671946,2.523976442111236,6576,Low Priority,No immediate intervention
5310-NOOVA,0.0105171994161917,239.41882995078333,2.5180155785836784,6577,Low Priority,No immediate intervention
5995-LFTLE,0.0082901081490735,303.6321321990547,2.5171432134639455,6578,Low Priority,No immediate intervention
7560-QRBXH,0.0105087007566197,239.39865505955675,2.5157688275581025,6579,Low Priority,No immediate intervention
5968-HYJRZ,0.0085083404641632,294.6277542896086,2.50679324368781,6580,Low Priority,No immediate intervention
5356-KZCKT,0.0085043114093662,293.4334823750045,2.495449712051806,6581,Low Priority,No immediate intervention
5845-BZZIB,0.0103307211501161,241.22603666620114,2.4920389189462058,6582,Low Priority,No immediate intervention
6292-TOSSS,0.0083307671747155,298.8042812643796,2.489268898021751,6583,Low Priority,No immediate intervention
7601-GNDYK,0.0105067682724396,235.226830887348,2.471473803593703,6584,Low Priority,No immediate intervention
8882-TLVRW,0.0052522765515026,469.2709315053063,2.464740709847103,6585,Low Priority,No immediate intervention
6925-BAYGL,0.0081655595439406,301.2143973654566,2.4595840971798206,6586,Low Priority,No immediate intervention
9661-JALZV,0.008289947687172,296.44088356065606,2.457479417056885,6587,Low Priority,No immediate intervention
3712-PKXZA,0.009930851358502,246.6099897726624,2.4490471519540087,6588,Low Priority,No immediate intervention
6532-YLWSI,0.0097471211071225,249.58890464672174,2.4327732805856463,6589,Low Priority,No immediate intervention
8042-RNLKO,0.0079019975594806,305.37661059562026,2.413085231649049,6590,Low Priority,No immediate intervention
8626-XHBIE,0.0081030194203072,297.6353684915877,2.4117451710576248,6591,Low Priority,No immediate intervention
4735-BJKOU,0.0099598635131006,241.8269346838092,2.4085632632422334,6592,Low Priority,No immediate intervention
5075-JSDKI,0.0082009253757088,293.42894781177415,2.406388904077112,6593,Low Priority,No immediate intervention
2729-VNVAP,0.0101001561441646,237.63279459040575,2.400128330337291,6594,Low Priority,No immediate intervention
1599-EAHXY,0.0083464737833575,287.3997120613058,2.3987741620641834,6595,Low Priority,No immediate intervention
6169-PPETC,0.0097372871292635,246.01066780230542,2.395476509252907,6596,Low Priority,No immediate intervention
3120-FAZKD,0.0082572052780014,288.62704066268196,2.3832527235338223,6597,Low Priority,No immediate intervention
2662-NNTDK,0.0079962467128819,297.5915410288536,2.3796153817334296,6598,Low Priority,No immediate intervention
9593-CVZKR,0.0080918440900368,293.4502997959134,2.374554074123089,6599,Low Priority,No immediate intervention
4933-BSAIP,0.0103372371246241,229.23517960151537,2.3696584088466577,6600,Low Priority,No immediate intervention
6407-GSJNL,0.0079080548332083,299.4126815019628,2.3677719030754547,6601,Low Priority,No immediate intervention
8402-OOOHJ,0.0094454470325658,247.82682182613507,2.3408351188078806,6602,Low Priority,No immediate intervention
6000-UKLWI,0.009677233799536,241.8198177510568,2.3401469137381627,6603,Low Priority,No immediate intervention
4779-ZGICK,0.0082768996573575,282.6300240953751,2.3393003495939526,6604,Low Priority,No immediate intervention
3785-KTYSH,0.0079182495622675,295.2215353744642,2.337637793250791,6605,Low Priority,No immediate intervention
7073-QETQY,0.0095653245401945,244.21280677072082,2.3359747536337534,6606,Low Priority,No immediate intervention
5939-SXWHM,0.0073946165319366,315.61092239208904,2.333821744380301,6607,Low Priority,No immediate intervention
3511-BFTJW,0.0050004842915595,462.0637963950001,2.310542755571545,6608,Low Priority,No immediate intervention
8807-OPMBM,0.0074941021143835,307.84755812392495,2.3070410362443035,6609,Low Priority,No immediate intervention
5006-MXVRN,0.0092506483390113,248.42522549931175,2.2980943996337158,6610,Low Priority,No immediate intervention
2253-KPMNB,0.0041389778955542,555.05777657848,2.2973718680137902,6611,Low Priority,No immediate intervention
3097-FQTVJ,0.009513296974493,240.027854313626,2.2834562602358646,6612,Low Priority,No immediate intervention
6770-UAYGJ,0.0075137217480762,303.03580340317365,2.2769267064761696,6613,Low Priority,No immediate intervention
8619-IJNDK,0.0029544354934469,768.6650253257748,2.2709712333937295,6614,Low Priority,No immediate intervention
5201-CBWYG,0.0075916082391889,297.58514530308645,2.259149840943137,6615,Low Priority,No immediate intervention
8249-THVEC,0.0096853310522398,232.80035155030907,2.2547484738425503,6616,Low Priority,No immediate intervention
5549-ZGHFB,0.0074301388944304,299.42916300310935,2.224800270156143,6617,Low Priority,No immediate intervention
9451-WLYRI,0.009731287179421,228.6062637299509,2.2246332033706073,6618,Low Priority,No immediate intervention
6096-EGVTU,0.007423529403901,298.8088809690059,2.218216514020169,6619,Low Priority,No immediate intervention
5296-BFCYD,0.0091833820984296,241.24198775899674,2.2154173517755433,6620,Low Priority,No immediate intervention
0506-YLVKJ,0.0091255096896933,242.44182891476737,2.212405258948675,6621,Low Priority,No immediate intervention
3451-VAWLI,0.0093412582965901,236.43431616158068,2.208594017442972,6622,Low Priority,No immediate intervention
2908-WGAXL,0.007359045296696,299.4493513970034,2.203661340996786,6623,Low Priority,No immediate intervention
2642-MAWLJ,0.0090221961098547,243.0195445725767,2.1925699896613624,6624,Low Priority,No immediate intervention
0318-ZOPWS,0.0090517937242946,241.83336661597878,2.1890257502595523,6625,Low Priority,No immediate intervention
0936-NQLJU,0.0087859892723237,247.83324470166963,2.1774602292740437,6626,Low Priority,No immediate intervention
2796-NNUFI,0.0089918821988066,239.45002432156593,2.153106411200896,6627,Low Priority,No immediate intervention
0362-RAOQO,0.0091198935674104,235.827574727193,2.150722381772523,6628,Low Priority,No immediate intervention
0608-JDVEC,0.0090416584188309,237.62837072431603,2.1485545587125823,6629,Low Priority,No immediate intervention
9668-PUGNU,0.0073053071065545,294.0442796030003,2.1480837654254965,6630,Low Priority,No immediate intervention
6479-SZPLM,0.0091753260994478,233.4275963394017,2.1417743170242782,6631,Low Priority,No immediate intervention
9588-YRFHY,0.0089321695629669,238.83396768624448,2.1333054967696934,6632,Low Priority,No immediate intervention
1073-XXCZD,0.0069010843670204,308.41299438120603,2.1283840941100913,6633,Low Priority,No immediate intervention
2821-WARNZ,0.0090695152008647,233.39997646641325,2.1168246344435984,6634,Low Priority,No immediate intervention
1047-RNXZV,0.0090070878525238,234.6221335433786,2.113262168971782,6635,Low Priority,No immediate intervention
4475-NVTLU,0.0091541231028073,230.42956759289711,2.1093806282720355,6636,Low Priority,No immediate intervention
7696-CFTAT,0.0088648640617535,237.61314243885658,2.106408207006535,6637,Low Priority,No immediate intervention
8069-RHUXK,0.0049112362102202,428.4786776018899,2.1043599967456688,6638,Low Priority,No immediate intervention
2208-MPXIO,0.0086840720849008,240.0345300490004,2.0844771618108067,6639,Low Priority,No immediate intervention
8532-UEFWH,0.0067429271903467,309.02925497621993,2.0837617659917367,6640,Low Priority,No immediate intervention
0206-OYVOC,0.0089881714864208,231.05113623117154,2.0767272345781436,6641,Low Priority,No immediate intervention
4335-BSMJS,0.0067056661578685,309.6418617280239,2.0763549532490075,6642,Low Priority,No immediate intervention
0621-TSSMU,0.008670822362283,239.3990799260797,2.075786895733027,6643,Low Priority,No immediate intervention
3719-TDVQB,0.0091017443316089,227.43284809145268,2.0700356359380474,6644,Low Priority,No immediate intervention
2207-RYYRL,0.0068808769609963,294.6311611069724,2.0273207684525554,6645,Low Priority,No immediate intervention
2888-ADFAO,0.0079305314603056,255.633827800964,2.0273121136938896,6646,Low Priority,No immediate intervention
6725-TPKJO,0.0084246778368404,240.62202068570434,2.0271630047266056,6647,Low Priority,No immediate intervention
1074-WVEVG,0.0082916489497061,244.2084411135686,2.024890664268685,6648,Low Priority,No immediate intervention
5804-JMYIO,0.0085251506764062,237.03711637112008,2.02077713296463,6649,Low Priority,No immediate intervention
1248-DYXUB,0.0066916481210101,297.63076399639897,1.9916403426513036,6650,Low Priority,No immediate intervention
1106-HRLKZ,0.0084079026118408,235.23023770471184,1.977792929981379,6651,Low Priority,No immediate intervention
9067-YGSCA,0.0062917319098082,312.60076058957526,1.9668001804317443,6652,Low Priority,No immediate intervention
9286-BHDQG,0.0036190430291097,543.068190124182,1.9653871478001421,6653,Low Priority,No immediate intervention
2560-QTSBS,0.0069341905796749,279.61059599207516,1.9388731607055318,6654,Low Priority,No immediate intervention
5666-MBJPT,0.0063806466886547,301.2226401226077,1.9219952412461432,6655,Low Priority,No immediate intervention
1722-LDZJS,0.0079001677310999,242.40028934565657,1.915002943897835,6656,Low Priority,No immediate intervention
9170-ARBTB,0.0081205179857124,235.2083593437851,1.910013712441112,6657,Low Priority,No immediate intervention
4018-PPNDW,0.0065815060921461,289.2542625680799,1.9037286912710456,6658,Low Priority,No immediate intervention
1207-BLKSA,0.006815801115852,276.6413420666382,1.8855323679485871,6659,Low Priority,No immediate intervention
1240-HCBOH,0.0060137807796185,313.24494619046266,1.8837864367128356,6660,Low Priority,No immediate intervention
6729-FZWSY,0.0080496670326911,233.40940236448762,1.878867971333548,6661,Low Priority,No immediate intervention
9503-XJUME,0.0079576186099445,235.79390457214765,1.8763579631348,6662,Low Priority,No immediate intervention
6980-CDGFC,0.0074875838371877,250.20682040782106,1.8734445444397265,6663,Low Priority,No immediate intervention
4625-LAMOB,0.0076453173903304,244.82131055313857,1.87173662309539,6664,Low Priority,No immediate intervention
7872-BAAZR,0.0079499724962699,234.5945408201576,1.8650201472953192,6665,Low Priority,No immediate intervention
4644-OBGFZ,0.007962513718613,234.0029181599707,1.8632514460442418,6666,Low Priority,No immediate intervention
3580-GICBM,0.0064129274679963,290.4541037238506,1.862661099962928,6667,Low Priority,No immediate intervention
4878-BUNFV,0.0074767502956987,248.4298531451342,1.8574479779632667,6668,Low Priority,No immediate intervention
0052-YNYOT,0.0074769587308207,246.60228497349829,1.8438351076729322,6669,Low Priority,No immediate intervention
3662-FXJFO,0.0074794954026363,246.04437391222018,1.8402877635209778,6670,Low Priority,No immediate intervention
4458-KVRBJ,0.0061251677125463,300.02498817838324,1.8377033705473182,6671,Low Priority,No immediate intervention
0463-TXOAK,0.0059457324311276,307.2227620115033,1.8266643396723916,6672,Low Priority,No immediate intervention
6614-YWYSC,0.0060634716170348,299.9976295120277,1.8190271117239014,6673,Low Priority,No immediate intervention
9068-FHQHD,0.0074974639349369,241.8224288706973,1.8130549391168969,6674,Low Priority,No immediate intervention
9646-NMHXE,0.0076879017156978,235.83127720633786,1.8130476806498084,6675,Low Priority,No immediate intervention
1468-DEFNC,0.0061654694025303,292.8127333829862,1.8053279483440638,6676,Low Priority,No immediate intervention
8922-NPKBJ,0.0077443885228092,232.23199754223072,1.798494816395106,6677,Low Priority,No immediate intervention
5529-GIBVH,0.0074052745225821,241.8317042281185,1.7908301580730959,6678,Low Priority,No immediate intervention
8215-NGSPE,0.0074242187194545,240.03876335096493,1.7821002802649426,6679,Low Priority,No immediate intervention
3088-FVYWK,0.0057895814332862,306.6300998503884,1.775259932980502,6680,Low Priority,No immediate intervention
5699-BNCAS,0.0059907338952837,295.82161162983397,1.7721885557482973,6681,Low Priority,No immediate intervention
7608-RGIRO,0.006028681748812,292.84009204934176,1.7654397182582928,6682,Low Priority,No immediate intervention
8441-SHIPE,0.0056736367385727,307.23100692463134,1.7431171281162718,6683,Low Priority,No immediate intervention
2068-WWXQZ,0.0071621240720124,240.60864992567167,1.7232690035670577,6684,Low Priority,No immediate intervention
7996-MHXLW,0.0057078920283501,301.8456196694059,1.722902206303398,6685,Low Priority,No immediate intervention
9938-PRCVK,0.0072377184884102,236.4238250332022,1.711169089543466,6686,Low Priority,No immediate intervention
9087-EYCPR,0.0056919532752614,300.0334678380811,1.7077764799490016,6687,Low Priority,No immediate intervention
2143-LJULT,0.0056018406584104,303.052719241947,1.6976530442913704,6688,Low Priority,No immediate intervention
5016-LIPDW,0.0072743655481579,232.80443973114564,1.693504595838448,6689,Low Priority,No immediate intervention
2481-SBOYW,0.0056311382173973,300.04610173895486,1.689601070483307,6690,Low Priority,No immediate intervention
9639-BUJXT,0.0068558506803058,245.99655295159278,1.686515634906059,6691,Low Priority,No immediate intervention
1852-QSWCD,0.0056600744288169,297.6473964526674,1.6847064174656687,6692,Low Priority,No immediate intervention
5465-BUBFA,0.007242681808994,231.6244604101197,1.677582265930425,6693,Low Priority,No immediate intervention
6961-MJKBO,0.0068210035665413,245.40869591222713,1.6739335900775505,6694,Low Priority,No immediate intervention
8028-PNXHQ,0.0057509516271778,291.0321738820053,1.6737119539478107,6695,Low Priority,No immediate intervention
5324-KTGCG,0.0066431559608972,250.20331265177379,1.6621396278788567,6696,Low Priority,No immediate intervention
7009-PCARS,0.0072419882285226,229.18224299661256,1.6597351059678742,6697,Low Priority,No immediate intervention
6425-JWTDV,0.0071762767980338,231.03259394672807,1.6579538435294687,6698,Low Priority,No immediate intervention
8361-LBRDI,0.0056406211564613,292.23298342086355,1.6483755488995273,6699,Low Priority,No immediate intervention
8241-JUIQO,0.0070367518966302,233.38992289830276,1.642306982609008,6700,Low Priority,No immediate intervention
7503-EPSZW,0.0056762477927844,288.65638608061283,1.6384851743632003,6701,Low Priority,No immediate intervention
1215-EXRMO,0.0066376502379401,246.63189169869167,1.6370562346174378,6702,Low Priority,No immediate intervention
3764-MNMOI,0.0070847093560572,230.4245794108365,1.6324911736174985,6703,Low Priority,No immediate intervention
5093-FEGLU,0.0068983142976115,235.82434201558488,1.6267904302509335,6704,Low Priority,No immediate intervention
1080-BWSYE,0.0052787575453155,307.81322042417014,1.624871359861951,6705,Low Priority,No immediate intervention
5605-XNWEN,0.0054109289099972,300.01358060482335,1.6233521566864137,6706,Low Priority,No immediate intervention
8207-VVMYB,0.0051983951515194,312.0389926914298,1.6221019866921262,6707,Low Priority,No immediate intervention
5242-UOWHD,0.0066244194248666,244.23245319035527,1.617898207097012,6708,Low Priority,No immediate intervention
6051-PTVNS,0.0070256818183691,229.81111823323556,1.6145797950303147,6709,Low Priority,No immediate intervention
0932-YIXYU,0.0066369717079187,243.03139120612593,1.6129924675711795,6710,Low Priority,No immediate intervention
2452-MRMZF,0.0052286723900215,308.434846300658,1.6127047649727755,6711,Low Priority,No immediate intervention
4785-FCIFB,0.0054916818789965,292.84167932022774,1.6081933437377987,6712,Low Priority,No immediate intervention
1241-EZFMJ,0.0052417929154911,305.417479672616,1.6009351812150656,6713,Low Priority,No immediate intervention
6619-RPLQZ,0.006364278056246,250.23945726543354,1.5925934866813074,6714,Low Priority,No immediate intervention
6518-PPLMZ,0.0068161485664424,232.84786921291175,1.5871256699347558,6715,Low Priority,No immediate intervention
8896-RAZCR,0.0066319538274402,238.83370786884223,1.5839341230225028,6716,Low Priority,No immediate intervention
6370-ZVHDV,0.0051623230597475,303.6255162351852,1.5674130039886356,6717,Low Priority,No immediate intervention
1619-YWUBB,0.00521773306044,299.4538771381078,1.562470394820443,6718,Low Priority,No immediate intervention
4979-HPRFL,0.0053483798469683,289.8197884508027,1.5500663158028891,6719,Low Priority,No immediate intervention
2799-TSLAG,0.0050994039026326,303.6403484042403,1.5483847776493054,6720,Low Priority,No immediate intervention
4361-FEBGN,0.0063964476913473,241.824433117603,1.5468173369264613,6721,Low Priority,No immediate intervention
5334-AFQJB,0.0051156297608441,301.22142401651155,1.5409372813027062,6722,Low Priority,No immediate intervention
2560-WBWXF,0.0053135064067938,289.8261932332049,1.5399933346012922,6723,Low Priority,No immediate intervention
9953-ZMKSM,0.0050404991276317,303.0273165217008,1.527408924576208,6724,Low Priority,No immediate intervention
3148-AOIQT,0.0050791436340416,299.4545585015806,1.520972714498041,6725,Low Priority,No immediate intervention
4299-OPXEJ,0.0064602100977763,234.63251217236677,1.5157753244025445,6726,Low Priority,No immediate intervention
3913-RDSJZ,0.0049373883914529,306.64189670200824,1.5140101411095948,6727,Low Priority,No immediate intervention
9916-AYHTC,0.0063379174290501,238.22490965029112,1.5098498069064656,6728,Low Priority,No immediate intervention
8701-DGLVH,0.0061510383531657,245.42615485309625,1.5096256913713793,6729,Low Priority,No immediate intervention
6917-FIJHC,0.0048101884278045,312.0550889053535,1.5010437774900358,6730,Low Priority,No immediate intervention
7416-CKTEP,0.0063524470427983,235.23969116702244,1.4943476805027371,6731,Low Priority,No immediate intervention
0603-TPMIB,0.0048709318682067,305.44229934944246,1.48778862979953,6732,Low Priority,No immediate intervention
6248-BSHKG,0.0060561605338555,244.80557674274291,1.4825818723371336,6733,Low Priority,No immediate intervention
1705-GUHPV,0.0051016429315941,290.43678268233447,1.4817047594462631,6734,Low Priority,No immediate intervention
0386-CWRGM,0.0063348826977252,232.84244187023216,1.4750295562998192,6735,Low Priority,No immediate intervention
4698-KVLLG,0.0062690903896672,235.21458418788745,1.4745814892418518,6736,Low Priority,No immediate intervention
3967-VQOGC,0.0049337627683796,298.85707999508145,1.4744899343463767,6737,Low Priority,No immediate intervention
7242-EDTYC,0.0062641812479106,234.61173204044178,1.4696504123875618,6738,Low Priority,No immediate intervention
7008-LZVOZ,0.0047328927633183,303.647810780703,1.4371325262414338,6739,Low Priority,No immediate intervention
2961-VNFKL,0.0045893636725985,311.4543327862324,1.429377200562539,6740,Low Priority,No immediate intervention
2097-YVPKN,0.0046118876100289,309.0278850274995,1.4252018741117605,6741,Low Priority,No immediate intervention
1709-EJDOX,0.0059577698818631,237.0425672789022,1.412245068053751,6742,Low Priority,No immediate intervention
9337-SRRNI,0.0046300302472704,303.6412337274054,1.405868096476388,6743,Low Priority,No immediate intervention
7647-GYYKX,0.0057516184729353,244.24010636545245,1.404775907603219,6744,Low Priority,No immediate intervention
4565-NLZBV,0.004747688022193,295.8418184519991,1.404564657928352,6745,Low Priority,No immediate intervention
1241-FPMOF,0.005918985525853,235.82810697040395,1.395863151747134,6746,Low Priority,No immediate intervention
2632-TACXW,0.0049156237518467,283.82881852844264,1.3951956818169995,6747,Low Priority,No immediate intervention
1955-IBMMB,0.0057505818992753,242.4257254790689,1.3940889888586165,6748,Low Priority,No immediate intervention
4534-WGCIR,0.0046177884674904,301.8419403408947,1.393842231111109,6749,Low Priority,No immediate intervention
1926-QUZNN,0.0045957775298304,303.0415467500956,1.392711531159138,6750,Low Priority,No immediate intervention
6134-KWTBV,0.0049524063798366,280.8148402894933,1.3907092066024827,6751,Low Priority,No immediate intervention
5406-KGRMX,0.004714834922668,294.63696532921773,1.3891646536431166,6752,Low Priority,No immediate intervention
3190-ITQXP,0.0056795876876681,243.02635820730427,1.3802895118530227,6753,Low Priority,No immediate intervention
3212-KXOCR,0.0054472522481429,252.0112290863292,1.3727687341977621,6754,Low Priority,No immediate intervention
4807-IZYOZ,0.0055336309776663,247.81890197388452,1.3713383528139356,6755,Low Priority,No immediate intervention
3154-HMWUU,0.0055672411974764,246.03250736315113,1.3697223109105507,6756,Low Priority,No immediate intervention
1231-YNDEK,0.0059585561955551,229.82671198000457,1.3694353785725137,6757,Low Priority,No immediate intervention
9964-WBQDJ,0.0046506166086519,292.85679487178766,1.3619646741872984,6758,Low Priority,No immediate intervention
5296-PSYVW,0.0046174656918677,294.64422374598814,1.3605095944540904,6759,Low Priority,No immediate intervention
7014-ZZXAW,0.0046723370148147,291.0570331381317,1.3599165493534415,6760,Low Priority,No immediate intervention
4302-ZYFEL,0.0054902234711228,246.619091301013,1.3539939234877982,6761,Low Priority,No immediate intervention
1767-CJKBA,0.0044854688100279,301.2295988784632,1.351155970426562,6762,Low Priority,No immediate intervention
3612-YVGSJ,0.0046003121932186,293.4567154496731,1.349992506265012,6763,Low Priority,No immediate intervention
2817-LVCPP,0.00579739635275,232.834785472494,1.3498355360915653,6764,Low Priority,No immediate intervention
5970-GHJAW,0.0056371468758776,239.4336157529824,1.3497224590220023,6765,Low Priority,No immediate intervention
9251-AWQGT,0.0056215575580618,240.0428515318015,1.3494147062873052,6766,Low Priority,No immediate intervention
9975-GPKZU,0.005651849607356,237.03393344144115,1.3396801436510575,6767,Low Priority,No immediate intervention
6734-PSBAW,0.0047306824304666,282.6364488057699,1.3370632825749282,6768,Low Priority,No immediate intervention
4176-RELJR,0.0044188234596587,301.2095611045524,1.3309918748822966,6769,Low Priority,No immediate intervention
9504-YAZWB,0.0054711989156629,243.03563356472557,1.3296962948267723,6770,Low Priority,No immediate intervention
1085-LDWAM,0.0054407992615873,244.22720728569698,1.3287912090595486,6771,Low Priority,No immediate intervention
6762-NSODU,0.0056967841132453,232.84228769246909,1.3264522454181495,6772,Low Priority,No immediate intervention
7480-SPLEF,0.0042500099860213,312.03416365230055,1.326148311502082,6773,Low Priority,No immediate intervention
5982-XMDEX,0.004164968279706,318.01975850502606,1.324542206493196,6774,Low Priority,No immediate intervention
2230-XTUWL,0.0056047230688789,234.64356633083366,1.3151122091784397,6775,Low Priority,No immediate intervention
9507-HSMMZ,0.0054679391476786,240.0289137425467,1.312463494027641,6776,Low Priority,No immediate intervention
1862-QRWPE,0.0052915017428834,247.82708555733245,1.3113774551603383,6777,Low Priority,No immediate intervention
3027-YNWZU,0.0043673511551116,300.04261616750676,1.3103914663018672,6778,Low Priority,No immediate intervention
7634-HLQJR,0.0054198636682765,240.6419365684509,1.304246489071045,6779,Low Priority,No immediate intervention
0626-QXNGV,0.0044958534857937,289.85787334583387,1.303158530266616,6780,Low Priority,No immediate intervention
5220-AGAAX,0.0045121096905878,288.0366591734153,1.2996530011009024,6781,Low Priority,No immediate intervention
4636-TVXVG,0.0054130602273627,239.3922394182697,1.2958446099343248,6782,Low Priority,No immediate intervention
6217-KDYWC,0.0055057423575201,235.24369992504637,1.2951912030170758,6783,Low Priority,No immediate intervention
7033-CLAMM,0.0053028643755118,242.42780035636463,1.2855617461434528,6784,Low Priority,No immediate intervention
4742-TXUEX,0.0055033772387637,231.62854859095626,1.2747392821633403,6785,Low Priority,No immediate intervention
9081-WWXKP,0.0052267883767018,243.04161887999214,1.2703271086167318,6786,Low Priority,No immediate intervention
2228-BZDEE,0.0052550402331595,241.23655319454247,1.2677077927460427,6787,Low Priority,No immediate intervention
1657-DYMBM,0.0052615619150548,238.8348140988379,1.2566441618516386,6788,Low Priority,No immediate intervention
0621-CXBKL,0.0055865305804159,224.43809565028096,1.2538302847606035,6789,Low Priority,No immediate intervention
5115-SQAAU,0.0040757341152842,307.2425973254431,1.2522391355878346,6790,Low Priority,No immediate intervention
8946-BFWSG,0.0041236955853273,303.0375441955671,1.2496345831876865,6791,Low Priority,No immediate intervention
6139-ZZRBQ,0.0051934067720166,240.60880560315616,1.2495794004262568,6792,Low Priority,No immediate intervention
8838-GPHZP,0.0050407085509872,247.25034733924576,1.2463169400674914,6793,Low Priority,No immediate intervention
3359-DSRKA,0.0051984065108509,238.25835952746843,1.2385638074322465,6794,Low Priority,No immediate intervention
1697-LYYYX,0.0053768478537416,229.21528583618692,1.232455717693069,6795,Low Priority,No immediate intervention
2418-TPEUN,0.0051397834806755,237.65692204487448,1.2215051219944308,6796,Low Priority,No immediate intervention
3873-WOSBC,0.0039690029466326,307.2359088963236,1.2194202277208535,6797,Low Priority,No immediate intervention
2675-IJRGJ,0.005166887667182,235.81405484689867,1.2184247317366204,6798,Low Priority,No immediate intervention
6485-QXWWE,0.0038486740940465,312.0221592563234,1.2008716010982632,6799,Low Priority,No immediate intervention
3836-FZSDJ,0.0040252512458762,298.20468141309937,1.2003487653841936,6800,Low Priority,No immediate intervention
0508-SQWPL,0.0049658159352959,241.24254756644416,1.1979660869768276,6801,Low Priority,No immediate intervention
9814-AOUDH,0.0051170294992568,234.02887242245777,1.1975326438635228,6802,Low Priority,No immediate intervention
6484-LATFU,0.0040631220929537,294.6318352486702,1.1971251190863665,6803,Low Priority,No immediate intervention
6349-JDHQP,0.0049707317823587,238.2361147638801,1.1842078273624737,6804,Low Priority,No immediate intervention
1574-DYCWE,0.0049419475535695,239.44497504433446,1.1833245086348585,6805,Low Priority,No immediate intervention
8540-ZQGEA,0.0048722852031623,240.6430554921916,1.1724815985183694,6806,Low Priority,No immediate intervention
3118-UHVVQ,0.0037844897469872,309.6440708675627,1.171844811413669,6807,Low Priority,No immediate intervention
2072-ZVJJX,0.0038625176420514,303.02256690538405,1.1704300106117467,6808,Low Priority,No immediate intervention
4625-XMOYM,0.0037148783161572,315.0436089283704,1.170348671451912,6809,Low Priority,No immediate intervention
1306-RPWXZ,0.0047643156282948,245.43608686518132,1.1693349843993035,6810,Low Priority,No immediate intervention
0281-CNTZX,0.0048795664547218,239.43542509683107,1.1683410683745512,6811,Low Priority,No immediate intervention
1813-JLKWR,0.0049040015538239,237.60163870778433,1.1651988054140792,6812,Low Priority,No immediate intervention
3635-QQRQD,0.0048286574767124,240.64258714504615,1.1619806276333422,6813,Low Priority,No immediate intervention
6340-DACFT,0.0046715447226709,246.6431864377223,1.1522046759858766,6814,Low Priority,No immediate intervention
1635-NZATJ,0.0037680107904554,305.4183076569382,1.1508194788539703,6815,Low Priority,No immediate intervention
3696-DFHHB,0.0037557371353831,306.0233910377381,1.1493434140162968,6816,Low Priority,No immediate intervention
3768-VHXQO,0.0038489014688151,298.237100228044,1.147885213122875,6817,Low Priority,No immediate intervention
4990-ALDGW,0.0046013274799354,249.02976650124458,1.1458675079240728,6818,Low Priority,No immediate intervention
1131-QQZEB,0.0039654081469495,287.4061110111638,1.1396825340867411,6819,Low Priority,No immediate intervention
3170-NMYVV,0.0046970260117257,241.82924250542487,1.135878242443903,6820,Low Priority,No immediate intervention
7427-AUFPY,0.0048061973008068,235.82931551958643,1.1334422197013516,6821,Low Priority,No immediate intervention
9371-BITHB,0.0047534503691587,238.24581525203655,1.1324896584603086,6822,Low Priority,No immediate intervention
6625-FLENO,0.0045426676254972,249.03702491801494,1.131292430645206,6823,Low Priority,No immediate intervention
9565-AXSMR,0.0049039129292951,230.43904944330234,1.1300530339794832,6824,Low Priority,No immediate intervention
9173-IVZVP,0.0045039389152094,250.84482875110098,1.1297897858911214,6825,Low Priority,No immediate intervention
6685-XSHHU,0.0044734927880314,251.43544318468764,1.1247946417421788,6826,Low Priority,No immediate intervention
6024-RUGGH,0.0037144776705412,302.4374784965538,1.1233972606102336,6827,Low Priority,No immediate intervention
9084-OAYKL,0.0044645321856419,249.63036844260262,1.1144828144256453,6828,Low Priority,No immediate intervention
8780-IHCRN,0.0037610799576458,295.8383430831803,1.1126716628732913,6829,Low Priority,No immediate intervention
6010-DDPPW,0.0036717737584007,301.8240884765589,1.10822976772144,6830,Low Priority,No immediate intervention
2696-RZVZW,0.0036833944894671,300.63746390305795,1.107366377867888,6831,Low Priority,No immediate intervention
0795-XCCTE,0.0036268920234745,304.7979120800128,1.1054691160946803,6832,Low Priority,No immediate intervention
3620-EHIMZ,0.0047586232972064,232.2466094731834,1.105174126536287,6833,Low Priority,No immediate intervention
1167-OYZJF,0.0045339549653768,240.6252250430972,1.0909839338790606,6834,Low Priority,No immediate intervention
6582-PLFUU,0.0046484836613792,234.63765794726373,1.0907093193121369,6835,Low Priority,No immediate intervention
8957-THMOA,0.0045024424150825,241.83724476134228,1.0888582683601555,6836,Low Priority,No immediate intervention
3970-XGJDU,0.004719868484794,230.45173561722106,1.0877018842058008,6837,Low Priority,No immediate intervention
9430-NKQLY,0.003608611229404,301.2522166499984,1.0871021318860308,6838,Low Priority,No immediate intervention
0374-FIUCA,0.0044244403953397,244.85065233395937,1.0833271170116467,6839,Low Priority,No immediate intervention
8395-ETZKQ,0.0046164263719534,233.97647743851792,1.080135180863934,6840,Low Priority,No immediate intervention
8735-SDUFN,0.0036822310113046,291.6140347160587,1.0737902419631276,6841,Low Priority,No immediate intervention
6651-RLGGM,0.0033901468174448,315.6386017850496,1.0700612013043125,6842,Low Priority,No immediate intervention
0780-XNZFN,0.0042833604933243,247.81519185849595,1.0614818024522632,6843,Low Priority,No immediate intervention
9257-AZMTZ,0.0043960470707068,241.230684654485,1.0604614446399445,6844,Low Priority,No immediate intervention
7493-GVFIO,0.0042905521116256,246.62993001194025,1.058178567002804,6845,Low Priority,No immediate intervention
4656-CAURT,0.0036725178694237,287.41873619054115,1.0555504446669386,6846,Low Priority,No immediate intervention
7706-YLMQA,0.0044602272595142,236.39565805898417,1.0543783581054789,6847,Low Priority,No immediate intervention
1820-DJFPH,0.0036425532149321,288.6471035014167,1.051412434839924,6848,Low Priority,No immediate intervention
8774-GSBUN,0.0034477808140578,304.83978757990917,1.0510207709794661,6849,Low Priority,No immediate intervention
0971-QIFJK,0.0035938574686507,291.0326350073757,1.0459298089423503,6850,Low Priority,No immediate intervention
3646-ITDGM,0.0044158102358508,236.4238178114274,1.0440027146906257,6851,Low Priority,No immediate intervention
0485-ZBSLN,0.0035037189370358,297.0395469658965,1.0407430857529463,6852,Low Priority,No immediate intervention
2400-FEQME,0.0042263971096303,246.03902855873866,1.0398586391569,6853,Low Priority,No immediate intervention
5793-YOLJN,0.0041242043848421,252.04603263381694,1.039489352970443,6854,Low Priority,No immediate intervention
3454-JFUBC,0.0043184151486699,240.026189788377,1.0365327340596437,6855,Low Priority,No immediate intervention
5821-MMEIL,0.0043389760893302,238.830758539739,1.036280950700522,6856,Low Priority,No immediate intervention
4589-IUAJB,0.0035588519519417,291.02551807462333,1.0357167330647177,6857,Low Priority,No immediate intervention
4312-KFRXN,0.0033812377295701,304.83978757990917,1.0307357912393238,6858,Low Priority,No immediate intervention
2050-ONYDQ,0.0032989380550736,312.04535970925446,1.02941831205399,6859,Low Priority,No immediate intervention
5743-KHMNA,0.0033549735180351,306.6175574098166,1.0286937852745415,6860,Low Priority,No immediate intervention
7167-PCEYD,0.0042926194209816,237.6465452507465,1.020126175472537,6861,Low Priority,No immediate intervention
7161-DFHUF,0.0035553213400709,286.2493665982169,1.0177084816484188,6862,Low Priority,No immediate intervention
1460-UZPRJ,0.0042417292493475,239.4396583987956,1.015638202483945,6863,Low Priority,No immediate intervention
9397-TZSHA,0.0034182587765062,295.24008130849046,1.0092069991091517,6864,Low Priority,No immediate intervention
7225-IILWY,0.0032567803473879,309.040156791784,1.0064759091931574,6865,Low Priority,No immediate intervention
4443-EMBNA,0.0033627749011452,297.0332035131743,0.9988558015808569,6866,Low Priority,No immediate intervention
2169-RRLFW,0.0032496422115368,307.24643264643976,0.9984409768719689,6867,Low Priority,No immediate intervention
0607-DAAHE,0.0041826559235001,237.01754662323788,0.9913628453571469,6868,Low Priority,No immediate intervention
5846-ABOBJ,0.0033757229915826,293.4258817496374,0.9905244953476483,6869,Low Priority,No immediate intervention
8380-MQINP,0.0040593204587469,243.64714454342254,0.9890418385603782,6870,Low Priority,No immediate intervention
6323-AYBRX,0.0042587772090379,232.23335304740135,0.9890301111367252,6871,Low Priority,No immediate intervention
7941-RCJOW,0.0042095506210795,234.6454254566114,0.987751796464342,6872,Low Priority,No immediate intervention
9153-BTBVV,0.0032833513625805,300.0328064026009,0.9851131237208309,6873,Low Priority,No immediate intervention
1987-AUELQ,0.0032742996517899,300.64730628970136,0.9844093702959406,6874,Low Priority,No immediate intervention
7293-LSCDV,0.0042330138746604,231.06052114202714,0.9780823918804636,6875,Low Priority,No immediate intervention
4231-LZUYM,0.0031771307701344,307.8324552785827,0.9780239657116068,6876,Low Priority,No immediate intervention
5567-GZKQY,0.003989264035322,243.6310084859864,0.9719084200423745,6877,Low Priority,No immediate intervention
4707-MAXGU,0.0031316778900864,310.238918603114,0.9715683620336862,6878,Low Priority,No immediate intervention
7096-ZNBZI,0.0030567216948347,317.4457638339629,0.970343353244647,6879,Low Priority,No immediate intervention
2509-TFPJU,0.0031321903029631,309.0390774473434,0.9679692016172314,6880,Low Priority,No immediate intervention
3498-LZGQZ,0.0042068320671692,229.85507995821274,0.9669617211699498,6881,Low Priority,No immediate intervention
8464-EETCQ,0.0042848959273246,225.63270978595438,0.9668126792330494,6882,Low Priority,No immediate intervention
0040-HALCW,0.0039342630638035,244.83835186173235,0.9632584843321386,6883,Low Priority,No immediate intervention
2525-GVKQU,0.0038597230140172,247.23984715423217,0.9542773280432848,6884,Low Priority,No immediate intervention
8749-TZYEC,0.0031987431729874,297.64058646752244,0.9520757939669533,6885,Low Priority,No immediate intervention
7115-IRDHS,0.0031989642005039,295.8340437208765,0.9463625151533894,6886,Low Priority,No immediate intervention
6857-TKDJV,0.0031986936761111,295.8264892278562,0.9462583203192921,6887,Low Priority,No immediate intervention
2900-PHPLN,0.0040005123101005,234.6426426638775,0.9386907804513548,6888,Low Priority,No immediate intervention
8092-NLTGF,0.0031538125142284,297.01950952712434,0.9367438461166262,6889,Low Priority,No immediate intervention
8129-GMVGI,0.0038888457685026,240.6482230174688,0.9358438237791535,6890,Low Priority,No immediate intervention
8727-JQFHV,0.0037561131769593,249.0399941751108,0.9354224037110009,6891,Low Priority,No immediate intervention
8237-ULIXL,0.0031244675895892,298.24830534163294,0.9318671636898356,6892,Low Priority,No immediate intervention
4836-WNFNO,0.0030993179976629,300.0480670752888,0.9299443744504077,6893,Low Priority,No immediate intervention
2075-PUEPR,0.0039880267016443,232.22612178039844,0.92612397447953,6894,Low Priority,No immediate intervention
5854-KSRBJ,0.0030300885488136,304.8420754735323,0.9236984820889214,6895,Low Priority,No immediate intervention
5598-IKHQQ,0.0030158089312245,305.440775222959,0.9211510178775347,6896,Low Priority,No immediate intervention
9574-BOSMD,0.0029967153461968,304.8259792596086,0.9134766899667365,6897,Low Priority,No immediate intervention
7643-RCHXS,0.0039222515082497,232.24939216528787,0.9109405287103765,6898,Low Priority,No immediate intervention
3810-PJUHR,0.0029875295734801,304.2421548956471,0.9089324352500591,6899,Low Priority,No immediate intervention
9500-WBGRP,0.0038979808323267,229.24901988729778,0.8936082853503692,6900,Low Priority,No immediate intervention
9135-HSWOC,0.0037520813640627,236.4401541914458,0.8871426962578352,6901,Low Priority,No immediate intervention
9764-REAFF,0.0039889039950615,220.83450393012504,0.8808876349743002,6902,Low Priority,No immediate intervention
7729-XBTWX,0.0037126054960233,237.0561709832548,0.8800960432586709,6903,Low Priority,No immediate intervention
7558-IMLMT,0.0035110606065064,249.655184482319,0.8765544834459581,6904,Low Priority,No immediate intervention
6963-KQYQB,0.0030324125741818,288.652018166854,0.8753120094521215,6905,Low Priority,No immediate intervention
7114-AEOZE,0.0036625184912285,238.22630499897434,0.872508247155784,6906,Low Priority,No immediate intervention
4195-PNGZS,0.0029684796513366,293.42816964326056,0.8710355507149629,6907,Low Priority,No immediate intervention
3308-DGHKL,0.0037502440235809,231.6339687118608,0.8686839068199812,6908,Low Priority,No immediate intervention
1098-KFQEC,0.0037264141239153,232.84841996372393,0.8676896408841821,6909,Low Priority,No immediate intervention
0704-VCUMB,0.0035510705856907,243.04750734804213,0.8630788542690766,6910,Low Priority,No immediate intervention
9838-BFCQT,0.0027448089786797,313.2423262908722,0.8597903497057022,6911,Low Priority,No immediate intervention
8544-JNBOX,0.0034313242492016,249.6483636258165,0.8566244838827628,6912,Low Priority,No immediate intervention
8164-OCKUJ,0.003457400783038,247.24939346462554,0.8548402465702669,6913,Low Priority,No immediate intervention
1399-OUPJN,0.0035953639051745,237.03464742665165,0.8522258156335469,6914,Low Priority,No immediate intervention
8857-CUPFQ,0.0036808742183292,231.04281439881947,0.850439538850833,6915,Low Priority,No immediate intervention
8711-LOBKY,0.0035083855164188,238.2427865001207,0.8358475415482798,6916,Low Priority,No immediate intervention
6892-BOGQE,0.0033207442402836,250.84716528065917,0.8329992792972172,6917,Low Priority,No immediate intervention
5656-JAMLX,0.0034826032766478,238.21986942969465,0.8296252978384657,6918,Low Priority,No immediate intervention
0394-YONDK,0.0027484816132683,301.8423184063427,0.8296080622461087,6919,Low Priority,No immediate intervention
8755-OGKNA,0.0035288202045444,234.03504453722508,0.8258675937344083,6920,Low Priority,No immediate intervention
7980-MHFLQ,0.0027543605829087,298.85203071784986,0.8231462535314656,6921,Low Priority,No immediate intervention
6734-JDTTV,0.0034499707488744,238.2551765977895,0.8219733900302783,6922,Low Priority,No immediate intervention
8514-VZHEB,0.0035005675818302,234.0433424549235,0.8192845373408889,6923,Low Priority,No immediate intervention
9365-CSLBQ,0.0027947972583018,292.2378476481159,0.8167455353789735,6924,Low Priority,No immediate intervention
7717-BICXI,0.003302868854704,246.64235595398782,0.814627355731244,6925,Low Priority,No immediate intervention
1299-AURJA,0.0027277143075151,296.4362521923849,0.8085934063713228,6926,Low Priority,No immediate intervention
3261-CQXOL,0.0026303159202021,305.43574222413736,0.8033924953708933,6927,Low Priority,No immediate intervention
0174-QRVVY,0.0026371410883611,304.2426820813568,0.8023308777499294,6928,Low Priority,No immediate intervention
2616-FLVQC,0.0034045858842044,234.63644217630645,0.7988399189533949,6929,Low Priority,No immediate intervention
7711-GQBZC,0.0026678526446737,296.43693355585765,0.7908500571659567,6930,Low Priority,No immediate intervention
2346-LOCWC,0.0032129770436706,246.048716767619,0.7905488785989693,6931,Low Priority,No immediate intervention
3457-PQBYH,0.0032033983363094,243.64903445607774,0.7805049116199911,6932,Low Priority,No immediate intervention
3507-GASNP,0.0032572034861624,239.43673196606653,0.7798941580752041,6933,Low Priority,No immediate intervention
6285-FTQBF,0.0025090602189616,306.6430457563708,0.7693858675285317,6934,Low Priority,No immediate intervention
2569-WGERO,0.003021835126504,253.8408724802607,0.7670652650032744,6935,Low Priority,No immediate intervention
5884-FBCTL,0.0025438634011255,301.236979542413,0.7663057273235354,6936,Low Priority,No immediate intervention
4193-IBKSW,0.0025666209547081,297.0297372009906,0.7623627476715025,6937,Low Priority,No immediate intervention
3973-SKMLN,0.0031875034805028,238.84895768264516,0.7613318839278974,6938,Low Priority,No immediate intervention
8224-KDLKN,0.0025363049728619,300.0293400904172,0.7609659072757994,6939,Low Priority,No immediate intervention
6181-AXXYF,0.0025440428125307,297.04431651020576,0.7556934584208833,6940,Low Priority,No immediate intervention
6976-BWGLQ,0.0024986642226043,302.43682069818357,0.7556880634767429,6941,Low Priority,No immediate intervention
9972-EWRJS,0.0032560996079992,231.0507113771214,0.7523241307429813,6942,Low Priority,No immediate intervention
3777-XROBG,0.0031920638420941,234.65022578779815,0.749018501276447,6943,Low Priority,No immediate intervention
2146-EGVDT,0.0031987179483378,231.64350596561917,0.7409622401481203,6944,Low Priority,No immediate intervention
7606-BPHHN,0.0031159782479984,237.64979789034714,0.7405116008675378,6945,Low Priority,No immediate intervention
0562-HKHML,0.0025812568325996,286.84498532268265,0.7404205782611065,6946,Low Priority,No immediate intervention
2181-TIDSV,0.0030726921607455,239.44248253476337,0.7357330390340087,6947,Low Priority,No immediate intervention
2626-VEEWG,0.0031594439794272,232.85725412376723,0.735699449607286,6948,Low Priority,No immediate intervention
7328-ZJAJO,0.0031381207731441,234.05098657338556,0.734480262940812,6949,Low Priority,No immediate intervention
7684-XSZIY,0.0025165320796546,291.6304520000228,0.7338973878622284,6950,Low Priority,No immediate intervention
0402-OAMEN,0.002491423374841,293.438012029904,0.7310783222381773,6951,Low Priority,No immediate intervention
1555-HAPSU,0.0025464614560896,286.8527836189078,0.7304595570575588,6952,Low Priority,No immediate intervention
7157-SMCFK,0.00306359026015,237.037731017998,0.7261864840347942,6953,Low Priority,No immediate intervention
7010-BRBUU,0.0025053382248615,289.24534899769674,0.7246574292073346,6954,Low Priority,No immediate intervention
0480-KYJVA,0.0024713762392913,291.05290902757775,0.7193012437473679,6955,Low Priority,No immediate intervention
8347-GDTMP,0.0030646251898006,233.4508221922955,0.7154392702701697,6956,Low Priority,No immediate intervention
8165-ZJRNM,0.0025090842512192,285.0391239395095,0.715187176857941,6957,Low Priority,No immediate intervention
8434-VGEQQ,0.0028949031603149,246.64288313969746,0.7140072618702887,6958,Low Priority,No immediate intervention
8747-UDCOI,0.003070761107697,232.23708309078256,0.7131446025201718,6959,Low Priority,No immediate intervention
6848-HJTXY,0.0030528301139935,233.4508221922955,0.7126857001251817,6960,Low Priority,No immediate intervention
8917-SZTTJ,0.0029995820361707,235.8436313742892,0.7074323200155823,6961,Low Priority,No immediate intervention
2007-QVGAW,0.0030344756923041,232.25123389636474,0.7047607237661528,6962,Low Priority,No immediate intervention
1945-XISKS,0.0029859667504228,235.85270277201812,0.7042483284745974,6963,Low Priority,No immediate intervention
0613-WUXUM,0.0030406249056024,230.46756837663247,0.7007654283396128,6964,Low Priority,No immediate intervention
7268-WNTCP,0.0028339592226262,245.42914403818463,0.6955361862482674,6965,Low Priority,No immediate intervention
9625-RZFUK,0.002934269847575,236.44575022035588,0.6937956354588402,6966,Low Priority,No immediate intervention
8043-PNYSD,0.0029228990822825,234.64598848669993,0.6858465444090452,6967,Low Priority,No immediate intervention
0397-ZXWQF,0.0027820780801172,246.02224375956746,0.6844530915847432,6968,Low Priority,No immediate intervention
1830-IPXVJ,0.0028807672990731,237.05195218975769,0.6828915120496939,6969,Low Priority,No immediate intervention
7515-LODFU,0.0027895839644753,243.61793852456617,0.6795926947666592,6970,Low Priority,No immediate intervention
0962-CQPWQ,0.0027798641797965,243.6371806007537,0.677278271218646,6971,Low Priority,No immediate intervention
1293-BSEUN,0.0027182723243251,248.46654844013733,0.6753997421454072,6972,Low Priority,No immediate intervention
5730-DBDSI,0.0028556413267055,236.42283314992983,0.6751388129197387,6973,Low Priority,No immediate intervention
2236-HILPA,0.0026933756014998,247.84340565894092,0.667535381794409,6974,Low Priority,No immediate intervention
1302-TPUBN,0.0028669893385518,232.22338910473263,0.6657819807256347,6975,Low Priority,No immediate intervention
0847-HGRML,0.0027663351752134,240.02328178391917,0.6639848472690134,6976,Low Priority,No immediate intervention
7064-JHXCE,0.0027536301140104,240.64435872431704,0.6626455529500007,6977,Low Priority,No immediate intervention
6345-FZOQH,0.0027637085361136,238.845870092165,0.6601003699891964,6978,Low Priority,No immediate intervention
3774-VBNXY,0.0027038414777483,242.45343565890687,0.6555556557571312,6979,Low Priority,No immediate intervention
5146-YYFRZ,0.0027376098406522,239.42311740282912,0.655447082281612,6980,Low Priority,No immediate intervention
5893-KCLGT,0.0027609215982897,237.06148040701873,0.6545081613782685,6981,Low Priority,No immediate intervention
5902-WBLSE,0.0026945243785949,241.86590517869035,0.6517135778549037,6982,Low Priority,No immediate intervention
2718-YSKCS,0.0027111122519861,235.24508257998446,0.6377758256020777,6983,Low Priority,No immediate intervention
6855-VLGOS,0.0025851795602073,246.6458200095649,0.6376237324992958,6984,Low Priority,No immediate intervention
7969-FFOWG,0.0026525606625003,238.84679525884258,0.6335556134678689,6985,Low Priority,No immediate intervention
6585-WCEWR,0.0025499122448071,244.24613769802374,0.6228062172630318,6986,Low Priority,No immediate intervention
5848-FHRFC,0.0025850786666135,240.6314382182975,0.6220511974546452,6987,Low Priority,No immediate intervention
7695-PKLCZ,0.0025102525576511,246.04530272848035,0.6176358504722069,6988,Low Priority,No immediate intervention
2804-ETQDK,0.0024708010441054,246.63986708152675,0.6093980411030533,6989,Low Priority,No immediate intervention
6621-NRZAK,0.0025324347596012,240.0529178061298,0.607918353195933,6990,Low Priority,No immediate intervention
3274-NSDWE,0.0025649522447785,235.24673232654482,0.6033966341577781,6991,Low Priority,No immediate intervention
2607-DHDAK,0.0025094966578545,237.66002556421336,0.5964070398590084,6992,Low Priority,No immediate intervention
8232-UTFOZ,0.0024522948367262,239.4390594389896,0.5871751691728119,6993,Low Priority,No immediate intervention
5799-JRCZO,0.0025043424834462,234.04713497397904,0.5861341832442026,6994,Low Priority,No immediate intervention
7602-DBTOU,0.002488650689942,235.2555076480238,0.58546878142091,6995,Low Priority,No immediate intervention
4821-WQOYN,0.0023921311535671,241.26734732775049,0.577143137881206,6996,Low Priority,No immediate intervention
6060-QBMGV,0.0024078639153131,238.24647669998944,0.5736650941963879,6997,Low Priority,No immediate intervention
0505-SPOOW,0.0024076906867458,237.6397751091141,0.5721630733305805,6998,Low Priority,No immediate intervention
2545-LXYVJ,0.0022331756941802,248.4319099417702,0.5547921029407256,6999,Low Priority,No immediate intervention
9800-OUIGR,0.0023100341350955,240.04716360032296,0.5545171419496001,7000,Low Priority,No immediate intervention
8966-SNIZF,0.0023732727571582,233.44033106391703,0.5540175781359854,7001,Low Priority,No immediate intervention
8285-ABVLB,0.002299983702411,238.25427499621458,0.5479809495210421,7002,Low Priority,No immediate intervention
1764-VUUMT,0.0022080396754617,239.44066596914,0.5286944903788333,7003,Low Priority,No immediate intervention
1591-XWLGB,0.0022124219218555,238.2549563596873,0.5271204884408976,7004,Low Priority,No immediate intervention
1927-QEWMY,0.0021352793900164,246.054605235669,0.5253953273783454,7005,Low Priority,No immediate intervention
7463-IFMQU,0.0021788358914295,240.64074072548613,0.5243166828328698,7006,Low Priority,No immediate intervention
3910-MRQOY,0.0022436528318799,232.84177321297716,0.5224161038492336,7007,Low Priority,No immediate intervention
2429-AYKKO,0.0021918026088174,238.22668306442222,0.5221458654305166,7008,Low Priority,No immediate intervention
7083-MIOPC,0.0021293405805469,243.04842529294478,0.5175328750142889,7009,Low Priority,No immediate intervention
3678-MNGZX,0.0021539587901866,239.43402644016805,0.5157310259205707,7010,Low Priority,No immediate intervention
0404-AHASP,0.0021775103413992,236.44807769327895,0.5148681343810764,7011,Low Priority,No immediate intervention
0825-CPPQH,0.0022417999118059,229.2561476914077,0.5139464116755582,7012,Low Priority,No immediate intervention
3976-HXHCE,0.0022060779095405,231.62755670768377,0.5109884360936606,7013,Low Priority,No immediate intervention
5346-BZCHP,0.0021682657010891,232.85811323010557,0.5048982601371599,7014,Low Priority,No immediate intervention
3996-ZNWYK,0.0020915965852348,237.6303231465248,0.49702677244151333,7015,Low Priority,No immediate intervention
5787-KXGIY,0.0021373628124012,231.64871307019644,0.4951173448568337,7016,Low Priority,No immediate intervention
0902-XKXPN,0.0020374023112974,242.43431069306735,0.49393622494384737,7017,Low Priority,No immediate intervention
9537-JALFH,0.0020403428820649,238.83478722575546,0.48730485810555507,7018,Low Priority,No immediate intervention
6980-IMXXE,0.0020094910636241,242.44210898929248,0.4871852514601633,7019,Low Priority,No immediate intervention
7673-BQGKU,0.0019775410035583,241.84218841140716,0.4782528439738296,7020,Low Priority,No immediate intervention
0042-RLHYP,0.0020222096965338,236.44290321043934,0.47813713154875315,7021,Low Priority,No immediate intervention
0831-JNISG,0.0020107134086023,237.6510422839084,0.47784813728856673,7022,Low Priority,No immediate intervention
2984-RGEYA,0.0020104036981469,237.04282378832465,0.47655176956323186,7023,Low Priority,No immediate intervention
3279-DYZQM,0.0020165179182588,233.4515982387113,0.4707593308945159,7024,Low Priority,No immediate intervention
7876-DNYAP,0.0019781836150218,237.6573236754249,0.47012982368465805,7025,Low Priority,No immediate intervention
4957-SREEC,0.0019110527068392,244.24933309941116,0.4667733491632991,7026,Low Priority,No immediate intervention
8750-QWZAJ,0.0019110956813185,237.6434257296827,0.4541593246057303,7027,Low Priority,No immediate intervention
8229-BUJHX,0.0018424317437025,246.0429951835498,0.45331742464181346,7028,Low Priority,No immediate intervention
1403-GYAFU,0.0018802852592631,240.64980963209916,0.4524902896957072,7029,Low Priority,No immediate intervention
0640-YJTPY,0.0017702564846313,252.03508402965053,0.4461667418580834,7030,Low Priority,No immediate intervention
0264-CNITK,0.0018108073166593,241.2436305604674,0.43684573131634746,7031,Low Priority,No immediate intervention
3642-BYHDO,0.0018178728622155,238.84394824892615,0.43418793182612614,7032,Low Priority,No immediate intervention
0794-YVSGE,0.0017576587792143,243.63619593925614,0.42822929872700893,7033,Low Priority,No immediate intervention
4817-KEQSP,0.0017938930401002,238.24402767104084,0.42738430308451963,7034,Low Priority,No immediate intervention
1052-QJIBV,0.0017688983164134,238.8585275581412,0.4225164472585796,7035,Low Priority,No immediate intervention
0464-WJTKO,0.0017497435779652,241.24431192394013,0.42211568550954776,7036,Low Priority,No immediate intervention
3173-WSSUE,0.0017833771501492,236.45884524659994,0.4216953015634521,7037,Low Priority,No immediate intervention
4086-WITJG,0.0017762537820239,236.4510469503748,0.419997066409114,7038,Low Priority,No immediate intervention
4277-BWBML,0.0017387470658879,239.43675189405906,0.41631994982152426,7039,Low Priority,No immediate intervention
1166-PQLGG,0.0017699010113646,234.64518556720168,0.4152987512472245,7040,Low Priority,No immediate intervention
0784-ZQJZX,0.0017324004206479,238.84483357209115,0.4137748901498684,7041,Low Priority,No immediate intervention
2848-YXSMW,0.001723001496162,232.85220484653564,0.4012046973352014,7042,Low Priority,No immediate intervention
6928-ONTRW,0.0016818649588949,236.45952661007266,0.39769299200235736,7043,Low Priority,No immediate intervention
