customerID,future_12_month_revenue_if_retained
7590-VHVEG,358.20000000000005
5575-GNVDE,683.4000000000001
3668-QPYBK,646.2
7795-CFOCW,507.59999999999997
9237-HQITU,848.4000000000001
9305-CDSKC,1195.8000000000002
1452-KIOVK,1069.1999999999998
6713-OKOMC,357.0
7892-POOKP,1257.6
6388-TABGU,673.8
9763-GRSKD,599.4000000000001
7469-LKBCI,227.39999999999998
8091-TTVAX,1204.1999999999998
0280-XJGEX,1244.4
5129-JLPIS,1266.0
3655-SNQYZ,1359.0
8191-XWSZG,247.79999999999998
9959-WOFKT,1280.4
4190-MFLUW,662.4000000000001
4183-MYFRB,1080.6
8779-QRDMV,475.79999999999995
1680-VDCWW,237.60000000000002
1066-JKSGK,241.79999999999998
3638-WEABW,718.8
6322-HRPFA,715.2
6865-JZNKO,663.5999999999999
6467-CHFZW,1192.1999999999998
8665-UTDHZ,362.4
5248-YGIJN,1083.0
8773-HHUOZ,776.4000000000001
3841-NFECX,1156.1999999999998
4929-XIHVW,1146.0
6827-IEAUQ,793.8000000000001
7310-EGVHZ,242.39999999999998
3413-BMNZE,543.0
6234-RAAPL,1198.8000000000002
6047-YHPVI,836.4000000000001
6572-ADKRS,897.5999999999999
5380-WJKOV,1276.1999999999998
8168-UQWWF,1174.1999999999998
8865-TNMNX,594.5999999999999
9489-DEDVP,830.4000000000001
9867-JCZSP,249.0
4671-VJLCL,958.1999999999999
4080-IIARD,914.4000000000001
3714-NTNFO,1014.0
5948-UJZLF,591.0
7760-OYPDY,967.8000000000001
7639-LIAYI,957.0
2954-PIBKO,769.8000000000001
8012-SOUDQ,1083.0
9420-LOJKX,1189.1999999999998
6575-SUVOI,834.0
7495-OOKFY,967.8000000000001
4667-QONEA,898.1999999999999
1658-BYGOY,1145.4
8769-KKTPH,1195.8000000000002
5067-XJQFU,1301.4
3957-SQXML,299.4
5954-BDFSG,1290.0
0434-CSFON,1206.0
1215-FIGMP,1078.8000000000002
0526-SXDJP,505.20000000000005
0557-ASKVU,652.8
5698-BQJOH,1132.8000000000002
5122-CYFXA,903.5999999999999
8627-ZYGSZ,946.8000000000001
3410-YOQBQ,950.4000000000001
3170-NMYVV,241.79999999999998
7410-OIEDU,958.1999999999999
2273-QCKXA,588.5999999999999
0731-EBJQB,244.79999999999998
1891-QRQSA,1339.1999999999998
8028-PNXHQ,291.0
5630-AHZIL,774.0
2673-CXQEU,1326.0
6416-JNVRK,667.8
5590-ZSKRV,655.8
0191-ZHSKZ,897.0
3887-PBQAO,310.79999999999995
5919-TMRGD,952.1999999999999
8108-UXRQN,606.5999999999999
9191-MYQKX,901.8000000000001
9919-YLNNG,1245.6
0318-ZOPWS,241.79999999999998
4445-ZJNMU,1191.6
4808-YNLEU,745.8
1862-QRWPE,247.79999999999998
2796-NNUFI,239.39999999999998
3016-KSVCP,405.0
4767-HZZHQ,984.5999999999999
2424-WVHPL,896.4000000000001
7233-PAHHL,1008.0
6067-NGCEU,1332.6
9848-JQJTX,1210.8000000000002
8637-XJIVR,947.4000000000001
9803-FTJCG,802.1999999999999
0278-YXOOG,252.60000000000002
3212-KXOCR,252.0
4598-XLKNJ,1182.0
6380-ARCEH,242.39999999999998
3679-XASPY,233.39999999999998
7123-WQUHX,1140.0
5386-THSLQ,546.5999999999999
3192-NQECA,1320.0
6180-YBIQI,291.6
6728-DKUCO,1249.8000000000002
9750-BOOHV,361.79999999999995
8597-CWYHH,1132.1999999999998
2848-YXSMW,232.79999999999998
0486-HECZI,1161.0
4549-ZDQYY,695.4000000000001
5712-AHQNN,1099.8000000000002
4846-WHAFZ,918.0
5256-SKJGO,655.2
3071-VBYPO,1078.1999999999998
9560-BBZXK,372.6
5299-RULOA,1203.0
8402-OOOHJ,247.79999999999998
9445-ZUEQE,1022.4000000000001
1091-SOZGA,1197.6
2928-HLDBA,248.39999999999998
0404-SWRVG,892.8000000000001
6497-TILVL,608.4000000000001
7219-TLZHO,250.20000000000002
4622-YNKIJ,1067.4
4412-YLTKF,936.5999999999999
6734-PSBAW,282.6
3930-ZGWVE,237.0
2639-UGMAZ,677.4000000000001
2876-GZYZC,1031.4
6207-WIOLX,703.2
8587-XYZSF,606.5999999999999
3091-FYHKI,425.40000000000003
2372-HWUHI,532.2
7799-LGRDP,308.4
7850-VWJUU,900.0
3774-VBNXY,242.39999999999998
6217-KDYWC,235.20000000000002
0390-DCFDQ,845.4000000000001
3146-MSEGF,1056.6
4080-OGPJL,853.8000000000001
1095-WGNGG,1212.6
2636-SJDOU,1011.5999999999999
1131-QQZEB,287.4
5716-EZXZN,1188.6
6837-BJYDQ,235.20000000000002
2135-RXIHG,547.8
6440-DKQGE,774.0
3466-BYAVD,834.0
3780-YVMFA,822.5999999999999
3874-EQOEP,1140.0
1679-JRFBR,1297.8000000000002
9073-ZZIAY,1033.1999999999998
3077-RSNTJ,236.39999999999998
6551-GNYDG,970.8000000000001
9167-APMXZ,1009.8000000000001
2749-CTKAJ,241.79999999999998
6371-NZYEG,771.0
7554-NEWDD,308.4
8992-VONJD,672.0
0867-MKZVY,988.8000000000001
4482-EWFMI,836.4000000000001
4648-YPBTM,886.8000000000001
2907-ILJBN,247.20000000000002
6345-FZOQH,238.79999999999998
3376-BMGFE,850.8000000000001
5997-OPVFA,1068.6
3445-HXXGF,543.5999999999999
1159-WFSGR,244.79999999999998
7654-YWJUF,1011.0
1875-QIVME,1252.8000000000002
6727-IOTLZ,983.4000000000001
0691-JVSYA,1138.1999999999998
5918-VUKWP,246.60000000000002
1744-JHKYS,296.4
2656-FMOKZ,893.4000000000001
2070-FNEXE,917.4000000000001
5947-SGKCL,1264.1999999999998
3712-PKXZA,246.60000000000002
6317-YPKDH,359.4
6582-OIVSP,543.5999999999999
9367-WXLCH,1014.0
5524-KHNJP,897.0
1918-ZBFQJ,951.0
1024-GUALD,297.6
4827-USJHP,621.5999999999999
8167-GJLRN,364.79999999999995
0956-SYCWG,235.79999999999998
8017-UVSZU,679.2
7100-FQPRV,862.8000000000001
2472-OVKUP,1092.0
2984-RGEYA,237.0
9680-NIAUV,1316.4
2146-EGVDT,231.60000000000002
2604-IJPDU,1158.6
9178-JHUVJ,289.20000000000005
6168-YBYNP,1336.1999999999998
7255-SSFBC,1347.0
3645-DEYGF,249.0
9323-HGFWY,1222.8000000000002
8544-GOQSH,960.5999999999999
3363-DTIVD,1266.6
7018-WBJNK,939.5999999999999
9142-KZXOP,826.1999999999999
7674-YTAFD,959.4000000000001
6348-SNFUS,665.4000000000001
1285-OKIPP,958.8000000000001
7825-ECJRF,1279.1999999999998
1347-KTTTA,1229.4
7841-TZDMQ,552.0
4195-NZGTA,303.0
7157-SMCFK,237.0
4709-LKHYG,240.0
2504-DSHIH,1041.6
0699-NDKJM,705.0
9286-BHDQG,543.0
0230-WEQUW,679.2
2040-LDIWQ,1010.4000000000001
6496-JDSSB,960.0
9408-SSNVZ,841.8000000000001
4443-EMBNA,297.0
6469-MRVET,242.39999999999998
0742-MOABM,600.5999999999999
5961-VUSRV,232.20000000000002
6778-JFCMK,607.2
6341-JVQGF,973.8000000000001
2232-DMLXU,662.4000000000001
4811-JBUVU,1078.8000000000002
0945-TSONX,1023.5999999999999
2651-ZCBXV,1296.0
3316-UWXUY,1122.0
8937-RDTHP,1015.1999999999999
7083-MIOPC,243.0
1984-GPTEH,301.79999999999995
1251-KRREG,652.8
0621-JFHOL,355.20000000000005
9903-LYSAB,877.8000000000001
0094-OIFMO,1140.0
9227-UAQFT,237.0
7301-ABVAD,1039.1999999999998
6614-FHDBO,1310.4
7576-ASEJU,896.4000000000001
9058-HRZSV,1132.8000000000002
4522-AKYLR,657.5999999999999
0221-WMXNQ,904.1999999999999
0303-UNCIP,780.0
9947-OTFQU,892.8000000000001
0322-YINQP,582.5999999999999
0959-WHOKV,1188.0
4075-JFPGR,1122.0
4629-NRXKX,844.8000000000001
9514-JDSKI,482.40000000000003
3282-ZISZV,1004.4000000000001
3675-YDUPJ,238.20000000000002
4111-BNXIF,714.5999999999999
7017-VFHAY,1381.1999999999998
6655-LHBYW,1372.1999999999998
4959-JOSRX,535.2
5046-NUHWD,540.0
7273-TEFQD,493.79999999999995
3606-TWKGI,1282.8000000000002
7529-ZDFXI,1078.1999999999998
7605-BDWDC,598.2
1950-KSVVJ,1359.6
0123-CRBRT,1057.1999999999998
6292-TOSSS,298.79999999999995
3197-ARFOY,1260.0
6323-AYBRX,232.20000000000002
7014-ZZXAW,291.0
4385-GZQXV,1133.4
7633-MVPUY,717.0
6366-ZGQGL,297.6
4716-HHKQH,1284.6
5940-AHUHD,847.1999999999999
6432-TWQLB,1024.8000000000002
4484-GLZOU,1260.6
3179-GBRWV,779.4000000000001
8645-KWHJO,660.0
4130-MZLCC,606.5999999999999
0314-TKOSI,661.8
8229-MYEJZ,614.4000000000001
2080-SRCDE,304.79999999999995
9577-WJVCQ,653.4000000000001
9512-UIBFX,1141.8000000000002
6202-DYYFX,912.0
3808-HFKDE,532.2
5583-SXDAG,840.0
3488-PGMQJ,894.0
3580-REOAC,538.2
7534-BFESC,913.1999999999999
3727-OWVYD,734.4000000000001
2294-SALNE,1041.6
4847-TAJYI,1072.1999999999998
1563-IWQEX,236.39999999999998
8203-XJZRC,243.0
6556-DBKZF,912.5999999999999
6851-WEFYX,1209.6
2985-JUUBZ,894.5999999999999
6390-DSAZX,883.1999999999999
0895-LMRSF,778.8000000000001
8098-LLAZX,1145.4
8266-VBFQL,1084.8000000000002
8181-YHCMF,723.5999999999999
2240-HSJQD,982.1999999999999
1248-DYXUB,297.6
0265-EDXBD,898.8000000000001
4115-BNPJY,906.5999999999999
3167-SNQPL,1213.8000000000002
4091-TVOCN,945.0
1098-TDVUQ,231.0
7277-OZCGZ,1068.6
1557-EMYVT,1380.6
2799-ARNLO,832.1999999999999
7563-BIUPC,967.1999999999999
5027-YOCXN,1320.6
3973-SKMLN,238.79999999999998
2321-OMBXY,963.5999999999999
2840-XANRC,1117.8000000000002
6745-JEFZB,1098.0
5020-ZSTTY,989.4000000000001
9880-TDQAC,720.0
8705-WZCYL,537.5999999999999
7102-JJVTX,583.2
8626-PTQGE,720.5999999999999
4983-CLMLV,1232.4
5701-YVSVF,994.8000000000001
5804-LEPIM,844.1999999999999
5697-GOMBF,430.79999999999995
2739-CACDQ,991.8000000000001
9385-EHGDO,238.20000000000002
9498-FIMXL,230.39999999999998
2379-GYFLQ,1138.8000000000002
0122-OAHPZ,886.1999999999999
2868-SNELZ,967.1999999999999
4322-RCYMT,909.5999999999999
6680-NENYN,1255.1999999999998
2088-IEBAU,1057.8000000000002
7982-VCELR,1137.6
1343-EHPYB,1240.8000000000002
6035-BXTTY,655.8
6885-PKOAM,1029.0
7520-HQWJU,809.4000000000001
9639-BUJXT,246.0
5924-SNGKP,243.0
0021-IKXGC,865.1999999999999
2034-GDRCN,1084.8000000000002
8966-SNIZF,233.39999999999998
6243-OZGFH,539.4000000000001
4654-DLAMQ,1164.0
0513-RBGPE,753.5999999999999
5160-UXJED,535.2
4115-NZRKS,1069.8000000000002
0219-YTZUE,1017.5999999999999
0623-IIHUG,502.79999999999995
4572-DVCGN,963.0
3351-NGXYI,649.2
8984-EYLLL,1263.0
9057-MSWCO,369.0
9833-TGFHX,1165.1999999999998
9294-TDIPC,242.39999999999998
5229-DTFYB,1185.6
0104-PPXDV,603.5999999999999
5176-LMJXE,246.60000000000002
3583-KRKMD,910.8000000000001
1010-DIAUQ,1158.0
9069-LGEUL,719.4000000000001
7302-ZHMHP,229.79999999999998
9571-EDEBV,1183.8000000000002
3520-FJGCV,1351.1999999999998
6563-VRERX,247.20000000000002
0259-GBZSH,1027.8000000000002
6122-EFVKN,429.0
2805-EDJPQ,1197.0
6862-CQUMB,1153.1999999999998
7156-MXBJE,1021.1999999999999
6158-HDPXZ,304.20000000000005
9601-BRXPO,1259.4
2863-IMQDR,1075.8000000000002
5686-CMAWK,1041.0
5651-CRHKQ,1034.4
6905-NIQIN,607.8
8204-YJCLA,777.5999999999999
5167-ZFFMM,1090.1999999999998
6583-SZVGP,1297.1999999999998
4895-TMWIR,239.39999999999998
0533-BNWKF,1025.4
1708-PBBOA,657.0
8782-LKFPK,1084.8000000000002
5522-JBWMO,528.0
3597-MVHJT,1147.1999999999998
9774-NRNAU,1017.5999999999999
0224-RLWWD,531.5999999999999
9967-ATRFS,238.79999999999998
3951-NJCVI,1140.6
2977-CEBSX,1080.6
0177-PXBAT,1318.8000000000002
6599-CEBNN,887.4000000000001
2519-ERQOJ,655.2
5876-QMYLD,240.60000000000002
2277-AXSDC,237.0
9442-JTWDL,240.60000000000002
0979-PHULV,1193.4
3067-SVMTC,670.8
5495-GPSRW,236.39999999999998
7606-BPHHN,237.60000000000002
4742-DRORA,1144.8000000000002
0111-KLBQG,1127.4
4800-VHZKI,238.79999999999998
7989-CHGTL,235.20000000000002
0334-GDDSO,976.1999999999999
4163-NCJAK,293.4
5233-AOZUF,899.4000000000001
5973-EJGDP,1048.1999999999998
1996-DBMUS,847.8000000000001
7916-VCCPB,879.0
4686-GEFRM,1184.4
5249-QYHEX,297.6
0578-SKVMF,999.5999999999999
5564-NEMQO,903.5999999999999
2233-FAGXV,291.6
5605-IYGFG,838.1999999999999
7663-ZTEGJ,1206.6
3935-TBRZZ,308.4
8111-BKVDS,488.40000000000003
2055-SIFSS,619.8
2806-MLNTI,1261.1999999999998
8734-DKSTZ,1031.4
4360-PNRQB,907.1999999999999
6152-ONASV,699.0
9063-ZGTUY,232.79999999999998
7781-HVGMK,782.4000000000001
2181-UAESM,641.4000000000001
2957-LOLHO,544.8
6048-NJXHX,237.0
2320-SLKMB,533.4000000000001
4980-URKXC,250.20000000000002
4376-KFVRS,1368.6
5886-VLQVU,1078.1999999999998
3577-AMVUX,660.5999999999999
0771-WLCLA,1355.4
5628-RKIFK,1218.6
0206-TBWLC,1375.8000000000002
2937-FTHUR,777.5999999999999
1910-FMXJM,964.8000000000001
7752-XUSCI,1270.8000000000002
4110-PFEUZ,834.5999999999999
0732-OCQOC,300.6
5168-MSWXT,1137.0
1090-ESELR,1266.0
8592-PLTMQ,296.4
5760-WRAHC,837.0
8847-GEOOQ,722.4000000000001
0256-LTHVJ,972.5999999999999
4785-FCIFB,292.79999999999995
8313-NDOIA,1249.8000000000002
5149-CUZUJ,1114.8000000000002
0942-KOWSM,969.5999999999999
4237-CLSMM,240.0
1452-VOQCH,901.1999999999999
4719-UMSIY,235.79999999999998
6614-VBEGU,833.4000000000001
0880-TKATG,1213.8000000000002
3811-VBYBZ,1197.6
1480-BKXGA,1392.6
2996-XAUVF,480.59999999999997
9076-AXYIK,1225.1999999999998
5968-XQIVE,1076.4
8896-RAZCR,238.79999999999998
4640-UHDOS,671.4000000000001
4933-IKULF,247.79999999999998
3583-EKAPL,660.0
1304-BCCFO,840.5999999999999
4104-PVRPS,643.2
9399-APLBT,896.4000000000001
2359-KMGLI,963.0
3780-DDGSE,912.5999999999999
4431-EDMIQ,908.4000000000001
0306-JAELE,1153.1999999999998
6227-HWPWX,828.0
0486-LGCCH,235.79999999999998
0447-BEMNG,543.5999999999999
4612-SSVHJ,977.4000000000001
5168-MQQCA,1302.0
5949-XIKAE,1002.5999999999999
7971-HLVXI,1014.0
9094-AZPHK,1201.8000000000002
3649-JPUGY,1063.1999999999998
4472-LVYGI,630.5999999999999
8372-JUXUI,892.1999999999999
3552-CTCYF,1257.6
6778-YSNIH,708.0
0388-EOPEX,892.8000000000001
5756-OZRIO,768.5999999999999
6579-JPICP,244.79999999999998
8205-OTCHB,525.0
4134-BSXLX,730.8
0505-SPOOW,237.60000000000002
6235-VDHOM,341.4
7783-YKGDV,1196.4
4374-YMUSQ,1395.0
4513-CXYIX,968.4000000000001
3957-HHLMR,782.4000000000001
7803-XOCCZ,1008.5999999999999
5736-YEJAX,953.4000000000001
5609-CEBID,1129.1999999999998
8981-FJGLA,936.0
7218-HKQFK,1130.4
4636-QRJKY,966.0
1135-LMECX,238.20000000000002
4332-MUOEZ,1131.6
8535-SFUTN,1277.4
5956-VKDTT,892.1999999999999
8677-HDZEE,1265.4
2475-MROZF,1140.0
9412-GHEEC,1257.6
3482-ABPKK,651.5999999999999
6705-LXORM,840.5999999999999
0257-ZESQC,902.4000000000001
7531-GQHME,240.60000000000002
5174-ITUMV,1264.8000000000002
4109-CYRBD,619.2
0913-XWSCN,1026.0
6825-UYPFK,907.1999999999999
8397-MVTAZ,1200.6
0750-EBAIU,1095.0
8606-CIQUL,1389.0
3571-DPYUH,1136.4
7601-GNDYK,235.20000000000002
0356-OBMAC,1198.8000000000002
8067-NIOYM,253.20000000000002
1403-GYAFU,240.60000000000002
4234-XTNEA,959.4000000000001
1297-VQDRP,1285.8000000000002
9282-IZGQK,1020.0
5348-CAGXB,1074.6
0621-HJWXJ,978.5999999999999
5844-QVTAT,701.4000000000001
8905-IAZPF,1147.8000000000002
5394-MEITZ,967.1999999999999
6859-QNXIQ,1357.1999999999998
2782-LFZVW,707.4000000000001
2866-IKBTM,234.60000000000002
1342-JPNKI,1032.6
2817-NTQDO,546.5999999999999
7129-AZJDE,947.4000000000001
6986-IJDHX,1035.6
2560-PPCHE,1260.6
4676-MQUEA,1222.8000000000002
8138-EALND,237.0
3580-HYCSP,1323.6
1352-HNSAW,1387.1999999999998
2075-PUEPR,232.20000000000002
1982-FEBTD,307.20000000000005
5301-GAUUY,964.1999999999999
5791-KAJFD,825.0
2654-VBVPB,238.79999999999998
1154-HYWWO,847.1999999999999
2501-XWWTZ,842.4000000000001
3716-UVSPD,591.5999999999999
6815-ABQFQ,1287.0
7343-EOBEU,283.20000000000005
3701-SFMUH,836.4000000000001
6103-LIANB,1194.0
7319-VENRZ,771.5999999999999
5846-NEQVZ,850.1999999999999
6967-QIQRV,1222.8000000000002
5781-RFZRP,882.0
0939-YAPAF,1203.0
0308-IVGOK,484.79999999999995
7293-LSCDV,231.0
7025-WCBNE,715.2
5756-JYOJT,778.8000000000001
4710-FDUIZ,1203.6
6030-REHUX,1330.1999999999998
9548-LIGTA,972.5999999999999
5150-LJNSR,1176.6
8270-RKSAP,846.0
6522-YRBXD,1134.6
2640-LYMOV,235.79999999999998
1218-VKFPE,228.0
3627-FHKBK,903.5999999999999
2865-TCHJW,1070.4
1423-BMPBQ,228.0
2393-DIVAI,240.0
5192-EBGOV,1028.4
4568-KNYWR,759.0
8752-IMQOS,241.20000000000002
0742-LAFQK,1189.8000000000002
0795-LAFGP,1084.8000000000002
0619-OLYUR,1342.8000000000002
5512-IDZEI,298.79999999999995
0459-SPZHJ,1002.0
0215-BQKGS,1011.5999999999999
9244-ZVAPM,547.2
0719-SYFRB,739.8
8208-EUMTE,658.2
5172-MIGPM,786.5999999999999
1710-RCXUS,1084.1999999999998
0374-FIUCA,244.79999999999998
5839-SUYVZ,894.5999999999999
5173-ZXXXL,239.39999999999998
1096-ADRUX,891.0
2001-MCUUW,1303.8000000000002
2731-GJRDG,1314.6
4723-BEGSG,1039.8000000000002
6516-NKQBO,972.0
8672-OAUPW,574.2
8207-DMRVL,1374.6
3419-SNJJD,1263.0
6543-CPZMK,359.4
4765-OXPPD,780.0
2804-ETQDK,246.60000000000002
6689-VRRTK,1317.6
7138-GIRSH,834.0
9396-ZSFLL,586.2
6464-KEXXH,303.0
7134-MJPDY,1234.1999999999998
5240-CAOYT,1050.6
4059-IIEBK,942.5999999999999
4881-JVQOD,414.59999999999997
0516-UXRMT,1104.6
4851-BQDNX,1020.5999999999999
5148-HKFIR,236.39999999999998
1009-IRMNA,240.0
3003-CMDUU,1141.8000000000002
5016-IBERQ,1011.0
6797-UCJHZ,1255.1999999999998
2469-DTSGX,1339.8000000000002
4554-YGZIH,1080.6
5099-BAILX,1329.0
9931-KGHOA,660.0
1775-KWJKQ,1078.1999999999998
7665-VIGUD,244.20000000000002
9411-TPQQV,654.5999999999999
7207-RMRDB,1266.0
7954-MLBUN,1193.4
2077-DDHJK,850.8000000000001
4913-EHYUI,1254.6
0195-IESCP,1023.0
9574-BOSMD,304.79999999999995
4580-TMHJU,673.8
0970-ETWGE,1074.6
4908-XAXAY,1078.1999999999998
8404-VLQFB,303.0
1626-ERCMM,1134.6
0887-HJGAR,548.4000000000001
2391-IPLOP,835.8000000000001
5644-PDMZC,1074.0
3509-GWQGF,840.0
9576-ANLXO,834.5999999999999
2024-BASKD,895.1999999999999
5845-BZZIB,241.20000000000002
1140-UKVZG,297.6
4160-AMJTL,235.79999999999998
5183-SNMJQ,1141.1999999999998
8100-PNJMH,1066.1999999999998
7838-LAZFO,945.5999999999999
4464-JCOLN,238.20000000000002
2085-JVGAD,244.20000000000002
5650-VDUDS,291.0
8095-WANWK,543.0
3030-ZKIWL,240.60000000000002
9565-FLVCG,834.5999999999999
8755-OGKNA,234.0
2800-VEQXM,897.0
7538-GWHML,835.8000000000001
5533-RJFTJ,362.4
3859-CVCET,547.8
0214-JHPFW,693.5999999999999
5642-MHDQT,238.20000000000002
3088-FVYWK,306.6
3276-HDUEG,900.5999999999999
9092-GDZKO,298.20000000000005
0823-HSCDJ,589.8
3729-OWRVL,1324.1999999999998
2324-AALNO,294.6
0822-GAVAP,416.40000000000003
5760-IFJOZ,1295.4
2826-UWHIS,976.8000000000001
1448-PWKYE,960.0
7501-IWUNG,885.5999999999999
4957-TREIR,772.8000000000001
7251-LJBQN,1245.0
8040-MNRTF,853.1999999999999
1536-HBSWP,598.8
5313-FPXWG,295.20000000000005
0067-DKWBL,591.0
0946-FKYTX,361.20000000000005
5076-YVXCM,1000.8000000000001
8262-COGGB,245.39999999999998
6663-JOCQO,903.0
9620-QJREV,246.60000000000002
2276-YDAVZ,901.1999999999999
2682-KEVRP,240.60000000000002
2480-JZOSN,247.79999999999998
0078-XZMHT,1021.8000000000001
5896-NPFWW,601.8
9978-HYCIN,1019.4000000000001
8338-QIUNR,798.0
1525-LNLOJ,759.5999999999999
9450-TRJUU,997.8000000000001
1766-GKNMI,1018.8000000000001
6942-LBFDP,246.60000000000002
1456-TWCGB,591.0
7133-VBDCG,958.1999999999999
7596-ZYWBB,715.2
8329-UTMVM,1255.8000000000002
3014-WJKSM,903.5999999999999
3347-YJZZE,961.1999999999999
1029-QFBEN,234.60000000000002
7929-DMBCV,972.0
9661-JALZV,296.4
5433-KYGHE,1032.0
4312-KFRXN,304.79999999999995
5575-TPIZQ,1069.8000000000002
0114-IGABW,699.0
9944-AEXBM,1027.8000000000002
1853-ARAAQ,604.2
6952-OMNWB,964.1999999999999
4697-LUPSU,242.39999999999998
8434-VGEQQ,246.60000000000002
4952-YSOGZ,1031.4
1589-AGTLK,544.2
5244-IRFIH,1134.0
6549-YMFAW,255.0
4950-HKQTE,315.0
6786-OBWQR,970.1999999999999
2684-EIWEO,1100.4
2753-JMMCV,890.4000000000001
6439-GTPCA,1047.0
6621-YOBKI,244.20000000000002
1216-JWVUX,906.0
7564-GHCVB,948.5999999999999
1173-NOEYG,1081.8000000000002
7595-EHCDL,607.2
6647-ZEDXT,1325.4
2521-NPUZR,1212.0
1307-TVUFB,952.1999999999999
7503-MIOGA,1078.1999999999998
4381-MHQDC,780.0
6923-JHPMP,965.4000000000001
5138-WVKYJ,1182.6
4018-PPNDW,289.20000000000005
1635-FJFCC,528.5999999999999
2499-AJYUA,1329.6
6919-ELBGL,1379.4
3966-HRMZA,900.5999999999999
6425-JWTDV,231.0
8405-IGQFX,1080.6
8224-IVVPA,680.4000000000001
9477-LGWQI,961.8000000000001
1410-RSCMR,856.1999999999999
3115-CZMZD,243.0
0139-IVFJG,1084.1999999999998
6683-VLCTZ,1182.6
5730-DBDSI,236.39999999999998
0030-FNXPP,238.20000000000002
2189-WWOEW,1030.8000000000002
5684-FJVYR,1084.1999999999998
4013-GUXND,249.60000000000002
1894-IGFSG,1071.0
7379-POKDZ,843.5999999999999
1266-NZYUI,802.1999999999999
7969-FFOWG,238.79999999999998
4718-DHSMV,429.59999999999997
5175-WLYXL,946.1999999999999
7817-OMJNA,244.79999999999998
8728-SKJLR,891.0
3137-NYQQI,777.5999999999999
7706-DZNKK,245.39999999999998
0236-HFWSV,1120.1999999999998
3900-AQPHZ,238.79999999999998
5842-POCOP,1066.8000000000002
2037-XJFUP,1149.6
8823-RLPWL,1327.8000000000002
9505-SQFSW,483.59999999999997
7314-OXENN,984.0
3758-CKOQL,1284.0
0322-CHQRU,544.2
5676-CFLYY,880.1999999999999
7521-AFHAB,537.5999999999999
0285-INHLN,657.0
4678-DVQEO,626.4000000000001
5125-CNDSP,487.20000000000005
0691-IFBQW,1320.0
4992-LTJNE,663.5999999999999
2202-OUTMO,730.2
0810-BDHAW,940.8000000000001
0229-LFJAF,835.8000000000001
7131-ZQZNK,718.2
3442-ZHHCC,922.8000000000001
5726-CVNYA,238.20000000000002
9871-ELEYA,811.8000000000001
4257-GAESD,540.0
5173-WXOQV,770.4000000000001
2040-OBMLJ,980.4000000000001
6286-ZHAOK,306.6
3807-XHCJH,240.0
3009-JWMPU,1161.0
5671-RQRLP,907.8000000000001
1450-GALXR,1182.0
8859-AXJZP,285.6
3174-AKMAS,770.4000000000001
3138-BKYAV,1024.1999999999998
9926-PJHDQ,921.5999999999999
7382-DFJTU,662.4000000000001
2798-NYLMZ,1302.6
4289-DTDKW,1215.6
1820-TQVEV,834.5999999999999
2239-JALAW,1239.0
4853-RULSV,1248.0
8098-TDCBU,303.0
3551-GAEGL,364.79999999999995
4785-NKHCX,240.60000000000002
3196-NVXLZ,1015.1999999999999
6275-YDUVO,1034.4
0036-IHMOT,1244.4
0115-TFERT,1334.4
4178-EGMON,1056.0
4220-TINQT,1276.1999999999998
5318-YKDPV,949.8000000000001
7975-TZMLR,1237.1999999999998
0295-QVKPB,767.4000000000001
4335-BSMJS,309.6
2311-QYMUQ,1073.4
3643-AHCFP,1147.1999999999998
9146-JRIOX,306.6
3104-OWCGK,1091.4
5337-IIWKZ,538.2
9101-BWFSS,1302.6
9650-VBUOG,300.6
3487-EARAT,889.1999999999999
2672-TGEFF,1065.6
9231-ZJYAM,946.1999999999999
4250-WAROZ,1119.0
8184-WMOFI,856.8000000000001
6982-SSHFK,532.8
6092-QZVPP,950.4000000000001
4625-LAMOB,244.79999999999998
0727-BMPLR,1200.0
0392-BZIUW,1260.0
1038-ZAGBI,237.60000000000002
6549-NNDYT,370.20000000000005
3027-ZTDHO,1078.8000000000002
0422-OHQHQ,246.60000000000002
6916-HIJSE,1018.1999999999999
2316-ESMLS,397.79999999999995
9778-OGKQZ,1104.0
7408-OFWXJ,1077.6
6007-TCTST,1389.6
2252-NKNSI,1021.8000000000001
8713-IGZSO,298.20000000000005
7905-TVXTA,772.1999999999999
7695-PKLCZ,246.0
2382-BCKQJ,1201.8000000000002
8374-UULRV,1032.6
2207-NHRJK,609.5999999999999
3224-DFQNQ,1068.0
5275-PMFUT,777.5999999999999
4795-UXVCJ,237.60000000000002
9777-IQHWP,1120.8000000000002
0947-MUGVO,883.8000000000001
9944-HKVVB,1141.1999999999998
4124-MMETB,1135.8000000000002
3671-SHRSP,967.1999999999999
0979-MOZQI,468.0
2732-ISEZX,246.0
3313-QKNKB,1026.6
0323-XWWTN,316.79999999999995
1937-OTUKY,1178.4
1573-LGXBA,1170.6
1764-VUUMT,239.39999999999998
5073-WXOYN,609.5999999999999
4713-ZBURT,1196.4
3050-GBUSH,417.59999999999997
0207-MDKNV,1261.1999999999998
7876-AEHIG,721.8
7945-HLKEA,777.0
9342-VNIMQ,655.8
9851-KIELU,1321.1999999999998
3523-BRGUW,231.60000000000002
3908-BLSYF,1006.8000000000001
3199-NPKCN,1335.0
5170-PTRKA,429.59999999999997
4661-NJEUX,240.60000000000002
2123-AGEEN,1012.1999999999999
1258-YMZNM,1326.0
0048-LUMLS,1094.4
7549-MYGPK,1206.6
5898-IGSLP,1071.6
3804-RVTGV,1246.1999999999998
6259-WJQLC,973.1999999999999
9227-LUNBG,295.20000000000005
7997-EASSD,974.4000000000001
0730-KOAVE,1131.6
8975-SKGRX,1393.1999999999998
0678-RLHVP,1266.6
4315-MURBD,1186.8000000000002
2267-FPIMA,1132.8000000000002
1051-GEJLJ,234.0
9734-YWGEX,1179.6
2719-BDAQO,1126.1999999999998
5285-MVEHD,1267.1999999999998
0379-DJQHR,976.1999999999999
0781-LKXBR,1206.0
5543-QDCRY,676.8
0297-RBCSG,784.1999999999999
4694-PHWFW,239.39999999999998
0835-JKADZ,1335.0
1907-UBQFC,874.1999999999999
7508-SMHXL,1068.0
3865-YIOTT,1273.1999999999998
5993-BQHEA,240.60000000000002
6024-RUGGH,302.4
6513-EECDB,882.5999999999999
3956-CJUST,904.8000000000001
4079-WWQQQ,786.5999999999999
6103-BOCOU,968.4000000000001
5149-TGWDZ,1254.6
7471-WNSUF,289.79999999999995
8942-DBMHZ,245.39999999999998
4301-VVZKA,904.8000000000001
9199-PWQVC,956.4000000000001
4824-GUCBY,980.4000000000001
5393-HJZSM,915.5999999999999
7074-IEVOJ,952.8000000000001
9625-QSTYE,973.8000000000001
0862-PRCBS,1245.0
8812-ZRHFP,1037.4
5146-CBVOE,901.1999999999999
0454-OKRCT,967.1999999999999
5787-KXGIY,231.60000000000002
4750-ZRXIU,1015.1999999999999
4198-VFOEA,403.20000000000005
6630-UJZMY,999.0
5709-LVOEQ,970.1999999999999
6400-BWQKW,948.5999999999999
2692-AQCPF,1296.6
0347-UBKUZ,238.79999999999998
0835-DUUIQ,252.60000000000002
0811-GSDTP,361.79999999999995
7567-ECMCM,958.1999999999999
6115-ZTBFQ,786.0
6353-BRMMA,1249.1999999999998
6680-WKXRZ,892.8000000000001
6231-WFGFH,246.0
9904-EHEVJ,1096.1999999999998
7028-DVOIQ,1188.6
6169-PPETC,246.0
4208-UFFGW,539.4000000000001
8584-KMVXD,907.1999999999999
8467-WYNSR,661.2
0851-DFJKB,707.4000000000001
5382-SOYZL,1141.1999999999998
9448-REEVD,536.4000000000001
3261-CQXOL,305.4
8388-FYNPZ,681.0
4002-BQWPQ,981.0
5651-YLPRD,1033.1999999999998
2826-DXLQO,357.6
4378-BZYFP,246.0
9489-UTFKA,730.8
4849-PYRLQ,879.0
9117-SHLZX,548.4000000000001
9889-TMAHG,1203.6
4541-RMRLG,231.0
7764-BDPEE,250.20000000000002
3429-IFLEM,928.1999999999999
3158-MOERK,1152.0
7294-TMAOP,1086.6
5002-GCQFH,1126.1999999999998
0556-FJEGU,841.1999999999999
8919-FYFQZ,364.20000000000005
0604-THJFP,911.4000000000001
2834-JRTUA,1296.6
5875-YPQFJ,838.8000000000001
5879-SESNB,903.0
6646-QVXLR,1245.0
6461-PPAXN,659.4000000000001
3318-ISQFQ,234.0
1106-HRLKZ,235.20000000000002
2483-XSSMZ,574.2
8603-IJWDN,1039.1999999999998
8165-ZJRNM,285.0
9369-XFEHK,967.1999999999999
2604-XVDAM,525.5999999999999
3717-OFRTN,237.0
9046-JBFWA,229.79999999999998
3280-NMUVX,235.20000000000002
1206-EHBDD,963.5999999999999
8361-LBRDI,292.20000000000005
4883-KCPZJ,303.0
9108-EQPNQ,313.20000000000005
7277-KAMWT,240.0
3842-IYKUE,1023.5999999999999
6641-XRPSU,840.0
1374-DMZUI,1131.6
2545-LXYVJ,248.39999999999998
3234-VKACU,843.5999999999999
8357-EQXFO,1144.1999999999998
1989-PRJHP,906.0
8120-JDCAM,834.5999999999999
8917-FAEMR,238.20000000000002
7047-YXDMZ,240.0
2858-EIMXH,1150.1999999999998
9524-EGPJC,1081.1999999999998
6993-OHLXR,827.4000000000001
8818-XYFCQ,1194.6
6419-ZTTLE,249.0
0929-HYQEW,601.8
6614-YOLAC,703.8
7426-RHZGU,1150.8000000000002
4065-JJAVA,594.0
4695-VADHF,689.4000000000001
3863-IUBJR,643.8
7649-SIJJF,961.1999999999999
9361-YNQWJ,292.79999999999995
3748-FVMZZ,480.59999999999997
9391-TTOYH,234.0
1452-XRSJV,612.5999999999999
3422-WJOYD,652.2
8242-SOQUO,1016.4000000000001
7460-ITWWP,1033.1999999999998
7147-AYBAA,844.1999999999999
7868-TMWMZ,1320.0
4822-RVYBB,1207.1999999999998
6732-FZUGP,1138.8000000000002
8436-BJUMM,1005.0
4184-TJFAN,1059.6
8329-GWVPJ,837.0
1352-VHKAJ,859.1999999999999
4145-UQXUQ,1105.1999999999998
2632-TACXW,283.79999999999995
8146-QQKZH,982.1999999999999
1767-CJKBA,301.20000000000005
6445-TNRXS,1376.4
4581-LNWUM,589.8
4869-EPIUS,970.8000000000001
9948-YPTDG,953.4000000000001
1236-WFCDV,1085.4
1915-OAKWD,231.60000000000002
7296-PIXQY,842.4000000000001
4883-QICIH,837.0
3354-OADJP,651.0
3524-WQDSG,1191.6
0810-DHDBD,888.0
4026-SKKHW,603.0
2829-HYVZP,237.60000000000002
8329-IBCTI,235.79999999999998
1271-SJBGZ,523.8
3845-JHAMY,426.0
7013-PSXHK,969.0
5669-SRAIP,474.0
5981-ITEMU,1165.1999999999998
3486-NPGST,234.60000000000002
6941-PMGEP,960.0
1624-WOIWJ,1016.4000000000001
2074-GKOWZ,1074.6
0376-YMCJC,1087.1999999999998
6100-FJZDG,240.60000000000002
4829-ZLJTK,1348.8000000000002
1730-VFMWO,602.4000000000001
7143-BQIBA,747.0
3800-LYTRK,668.4000000000001
0634-SZPQA,1080.6
9646-NMHXE,235.79999999999998
7030-NJVDP,1071.0
5536-RTPWK,1188.6
8883-GRDWQ,648.0
6166-ILMNY,837.0
3097-NNSPB,588.5999999999999
7771-ZONAT,681.0
0655-RBDUG,1176.6
2111-DWYHN,253.20000000000002
4194-WHFCB,1159.8000000000002
4121-AGSIN,294.0
4361-BKAXE,1374.0
9845-PEEKO,950.4000000000001
0455-XFASS,834.5999999999999
0301-KOBTQ,240.60000000000002
1751-NCDLI,1186.1999999999998
4367-NUYAO,309.0
9878-TNQGW,971.4000000000001
9170-ARBTB,235.20000000000002
4441-NIHPT,891.5999999999999
8999-BOHSE,1076.4
7241-AJHFS,1051.8000000000002
7029-RPUAV,1205.4
4546-FOKWR,897.0
9036-CSKBW,1289.4
5832-TRLPB,904.1999999999999
8590-YFFQO,779.4000000000001
8659-IOOPU,1205.4
1338-CECEE,822.0
7439-DKZTW,966.5999999999999
4646-QZXTF,975.0
4607-CHPCA,1084.8000000000002
9742-XOKTS,1074.6
6921-OZMFH,668.4000000000001
9578-FOMUK,297.6
4712-UYOOI,240.0
8824-RWFXJ,673.8
7722-CVFXN,1262.4
8717-VCTXJ,234.60000000000002
7363-QTBIW,957.0
4159-NAAIX,1169.4
0971-QIFJK,291.0
9397-TZSHA,295.20000000000005
3391-JSQEW,601.8
0343-QLUZP,475.20000000000005
9763-PDTKK,1132.8000000000002
2176-LVPNX,1078.1999999999998
7627-JKIAZ,947.4000000000001
3312-UUMZW,1186.1999999999998
1271-UODNO,646.2
8461-EFQYM,291.0
6900-RBKER,1073.4
6891-JPYFF,1263.0
1459-QNFQT,714.0
1047-NNCBF,846.5999999999999
3696-XRIEN,990.0
4081-DYXAV,538.2
0074-HDKDG,739.2
8791-GFXLZ,588.5999999999999
8111-SLLHI,1267.8000000000002
0927-LCSMG,895.8000000000001
9330-DHBFL,795.0
0098-BOWSO,232.79999999999998
3452-ABWRL,1032.6
5859-HZYLF,229.79999999999998
8257-RZAHR,776.4000000000001
5293-WXJAK,1248.6
3156-QLHBO,231.0
2208-NQBCT,983.4000000000001
1779-PWPMG,1375.8000000000002
6621-NRZAK,240.0
0831-JNISG,237.60000000000002
0774-IFUVM,781.8000000000001
3082-WQRVY,235.79999999999998
9553-DLCLU,1067.4
1641-BYBTK,242.39999999999998
2460-NGXBJ,902.4000000000001
2446-ZKVAF,681.5999999999999
0841-NULXI,426.59999999999997
3522-CDKHF,906.0
1430-SFQSA,427.20000000000005
0411-EZJZE,723.0
7851-WZEKY,1141.8000000000002
8844-TONUD,1159.8000000000002
8807-ARQET,484.20000000000005
8992-CEUEN,226.20000000000002
4320-QMLLA,658.2
8777-PVYGU,771.5999999999999
8292-ITGYJ,295.79999999999995
6870-ZWMNX,913.1999999999999
0621-CXBKL,224.39999999999998
5268-DSMNQ,1175.4
5334-JLAXU,1129.1999999999998
4086-YQSNZ,964.8000000000001
6242-MBHPK,1141.1999999999998
5868-CZJDR,376.20000000000005
9359-UGBTK,868.1999999999999
0135-NMXAP,1077.0
4782-OSFXZ,992.4000000000001
6479-OAUSD,238.79999999999998
7129-ACFOG,645.5999999999999
4189-NAKJS,618.5999999999999
5562-BETPV,235.79999999999998
1282-IHQAC,528.5999999999999
9127-FHJBZ,1368.0
6270-OMFIW,1132.8000000000002
1641-RQDAY,1204.8000000000002
0107-WESLM,238.20000000000002
6994-ORCWG,651.0
1346-UFHAX,960.0
3992-YWPKO,1318.8000000000002
2933-XEUJM,950.4000000000001
0125-LZQXK,1216.1999999999998
5461-QKNTN,1131.6
4835-YSJMR,597.5999999999999
8399-YNDCH,720.5999999999999
3164-YAXFY,645.0
0887-WBJVH,1121.4
4660-IRIBM,1054.8000000000002
5673-FSSMF,721.8
7670-ZBPOQ,732.5999999999999
8089-UZWLX,1248.6
0080-OROZO,1191.0
3916-NRPAP,1028.4
6807-SIWJI,1258.1999999999998
8221-HVAYI,829.8000000000001
1579-KLYDT,1085.4
5232-NXPAY,893.4000000000001
8967-SZQAS,605.4000000000001
4468-KAZHE,720.0
0455-ENTCR,1023.0
8944-AILEF,233.39999999999998
5542-NKVRU,249.0
7126-RBHSD,946.8000000000001
5370-IIVVL,1254.0
6789-HJBWG,592.8
3927-NLNRY,1131.0
9087-EYCPR,300.0
6791-YBNAK,306.6
6358-LYNGM,898.8000000000001
6077-BDPXA,841.8000000000001
0013-MHZWF,832.8000000000001
5494-HECPR,963.0
8268-YDIXR,1117.8000000000002
9824-BEMCV,828.0
1373-ORVIZ,796.1999999999999
4291-SHSBH,834.5999999999999
6980-IMXXE,242.39999999999998
9866-QEVEE,1032.0
9897-KXHCM,963.5999999999999
0040-HALCW,244.79999999999998
0784-GTUUK,285.0
7979-CORPM,1086.6
2294-DMMUS,845.4000000000001
0872-JCPIB,789.0
3055-MJDSB,295.20000000000005
9091-WTUUY,831.0
1618-CFHME,910.8000000000001
3165-HDOEW,550.2
6581-NQCBA,599.4000000000001
7115-IRDHS,295.79999999999995
8496-DMZUK,1084.8000000000002
2040-VZIKE,1210.1999999999998
9068-VPWQQ,904.1999999999999
0178-SZBHO,1046.4
0384-RVBPI,772.8000000000001
1689-MRZQR,939.5999999999999
1299-AURJA,296.4
4525-VZCZG,1270.1999999999998
1543-LLLFT,1179.6
5835-BEQEU,923.4000000000001
2788-CJQAQ,233.39999999999998
5565-FILXA,1153.8000000000002
0319-QZTCO,704.4000000000001
2120-SMPEX,241.79999999999998
0096-FCPUF,774.0
0668-OGMHD,342.0
5552-ZNFSJ,543.5999999999999
2223-KAGMX,232.79999999999998
6507-ZJSUR,1085.4
9408-HRXRK,1261.8000000000002
5593-SUAOO,997.8000000000001
7321-PKUYW,1081.8000000000002
2833-SLKDQ,540.5999999999999
6766-HFKLA,1238.4
7595-EUIVN,909.5999999999999
7617-EYGLW,233.39999999999998
2026-TGDHM,951.5999999999999
9220-ZNKJI,1065.6
4030-VPZBD,370.79999999999995
2226-ICFDO,1030.8000000000002
0723-VSOBE,410.40000000000003
5529-GIBVH,241.79999999999998
4187-CINZD,1143.0
9992-UJOEL,603.5999999999999
4741-WWJQZ,961.8000000000001
6625-UTXEW,615.0
6818-WOBHJ,1075.1999999999998
6244-BESBM,1142.4
1004-NOZNR,1137.6
1251-STYSZ,963.0
2612-PHGOX,913.1999999999999
2408-TZMJL,1321.8000000000002
8480-PPONV,1386.6
8780-IHCRN,295.79999999999995
4598-ZADCK,643.2
1257-SXUXQ,233.39999999999998
9681-KYGYB,1058.4
7182-OVLBJ,1213.8000000000002
5095-ETBRJ,681.5999999999999
7005-CYUIL,1192.8000000000002
4821-WQOYN,241.20000000000002
4730-AWNAU,728.4000000000001
3452-FLHYD,251.39999999999998
2388-LAESQ,1378.1999999999998
9531-NSBMR,231.0
6260-ONULR,753.5999999999999
4389-UEFCZ,1266.0
8711-LOBKY,238.20000000000002
9134-CEQMF,1074.0
8985-OOPOS,889.1999999999999
8800-ZKRFW,1290.0
2616-FLVQC,234.60000000000002
9968-FFVVH,825.5999999999999
3108-PCCGG,1013.4000000000001
7993-PYKOF,900.0
8390-FESFV,1014.0
3022-BEXHZ,1334.4
5027-XWQHA,537.0
6248-TKCQV,967.1999999999999
6729-GDNGC,968.4000000000001
6198-ZFIOJ,907.1999999999999
5989-OMNJE,691.2
4566-QVRRW,528.5999999999999
1291-CUOCY,1327.1999999999998
9795-SHUHB,698.4000000000001
3230-IUALN,972.0
0042-RLHYP,236.39999999999998
8519-IMDHU,1027.1999999999998
4945-RVMTE,714.5999999999999
0201-OAMXR,1386.6
1866-NXPSP,906.5999999999999
3372-KWFBM,1039.1999999999998
7831-QGOXH,1022.4000000000001
6393-WRYZE,1171.8000000000002
3941-XTSKM,541.2
1661-CZBAU,851.4000000000001
6599-RCLCJ,1314.6
9831-BPFRI,1074.6
5158-RIVOP,250.79999999999998
9788-YTFGE,239.39999999999998
9277-JOOMO,295.20000000000005
1907-YLNYW,800.4000000000001
1725-MIMXW,233.39999999999998
8947-YRTDV,1137.6
3161-ONRWK,790.1999999999999
0114-RSRRW,239.39999999999998
4565-NLZBV,295.79999999999995
0031-PVLZI,244.20000000000002
7206-GZCDC,831.0
6682-VCIXC,615.0
4791-QRGMF,1194.0
6475-VHUIZ,651.0
3910-MRQOY,232.79999999999998
0661-WCQNQ,675.0
7537-RBWEA,301.79999999999995
4656-CAURT,287.4
0121-SNYRK,424.79999999999995
1768-ZAIFU,302.4
4671-LXRDQ,540.0
3733-LSYCE,904.1999999999999
6265-FRMTQ,244.79999999999998
1934-SJVJK,241.79999999999998
3838-OZURD,1260.0
1371-DWPAZ,672.5999999999999
9269-CQOOL,656.4000000000001
2017-CCBLH,240.0
7690-KPNCU,876.5999999999999
0536-BGFMZ,246.0
2293-IJWPS,1209.0
2845-HSJCY,1047.0
5469-NUJUR,239.39999999999998
1184-PJVDB,959.4000000000001
2625-TRCZQ,595.8
4102-HLENU,787.8000000000001
7266-GSSJX,245.39999999999998
7722-VJRQD,731.4000000000001
7073-QETQY,244.20000000000002
9415-DPEWS,1060.1999999999998
5624-RYAMH,234.0
0196-JTUQI,902.4000000000001
7130-YXBRO,1337.4
9272-LSVYH,841.8000000000001
7943-RQCHR,1137.0
3793-MMFUH,1140.6
3249-ZPQRG,941.4000000000001
2568-BRGYX,842.4000000000001
3084-DOWLE,1104.0
1084-MNSMJ,1026.0
7721-JXEAW,492.59999999999997
7249-WBIYX,1027.1999999999998
4238-HFHSN,985.8000000000001
6250-CGGUN,1012.8000000000001
5478-JJVZK,730.8
7596-IIWYC,243.0
6567-HOOPW,950.4000000000001
9793-WECQC,1143.6
4291-HPAXL,238.20000000000002
8999-YPYBV,1012.1999999999999
1839-FBNFR,238.20000000000002
3164-AALRN,840.0
3071-MVJCD,987.5999999999999
1697-BCSHV,801.5999999999999
0562-KBDVM,535.2
1131-SUEKT,1181.4
3717-OEAUQ,848.4000000000001
4538-WNTMJ,299.4
3334-CTHOL,599.4000000000001
4704-ERYFC,831.0
9432-RUVSL,1230.0
8060-HIWJJ,1038.6
7684-XSZIY,291.6
9089-UOWJG,700.2
8621-MNIHH,1131.0
8039-ACLPL,825.0
9885-AIBVB,1029.6
1934-MKPXS,241.20000000000002
2592-YKDIF,244.20000000000002
2272-JKMSI,1329.6
0471-LVHGK,876.0
9518-RWHZL,1200.6
8714-CTZJW,994.1999999999999
3569-EDBPQ,1012.1999999999999
3131-NWVFJ,234.60000000000002
7521-YXVZY,239.39999999999998
5419-CONWX,1197.6
6240-EURKS,420.0
2373-NTKOD,795.0
1970-KKFWL,279.6
6960-HVYXR,912.0
9337-SRRNI,303.6
0895-UADGO,534.5999999999999
5678-VFNEQ,1249.1999999999998
5977-CKHON,1110.6
7024-OHCCK,1126.1999999999998
2692-BUCFV,1217.4
7861-UVUFT,1011.5999999999999
1830-GGFNM,1134.6
5302-BDJNT,1146.0
5223-UZAVK,1203.6
4859-ZSRDZ,666.0
5651-WYIPH,598.2
9350-VLHMB,1074.6
3498-LZGQZ,229.79999999999998
8785-CJSHH,1197.6
5357-TZHPP,1012.8000000000001
3870-SPZSI,1356.6
0680-DFNNY,1213.1999999999998
7560-QRBXH,239.39999999999998
7077-XJMET,889.8000000000001
8752-GHJFU,1104.0
6896-SRVYQ,886.1999999999999
7767-UXAGJ,605.4000000000001
4652-ODEVH,293.4
6510-UPNKS,297.6
6718-BDGHG,778.1999999999999
9046-DQMTP,249.0
6439-LAJXL,827.4000000000001
1571-SAVHK,1199.4
9052-VKDUW,1312.8000000000002
9546-CQJSU,1096.8000000000002
1666-JZPZT,588.0
5777-KJIRB,603.0
0506-LVNGN,906.5999999999999
7677-SJJJK,238.79999999999998
2480-EJWYP,1173.6
3253-HKOKL,1203.6
7055-HNEOJ,669.5999999999999
5514-YQENT,1333.8000000000002
3211-AAPKX,1182.6
8445-DNBAE,600.5999999999999
2951-QOQTK,969.5999999999999
2958-NHPPS,250.20000000000002
6806-YDEUL,234.0
1735-XMJVH,232.20000000000002
6890-PFRQX,834.0
0222-CNVPT,585.5999999999999
5899-OUVKV,1134.0
8681-ICONS,247.79999999999998
1621-YNCJH,1272.6
3473-XIIIT,1200.0
6362-QHAFM,1299.6
7893-IXHRQ,246.60000000000002
3070-BDOQC,1195.8000000000002
2952-QAYZF,1023.5999999999999
6234-PFPXL,1150.8000000000002
9824-QCJPK,240.0
4763-PGDPO,844.8000000000001
4283-IVYCI,779.4000000000001
1866-OBPNR,895.1999999999999
8205-MQUGY,590.4000000000001
8970-ANWXO,885.0
9480-BQJEI,1107.6
5394-SVGJV,1185.6
6979-TNDEU,230.39999999999998
9777-WJJPR,1063.8000000000002
9283-LZQOH,892.8000000000001
7079-QRCBC,1185.0
9495-SKLKD,1151.4
6048-UWKAL,1264.8000000000002
5067-DGXLL,243.0
5469-CTCWN,1272.0
9851-QXEEQ,1256.4
6281-FKEWS,588.5999999999999
8898-KASCD,426.59999999999997
9242-TKFSV,781.1999999999999
9290-SHCMB,1162.1999999999998
0743-HNPFG,837.0
2277-BKJKN,1190.4
9809-IMGCQ,1160.4
5208-HFSBT,660.5999999999999
5035-PGZXH,1281.6
8695-WDYEA,615.0
6543-JXSOO,693.0
8016-ZMGMO,850.1999999999999
8605-ITULD,234.60000000000002
3254-YRILK,1058.4
6416-YJTTB,954.0
2667-WYLWJ,237.0
4472-VESGY,1177.8000000000002
3195-TQDZX,243.0
3128-YOVTD,949.8000000000001
0529-ONKER,907.8000000000001
1728-CXQBE,1131.0
7041-TXQJH,482.40000000000003
5014-GSOUQ,239.39999999999998
5724-BIDBU,664.2
0481-SUMCB,1225.8000000000002
1769-GRUIK,853.1999999999999
5240-IJOQT,896.4000000000001
8819-WFGGJ,649.2
7427-AUFPY,235.79999999999998
2811-POVEX,1061.4
1092-GANHU,919.8000000000001
7898-PDWQE,964.8000000000001
9972-EWRJS,231.0
9314-IJWSQ,1017.5999999999999
0661-XEYAN,309.6
5799-JRCZO,234.0
1921-KYSAY,823.1999999999999
6198-RTPMF,1111.1999999999998
2924-KHUVI,1206.6
1925-GMVBW,246.60000000000002
7881-EVUAD,511.20000000000005
6184-DYUOB,235.20000000000002
9207-ZPANB,809.4000000000001
5766-XQXMQ,826.1999999999999
9327-QSDED,522.5999999999999
1656-DRSMG,1318.1999999999998
3012-VFFMN,247.79999999999998
2984-AFWNC,1144.8000000000002
0640-YJTPY,252.0
8096-LOIST,674.4000000000001
9764-REAFF,220.79999999999998
3703-VAVCL,1080.0
7107-UBYKY,309.0
4881-GQJTW,235.20000000000002
8519-QJGJD,904.1999999999999
7876-DNYAP,237.60000000000002
7905-NJMXS,770.4000000000001
2882-WDTBA,909.0
2091-GPPIQ,947.4000000000001
6326-MTTXK,1210.1999999999998
5071-FBJFS,603.5999999999999
2796-UUZZO,963.5999999999999
2429-AYKKO,238.20000000000002
9798-OPFEM,253.20000000000002
0330-IVZHA,839.4000000000001
3794-NFNCH,600.0
5193-QLVZB,1257.0
7114-AEOZE,238.20000000000002
2886-KEFUM,1290.0
5522-NYKPB,1030.8000000000002
4237-RLAQD,550.2
9957-YODKZ,969.5999999999999
6518-KZXCB,303.0
2245-ADZFJ,966.5999999999999
7776-QGYJC,978.0
9313-QOLTZ,250.79999999999998
9651-GTSAQ,1273.1999999999998
3186-BAXNB,1100.4
4672-FOTSD,807.0
0637-YLETY,1147.1999999999998
9818-XQCUV,244.20000000000002
7338-ERIVA,540.5999999999999
1157-BQCUW,899.4000000000001
8259-NFJTV,415.79999999999995
3223-DWFIO,832.1999999999999
2660-EMUBI,1144.1999999999998
6968-GMKPR,978.5999999999999
4751-ERMAN,904.8000000000001
1436-ZMJAN,813.5999999999999
3292-PBZEJ,1336.8000000000002
0799-DDIHE,555.5999999999999
3070-FNFZQ,244.79999999999998
2812-SFXMJ,240.60000000000002
7675-OZCZG,540.0
5014-WUQMG,1153.1999999999998
5312-TSZVC,235.79999999999998
2003-CKLOR,1194.0
0993-OSGPT,727.8
9254-RBFON,1183.1999999999998
1205-WNWPJ,714.0
9391-EOYLI,965.4000000000001
7108-DGVUU,860.4000000000001
2782-JEEBU,432.0
5127-BZENZ,782.4000000000001
2720-FVBQP,587.4000000000001
9906-NHHVC,642.0
4522-XRWWI,965.4000000000001
3766-EJLFL,1308.6
5939-SXWHM,315.6
8152-UOBNY,1281.6
7351-KYHQH,779.4000000000001
7643-RCHXS,232.20000000000002
8246-SHFGA,253.20000000000002
8387-MOJJT,935.4000000000001
0620-XEFWH,226.20000000000002
6485-QXWWE,312.0
2761-OCIAX,896.4000000000001
7321-VGNKU,844.1999999999999
5327-CNLUQ,1162.8000000000002
7552-KEYGT,234.60000000000002
5816-JMLGY,964.8000000000001
3068-OMWZA,1065.6
2927-QRRQV,1135.8000000000002
6032-KRXXO,1083.0
7459-RRWQZ,775.8000000000001
6265-SXWBU,1149.0
7941-RCJOW,234.60000000000002
6374-NTQLP,1249.1999999999998
4154-AQUGT,1068.6
2387-KDZQY,241.20000000000002
3584-WKTTW,1338.6
3399-BMLVW,726.0
1971-DTCZB,1091.4
3092-IGHWF,1048.8000000000002
3374-PZLXD,236.39999999999998
3813-DHBBB,611.4000000000001
2812-REYAT,240.60000000000002
6518-PPLMZ,232.79999999999998
4939-KYYPY,713.4000000000001
8017-LXHFA,1137.0
5930-GBIWP,978.0
6022-KOUQO,348.6
6352-TWCAU,1037.4
2361-UPSND,847.1999999999999
6035-RIIOM,1166.4
2929-QNSRW,1179.0
1262-OPMFY,909.0
9504-DSHWM,710.4000000000001
5035-BVCXS,910.8000000000001
6267-DCFFZ,1080.6
3533-UVMOM,851.4000000000001
2439-LYPMQ,1231.1999999999998
4248-QPAVC,1024.1999999999998
1899-VXWXM,1273.1999999999998
1478-VPOAD,525.5999999999999
9995-HOTOH,708.0
2988-PLAHS,839.4000000000001
1371-OJCEK,292.20000000000005
4999-IEZLT,353.4
8883-ANODQ,1012.8000000000001
4690-LLKUA,540.5999999999999
2351-RRBUE,247.79999999999998
5980-BDHPY,1045.1999999999998
1498-DQNRX,238.20000000000002
9469-WEJBT,1084.1999999999998
3331-HQDTW,1317.6
9490-DFPMD,1015.8000000000001
2581-VKIRT,786.0
5442-XSDCW,954.0
7426-WEIJX,971.4000000000001
2851-MMUTZ,673.8
3049-NDXFL,1029.6
8580-AECUZ,949.1999999999999
3307-TLCUD,412.79999999999995
6625-FLENO,249.0
2967-MXRAV,225.60000000000002
7963-GQRMY,531.5999999999999
8189-HBVRW,1089.6
4163-KIUHY,307.20000000000005
1228-FZFRV,1271.4
3500-NSDOA,849.5999999999999
1171-TYKUR,304.79999999999995
3761-FLYZI,1305.6
2058-DCJBE,837.0
5364-XYIRR,1135.8000000000002
4829-AUOAX,1152.6
1219-NNDDO,922.1999999999999
8388-DMKAE,243.0
4403-BWPAY,297.6
9659-QEQSY,1387.8000000000002
5405-ZMYXQ,895.1999999999999
5047-LHVLY,601.8
1442-OKRJE,1237.8000000000002
4737-AQCPU,865.1999999999999
9158-VCTQB,1363.1999999999998
2808-CHTDM,301.20000000000005
6311-UEUME,946.8000000000001
0793-TWELN,961.8000000000001
3283-WCWXT,304.79999999999995
1060-ENTOF,1264.8000000000002
0999-QXNSA,549.0
5451-MHQOF,293.4
4836-WNFNO,300.0
9225-BZLNZ,1023.0
0354-VXMJC,235.20000000000002
4422-QVIJA,601.8
9365-SRSZE,846.5999999999999
6839-ITVZJ,720.5999999999999
8332-OSJDW,316.79999999999995
4735-BJKOU,241.79999999999998
0274-JKUJR,706.2
5740-YHGTW,1170.6
8917-SZTTJ,235.79999999999998
1696-MZVAU,303.0
7359-WWYJV,1373.4
0375-HVGXO,416.40000000000003
4906-ZHGPK,848.4000000000001
8593-WHYHV,1023.5999999999999
3795-GWTRD,906.5999999999999
1298-PHBTI,1017.5999999999999
6223-DHJGV,247.79999999999998
6961-MJKBO,245.39999999999998
6097-EQISJ,1229.4
4423-YLHDV,1252.8000000000002
8158-WPEZG,427.79999999999995
0107-YHINA,1197.0
4918-FYJNT,1085.4
0727-BNRLG,1171.8000000000002
4854-CIDCF,886.1999999999999
8640-SDGKB,892.8000000000001
3280-MRDOF,829.1999999999999
6435-SRWBJ,993.0
9964-WBQDJ,292.79999999999995
6303-KFWSL,663.0
1702-CCFNJ,736.2
8932-CZHRQ,921.0
0386-CWRGM,232.79999999999998
5515-RUGKN,657.0
0404-AHASP,236.39999999999998
7279-NMVJC,238.79999999999998
2081-VEYEH,1295.4
6407-UTSLV,1005.5999999999999
4116-TZAQJ,891.0
9060-HJJRW,676.8
2587-YNLES,241.20000000000002
7398-SKNQZ,1138.8000000000002
5935-FCCNB,1130.4
1958-RNRKS,598.8
5136-RGMZO,852.5999999999999
8345-MVDYC,979.8000000000001
8226-BXGES,1073.4
3877-JRJIP,718.2
8375-DKEBR,835.1999999999999
9705-IOVQQ,1188.0
1015-OWJKI,228.60000000000002
7511-YMXVQ,544.8
2040-XBAVJ,1373.4
7551-JOHTI,234.0
8887-IPQNC,531.0
8646-JCOMS,1086.6
9804-ICWBG,838.8000000000001
1222-KJNZD,244.79999999999998
0106-GHRQR,856.8000000000001
5318-IXUZF,1045.8000000000002
3768-VHXQO,298.20000000000005
8952-WCVCD,1253.4
2418-TPEUN,237.60000000000002
3963-RYFNS,1397.4
3198-VELRD,1017.0
8540-ZQGEA,240.60000000000002
1320-REHCS,1329.0
4137-JOPHL,1076.4
9436-ZBZCT,1079.4
7801-CEDNV,584.4000000000001
2057-BOYKM,1159.1999999999998
3658-QQJYD,891.5999999999999
1803-BGNBD,651.5999999999999
0134-XWXCE,898.1999999999999
6950-TWMYB,959.4000000000001
5848-FHRFC,240.60000000000002
2243-FNMMI,232.79999999999998
2511-MORQY,658.8
5356-KZCKT,293.4
9470-XCCEM,1075.8000000000002
6519-CFDBX,544.8
3902-MIVLE,908.4000000000001
0409-WTMPL,1327.8000000000002
8763-KIAFH,246.60000000000002
3669-WHAFY,1381.8000000000002
3055-VTCGS,702.5999999999999
3144-KMTWZ,1119.0
7279-BUYWN,1358.4
7156-MHUGY,1086.0
7198-GLXTC,948.0
2007-QVGAW,232.20000000000002
5207-PLSTK,585.0
2307-FYNNL,1308.6
5605-XNWEN,300.0
2155-AMQRX,658.8
6181-AXXYF,297.0
5091-HFAZW,1093.8000000000002
0516-VRYBW,241.79999999999998
2519-LBNQL,1252.1999999999998
8623-ULFNQ,792.5999999999999
8380-PEFPE,859.8000000000001
5687-DKDTV,244.20000000000002
1568-LJSZU,1106.4
7530-HDYDS,1011.0
7789-HKSBS,1262.4
7416-CKTEP,235.20000000000002
2586-CWXVV,364.79999999999995
3096-IZETN,937.1999999999999
2348-KCJLT,738.0
8401-EMUWF,832.8000000000001
4193-IBKSW,297.0
5377-NDTOU,1092.6
5922-ABDVO,1075.8000000000002
2474-LCNUE,883.8000000000001
0839-QNXME,232.79999999999998
3506-OVLKD,314.4
9172-ANCRX,1184.4
6650-VJONK,526.2
2178-PMGCJ,836.4000000000001
7492-TAFJD,462.59999999999997
2773-MADBQ,637.2
6016-LVTJQ,247.79999999999998
7860-KSUGX,773.4000000000001
8966-KZXXA,301.20000000000005
6910-HADCM,916.1999999999999
4816-LXZYW,949.8000000000001
9606-PBKBQ,1020.0
5149-QYTTU,1141.8000000000002
2070-XYMFH,952.1999999999999
2085-BOJKI,1159.8000000000002
0817-HSUSE,906.0
5442-PPTJY,236.39999999999998
1927-QEWMY,246.0
1663-MHLHE,230.39999999999998
5663-QBGIS,1180.1999999999998
4450-MDZFX,892.1999999999999
6701-DHKWQ,616.2
7554-AKDQF,547.8
3536-IQCTX,1023.5999999999999
4911-BANWH,1038.6
8496-EJAUI,886.1999999999999
0794-YVSGE,243.60000000000002
5423-BHIXO,650.4000000000001
6908-VVYHM,1087.8000000000002
2959-EEXWB,610.8
1839-UMACK,300.6
3030-YDNRM,898.1999999999999
7321-KKSDU,246.0
3402-XRIUO,762.5999999999999
3132-TVFDZ,538.2
8286-AFUYI,575.4000000000001
8080-DDEMJ,541.2
8356-WUAOJ,540.0
6365-MTGZX,1152.0
1349-WXNGG,240.60000000000002
8058-DMYRU,1080.6
9350-ZXYJC,303.6
6990-YNRIO,1303.8000000000002
8958-JPTRR,291.6
6959-GQEGV,911.4000000000001
3173-WSSUE,236.39999999999998
1265-HVPZB,796.8000000000001
4115-UMJFQ,429.0
7369-TRPFD,225.60000000000002
1098-KFQEC,232.79999999999998
7190-XHTWJ,231.60000000000002
0621-TWIEM,546.5999999999999
3537-RYBHH,809.4000000000001
2485-ITVKB,421.20000000000005
3669-OYSJI,554.4000000000001
1612-EOHDH,541.8
6702-OHFWR,519.5999999999999
5296-BFCYD,241.20000000000002
4510-PYUSH,685.8
9359-JANWS,706.8
7517-SAWMO,878.4000000000001
4143-HHPMK,1024.1999999999998
3279-DYZQM,233.39999999999998
7054-LGEQW,551.4000000000001
0523-VNGTF,606.0
9575-IWCAZ,301.20000000000005
7105-MXJLL,728.4000000000001
7064-FRRSW,1188.0
7940-UQQUG,1252.8000000000002
0923-PNFUB,1005.0
3961-SXAXY,528.5999999999999
7010-BRBUU,289.20000000000005
3566-HJGPK,546.5999999999999
3062-ICYZQ,1125.6
9938-PRCVK,236.39999999999998
0973-KYVNF,847.8000000000001
5129-HHMZC,1037.4
9637-CDTKZ,1369.1999999999998
3946-JEWRQ,1142.4
7873-CVMAW,1062.6
0463-WZZKO,249.0
3494-JCHRQ,840.5999999999999
6474-FVJLC,1032.0
4524-QCSSM,535.8
5832-EXGTT,722.4000000000001
8840-DQLGN,1206.0
2039-JONDJ,665.4000000000001
7217-JYHOQ,843.5999999999999
6695-FRVEC,724.8
4547-LYTDD,871.8000000000001
9894-QMIMJ,669.5999999999999
8069-YQQAJ,373.20000000000005
6770-XUAGN,252.0
4193-ORFCL,541.2
1636-NTNCO,611.4000000000001
3466-WAESX,829.1999999999999
9281-PKKZE,527.4000000000001
3638-VBZTA,1038.0
7459-IMVYU,839.4000000000001
7776-QWNFX,604.8
6689-TCZHQ,947.4000000000001
8563-OYMQY,1091.4
0754-EEBDC,238.79999999999998
5777-ZPQNC,241.79999999999998
1951-IEYXM,1087.1999999999998
3318-NMQXL,1104.0
3143-ILDAL,1133.4
1022-RKXDR,298.20000000000005
2361-FJWNO,432.0
2272-UOINI,942.0
8232-UTFOZ,239.39999999999998
3750-YHRYO,247.79999999999998
6637-KYRCV,366.0
5668-MEISB,1273.1999999999998
0129-QMPDR,246.0
7188-CBBBA,1146.0
5356-CSVSQ,775.1999999999999
3221-CJMSG,613.2
4720-VSTSI,1017.5999999999999
3219-JQRSL,1069.1999999999998
2801-NISEI,659.4000000000001
3946-MHCZW,610.8
4623-ZKHLY,245.39999999999998
6732-VAILE,1031.4
8201-AAXCB,724.2
7696-CFTAT,237.60000000000002
1845-CSBRZ,1024.1999999999998
2123-VSCOT,865.1999999999999
6651-AZVTJ,1197.6
4566-GOLUK,1288.1999999999998
2484-DGXPZ,234.60000000000002
2018-QKYGT,972.5999999999999
2792-VPPET,246.0
7409-JURKQ,1341.6
3247-MHJKM,242.39999999999998
1964-SVLEA,236.39999999999998
4587-NUKOX,949.1999999999999
7297-DVYGA,238.20000000000002
2239-CGBUZ,726.0
0854-UYHZD,234.60000000000002
7243-LCGGZ,250.79999999999998
8267-KFGYD,252.60000000000002
4890-VMUAV,858.0
9261-WDCAF,655.8
3764-MNMOI,230.39999999999998
7442-YGZFK,597.5999999999999
0420-BWTPW,306.0
8229-BUJHX,246.0
7449-HVPIV,1084.8000000000002
5504-WSIUR,1083.0
8183-ONMXC,969.0
8466-PZBLH,1255.1999999999998
9614-RMGHA,1102.1999999999998
8735-IJJEG,602.4000000000001
0564-MUUQK,1146.0
5054-IEXZT,904.1999999999999
5834-ASPWA,905.4000000000001
0701-RFGFI,1144.8000000000002
0019-EFAEP,1215.6
5619-PTMIK,637.2
3737-XBQDD,1018.1999999999999
5882-CMAZQ,411.0
5846-QFDFI,1063.1999999999998
4445-KWOKW,721.8
3511-APPBJ,1199.4
7967-HYCDE,848.4000000000001
2430-RRYUW,657.5999999999999
3948-XHGNA,594.5999999999999
3723-BFBGR,657.5999999999999
0565-IYCGT,943.1999999999999
5447-WZAFP,1203.6
5110-CHOPY,643.2
5445-UTODQ,973.1999999999999
4425-OWHWB,232.20000000000002
7892-QVYKW,1027.1999999999998
9675-ICXCT,969.5999999999999
1024-VRZHF,899.4000000000001
4703-MQYKT,235.20000000000002
9497-QCMMS,1122.6
5692-ICXLW,1088.4
0602-DDUML,837.0
2208-MPXIO,240.0
1960-UYCNN,1143.0
0348-SDKOL,1225.1999999999998
3190-FZATL,239.39999999999998
7336-RLLRH,970.1999999999999
4373-MAVJG,1090.8000000000002
8901-HJXTF,350.4
7710-JSYOA,1119.6
5419-KLXBN,1069.8000000000002
3424-NMNBO,1306.1999999999998
9885-MFVSU,556.2
4514-GFCFI,1017.0
0607-MVMGC,945.0
3365-SAIGS,1002.5999999999999
9828-AOQLM,548.4000000000001
8022-BECSI,235.20000000000002
8000-REIQB,839.4000000000001
9993-LHIEB,814.1999999999999
0266-CLZKZ,1267.8000000000002
7615-ESMYF,535.2
3858-VOBET,899.4000000000001
7020-OZKXZ,906.0
3977-QCRSL,241.79999999999998
0017-DINOC,542.4000000000001
1447-PJGGA,1143.0
8565-CLBZW,1078.1999999999998
9139-WQQDY,1205.4
0224-HJAPT,565.8
8086-OVPWV,962.4000000000001
9430-FRQOC,1045.1999999999998
7639-OPLNG,951.0
3074-GQWYX,910.8000000000001
1492-QGCLU,1028.4
6845-RGTYS,1185.0
7328-OWMOM,241.20000000000002
4418-LZMSV,741.5999999999999
5155-AZQPB,598.8
8861-HGGKB,1037.4
1087-GRUYI,244.79999999999998
7065-YUNRY,543.5999999999999
7694-VLBWQ,1249.1999999999998
2546-KZAAT,904.8000000000001
0181-RITDD,1297.8000000000002
5989-PGKJB,1035.0
4795-KTRTH,972.0
8272-ONJLV,1148.4
1488-PBLJN,1402.1999999999998
0308-GIQJT,1269.0
3778-FOAQW,241.79999999999998
4452-ROHMO,235.20000000000002
6481-OGDOO,1087.1999999999998
3090-LETTY,731.4000000000001
5349-AZPEW,300.6
3753-TSEMP,1057.8000000000002
8305-VHZBZ,242.39999999999998
9720-JJJOR,723.5999999999999
8100-HZZLJ,767.4000000000001
8775-ERLNB,891.5999999999999
8309-IEYJD,847.1999999999999
9172-JITSM,1089.6
6298-QDFNH,952.1999999999999
7398-HPYZQ,1086.6
3546-GHEAE,233.39999999999998
7361-YPXFS,773.4000000000001
6557-BZXLQ,835.8000000000001
2550-QHZGP,234.0
7519-JTWQH,1326.0
2538-OIMXF,296.4
8543-MSDMF,928.8000000000001
9961-JBNMK,1161.6
1170-SASML,1024.8000000000002
4872-JCVCA,571.2
5346-BZCHP,232.79999999999998
2038-LLMLM,1246.1999999999998
6173-ITPWD,1000.1999999999999
9734-UYXQI,592.8
1216-BGTSP,1301.4
4138-NAXED,972.0
2189-UXTKY,950.4000000000001
0744-BIKKF,1039.8000000000002
7483-IQWIB,1115.4
5248-KWLAR,1084.1999999999998
4958-GZWIY,584.4000000000001
7996-MHXLW,301.79999999999995
7833-PKIHD,916.8000000000001
7061-OVMIM,234.60000000000002
5153-RTHKF,1024.1999999999998
1852-QSWCD,297.6
4832-VRBMR,1237.8000000000002
9079-LWTFD,1209.0
6356-ELRKD,1147.1999999999998
8624-GIOUT,717.0
3392-EHMNK,1129.1999999999998
5986-WWXDV,232.20000000000002
3061-BCKYI,238.79999999999998
6179-GJPSO,1297.8000000000002
7901-TBKJX,1212.6
7228-PAQPD,709.2
3177-LASXD,856.1999999999999
7746-QYVCO,670.2
5804-HYIEZ,1272.6
9919-FZDED,1009.1999999999999
5934-TSSAU,903.5999999999999
3486-KHMLI,296.4
4897-QSUYC,241.79999999999998
1084-UQCHV,837.0
8290-YWKHZ,1118.4
2955-BJZHG,970.1999999999999
3806-DXQOM,403.79999999999995
6784-XYJAE,669.5999999999999
3933-DQPWX,476.40000000000003
6661-EIPZC,354.0
8957-THMOA,241.79999999999998
2251-PYLPB,954.5999999999999
5555-RNPGT,297.6
1057-FOGLZ,235.79999999999998
9300-RENDD,959.4000000000001
0761-AETCS,231.60000000000002
8087-LGYHQ,1128.6
4137-BTIKL,1089.0
2190-BCXEC,946.1999999999999
6227-FBDXH,1194.0
2153-MREFK,1190.4
2911-WDXMV,966.5999999999999
7206-PQBBZ,842.4000000000001
3106-ULWFW,1022.4000000000001
0925-VYDLG,903.0
4547-FZJWE,713.4000000000001
7422-WNBTY,1120.1999999999998
0842-IWYCP,539.4000000000001
3521-HTQTV,313.20000000000005
3744-ZBHON,242.39999999999998
3373-DIUUN,255.0
8383-SGHJU,712.8
7607-QKKTJ,1140.0
7707-PYBBH,742.8
8984-HPEMB,1423.8000000000002
4349-GFQHK,652.2
4139-DETXS,773.4000000000001
9779-DPNEJ,961.8000000000001
9805-FILKB,242.39999999999998
5793-YOLJN,252.0
0673-IGUQO,245.39999999999998
4123-FCVCB,910.1999999999999
8819-IMISP,965.4000000000001
7802-EFKNY,299.4
8311-UEUAB,906.0
5858-EAFCZ,533.4000000000001
8035-BUYVG,508.20000000000005
1163-ONYEY,894.5999999999999
9787-XVQIU,903.5999999999999
8945-MUQUF,1137.6
5656-MJEFC,577.8
6082-OQFBA,235.79999999999998
8051-HJRLT,846.5999999999999
8974-OVACP,241.79999999999998
4010-YLMVT,1279.1999999999998
1379-FRVEB,1092.0
8612-GXIDD,304.79999999999995
6288-CHQJB,839.4000000000001
8160-HOWOX,802.1999999999999
3023-GFLBR,1033.8000000000002
6648-INWPS,241.79999999999998
4223-BKEOR,778.1999999999999
4079-VTGLK,898.1999999999999
1763-WQFUK,606.0
1391-UBDAR,874.8000000000001
8894-JVDCV,1380.6
2023-VQFDL,228.0
1345-GKDZZ,234.60000000000002
2014-MKGMH,1213.1999999999998
5628-FCGYG,1009.1999999999999
2560-WBWXF,289.79999999999995
0248-IPDFW,601.2
7978-DKUQH,895.1999999999999
4335-UPJSI,237.0
0524-IAVZO,1020.0
2737-YNGYW,966.5999999999999
1784-EZDKJ,1281.6
9297-FVVDH,1014.0
8007-YYPWD,300.6
7101-HRBLJ,1004.4000000000001
5159-YFPKQ,909.5999999999999
6635-CPNUN,1159.1999999999998
4021-RQSNY,1182.0
5453-YBTWV,1213.1999999999998
5039-LZRQT,242.39999999999998
2931-VUVJN,1128.6
9061-TIHDA,1143.0
8699-ASUFO,892.8000000000001
6418-PIQSP,972.0
8220-OCUFY,723.0
3995-WFCSM,730.2
1895-QTKDO,527.4000000000001
2038-OEQZH,1032.6
1178-PZGAB,243.0
7927-AUXBZ,1021.8000000000001
2626-VEEWG,232.79999999999998
2878-RMWXY,1231.8000000000002
1657-DYMBM,238.79999999999998
7311-MQJCH,234.60000000000002
7375-WMVMT,1146.0
1136-XGEQU,1009.8000000000001
2530-FMFXO,1238.4
6844-DZKRF,602.4000000000001
4695-WJZUE,1062.6
7619-ODSGN,657.0
5970-GHJAW,239.39999999999998
8879-XUAHX,1395.0
3689-MOZGR,374.4
4195-PNGZS,293.4
5003-XZWWO,1010.4000000000001
3988-RQIXO,1095.6
7622-FWGEW,1027.8000000000002
6922-NCEDI,254.39999999999998
2514-GINMM,954.0
9891-NQDBD,306.6
6131-IUNXN,242.39999999999998
8548-AWOFC,766.2
9798-DRYDS,743.4000000000001
8532-UEFWH,309.0
6296-DDOOR,698.4000000000001
7951-VRDVK,1030.1999999999998
5931-FLJJF,841.1999999999999
4815-YOSUK,1258.8000000000002
2659-VXMWZ,1335.6
0380-NEAVX,1198.1999999999998
3207-OYBWH,1143.0
4285-GYRQC,1035.0
7216-EWTRS,1209.6
4365-MSDYN,234.60000000000002
7036-TYDEC,1248.0
5802-ADBRC,1252.8000000000002
8076-FEZKJ,234.0
5197-YPYBZ,303.0
8337-MSSXB,1035.6
4312-GVYNH,598.2
8495-LJDFO,1307.4
0839-JTCUD,1078.8000000000002
5494-WOZRZ,984.0
1302-UHBDD,1079.4
2234-EOFPT,952.1999999999999
8619-IJNDK,768.5999999999999
8378-LKJAF,1213.8000000000002
8182-BJDSI,1079.4
2528-HFYZX,917.4000000000001
1153-GNOLC,469.20000000000005
3298-QEICA,415.20000000000005
0788-DXBFY,234.60000000000002
3597-YASZG,1253.4
3496-LFSZU,846.0
5242-UOWHD,244.20000000000002
2482-CZGBB,840.0
6479-SZPLM,233.39999999999998
8097-VBQTZ,838.8000000000001
4500-HKANN,716.4000000000001
9917-KWRBE,940.1999999999999
3420-ZDBMA,857.4000000000001
2212-LYASK,550.2
1393-IMKZG,1150.1999999999998
8069-RHUXK,428.40000000000003
3398-GCPMU,1074.6
2908-WGAXL,299.4
3378-AJRAO,298.20000000000005
1013-QCWAM,1209.6
0866-QLSIR,772.8000000000001
6050-FFXES,1264.1999999999998
7181-BQYBV,1229.4
0362-RAOQO,235.79999999999998
9554-DFKIC,653.4000000000001
5527-ACHSO,846.0
0829-DDVLK,241.20000000000002
1399-UBQIU,832.1999999999999
1813-JLKWR,237.60000000000002
0336-PIKEI,892.8000000000001
7322-OCWHC,1116.6
9537-VHDTA,614.4000000000001
4957-TIALW,787.1999999999999
2054-PJOCK,966.5999999999999
9150-HEPMB,632.4000000000001
9030-QGZNL,250.20000000000002
6204-IEUXJ,961.1999999999999
3126-WQMGH,625.8
4529-CKBCL,962.4000000000001
2506-CLAKW,1177.8000000000002
7176-WRTNX,1379.4
1583-IHQZE,1355.4
5732-IKGQH,1253.4
9239-GZHZE,1363.8000000000002
7205-BAIAD,247.20000000000002
0151-ONTOV,850.8000000000001
4140-MUHUG,1042.1999999999998
0093-EXYQL,1098.6
8064-RAVOH,598.2
0219-QAERP,237.60000000000002
0320-JDNQG,1198.1999999999998
7180-PISOG,894.0
9168-INPSZ,1249.8000000000002
3571-RFHAR,1309.8000000000002
0015-UOCOJ,578.4000000000001
5334-AFQJB,301.20000000000005
2754-SDJRD,1201.8000000000002
9578-VRMNM,782.4000000000001
1587-FKLZB,1194.0
6140-QNRQQ,858.5999999999999
8963-JLGJT,670.8
4307-KTUMW,1126.8000000000002
1465-LNTLJ,772.8000000000001
5440-FLBQG,1300.8000000000002
2135-DQWAQ,1023.5999999999999
4056-QHXHZ,1289.4
7470-MCQTK,585.0
7488-MXJIV,1027.8000000000002
7401-JIXNM,1095.6
9339-FIIJL,1031.4
2027-FECZV,1280.4
2672-DZUOY,301.79999999999995
4706-DGAHW,542.4000000000001
3870-MQAMG,1324.1999999999998
6670-MFRPK,950.4000000000001
6177-PEVRA,666.0
4800-CZMPC,1239.0
4813-HQMGZ,1083.0
7579-KKLOE,1095.0
7377-DMMRI,573.5999999999999
8402-EIVQS,1210.8000000000002
4947-DSMXK,1172.4
7245-NIIWQ,838.1999999999999
0002-ORFBO,787.1999999999999
3324-OIRTO,1255.8000000000002
5414-OFQCB,1085.4
4967-WPNCF,764.4000000000001
8552-OBVRU,1254.0
8499-BRXTD,241.20000000000002
9154-QDGTH,1251.6
8197-BFWVU,1119.0
2577-GVSIL,881.4000000000001
9367-OIUXP,248.39999999999998
6770-UAYGJ,303.0
6463-HHXJR,1206.0
7928-VJYAB,1087.1999999999998
1187-WILMM,1072.8000000000002
9776-OJUZI,1145.4
1306-RPWXZ,245.39999999999998
8949-JTMAY,1183.1999999999998
2774-LVQUS,996.5999999999999
3097-PYWXL,239.39999999999998
2266-SJNAT,1309.8000000000002
0869-PAPRP,1028.4
4238-JSSWH,1224.6
2972-YDYUW,1136.4
1104-FEJAM,772.8000000000001
2809-ILCYT,321.6
5499-ECUTN,792.5999999999999
4981-FLTMF,782.4000000000001
9121-PHQSR,1020.5999999999999
3113-IWHLC,669.5999999999999
3211-ILJTT,844.8000000000001
4612-THJBS,1257.0
4277-BWBML,239.39999999999998
4094-NSEDU,1131.0
0234-TEVTT,540.0
4304-TSPVK,1378.8000000000002
1552-AAGRX,1276.8000000000002
2637-FKFSY,553.2
9796-MVYXX,476.40000000000003
7874-ECPQJ,240.60000000000002
0020-INWCK,1149.0
7089-RKVSZ,292.79999999999995
2683-JXWQQ,403.20000000000005
9548-ZMVTX,1085.4
8739-XNIKG,1008.0
9755-JHNMN,808.8000000000001
3981-QSVQI,236.39999999999998
2789-HQBOU,964.1999999999999
9424-CMPOG,235.20000000000002
5067-WJEUN,650.4000000000001
3450-WXOAT,542.4000000000001
9251-WNSOD,901.1999999999999
6974-DAFLI,236.39999999999998
2616-UUTFK,873.0
7064-JHXCE,240.60000000000002
5103-MHMHY,551.4000000000001
7989-AWGEH,470.40000000000003
4373-VVHQL,537.0
4559-UWIHT,991.8000000000001
7268-IGMFD,1126.8000000000002
1846-XWOQN,841.8000000000001
0235-KGSLC,1026.6
6650-BWFRT,1405.8000000000002
9570-KYEUA,1191.0
6993-YGFJV,1350.6
2712-SYWAY,308.4
0730-BGQGF,1083.6
5498-IBWPI,592.8
9101-NTIXF,232.79999999999998
0013-SMEOE,1316.4
9314-QDMDW,735.0
9308-ANMVE,663.5999999999999
2884-GBPFB,843.5999999999999
3757-NJYBX,1276.1999999999998
3413-DHLPB,1245.0
7649-PHJVR,234.0
6114-TCFID,474.0
3787-TRIAL,312.6
2573-GYRUU,1092.6
5156-UMKOW,355.79999999999995
1247-QBVSH,602.4000000000001
6734-GMPVK,1263.6
9822-OAOVB,665.4000000000001
6161-ERDGD,1025.4
1226-JZNKR,237.60000000000002
7318-EIVKO,711.0
3771-PZOBW,1088.4
5136-KCKGI,1244.4
8231-BSWXX,948.5999999999999
6486-LHTMA,1088.4
4083-BFNYK,1140.0
3722-WPXTK,1060.1999999999998
7389-KBFIT,363.0
7176-WIONM,598.2
5141-ZUVBH,1116.0
1089-HDMKP,654.5999999999999
7623-HKYRK,236.39999999999998
0310-SUCIN,1017.5999999999999
5197-PYEPU,1133.4
2929-ERCFZ,1130.4
7548-SEPYI,1155.0
8835-VSDSE,848.4000000000001
6619-RPLQZ,250.20000000000002
3275-RHRNE,720.0
3503-TYDAY,965.4000000000001
6901-GOGZG,1019.4000000000001
1623-NLDOT,402.59999999999997
7021-XSNYE,595.8
9621-OUPYD,242.39999999999998
9898-KZQDZ,1134.6
8982-NHAVY,1206.0
4307-KWMXE,429.0
0141-YEAYS,1037.4
2450-ZKEED,645.5999999999999
3694-DELSO,462.59999999999997
3893-JRNFS,478.79999999999995
9603-OAIHC,840.5999999999999
1133-KXCGE,241.20000000000002
5236-PERKL,1355.4
0142-GVYSN,243.60000000000002
1049-FYSYG,427.79999999999995
7854-FOKSF,430.79999999999995
2519-FAKOD,1191.0
8406-LNMHF,995.4000000000001
1821-BUCWY,667.8
8263-JQAIK,293.4
0023-UYUPN,302.4
8314-DPQHL,609.5999999999999
1465-WCZVT,235.79999999999998
9481-SFCQY,717.5999999999999
6360-SVNWV,882.5999999999999
0567-GGCAC,736.8
7089-IVVAZ,1240.1999999999998
8884-MRNSU,238.79999999999998
2171-UDMFD,233.39999999999998
9050-IKDZA,978.0
2205-YMZZJ,1017.5999999999999
9802-CAQUT,1314.6
1254-IZEYF,1199.4
0187-WZNAB,892.8000000000001
9492-TOKRI,1080.0
1475-VWVDO,898.8000000000001
9221-OTIVJ,1258.1999999999998
1357-MVDOZ,715.8
7602-MVRMB,1325.4
3325-FUYCG,1273.1999999999998
5908-QMGOE,890.4000000000001
1197-BVMVG,893.4000000000001
5406-KGRMX,294.6
8481-YYXWG,1072.1999999999998
5968-HYJRZ,294.6
5198-EFNBM,1087.8000000000002
7516-GMHUV,1260.6
7140-ADSMJ,245.39999999999998
2230-XTUWL,234.60000000000002
7706-YLMQA,236.39999999999998
2585-KTFRE,845.4000000000001
7994-UYIVZ,1027.8000000000002
2609-IAICY,925.8000000000001
1740-CSDJP,423.0
7717-BICXI,246.60000000000002
6559-RAKOZ,1175.4
2636-OHFMN,582.5999999999999
4716-MRVEN,240.0
2143-LJULT,303.0
1323-OOEPC,1180.8000000000002
3200-MNQTF,850.8000000000001
6164-HXUGH,238.20000000000002
5630-IXDXV,1276.1999999999998
0320-DWVTU,1194.0
9135-MGVPY,1016.4000000000001
1212-GLHMD,1032.6
7878-JGDKK,534.5999999999999
1088-AUUZZ,910.1999999999999
0397-GZBBC,1126.1999999999998
6614-YWYSC,300.0
9588-OZDMQ,540.0
7641-EUYET,1208.4
6476-EPYZR,246.0
9921-ZVRHG,965.4000000000001
1174-FGIFN,1085.4
6620-HVDUJ,725.4000000000001
4701-MLJPN,663.0
1032-MAELW,941.4000000000001
7641-TQFHN,1206.6
1552-TKMXS,244.20000000000002
9206-GVPEQ,653.4000000000001
8622-ZLFKO,1089.0
1596-BBVTG,904.1999999999999
6188-UXBBR,243.0
2333-KWEWW,240.60000000000002
5702-SKUOB,235.20000000000002
1134-YWTYF,645.5999999999999
6061-GWWAV,842.4000000000001
0679-TDGAK,906.0
6585-WCEWR,244.20000000000002
9067-YGSCA,312.6
9067-SQTNS,247.20000000000002
8433-WXGNA,908.4000000000001
1776-SPBWV,241.20000000000002
8735-SDUFN,291.6
9668-PUGNU,294.0
9405-GPBBG,1326.0
1926-QUZNN,303.0
3707-GNWHM,891.0
7016-NVRIC,1081.1999999999998
5829-NVSQN,825.0
9565-AXSMR,230.39999999999998
8922-LIEGH,1076.4
8869-LIHMK,1381.1999999999998
8245-UMPYT,1156.8000000000002
5186-SAMNZ,834.0
0447-RXSGD,1195.8000000000002
4927-WWOOZ,1097.4
5788-YPOEG,1017.0
5373-SFODM,1023.0
0661-KBKPA,945.0
9081-WWXKP,243.0
0784-ZQJZX,238.79999999999998
3133-PZNSR,1173.0
5766-ZJYBB,232.79999999999998
8931-GJJIQ,999.5999999999999
4277-PVRAN,961.1999999999999
0022-TCJCI,752.4000000000001
0722-SVSFK,1204.8000000000002
3612-YVGSJ,293.4
9825-YCXWZ,1213.1999999999998
5397-NSKQG,610.8
8565-HBFNN,1286.4
2000-DHJUY,1106.4
0203-HHYIJ,303.6
8670-ERCJH,1360.8000000000002
7758-UJWYS,486.59999999999997
2050-ONYDQ,312.0
7055-JCGNI,1343.4
0739-UUAJR,645.5999999999999
4826-DXMUP,865.1999999999999
0952-KMEEH,1177.8000000000002
7285-KLOTR,946.1999999999999
0654-PQKDW,849.0
7175-NTIXE,913.8000000000001
7963-SHNDT,469.20000000000005
9796-BPKIW,839.4000000000001
0188-GWFLE,240.60000000000002
8129-GMVGI,240.60000000000002
2882-DDZPG,233.39999999999998
3547-LQRIK,322.79999999999995
9137-NOQKA,230.39999999999998
5843-TTHGI,600.0
1849-RJYIG,720.0
8868-GAGIO,1014.5999999999999
4061-UKJWL,545.4000000000001
5380-XPJNZ,240.60000000000002
8263-QMNTJ,1386.6
8178-EYZUO,1124.4
3230-JCNZS,1188.0
0277-ORXQS,606.5999999999999
5130-IEKQT,1271.4
3230-WYKIR,984.0
7996-BPXHY,300.0
3227-WLKLI,1098.6
0407-BDJKB,1149.0
2266-FUBDZ,232.20000000000002
8237-ULIXL,298.20000000000005
9600-UDOPK,1128.6
8216-AZUUZ,1204.8000000000002
9153-BTBVV,300.0
4074-SJFFA,657.0
3269-ATYWD,1147.8000000000002
5186-PEIZU,231.0
1074-AMIOH,1299.0
4910-GMJOT,1135.1999999999998
0354-WYROK,1186.8000000000002
4361-FEBGN,241.79999999999998
7748-UMTRK,1215.6
0380-ZCSBI,240.0
7145-FEJWU,1263.6
6463-MVYRY,838.1999999999999
3969-JQABI,783.0
9624-EGDEQ,237.60000000000002
1051-EQPZR,235.20000000000002
5849-ASHZJ,240.60000000000002
5780-INQIK,592.8
7576-OYWBN,912.5999999999999
4526-ZJJTM,1060.8000000000002
8384-FZBJK,1207.1999999999998
3750-RNQKR,233.39999999999998
0962-CQPWQ,243.60000000000002
3096-YXENJ,1291.8000000000002
1265-BCFEO,965.4000000000001
5837-LXSDN,706.2
5945-AZYHT,1315.1999999999998
8325-QRPZR,901.8000000000001
6384-VMJHP,876.0
2262-SLNVK,841.1999999999999
7730-CLDSV,1183.8000000000002
1135-HIORI,1337.4
0164-APGRB,1378.8000000000002
6481-ESCNL,1206.6
1790-NESIO,244.79999999999998
1550-EENBN,1252.1999999999998
5539-TMZLF,837.0
4323-SADQS,414.0
4446-BZKHU,1266.6
5202-IVJNU,361.20000000000005
5976-JCJRH,843.5999999999999
8198-RKSZG,965.4000000000001
0137-OCGAB,962.4000000000001
3351-NQLDI,1132.1999999999998
9297-EONCV,1096.1999999999998
7593-JNWRU,535.2
4588-YBNIB,235.20000000000002
1069-QJOEE,238.79999999999998
3336-JORSO,1325.4
7799-DSEWS,820.1999999999999
8766-PAFNE,949.1999999999999
5315-CKEQK,612.0
3130-ICDUP,966.5999999999999
0820-FNRNX,800.4000000000001
0880-FVFWF,1036.8000000000002
4611-ANLQC,600.5999999999999
4213-HKBJO,308.4
2792-LSHWX,1000.8000000000001
5028-GZLDO,848.4000000000001
0014-BMAQU,1015.8000000000001
6861-XWTWQ,1191.0
9018-PCIOK,777.0
4837-QUSFT,1201.8000000000002
6877-TJMBR,1017.5999999999999
9953-ZMKSM,303.0
0907-HQNTS,1356.0
7665-NKLAV,487.79999999999995
6769-DCQLI,1260.0
2433-KMEAS,653.4000000000001
4391-LNRXK,1139.4
8250-ZNGGW,718.8
2195-ZRVAX,1023.5999999999999
3550-SAHFP,1000.1999999999999
2011-TRQYE,402.0
8562-GHPPI,237.60000000000002
5893-PYOLZ,981.5999999999999
4986-MXSFP,240.0
6131-FOYAS,715.2
3027-YNWZU,300.0
5609-IMCGG,1012.1999999999999
4873-ILOLJ,1084.1999999999998
4727-MCYZG,666.5999999999999
9481-WHGWY,904.1999999999999
2725-KXXWT,1089.0
9565-DJPIB,1075.1999999999998
4328-VUFWD,711.5999999999999
3301-LSLWQ,793.1999999999999
7473-ZBDSN,225.60000000000002
3166-PNEOF,1037.4
5639-NTUPK,625.2
8780-YRMTT,568.8
8348-HFYIV,591.0
5140-FOMCQ,1309.8000000000002
6242-SGYTS,1139.4
8166-ORCHU,1122.6
8414-OOEEL,954.0
8454-AATJP,1380.6
6849-WLEYG,237.0
4659-NZRUF,1141.8000000000002
4531-AUZNK,1141.8000000000002
4191-XOVOM,1264.8000000000002
2150-OEGBV,241.20000000000002
8429-XIBUM,1216.1999999999998
1855-CFULU,240.60000000000002
4878-BUNFV,248.39999999999998
1872-EBWSC,244.20000000000002
2608-BHKFN,840.5999999999999
7026-YMSBE,236.39999999999998
7341-LXCAF,895.8000000000001
6997-UVGOX,1025.4
9674-EHPPG,484.79999999999995
9462-MJUAW,604.8
8128-YVJRG,955.8000000000001
5440-VHLUL,1262.4
5781-BKHOP,1207.8000000000002
4283-FUTGF,958.1999999999999
5213-TWWJU,1092.0
1569-TTNYJ,945.0
8628-MFKAX,1401.0
2397-BRLOM,965.4000000000001
7629-WIXZF,709.2
5445-GLVOT,597.5999999999999
3976-HXHCE,231.60000000000002
2466-NEJOJ,235.79999999999998
0254-KCJGT,976.8000000000001
5472-CVMDX,466.79999999999995
6461-SZMCV,1055.4
8150-QUDFX,238.20000000000002
9508-ILZDG,1156.1999999999998
2346-DJQTB,289.79999999999995
1697-LYYYX,229.20000000000002
1942-OQFRW,528.0
4749-VFKVB,601.2
9640-ZSLDC,727.2
4231-LZUYM,307.79999999999995
7598-UAASY,916.8000000000001
7938-OUHIO,1184.4
8510-AWCXC,1209.6
6128-AQBMT,647.4000000000001
3594-BDSOA,244.79999999999998
0431-APWVY,1081.1999999999998
5133-VRSAB,352.20000000000005
5996-DAOQL,245.39999999999998
6838-YAUVY,1141.1999999999998
0484-JPBRU,303.0
7883-ROJOC,538.8
0244-LGNFY,1111.8000000000002
7274-CGTOD,524.4000000000001
4295-YURET,871.1999999999999
3426-NIYYL,618.5999999999999
8225-BTJAU,951.0
4635-EJYPD,227.39999999999998
1866-ZSLJM,246.0
4636-TVXVG,239.39999999999998
4236-UJPWO,294.0
9392-XBGTD,247.20000000000002
3387-VATUS,1138.1999999999998
6402-SSEJG,732.5999999999999
1143-NMNQJ,1028.4
1169-SAOCL,1279.8000000000002
1110-KYLGQ,1299.0
9929-PLVPA,244.79999999999998
3518-PZXZQ,663.5999999999999
2371-JUNGC,243.0
7693-QPEFS,875.4000000000001
0924-BJCRC,1073.4
5074-FBGHB,1255.8000000000002
2351-BKRZW,902.4000000000001
4455-BFSPD,1213.8000000000002
0415-MOSGF,532.8
1724-BQUHA,1074.0
3948-KXDUF,825.0
2323-ARSVR,1332.6
0815-MFZGM,1188.0
4826-XTSOH,1032.6
5480-XTFFL,252.0
8295-FHIVV,232.79999999999998
2495-INZWQ,534.5999999999999
9086-YJYXS,926.4000000000001
1179-INLAT,233.39999999999998
7909-FIOIY,298.20000000000005
4139-SUGLD,424.79999999999995
6857-VWJDT,1147.8000000000002
6351-SCJKT,496.20000000000005
5468-BPMMO,235.20000000000002
5624-BQSSA,251.39999999999998
0197-PNKNK,1013.4000000000001
2439-QKJUL,243.0
1194-SPVSP,235.79999999999998
9534-NSXEM,247.79999999999998
2408-WITXK,416.40000000000003
8929-KSWIH,1191.6
2250-IVBWA,972.5999999999999
1810-MVMAI,811.1999999999999
9506-UXUSK,841.8000000000001
1229-RCALF,1380.0
3572-UOLYZ,1017.5999999999999
1429-UYJSV,236.39999999999998
5577-OTWWW,237.0
6100-QQHEB,1110.6
6366-XIVKZ,757.8
3470-OBUET,888.0
2770-NSVDG,349.20000000000005
9375-MHRRS,600.5999999999999
2634-HCZGT,720.5999999999999
7503-QQRVF,891.5999999999999
4860-YZGZM,240.0
6599-GZWCM,895.8000000000001
2691-NZETQ,1024.1999999999998
4404-HIBDJ,891.5999999999999
5533-NHFRF,532.8
7037-MTYVW,1024.8000000000002
4760-THGOT,1129.1999999999998
7295-JOMMD,1177.1999999999998
4016-BJKTZ,1306.8000000000002
6584-VQMYT,674.4000000000001
9838-BFCQT,313.20000000000005
2790-XUYMV,1025.4
0581-MDMPW,1067.4
5013-SBUIH,1315.8000000000002
1023-BQXZE,892.1999999999999
9163-GHAYE,586.2
3904-UKFRE,961.1999999999999
5353-WILCI,672.5999999999999
0709-TVGUR,894.5999999999999
0058-EVZWM,1077.6
6023-YEBUP,1211.4
7209-JCUDS,1138.8000000000002
7009-PCARS,229.20000000000002
0519-DRGTI,244.20000000000002
1017-FBQMM,1272.6
3001-CBHLQ,1258.8000000000002
1985-MBRYP,235.79999999999998
6158-DWPZT,289.20000000000005
9372-TXXPS,718.2
3259-QMXUN,1033.1999999999998
1015-JPFYW,233.39999999999998
6645-MXQJT,1165.1999999999998
4360-QRAVE,439.79999999999995
8433-WPJTV,1246.8000000000002
5804-JMYIO,237.0
3763-GCZHZ,1248.6
6484-LATFU,294.6
7599-NTMDP,584.4000000000001
0772-GYEQQ,1060.1999999999998
0536-ACXIP,1314.6
0936-NQLJU,247.79999999999998
4831-EOBFE,1135.8000000000002
1575-KRZZE,662.4000000000001
3251-YMVWZ,288.6
4102-OQUPX,892.8000000000001
9170-GYZJC,958.8000000000001
4884-LEVMQ,245.39999999999998
8857-CUPFQ,231.0
7610-TVOPG,316.20000000000005
3638-DIMPH,525.5999999999999
1845-ZLLIG,601.8
8559-WNQZS,245.39999999999998
3999-QGRJH,836.4000000000001
1699-UOTXU,736.8
2454-RPBRZ,1177.1999999999998
0635-WKOLD,849.0
5993-JSUWV,733.8
4518-FZBSX,243.0
5387-ASZNZ,766.2
6988-CJEYV,1184.4
2002-MZHWP,246.0
3097-FQTVJ,240.0
5465-BUBFA,231.60000000000002
7299-GNVPL,1012.8000000000001
9743-DQKQW,301.20000000000005
1215-VFYVK,579.0
9371-BITHB,238.20000000000002
2265-CYWIV,1195.1999999999998
9093-FPDLG,1130.4
0541-FITGH,745.8
6985-HAYWX,951.5999999999999
7508-KBIMB,675.0
6838-HVLXG,243.60000000000002
2277-DJJDL,1188.0
1897-OKVMW,1087.1999999999998
5485-ITNPC,1030.8000000000002
0233-FTHAV,950.4000000000001
4644-PIZRT,844.1999999999999
8922-NPKBJ,232.20000000000002
2740-TVLFN,601.8
7771-CFQRQ,765.5999999999999
9512-PHSMG,246.60000000000002
6963-EZQEE,1062.6
2452-KDRRH,1216.8000000000002
2004-OCQXK,983.4000000000001
5027-QPKTE,832.1999999999999
4146-SVFUD,535.2
1564-HJUVY,765.0
3617-XLSGQ,1311.0
7517-LDMPS,1015.1999999999999
7244-KXYZN,245.39999999999998
5226-NOZFC,1029.0
2672-HUYVI,1093.1999999999998
1400-WIVLL,1295.4
7508-MYBOG,1033.1999999999998
8148-NLEGT,275.4
0148-DCDOS,1136.4
8347-GDTMP,233.39999999999998
9992-RRAMN,1021.1999999999999
6746-WAUWT,236.39999999999998
0310-MVLET,1189.8000000000002
0428-IKYCP,1044.0
4550-VBOFE,1235.4
2187-PKZAY,959.4000000000001
4003-OCTMP,768.0
6652-YFFJO,778.8000000000001
7225-IILWY,309.0
5248-RPYWW,1081.8000000000002
7923-IYJWY,1393.1999999999998
3170-GWYKC,1259.4
5696-QURRL,540.5999999999999
7409-KIUTL,852.0
9830-ECLEN,600.0
1732-VHUBQ,846.5999999999999
0495-RVCBF,956.4000000000001
2668-TZSPS,245.39999999999998
7854-EDSSA,708.0
8869-TORSS,724.2
7446-SFAOA,238.20000000000002
9522-ZSINC,239.39999999999998
8234-GSZYK,317.4
6505-OZNPG,760.8
6164-HAQTX,647.4000000000001
0679-IDSTG,831.0
7765-LWVVH,1141.1999999999998
1658-TJVOA,889.1999999999999
0953-LGOVU,426.0
2115-BFTIW,851.4000000000001
4692-NNQRU,950.4000000000001
7742-MYPGI,585.5999999999999
0611-DFXKO,1068.0
7780-OTDSO,1192.8000000000002
9619-GSATL,665.4000000000001
5622-UEJFI,304.79999999999995
9747-DDZOS,882.0
0674-DGMAQ,1122.0
6203-HBZPA,766.8
0484-FFVBJ,778.1999999999999
0301-FIDRB,765.5999999999999
4139-JPIAM,533.4000000000001
2181-TIDSV,239.39999999999998
2761-XECQW,520.2
1936-CZAKF,595.8
9453-PATOS,1021.1999999999999
0564-JJHGS,1146.0
3348-CFRNX,1108.1999999999998
4402-FTBXC,1077.6
1428-GTBJJ,894.5999999999999
2931-XIQBR,1236.6
0106-UGRDO,1392.0
5542-TBBWB,838.8000000000001
1930-QPBVZ,1141.1999999999998
2606-PKWJB,483.0
5322-ZSMZY,309.0
8059-UDZFY,1264.1999999999998
7740-BTPUX,1363.1999999999998
5220-AGAAX,288.0
0208-BPQEJ,232.79999999999998
9435-JMLSX,1033.1999999999998
3352-ALMCK,1231.8000000000002
5312-IRCFR,1114.1999999999998
5294-IMHHT,1173.0
8802-UNOJF,1005.5999999999999
6313-GIDIT,653.4000000000001
6176-YJWAS,1175.4
5310-NOOVA,239.39999999999998
4526-EXKKN,295.20000000000005
5311-IHLEI,611.4000000000001
3987-KQDDU,907.1999999999999
3404-JNXAX,969.0
5131-PONJI,1084.8000000000002
2845-AFFTX,1197.6
3489-VSFRD,723.0
3345-JHUEO,242.39999999999998
5815-HGGHV,769.8000000000001
5260-UMPWX,243.0
2249-YPRNG,1270.1999999999998
7410-YTJIK,905.4000000000001
4626-GYCZP,1126.1999999999998
5649-RXQTV,1188.0
2674-MIAHT,963.5999999999999
2576-HXMPA,234.60000000000002
7587-AOVVU,1209.0
5590-BYNII,1209.0
6898-MDLZW,645.0
3237-AJGEH,372.0
4707-YNOQA,307.20000000000005
9357-UJRUN,700.2
1591-NFNLQ,960.0
8648-PFRMP,556.2
7663-CUXZB,1365.0
0258-NOKBL,1084.8000000000002
1163-VIPRI,1311.6
2815-CPTUL,843.0
9348-ROUAI,1083.6
9443-JUBUO,783.0
0596-BQCEQ,1201.8000000000002
1481-ZUWZA,1134.0
3043-TYBNO,727.8
4830-FAXFM,289.20000000000005
5906-BFOZT,234.0
2960-NKRSO,1031.4
8996-ZROXE,642.0
5598-IKHQQ,305.4
0397-ZXWQF,246.0
5266-PFRQK,250.20000000000002
4674-HGNUA,1078.8000000000002
6765-MBQNU,312.0
9786-IJYDL,1358.4
1303-SRDOK,828.5999999999999
3769-MHZNV,241.20000000000002
6295-OSINB,1315.8000000000002
3308-MHOOC,230.39999999999998
2309-OSFEU,406.79999999999995
2207-QPJED,1080.0
4177-JPDFU,408.0
2239-CFOUJ,244.79999999999998
8046-DNVTL,463.20000000000005
2209-XADXF,303.0
6620-JDYNW,727.2
1891-FZYSA,1079.4
4770-UEZOX,897.0
1038-RQOST,247.20000000000002
7613-LLQFO,1013.4000000000001
4568-TTZRT,244.79999999999998
9513-DXHDA,980.4000000000001
2640-PMGFL,954.0
3801-HMYNL,1069.8000000000002
0516-QREYC,243.60000000000002
9685-WKZGT,899.4000000000001
6022-UGGSO,892.8000000000001
8084-OIVBS,240.0
8896-BQTTI,300.0
3865-QBWSJ,965.4000000000001
3352-RICWQ,237.0
2160-GPFXD,787.8000000000001
2065-MMKGR,852.0
5857-TYBCJ,1070.4
1498-NHTLT,1041.0
4484-CGXFK,663.5999999999999
1402-PTHGN,738.0
4176-RELJR,301.20000000000005
6214-EDAKZ,661.8
5199-FPUSP,408.59999999999997
6377-KSLXC,239.39999999999998
1796-JANOW,239.39999999999998
0238-WHBIQ,1076.4
8735-NBLWT,244.79999999999998
6651-RLGGM,315.6
6127-ISGTU,1019.4000000000001
1614-JBEBI,248.39999999999998
8740-XLHDR,519.0
1208-DNHLN,580.2
1761-AEZZR,954.5999999999999
3923-CSIHK,852.5999999999999
5696-EXCYS,233.39999999999998
5795-KTGUD,1329.6
7120-RFMVS,1014.0
7924-GJZFI,831.5999999999999
4702-HDRKD,592.2
8512-WIWYV,244.20000000000002
5897-ZYEKH,1267.1999999999998
5456-ITGIC,773.4000000000001
7317-GGVPB,1303.1999999999998
1406-PUQVY,598.8
1322-AGOQM,363.6
3677-IYRBF,364.79999999999995
5692-FPTAH,544.8
9114-AAFQH,787.8000000000001
8715-KKTFG,1239.6
1550-LOAHA,1009.8000000000001
1728-BQDMA,533.4000000000001
0268-QKIWO,237.0
0876-WDUUZ,1024.8000000000002
5117-ZSMHQ,1078.8000000000002
5151-HQRDG,660.5999999999999
0960-HUWBM,1249.1999999999998
6465-GSRCL,1279.1999999999998
0617-FHSGK,902.4000000000001
0263-FJTQO,846.0
7319-ZNRTR,235.20000000000002
2858-MOFSQ,670.2
7503-EPSZW,288.6
7089-XXAYG,457.20000000000005
8118-LSUEL,1276.8000000000002
8070-AAWZP,411.0
1666-JXLKU,1200.6
7855-DIWPO,823.8000000000001
5133-POWUA,549.5999999999999
5652-MSDEY,909.0
7005-CCBKV,1012.8000000000001
1810-BOHSY,1156.8000000000002
1784-BXEFA,246.60000000000002
7351-MHQVU,611.4000000000001
9224-VTYID,1086.0
9500-IWPXQ,952.8000000000001
5762-TJXGK,705.0
4504-YOULA,713.4000000000001
5569-IDSEY,1268.4
4250-FDVOU,675.0
7284-ZZLOH,639.5999999999999
5277-ZLOOR,1026.6
2141-RRYGO,823.8000000000001
1777-JYQPJ,291.6
6376-GAHQE,934.1999999999999
3401-URHDA,718.8
1599-EAHXY,287.4
8631-XVRZL,241.79999999999998
5052-PNLOS,1264.1999999999998
3853-LYGAM,1147.8000000000002
6979-ZNSFF,1044.6
5751-USDBL,972.0
5680-LQOGP,989.4000000000001
2386-LAHRK,642.0
8189-DUKMV,246.0
6032-IGALN,301.20000000000005
9931-DCEZH,652.8
1898-JSNDC,703.2
0315-LVCRK,1017.5999999999999
3911-RSNHI,736.8
2410-CIYFZ,244.79999999999998
4248-HCETZ,955.8000000000001
5505-OVWQW,241.79999999999998
7271-AJDTL,1133.4
1867-TJHTS,957.5999999999999
0516-WJVXC,650.4000000000001
9174-FKWZE,233.39999999999998
6860-YRJZP,888.5999999999999
4429-WYGFR,589.8
2817-LVCPP,232.79999999999998
5038-ETMLM,1363.8000000000002
5056-FIMPT,1272.0
4521-WFJAI,311.4
6569-KTMDU,229.20000000000002
8809-RIHDD,1240.8000000000002
8809-XKHMD,1206.6
0396-YCHWO,1144.8000000000002
0867-LDTTC,901.8000000000001
4822-NGOCH,1013.4000000000001
9391-DXGGG,1069.8000000000002
9844-FELAJ,1294.8000000000002
2122-SZZZD,234.0
5307-DZCVC,1031.4
3148-AOIQT,299.4
8679-JOEVF,712.8
8395-ETZKQ,234.0
6692-YQHXC,839.4000000000001
3889-VWBID,994.1999999999999
5222-JCXZT,228.0
9754-CLVZW,466.20000000000005
1432-FPAXX,367.20000000000005
2739-CCZMB,244.20000000000002
7080-TNUWP,1140.0
0496-AHOOK,892.8000000000001
8336-TAVKX,941.4000000000001
2468-SJFLM,891.5999999999999
3181-VTHOE,612.5999999999999
7168-HDQHG,230.39999999999998
4803-AXVYP,1194.6
3884-HCSWG,840.0
4567-AKPIA,1309.1999999999998
5077-DXTCG,543.5999999999999
1142-WACZW,358.20000000000005
7901-HXJVA,917.4000000000001
5649-ANRML,1141.1999999999998
4892-VLANZ,237.60000000000002
5924-IFQTT,873.5999999999999
7968-QUXNS,227.39999999999998
2919-HBCJO,919.8000000000001
4236-XPXAV,1189.8000000000002
8903-WMRNW,1221.0
2452-SNHFZ,905.4000000000001
3629-WEAAM,769.1999999999999
6029-CSMJE,307.79999999999995
7993-NQLJE,901.1999999999999
9909-DFRJA,1150.1999999999998
9099-FTUHS,652.8
0581-BXBUB,873.0
4962-CHQPW,238.20000000000002
9467-ROOLM,228.60000000000002
3030-YZADT,539.4000000000001
7410-KTVFV,594.5999999999999
5150-ITWWB,1138.1999999999998
2253-KPMNB,555.0
1345-ZUKID,232.20000000000002
6429-SHBCB,835.1999999999999
9281-OFDMF,1088.4
2603-HVKCG,1216.8000000000002
1834-WULEG,243.0
9097-ZUBYC,585.5999999999999
5148-ORICT,892.1999999999999
4893-GYUJU,232.20000000000002
4578-PHJYZ,825.0
7272-QDCKA,1202.4
8908-SLFCJ,250.20000000000002
8393-DLHGA,1150.8000000000002
9766-HGEDE,232.20000000000002
6968-MHOMU,540.0
7395-IGJOS,978.0
5044-XDPYX,306.0
1814-WFGVS,586.8
2834-SPCJV,1009.1999999999999
3721-WKIIL,235.20000000000002
6734-CKRSM,240.0
1265-ZFOSD,975.5999999999999
6568-POCUI,1142.4
7890-VYYWG,437.40000000000003
5197-LQXXH,999.5999999999999
9907-SWKKF,300.6
3457-PQBYH,243.60000000000002
7682-AZNDK,1078.1999999999998
0587-DMGBH,598.2
5384-ZTTWP,237.60000000000002
3745-HRPHI,655.8
7636-OWBPG,352.20000000000005
1231-YNDEK,229.79999999999998
1407-DIGZV,229.20000000000002
6397-JNZZG,666.5999999999999
0570-BFQHT,966.5999999999999
4393-OBCRR,243.0
3523-QRQLL,834.0
8564-LDKFL,1272.0
3696-DFHHB,306.0
0895-DQHEW,1251.6
4717-GHADL,955.1999999999999
5501-TVMGM,663.0
5879-HMFFH,1056.6
6772-WFQRD,244.79999999999998
3810-DVDQQ,1411.1999999999998
6972-SNKKW,240.0
3694-GLTJM,235.79999999999998
8550-XSXUQ,846.5999999999999
8149-RSOUN,1126.1999999999998
9055-MOJJJ,789.5999999999999
4359-INNWN,240.60000000000002
0585-EGDDA,960.0
4032-RMHCI,424.79999999999995
0549-CYCQN,955.1999999999999
3481-JHUZH,963.0
7250-EQKIY,605.4000000000001
3594-IVHJZ,245.39999999999998
6869-FGJJC,955.1999999999999
3896-ZVNET,296.4
8205-VSLRB,927.5999999999999
5960-MVTUK,357.0
6817-WTYHE,538.8
3082-VQXNH,357.6
4013-UBXWQ,895.8000000000001
4931-TRZWN,863.4000000000001
0750-EKNGL,249.0
7669-LCRSD,675.5999999999999
3567-PQTSO,1263.0
5519-NPHVG,1130.4
8043-PNYSD,234.60000000000002
9938-EKRGF,1013.4000000000001
2703-AMTUL,643.8
0928-JMXNP,358.79999999999995
8173-RXAYP,236.39999999999998
4825-XJGDM,524.4000000000001
5402-HTOTQ,663.5999999999999
6734-JDTTV,238.20000000000002
7850-THJMU,235.79999999999998
3890-RTCMS,593.4000000000001
8849-GYOKR,1278.6
3148-BLQJT,241.20000000000002
3717-FDJFU,245.39999999999998
3665-JATSN,476.40000000000003
7966-YOTQW,654.0
0461-CVKMU,1005.5999999999999
8806-EAGWC,661.8
8853-TZDGH,1339.1999999999998
7779-LGOVN,1039.8000000000002
4324-BZCKL,666.5999999999999
6924-TDGMT,246.60000000000002
9710-ZUSHQ,1281.0
1536-YHDOE,745.2
8123-QBNAZ,1254.0
3629-ZNKXA,1221.6
4827-LTQRJ,1327.1999999999998
7711-YIJWC,1018.8000000000001
5482-VXSXJ,1118.4
7365-BVCJH,292.79999999999995
9620-ENEJV,846.5999999999999
4183-WCSEP,941.4000000000001
2378-YIZKA,1020.0
5498-TXHLF,1049.4
0689-DSXGL,1029.6
6818-DJXAA,1093.1999999999998
9722-UJOJR,849.0
0464-WJTKO,241.20000000000002
8902-ZEOVF,240.60000000000002
6778-EICRF,897.5999999999999
2662-NNTDK,297.6
4132-KALRO,1210.1999999999998
3902-FOIGH,1216.1999999999998
6772-KSATR,980.4000000000001
7112-OPOTK,819.0
2874-YXVVA,1261.1999999999998
1245-HARPS,244.79999999999998
4210-QFJMF,949.8000000000001
4323-ELYYB,240.0
4293-ETKAP,952.8000000000001
6064-PUPMC,686.4000000000001
6504-VBLFL,703.2
6322-PJJDJ,1137.6
0330-BGYZE,1230.0
1085-LDWAM,244.20000000000002
7586-ZATGZ,1018.8000000000001
7197-VOJMM,830.4000000000001
3318-OSATS,1145.4
5828-AVIPD,1211.4
1843-TLSGD,250.20000000000002
9626-VFRGG,1062.0
7075-BNDVQ,420.0
9143-CANJF,661.8
7284-BUYEC,611.4000000000001
2041-JIJCI,768.0
1086-LXKFY,829.1999999999999
4900-MSOMT,962.4000000000001
2229-VWQJH,591.5999999999999
9194-GFVOI,1012.1999999999999
1336-EZFZY,240.60000000000002
4282-MSACW,1406.4
1403-LKLIK,241.20000000000002
2636-ALXXZ,835.1999999999999
7774-OJSXI,1241.4
7786-WBJYI,935.4000000000001
0136-IFMYD,1319.4
5144-TVGLP,1137.0
9643-AVVWI,960.0
0253-ZTEOB,955.8000000000001
2706-QZIHY,302.4
6061-PQHMK,238.79999999999998
9885-CSMWE,941.4000000000001
6137-MFAJN,537.5999999999999
9122-UMROB,243.60000000000002
4232-JGKIY,230.39999999999998
2402-TAIRZ,960.5999999999999
9659-ZTWSM,1288.1999999999998
9139-TWBAS,574.2
6685-GBWJZ,849.5999999999999
5016-ETTFF,354.0
3866-MDTUB,849.0
2195-VVRJF,709.2
3913-RDSJZ,306.6
8058-JMEQO,1013.4000000000001
4203-QGNZA,243.0
5043-TRZWM,906.5999999999999
0697-ZMSWS,1027.8000000000002
7657-DYEPJ,841.8000000000001
9494-BDNNC,1143.6
1640-PLFMP,843.0
5366-OBVMR,603.5999999999999
8276-MQBYC,1173.6
7644-OMVMY,238.20000000000002
7593-XFKDI,555.5999999999999
4573-JKNAE,232.20000000000002
0337-CNPZE,1275.6
9817-APLHW,300.0
8380-MQINP,243.60000000000002
0840-DFEZH,904.1999999999999
1513-XNPPH,1072.8000000000002
8690-ZVLCL,1056.0
6015-VVHHE,997.8000000000001
1125-SNVCK,525.5999999999999
0384-LPITE,744.5999999999999
4616-EWBNJ,241.20000000000002
6347-DCUIK,889.8000000000001
1335-HQMKX,1216.1999999999998
2545-EBUPK,1008.5999999999999
6923-AQONU,250.79999999999998
2172-EJXVF,1270.8000000000002
0897-FEGMU,1194.0
7663-RGWBC,529.8
1120-BMWUB,646.8
9124-LHCJQ,1025.4
4536-PLEQY,1020.5999999999999
7029-IJEJK,529.2
8871-JLMHM,1082.4
2235-ZGKPT,610.2
3891-PUQOD,710.4000000000001
5447-VYTKW,641.4000000000001
3623-FQBOX,239.39999999999998
0689-NKYLF,998.4000000000001
8659-HDIYE,895.8000000000001
3658-KIBGF,658.8
3474-BAFSJ,690.0
5519-YLDGW,1246.8000000000002
3865-ZFZIB,235.79999999999998
1855-AGAWH,1125.6
7109-CQYUZ,1071.0
1370-GGAWX,1129.8000000000002
4680-KUTAJ,667.2
5307-UVGNB,584.4000000000001
4946-EDSEW,231.0
2883-ILGWO,1258.8000000000002
2516-VQRRV,905.4000000000001
7580-UGXNC,658.2
3642-BYHDO,238.79999999999998
9629-NHXFW,232.79999999999998
2696-RZVZW,300.6
5766-FTRTS,1013.4000000000001
0396-HUJBP,231.60000000000002
5178-LMXOP,1141.1999999999998
8879-ZKJOF,958.1999999999999
6285-FTQBF,306.6
8185-UPYBR,906.0
4585-HETAI,885.0
7526-BEZQB,1152.6
1474-JUWSM,820.8000000000001
3530-CRZSB,247.79999999999998
8498-XXGWA,661.8
9617-INGJY,847.1999999999999
0621-TSSMU,239.39999999999998
7234-KMNRQ,228.0
7636-PEPNS,529.2
4683-WYDOU,1291.1999999999998
9052-DHNKM,738.5999999999999
6794-HKIAJ,1088.4
5578-NKCXI,1191.0
1642-HMARX,1100.4
3096-WPXBT,1208.4
8434-PNQZX,941.4000000000001
5950-AAAGJ,1011.5999999999999
4299-OPXEJ,234.60000000000002
4951-UKAAQ,1067.4
9618-LFJRU,245.39999999999998
6693-DJWTY,667.2
0744-GKNGE,1041.6
6447-EGDIV,251.39999999999998
1167-OYZJF,240.60000000000002
2108-YKQTY,608.4000000000001
4806-DXQCE,1363.8000000000002
4918-QLLIW,640.8
7056-IMHCC,1222.8000000000002
4854-SSLTN,714.0
5294-DMSFH,1053.6
4837-PZTIC,502.79999999999995
1625-JAIIY,996.0
0603-OLQDC,838.1999999999999
3272-VUHPV,675.5999999999999
4176-FXYBO,1314.6
1063-DHQJF,1105.8000000000002
8663-UPDGF,834.0
6719-FGEDO,1164.0
1837-YQUCE,700.2
2947-DOMLJ,607.2
4112-LUEIZ,1074.0
0369-ZGOVK,844.8000000000001
4510-HIMLV,837.5999999999999
9919-KNPOO,1131.6
8749-JMNKX,1125.6
7872-BAAZR,234.60000000000002
9391-LMANN,1151.4
2430-USGXP,1212.6
8174-TBVCF,1137.6
1698-XFZCI,1293.0
1877-HKBQX,655.2
4450-DLLMH,855.5999999999999
0428-AXXLJ,234.0
2746-DIJLO,675.5999999999999
5955-ERIHD,1136.4
0917-EZOLA,1249.8000000000002
3508-VLHCZ,1086.6
4086-ATNFV,729.5999999999999
0468-YRPXN,1185.6
5996-NRVXR,1177.8000000000002
3739-YBWAB,424.20000000000005
7047-FWEYA,1237.8000000000002
2000-MPKCA,1293.0
9762-YAQAA,976.8000000000001
5949-EBSQK,737.4000000000001
5473-KHBPS,1148.4
0100-DUVFC,1257.6
5397-TUPSH,851.4000000000001
8950-MTZNV,539.4000000000001
0326-VDYXE,1171.8000000000002
6773-LQTVT,427.79999999999995
7274-RTAPZ,1086.6
0436-TWFFZ,1023.0
8566-YPRGL,234.0
0311-UNPFF,1065.6
6609-MXJHJ,301.20000000000005
2669-OIDSD,1200.6
8400-WZICQ,668.4000000000001
3834-XUIFC,1022.4000000000001
9576-SYUHJ,1093.8000000000002
0410-IPFTY,1006.1999999999999
2831-EBWRN,550.8
9430-NKQLY,301.20000000000005
8414-MYSHR,1096.8000000000002
0247-SLUJI,236.39999999999998
9402-ORRAH,1098.0
6483-OATDN,615.5999999999999
1293-HHSHJ,253.20000000000002
4840-ORQXB,1257.0
7599-FKVXZ,1273.8000000000002
3982-DQLUS,1029.0
8610-ZIKJJ,243.60000000000002
3756-VNWDH,1209.0
7801-KICAO,889.8000000000001
7673-LPRNY,942.5999999999999
8229-TNIQA,543.5999999999999
6060-QBMGV,238.20000000000002
7339-POGZN,608.4000000000001
2828-SLQPF,540.0
4465-VDKIQ,933.5999999999999
2921-XWDJH,1001.4000000000001
6221-AVQYL,879.0
2558-BUOZZ,1137.6
9257-AZMTZ,241.20000000000002
0003-MKNFE,718.8
0975-UYDTX,1081.1999999999998
7743-EXURX,612.5999999999999
4682-BLBUC,851.4000000000001
0975-VOOVL,350.4
5968-VXZLG,559.2
5569-KGJHX,1024.1999999999998
4988-IQIGL,904.1999999999999
5201-FRKKS,891.5999999999999
9799-CAYJJ,831.5999999999999
7730-IUTDZ,902.4000000000001
0426-TIRNE,250.79999999999998
5443-SCMKX,1131.6
8295-KMENE,917.4000000000001
6738-ISCBM,648.0
9821-BESNZ,1251.0
3678-MNGZX,239.39999999999998
1335-NTIUC,299.4
2916-BQZLN,1017.0
4558-CGYCZ,237.0
2368-GAKKQ,1363.8000000000002
8710-YGLWG,538.8
3199-XGZCY,903.0
3785-KTYSH,295.20000000000005
6814-ZPWFQ,300.0
4063-EIKNQ,251.39999999999998
6993-YCOBK,1327.1999999999998
5206-HPJKM,666.0
7587-RZNME,519.5999999999999
0748-RDGGM,1314.0
8393-JMVMB,233.39999999999998
5019-GQVCR,1018.1999999999999
6036-TTFYU,235.20000000000002
2550-AEVRU,641.4000000000001
0969-RGKCU,237.60000000000002
0378-CJKPV,1345.1999999999998
4706-AXVKM,1017.5999999999999
5889-JTMUL,1140.6
9026-RNUJS,604.2
3746-EUBYR,895.1999999999999
2332-EFBJY,236.39999999999998
2880-FPNAE,890.4000000000001
1703-MGIAB,828.0
4311-QTTAI,232.20000000000002
9474-PHLYD,713.4000000000001
4318-RAJVY,237.60000000000002
2165-VOEGB,1262.4
3612-YUNGG,1310.4
2254-DLXRI,949.8000000000001
5062-CJJKH,643.8
9028-LIHRP,1202.4
2219-MVUSO,541.8
1053-MXTTK,1303.8000000000002
1530-ZTDOZ,487.79999999999995
1301-LOPVR,664.2
0853-TWRVK,1267.1999999999998
8914-RBTSB,1125.6
6212-ATMLK,1148.4
8200-LGKSR,998.4000000000001
1568-BEKZM,1080.6
0670-ANMUU,1171.8000000000002
6897-RWMUB,816.5999999999999
0963-ZBDRN,1154.4
7594-RQHXR,955.1999999999999
6999-CHVCF,1225.1999999999998
6134-KWTBV,280.79999999999995
1077-HUUJM,852.5999999999999
6331-EWIEB,1023.0
0895-LNKRC,233.39999999999998
2045-BMBTJ,713.4000000000001
8417-GSODA,1106.4
5171-EPLKN,238.20000000000002
4452-QIIEB,526.8
5998-VVEJY,966.0
1624-NALOJ,1077.6
6741-EGCBI,1086.0
7820-ZYGNY,1085.4
4317-VTEOA,609.0
9677-AVKED,1015.1999999999999
1670-SVOWZ,1075.8000000000002
2227-JRSJX,1189.8000000000002
9847-HNVGP,239.39999999999998
6696-YDAYZ,246.0
8980-WQFWL,745.2
1730-ZMAME,954.0
6506-EYCNH,234.60000000000002
4634-JLRJT,244.20000000000002
9501-UKKNL,620.4000000000001
2560-QTSBS,279.6
7541-YLXCL,784.8000000000001
4795-WRNVT,781.1999999999999
6080-TCMYC,974.4000000000001
0260-ZDLGK,874.8000000000001
7860-UXCRM,894.0
6357-JJPQT,966.0
2292-XQWSV,723.5999999999999
9552-TGUZV,900.0
5913-INRQV,1081.8000000000002
8722-NGNBH,480.0
6210-KBBPI,1193.4
9643-YBLUR,828.5999999999999
8734-FNWVH,716.4000000000001
9447-YPTBX,238.20000000000002
0133-BMFZO,1035.0
6128-CZOMY,547.8
9540-JYROE,841.1999999999999
9026-LHEVG,489.0
2260-USTRB,842.4000000000001
3656-TKRVZ,664.2
7011-CVEUC,1148.4
6185-TASNN,555.5999999999999
7925-PNRGI,975.5999999999999
8623-TMRBY,1010.4000000000001
1552-CZCLL,240.0
3038-PQIUY,793.8000000000001
1501-SGHBW,550.2
9313-CDOGY,235.20000000000002
8148-BPLZQ,597.5999999999999
2623-DRYAM,1221.0
9987-LUTYD,661.8
3208-YPIOE,903.0
4488-KQFDT,1247.4
2612-RANWT,1201.8000000000002
5693-PIPCS,1195.8000000000002
0491-KAPQG,884.4000000000001
1925-LFCZZ,600.5999999999999
8039-EQPIM,723.0
6900-PXRMS,1269.0
8707-RMEZH,1047.6
3346-BRMIS,580.2
3209-ZPKFI,651.0
6479-VDGRK,1023.5999999999999
9373-WSLOY,600.0
2933-FILNV,292.79999999999995
3569-JFODW,1091.4
9819-FBNSV,867.0
9544-PYPSJ,1153.1999999999998
1591-XWLGB,238.20000000000002
0396-UKGAI,663.5999999999999
3243-ZHOHY,241.20000000000002
5186-EJEGL,834.0
7527-QNRUS,301.79999999999995
9986-BONCE,251.39999999999998
2722-JMONI,594.5999999999999
2203-GHNWN,955.8000000000001
3878-AVSOQ,855.0
3258-SYSWS,1365.6
5296-PSYVW,294.6
6319-QSUSR,236.39999999999998
4083-EUGRJ,243.0
7579-OOPEC,601.8
0512-FLFDW,1206.0
1771-OADNZ,1150.8000000000002
0487-CRLZF,893.4000000000001
2107-FBPTK,1249.1999999999998
9451-WLYRI,228.60000000000002
8219-VYBVI,300.0
1991-VOPLL,228.60000000000002
9738-QLWTP,982.8000000000001
1016-DJTSV,836.4000000000001
9419-IPPBE,1081.8000000000002
0174-QRVVY,304.20000000000005
5699-BNCAS,295.79999999999995
2900-PHPLN,234.60000000000002
0612-RTZZA,303.0
8106-GWQOK,720.0
8751-EDEKA,1078.8000000000002
6878-GGDWG,232.79999999999998
4039-PIMHX,597.5999999999999
8450-LUGUK,289.20000000000005
3604-WLABM,651.0
0795-GMVQO,1318.8000000000002
2259-OUUSZ,426.0
1142-IHLOO,1050.6
6410-LEFEN,541.8
4633-MKHYU,1060.8000000000002
6257-RJOHI,609.5999999999999
1545-JFUML,1188.0
3194-ORPIK,1012.8000000000001
7826-VVKWT,1158.6
1353-GHZOS,717.0
2587-EKXTS,1338.0
5442-BXVND,291.0
8816-VXNZD,901.1999999999999
9378-FXTIZ,841.8000000000001
1723-HKXJQ,1221.0
7825-GKXMW,549.5999999999999
9753-OYLBX,246.0
2364-UFROM,844.8000000000001
6656-JWRQX,366.6
6473-ULUHT,1018.8000000000001
1240-KNSEZ,241.20000000000002
0836-SEYLU,487.79999999999995
4433-JCGCG,1212.0
3716-BDVDB,829.1999999999999
7688-AWMDX,654.0
2842-BCQGE,904.1999999999999
7244-QWYHG,533.4000000000001
5899-MQZZL,900.0
6849-OYAMU,1200.0
5312-UXESG,1176.6
9488-HGMJH,853.8000000000001
6038-GCYEC,649.8
2150-WLKUW,766.8
7159-FVYPK,829.8000000000001
7032-LMBHI,775.8000000000001
1150-WFARN,1305.0
6088-BXMRG,1186.1999999999998
3144-AUDBS,589.8
4821-SJHJV,1075.1999999999998
7346-MEDWM,999.0
1137-DGOWI,843.0
5616-PRTNT,232.79999999999998
3812-LRZIR,294.0
4818-QIUFN,949.8000000000001
9483-GCPWE,241.20000000000002
4227-OJHAL,876.0
9220-CXRSC,736.8
4993-JCRGJ,1011.5999999999999
9537-JALFH,238.79999999999998
6698-OXETB,244.79999999999998
2103-ZRXFN,609.0
3724-BSCVH,245.39999999999998
4877-TSOFF,909.0
9209-NWPGU,784.8000000000001
6961-VCPMC,964.8000000000001
7306-YDSOI,717.0
5288-AHOUP,942.0
6688-UZPWD,1224.0
0655-YDGFJ,587.4000000000001
8468-EHYJA,1195.8000000000002
6823-SIDFQ,219.0
1097-FSPVW,654.5999999999999
2839-RFSQE,247.79999999999998
8328-SKJNO,487.79999999999995
7010-ZMVBF,245.39999999999998
5201-CBWYG,297.6
0968-GSIKN,849.5999999999999
1965-DDBWU,1068.6
9057-SIHCH,1159.1999999999998
6352-GIGGQ,1065.6
3635-QQRQD,240.60000000000002
6771-XWBDM,1254.0
2897-DOVND,837.5999999999999
3082-YVEKW,925.8000000000001
0191-EQUUH,420.59999999999997
7134-HBPBS,1297.1999999999998
3489-HHPFY,1008.5999999999999
2926-JEJJC,242.39999999999998
8601-QACRS,607.2
4950-BDEUX,590.4000000000001
5789-LDFXO,295.20000000000005
0508-OOLTO,859.8000000000001
2984-TBYKU,1258.8000000000002
9822-WMWVG,1278.0
2391-SOORI,592.2
9040-KZVWO,906.0
2645-QTLMB,1131.0
4806-HIPDW,827.4000000000001
1548-ARAGG,702.0
6339-RZCBJ,946.8000000000001
4424-TKOPW,1126.1999999999998
4415-WNGVR,950.4000000000001
2522-AHJXR,1313.4
0412-UCCNP,710.4000000000001
1816-FLZDK,349.79999999999995
7096-UCLNH,240.60000000000002
8443-ZRDBZ,912.5999999999999
9136-ALYBR,293.4
4615-PIVVU,798.0
8885-QSQBX,594.5999999999999
7479-NITWS,1072.1999999999998
8617-ENBDS,883.1999999999999
9385-NXKDA,991.8000000000001
0430-IHCDJ,588.0
2959-MJHIC,964.1999999999999
6674-KVJHG,302.4
1814-DKOLC,305.4
4201-JMNGR,669.5999999999999
9351-HXDMR,1330.8000000000002
3537-HPKQT,933.0
2129-ALKBS,314.4
5821-MMEIL,238.79999999999998
5960-WPXQM,948.5999999999999
0684-AOSIH,1140.0
8260-NGFNY,302.4
1309-XGFSN,970.1999999999999
1866-RZZQS,1180.8000000000002
6968-URWQU,676.2
4742-TXUEX,231.60000000000002
9631-XEYKE,604.8
8631-NBHFZ,952.8000000000001
1335-MXCSE,663.0
8873-TMKGR,229.20000000000002
8800-JOOCF,1008.5999999999999
1469-LBJQJ,1262.4
4958-XCBDQ,1216.8000000000002
8337-UPOAQ,1077.6
0064-YIJGF,909.0
2386-OWURY,1143.6
1725-IQNIY,1317.0
0310-VQXAM,238.20000000000002
6598-RFFVI,231.60000000000002
3453-RTHJQ,829.1999999999999
6712-OAWRH,1095.0
6278-FEPBZ,243.0
4280-DLSHD,657.0
1508-DFXCU,977.4000000000001
8614-VGMMV,589.2
7868-BGSZA,962.4000000000001
2800-QQUSO,1203.6
2930-UOTMB,783.0
7973-DZRKH,1091.4
5914-DVBWJ,1025.4
7698-YFGEZ,240.0
2533-QVMSK,1129.1999999999998
9773-PEQBZ,958.1999999999999
8644-XLFBW,859.8000000000001
0650-BWOZN,882.5999999999999
8625-AZYZY,1255.8000000000002
7785-RDVIG,231.60000000000002
9602-WCXPI,241.79999999999998
2903-YYTBW,534.5999999999999
3620-MWJNE,653.4000000000001
8573-JGCZW,235.79999999999998
6837-HAEVO,1260.0
6701-YVNQG,1064.4
9306-CPCBC,891.0
4304-XUMGI,901.8000000000001
9504-YAZWB,243.0
8819-ZBYNA,1309.1999999999998
6174-NRBTZ,369.0
9481-IEBZY,1354.8000000000002
1833-VGRUM,890.4000000000001
6137-NICCO,1128.6
9065-ZCPQX,946.1999999999999
6402-EJMWF,663.5999999999999
3620-EHIMZ,232.20000000000002
3213-VVOLG,304.20000000000005
6870-ECSHE,245.39999999999998
8747-UDCOI,232.20000000000002
8374-XGEJJ,1212.0
2656-TABEH,1202.4
6946-LMSQS,1068.6
4626-OZDTJ,943.8000000000001
9169-BSVIN,897.0
2325-ZUSFD,841.1999999999999
8194-PEEBY,238.79999999999998
6872-HXFNF,700.2
3932-CMDTD,1267.8000000000002
7714-YXSMB,1206.0
8387-UGUSU,240.60000000000002
1080-BWSYE,307.79999999999995
4039-HEUNW,1158.0
1194-HVAIF,1140.0
0812-WUPTB,850.1999999999999
3594-UVONA,1031.4
0004-TLHLJ,886.8000000000001
1767-TGTKO,545.4000000000001
8439-LTUGF,240.0
8805-JNRAZ,590.4000000000001
5089-IFSDP,1313.4
6418-HNFED,999.0
0206-OYVOC,231.0
7291-CDTMJ,235.79999999999998
7128-GGCNO,873.5999999999999
0237-YFUTL,1315.8000000000002
7691-KGKGP,780.0
6710-HSJRD,1369.1999999999998
3675-EQOZA,247.79999999999998
0840-DCNZE,1043.4
1732-FEKLD,1137.0
9862-KJTYK,304.20000000000005
0479-HMSWA,1265.4
5854-KSRBJ,304.79999999999995
0365-BZUWY,1230.6
4817-VYYWS,1202.4
5701-SVCWR,288.0
3129-AAQOU,307.20000000000005
4922-CVPDX,882.0
1396-QWFBJ,888.5999999999999
1357-BIJKI,1179.0
1099-BTKWT,652.8
5299-SJCZT,1218.6
2018-PZKMU,1237.1999999999998
7340-KEFQE,410.40000000000003
4570-QHXHL,525.0
2403-BCASL,1343.4
7392-YYPYJ,1207.8000000000002
2898-LSJGD,671.4000000000001
2223-GDSHL,1392.6
7359-PTSXY,549.0
9470-RTWDV,984.0
2176-OSJUV,781.8000000000001
9348-YVOMK,537.5999999999999
8104-OSKWT,957.5999999999999
4521-YEEHE,1066.1999999999998
4090-KPJIP,899.4000000000001
3786-WOVKF,1282.1999999999998
4503-BDXBD,899.4000000000001
6086-ESGRL,961.8000000000001
2592-HODOV,231.60000000000002
3886-CERTZ,1311.0
7995-ZHHNZ,673.2
3824-RHKVR,236.39999999999998
5816-SCGFC,615.5999999999999
5989-AXPUC,1423.1999999999998
4979-HPRFL,289.79999999999995
8590-OHDIW,243.60000000000002
8015-IHCGW,1386.0
2332-TODQS,300.6
9278-VZKCD,1309.1999999999998
8008-OTEZX,235.79999999999998
2773-OVBPK,1335.6
5999-LCXAO,358.79999999999995
5206-XZZQI,967.1999999999999
4803-LBYPN,249.60000000000002
5759-RCVCB,422.40000000000003
6372-RFVNS,945.5999999999999
2139-FQHLM,1079.4
8261-GWDBQ,1392.6
1093-YSWCA,234.60000000000002
8938-UMKPI,1276.8000000000002
0991-BRRFB,592.8
3882-IYOIJ,1383.0
8749-TZYEC,297.6
1755-FZQEC,238.79999999999998
3115-JPJDD,975.0
5600-KTXFM,839.4000000000001
3871-IKPYH,829.1999999999999
6319-IEJWJ,1082.4
9025-AOMKI,1122.6
6339-TBELP,1036.8000000000002
7964-YESJC,795.5999999999999
6173-GOLSU,1135.8000000000002
5275-SQEIZ,970.1999999999999
7716-YTYHG,984.5999999999999
9938-ZREHM,865.1999999999999
7950-XWOVN,416.40000000000003
4390-KYULV,246.60000000000002
4647-MUZON,1151.4
9702-AIUJO,537.5999999999999
8849-PRIQJ,1312.8000000000002
8851-RAGOV,852.5999999999999
1304-NECVQ,942.5999999999999
5396-IZEPB,236.39999999999998
1729-VLAZJ,483.0
8285-ABVLB,238.20000000000002
0701-TJSEF,819.0
5712-VBOXD,241.79999999999998
6629-LADHQ,611.4000000000001
8945-GRKHX,943.8000000000001
1559-DTODC,301.79999999999995
4797-MIWUM,243.0
6959-UWKHF,514.8
8720-RQSBJ,528.0
4537-CIBHB,243.0
3815-SLMEF,411.0
5154-VEKBL,702.0
4324-AHJKS,669.5999999999999
4355-CVPVS,1066.8000000000002
4495-LHSSK,691.8
5655-JSMZM,1154.4
5915-ANOEI,949.8000000000001
9861-PDSZP,1296.6
4505-EXZHB,892.8000000000001
7225-CBZPL,1137.6
6704-UTUKK,550.8
4587-VVTOX,1263.6
2019-HDCZY,1231.1999999999998
4652-NNHNY,886.1999999999999
8788-DOXSU,736.2
7404-JLKQG,690.5999999999999
7421-ZLUPA,351.0
8972-HJWNV,1014.5999999999999
3274-NSDWE,235.20000000000002
2632-IVXVF,1341.0
3692-JHONH,1278.0
8915-NNTRC,1292.4
5914-GXMDA,231.60000000000002
7463-IFMQU,240.60000000000002
2920-RNCEZ,839.4000000000001
2541-YGPKE,764.4000000000001
8515-OCTJS,297.0
5382-TEMLV,610.8
3441-CGZJH,724.8
9592-ERDKV,951.0
2860-RANUS,1029.6
5261-QSHQM,293.4
4778-IZARL,1321.1999999999998
0432-CAJZV,1088.4
7008-LZVOZ,303.6
8868-WOZGU,1268.4
1200-TUZHR,1022.4000000000001
9365-CSLBQ,292.20000000000005
1334-FJSVR,291.0
5884-FBCTL,301.20000000000005
7130-CTCUS,654.5999999999999
6242-FEGFD,1159.1999999999998
7625-XCQRH,918.0
6194-HBGQN,973.8000000000001
7634-WSWDB,462.0
6986-IXNDM,1114.8000000000002
1731-TVIUK,1122.0
2987-BJXIK,1016.4000000000001
9769-TSBZE,792.0
0406-BPDVR,1218.0
0618-XWMSS,898.8000000000001
1395-WSWXR,249.0
6023-GSSXW,737.4000000000001
6752-APNJL,654.0
5276-KQWHG,835.1999999999999
0420-HLGXF,1197.0
7446-KQISO,1317.0
9823-EALYC,970.1999999999999
0582-AVCLN,243.60000000000002
5803-NQJZO,813.5999999999999
2565-JSLRY,288.6
2607-DHDAK,237.60000000000002
1073-XXCZD,308.4
0743-HRVFF,673.8
4006-HKYHO,1040.4
3727-JEZTU,244.79999999999998
8143-ETQTI,235.79999999999998
6689-KXGBO,606.5999999999999
9667-TKTVZ,652.2
3657-COGMW,1297.1999999999998
8570-KLJYJ,653.4000000000001
7754-IXRMC,544.2
9473-CBZOP,708.0
2969-WGHQO,833.4000000000001
6615-NGGZJ,1206.6
4334-HOWRP,779.4000000000001
4255-DDUOU,246.0
5863-OOKCL,226.20000000000002
1686-STUHN,237.60000000000002
1329-VHWNP,300.6
2984-MIIZL,897.5999999999999
0266-GMEAO,1371.6
5590-YRFJT,293.4
5574-NXZIU,1310.4
0019-GFNTW,540.5999999999999
4256-ZWTZI,612.0
8309-PPCED,1325.4
4098-NAUKP,1015.8000000000001
5196-WPYOW,720.5999999999999
4608-LCIMN,535.8
1485-YDHMM,1119.0
4054-CUMIA,243.0
0603-TPMIB,305.4
2525-GVKQU,247.20000000000002
8161-QYMTT,1129.1999999999998
9581-GVBXT,417.59999999999997
5862-BRIXZ,729.0
5404-GGUKR,616.2
3308-JSGML,768.5999999999999
2126-GSEGL,1017.5999999999999
3677-TNKIO,852.0
0440-QEXBZ,601.8
2434-EEVDB,1135.1999999999998
6762-QVYJO,717.0
6199-IWKGC,1203.0
2675-DHUTR,1186.8000000000002
8152-VETUR,1172.4
9667-EQRXU,483.59999999999997
7446-YPODE,723.0
9522-BNTHX,675.0
4676-WLUHT,554.4000000000001
3329-WDIOK,607.2
7980-MHFLQ,298.79999999999995
2873-ZLIWT,1018.1999999999999
3415-TAILE,788.4000000000001
0757-WCUUZ,760.2
1629-DQQVB,601.2
1915-IOFGU,846.0
3045-XETSH,1138.1999999999998
0374-AACSZ,601.8
7239-HZZCX,237.0
4872-VXRIL,775.8000000000001
9140-CZQZZ,955.1999999999999
3423-HHXAO,234.0
9938-TKDGL,1194.6
0531-ZZJWQ,888.0
6537-QLGEX,466.79999999999995
2688-BHGOG,954.5999999999999
7683-CBDKJ,785.4000000000001
0946-CLJTI,1184.4
3160-TYXLT,555.5999999999999
1325-USMEC,1192.1999999999998
0916-QOFDP,1149.6
0628-CNQRM,810.0
5606-AMZBO,937.8000000000001
6199-IPCAO,313.20000000000005
7665-TOALD,835.1999999999999
0112-QWPNC,1012.1999999999999
0324-BRPCJ,1202.4
2777-PHDEI,936.5999999999999
5640-CAXOA,484.20000000000005
2235-EZAIK,950.4000000000001
3847-BAERP,250.79999999999998
1196-AMORA,883.1999999999999
4282-YMKNA,897.0
1453-RZFON,598.8
8263-OKETD,826.8000000000001
0670-KDOMA,243.0
2476-YGEFM,912.0
8687-BAFGU,888.0
0641-EVBOJ,987.5999999999999
0829-XXPLX,1072.8000000000002
9974-JFBHQ,1189.8000000000002
5356-RHIPP,242.39999999999998
6624-JDRDS,353.4
0608-JDVEC,237.60000000000002
9780-FKVVF,709.8
1919-RTPQD,537.0
5214-NLTIT,1089.6
3345-PBBFH,594.5999999999999
5055-BRMNE,1280.4
9189-JWSHV,1122.6
2190-PHBHR,1133.4
2650-GYRYL,233.39999999999998
0746-JTRFU,300.6
5208-FVQKB,815.4000000000001
7184-LRUUR,783.0
6627-CFOSN,1193.4
3982-JGSFD,244.20000000000002
1574-DYCWE,239.39999999999998
7247-XOZPB,928.8000000000001
2466-FCCPT,236.39999999999998
6211-WWLTF,1196.4
4826-TZEVA,897.5999999999999
6016-NXBNJ,229.79999999999998
9138-EFSMO,947.4000000000001
0576-WNXXC,1146.6
4632-XJMEX,754.2
8910-LEDAG,858.5999999999999
3452-GWUIN,1139.4
2716-GFZOR,1033.1999999999998
3724-UCSHY,234.60000000000002
8626-XHBIE,297.6
4628-CTTLA,471.59999999999997
3192-LNKRK,1008.5999999999999
4439-YRNVD,435.0
2876-VBBBL,243.0
6834-NXDCA,286.79999999999995
2208-UGTGR,1183.1999999999998
3005-TYFRD,1243.8000000000002
8670-MEFCP,1114.8000000000002
3079-BCHLN,238.79999999999998
7777-UNYHB,241.20000000000002
5597-GLBUC,1025.4
7278-CKDNC,966.0
2748-MYRVK,1198.8000000000002
8450-UYIBU,478.20000000000005
2969-VAPYH,726.0
4822-YCXMX,1017.5999999999999
7181-OQCUT,1246.1999999999998
8474-UMLNT,813.5999999999999
9821-POOTN,902.4000000000001
3836-FZSDJ,298.20000000000005
9142-XMYJH,232.20000000000002
6559-ILWKJ,592.2
0187-QSXOE,1068.0
7733-UDMTP,660.0
2649-HWLYB,913.8000000000001
5214-CHIWJ,243.60000000000002
4229-CZMLL,898.8000000000001
6904-JLBGY,1408.1999999999998
2465-BLLEU,237.0
1685-VAYJF,542.4000000000001
8874-EJNSR,302.4
6917-YACBP,1077.0
5049-MUBWG,900.0
4223-WOZCM,599.4000000000001
0769-MURVM,788.4000000000001
9253-VIFJQ,804.5999999999999
7030-FZTFM,1330.8000000000002
9741-YLNTD,1055.4
5917-RYRMG,237.60000000000002
5120-ZBLAI,908.4000000000001
1194-BHJYC,745.8
3663-MITLP,1215.0
0906-QVPMS,1381.8000000000002
9025-ZRPVR,227.39999999999998
1905-OEILC,234.0
7858-GTZSP,1038.6
3285-UCQVC,343.20000000000005
6248-BSHKG,244.79999999999998
4685-TFLLS,237.60000000000002
3470-BTGQO,547.8
1209-VFFOC,676.8
8224-DWCKX,879.5999999999999
5482-PLVPE,292.20000000000005
4553-DVPZG,1216.1999999999998
4902-OHLSK,1183.8000000000002
6917-IAYHD,403.20000000000005
0495-ZBNGW,958.8000000000001
8620-RJPZN,248.39999999999998
7572-KPVKK,1248.6
2642-MAWLJ,243.0
2357-COQEK,1239.6
7103-ZGVNT,884.4000000000001
3737-GCSPV,1154.4
2027-WKXMW,1305.0
7137-NAXML,241.79999999999998
2428-ZMCTB,237.0
2961-VNFKL,311.4
1768-HNVGJ,840.5999999999999
6963-KQYQB,288.6
5934-RMPOV,1017.0
1207-BLKSA,276.6
4088-YLDSU,1249.8000000000002
8316-BBQAY,719.4000000000001
1166-PQLGG,234.60000000000002
3146-JTQHR,235.20000000000002
4291-YZODP,240.60000000000002
4395-PZMSN,1026.6
6427-FEFIG,943.1999999999999
0017-IUDMW,1401.6
8706-HRADD,522.5999999999999
9955-QOPOY,729.5999999999999
4385-ZKVNW,658.8
5446-DKWYW,782.4000000000001
2034-CGRHZ,1235.4
5797-APWZC,1087.1999999999998
3683-QKIUE,609.5999999999999
4228-ZGYUW,1080.6
9031-ZVQPT,1298.4
2990-IAJSV,1104.0
8107-KNCIM,901.1999999999999
9027-YFHQJ,300.6
5176-LDKUH,901.8000000000001
4644-OBGFZ,234.0
7926-IJOOU,231.60000000000002
6480-YAGIY,1346.4
4029-HPFVY,843.5999999999999
7602-DBTOU,235.20000000000002
5345-BMKWB,243.0
3519-ZKXGG,910.1999999999999
5457-COLHT,967.8000000000001
6416-TVAIH,822.0
5451-YHYPW,1389.0
5108-ADXWO,882.0
7998-WNZEM,967.1999999999999
3066-RRJIO,839.4000000000001
4664-NJCMS,714.5999999999999
0307-BCOPK,228.60000000000002
7629-WFGLW,1147.8000000000002
2542-HYGIQ,239.39999999999998
6715-OFDBP,840.5999999999999
5016-LIPDW,232.79999999999998
6481-LXPWL,433.20000000000005
1567-DSCIC,1128.0
2150-UWTFY,733.8
6124-ACRHJ,237.0
9362-MWODR,769.1999999999999
9975-GPKZU,237.0
9625-RZFUK,236.39999999999998
5153-LXKDT,1322.4
5161-UBZXI,1276.1999999999998
1020-JPQOW,1086.6
7919-ZODZZ,790.8000000000001
0565-JUPYD,1254.0
6867-ACCZI,630.0
5939-XAIXZ,673.2
9054-FOWNV,1065.0
2683-BPJSO,1013.4000000000001
2157-MXBJS,903.5999999999999
8207-VVMYB,312.0
9732-EQMWY,1192.8000000000002
9360-AHGNL,1314.6
1087-UDSIH,235.20000000000002
5269-NRGDP,877.8000000000001
6195-MELTI,655.8
5485-WUYWF,796.8000000000001
2121-JAFOM,1386.6
8818-DOPVL,1253.4
2632-UCGVD,1200.6
5445-PZWGX,1224.0
1227-UDMZR,1093.8000000000002
5198-HQAEN,1076.4
9170-CCKOU,1082.4
2167-FQSTQ,1108.8000000000002
2819-GWENI,238.79999999999998
1043-YCUTE,301.79999999999995
3814-MLAXC,958.1999999999999
3572-UUHRS,226.20000000000002
2692-PFYTJ,309.0
1226-UDFZR,595.2
5955-EPOAZ,251.39999999999998
6821-JPCDC,1164.6
8815-LMFLX,304.79999999999995
9135-HSWOC,236.39999999999998
8582-KRHPJ,420.0
5811-IWXYM,1215.0
7044-YAACC,842.4000000000001
8189-XRIKE,1091.4
1506-YJTYT,886.1999999999999
4123-DVHPH,1056.6
6425-YQLLO,1271.4
5442-UTCVD,1102.1999999999998
2228-BZDEE,241.20000000000002
7734-DBOAI,481.20000000000005
2789-CZANW,1323.6
2091-RFFBA,886.8000000000001
2114-MGINA,1077.6
7596-LDUXP,1021.8000000000001
3740-RLMVT,731.4000000000001
4489-SNOJF,867.0
2192-OZITF,882.5999999999999
5651-CPDND,552.0
2186-QZEYA,702.5999999999999
1131-ALZWV,295.20000000000005
7729-XBTWX,237.0
9134-WYRVP,1036.1999999999998
3284-SVCRO,306.0
9732-OUYRN,228.0
0559-CKHUS,234.60000000000002
2931-SVLTV,1321.1999999999998
6899-PPEEA,1158.6
7504-UWHNB,837.0
2582-FFFZR,607.2
8908-NMQTX,787.1999999999999
2187-LZGPL,481.20000000000005
1431-AIDJQ,985.1999999999999
6288-LBEAR,949.1999999999999
4597-NUCQV,1215.0
9019-QVLZD,954.5999999999999
8413-YNHNV,1087.8000000000002
5808-TOTXO,246.60000000000002
4369-NYSCF,909.0
6333-YDVLT,1320.0
5324-KTGCG,250.20000000000002
5599-HVLTW,964.1999999999999
7394-LWLYN,841.8000000000001
3707-LRWZD,1008.5999999999999
6873-UDNLD,809.4000000000001
2700-LUEVA,249.0
1455-ESIQH,1069.1999999999998
0958-YHXGP,838.8000000000001
1101-SSWAG,613.2
2979-SXESE,1132.8000000000002
4013-TLDHQ,939.0
5743-KHMNA,306.6
4194-FJARJ,720.0
5325-UWTWJ,1086.6
3969-GYXEL,916.8000000000001
9208-OLGAQ,1019.4000000000001
3244-CQPHU,1321.1999999999998
2674-MLXMN,1195.8000000000002
9708-HPXWZ,544.8
6992-TKNYO,828.0
4468-YDOVK,583.8
3754-DXMRT,529.8
5792-JALQC,718.2
7130-VTEWQ,909.0
2200-DSAAL,967.8000000000001
4302-ZYFEL,246.60000000000002
9351-LZYGF,796.8000000000001
4366-CTOUZ,1202.4
6121-VZNQB,229.20000000000002
7903-CMPEY,963.5999999999999
1518-OMDIK,534.5999999999999
6671-NGWON,244.20000000000002
0595-ITUDF,1101.6
6996-KNSML,898.8000000000001
1955-IBMMB,242.39999999999998
0096-BXERS,604.2
3806-YAZOV,225.60000000000002
7998-ZLXWN,245.39999999999998
6253-WRFHY,777.0
9133-AYJZG,1184.4
2675-OTVVJ,1073.4
8680-CGLTP,705.0
8430-TWCBX,248.39999999999998
5018-GWURO,1027.1999999999998
6741-QRLUP,963.5999999999999
4737-HOBAX,957.5999999999999
0537-QYZZN,958.1999999999999
3340-QBBFM,649.2
1704-NRWYE,970.1999999999999
2592-SEIFQ,297.0
8200-KLNYW,970.8000000000001
3372-CDXFJ,294.0
4781-ZXYGU,241.79999999999998
7632-YUTXB,240.60000000000002
2718-YSKCS,235.20000000000002
9896-UYMIE,1371.6
0853-NWIFK,1203.6
8212-CRQXP,960.0
6980-CDGFC,250.20000000000002
7691-XVTZH,1079.4
2520-SGTTA,240.0
7481-ATQQS,1090.1999999999998
2277-VWCNI,585.0
1088-CNNKB,960.0
8642-GVWRF,956.4000000000001
1930-BZLHI,244.20000000000002
3400-ESFUW,690.5999999999999
5868-YTYKS,243.0
3525-DVKFN,232.79999999999998
1482-OXZSY,1204.8000000000002
0377-JBKKT,695.4000000000001
5778-BVOFB,714.0
3373-YZZYM,230.39999999999998
2057-ZBLPD,1038.0
0228-MAUWC,714.5999999999999
5502-RLUYV,1247.4
0023-HGHWL,301.20000000000005
7663-YJHSN,1247.4
4915-BFSXL,827.4000000000001
3086-RUCRN,1237.1999999999998
5215-LNLDJ,296.4
7576-JMYWV,1322.4
9039-RBEEE,587.4000000000001
0257-KXZGU,749.4000000000001
1307-ATKGB,1074.6
8417-FMLZI,1002.5999999999999
3714-XPXBW,946.8000000000001
1850-AKQEP,244.20000000000002
2824-DXNKN,857.4000000000001
5227-JSCFE,556.2
0848-ZGQIJ,1135.8000000000002
3621-CHYVB,598.8
8042-RNLKO,305.4
1792-UXAFY,1069.8000000000002
5372-FBKBN,249.0
0420-TXVSG,793.1999999999999
6217-TOWGS,904.8000000000001
0515-YPMCW,845.4000000000001
0378-XSZPU,723.5999999999999
1045-LTCYT,252.60000000000002
1544-JJMYL,832.1999999999999
4636-JGAAI,1066.1999999999998
6874-SGLHU,1164.0
5951-AOFIH,796.8000000000001
4729-XKASR,297.0
3059-NGMXB,830.4000000000001
8652-YHIYU,954.0
5278-PNYOX,1207.8000000000002
5449-FIBXJ,1239.6
3486-HOOGQ,956.4000000000001
5061-PBXFW,736.8
8630-FJLIB,837.5999999999999
3891-NLXJB,486.59999999999997
4749-OJKQU,907.8000000000001
0577-WHMEV,1088.4
5453-AXEPF,966.0
3639-XJHKQ,727.2
3716-LRGXK,1213.8000000000002
2263-SFSQZ,299.4
9950-MTGYX,243.60000000000002
3397-AVTKU,720.0
4825-FUREZ,243.0
9837-BMCLM,942.0
2672-OJQZP,537.0
0137-UDEUO,238.20000000000002
3134-DSHVC,1176.0
6161-UUUTA,958.8000000000001
7821-DPRQE,1292.4
6543-XRMYR,1196.4
2001-EWBQU,1256.4
4925-LMHOK,703.2
1608-GMEWB,1126.8000000000002
6695-AMZUF,1037.4
1455-UGQVH,1182.0
8410-BGQXN,232.79999999999998
8280-MQRQN,605.4000000000001
1619-YWUBB,299.4
7611-YKYTC,900.0
2037-SGXHH,1135.8000000000002
3178-FESZO,1203.0
0365-GXEZS,938.4000000000001
0082-OQIQY,1130.4
6087-MVHJH,1061.4
4603-JANFB,838.1999999999999
3018-TFTSU,980.4000000000001
3606-SBKRY,600.5999999999999
4806-KEXQR,958.8000000000001
0667-NSRGI,834.5999999999999
7083-YNSKY,304.79999999999995
6893-ODYYE,1081.1999999999998
8242-JSVBO,535.8
2479-BRAMR,1005.0
9541-ZPSEA,964.1999999999999
2665-NPTGL,1177.1999999999998
1139-WUOAH,640.2
4693-VWVBO,234.60000000000002
7434-SHXLS,250.79999999999998
6937-GCDGQ,587.4000000000001
0988-JRWWP,650.4000000000001
5075-JSDKI,293.4
7908-QCBCA,832.8000000000001
8644-XYTSV,481.79999999999995
6711-FLDFB,898.8000000000001
3873-WOSBC,307.20000000000005
7465-ZZRVX,844.1999999999999
7975-JMZNT,1100.4
7251-XFOIL,1070.4
4116-IQRFR,289.20000000000005
3714-JTVOV,889.8000000000001
8259-DZLIZ,646.2
0442-ZXKVS,1387.1999999999998
7853-WNZSY,237.0
3120-FAZKD,288.6
8606-OEGQZ,303.6
0225-ZORZP,1011.5999999999999
4702-IOQDC,841.1999999999999
9489-JMTTN,1077.0
0575-CUQOV,1175.4
0967-BMLBD,240.0
6178-KFNHS,939.5999999999999
2830-LEWOA,1246.8000000000002
5006-MXVRN,248.39999999999998
1264-BYWMS,1161.6
9658-WYUFB,1132.8000000000002
8327-WKMIE,241.79999999999998
6917-FIJHC,312.0
5329-KRDTM,928.1999999999999
7797-EJMDP,792.5999999999999
3530-VWVGU,238.79999999999998
2013-SGDXK,1011.5999999999999
6368-NWMCE,817.8000000000001
3633-CDBUW,970.1999999999999
0707-HOVVN,906.0
8580-QVLOC,1109.4
3956-MGXOG,967.1999999999999
9274-UARKJ,998.4000000000001
4077-HWUYD,1050.6
2012-NWRPA,1194.6
8808-ELEHO,975.0
0103-CSITQ,1312.8000000000002
3506-LCJDC,239.39999999999998
8671-KKKOS,546.5999999999999
7305-ZWMAJ,248.39999999999998
9518-XXBXE,903.5999999999999
3934-HXCFZ,1191.0
6578-KRMAW,1120.8000000000002
4860-IJUDE,885.0
7666-WKRON,965.4000000000001
9688-YGXVR,1057.8000000000002
0423-UDIJQ,590.4000000000001
1945-XISKS,235.79999999999998
4910-AQFFX,952.1999999999999
2154-KVJFF,957.0
5360-LJCNJ,1261.8000000000002
2607-FBDFF,588.0
9647-ERGBE,1200.6
3428-XZMAZ,832.1999999999999
1100-DDVRV,597.5999999999999
0378-TOVMS,1029.6
4355-HBJHH,956.4000000000001
6728-WYQBC,251.39999999999998
9058-CBREO,606.5999999999999
9029-FEGVJ,951.5999999999999
7216-KAOID,234.0
0318-QUUOB,966.5999999999999
6145-NNPNO,529.8
5520-FVEWJ,1014.0
5339-TJFEK,1266.0
5572-ZDXHY,1011.5999999999999
2074-GUHPQ,1112.4
4625-XMOYM,315.0
5827-MWCZK,1163.4
1385-TQOZW,245.39999999999998
5914-XRFQB,1389.6
4329-YPDDQ,1298.4
4804-NCPET,242.39999999999998
3750-CKVKH,813.0
5944-UGLLK,658.8
8063-GBATB,1023.0
7787-BNTZM,241.79999999999998
2252-ISRNH,1084.1999999999998
9415-TPKRV,669.0
5322-TEUJK,1375.1999999999998
4547-KQRTM,960.5999999999999
4877-EVATK,240.0
1866-DIOQZ,801.5999999999999
8375-KVTHK,1203.6
2697-NQBPF,1264.1999999999998
3709-OIJEA,1022.4000000000001
7639-SUPCW,585.5999999999999
1386-ZIKUV,227.39999999999998
0599-XNYDO,837.5999999999999
6377-WHAOX,1273.8000000000002
6855-VLGOS,246.60000000000002
8999-XXGNS,1269.0
8746-OQQRW,303.0
3181-MIZBN,237.0
0471-ARVMX,1258.1999999999998
7766-CLTIC,731.4000000000001
5650-YLIBA,973.8000000000001
0825-CPPQH,229.20000000000002
9084-OAYKL,249.60000000000002
6122-LJADA,1081.8000000000002
2400-XIWIO,1081.1999999999998
7524-VRLPL,889.1999999999999
1069-XAIEM,1020.5999999999999
7569-NMZYQ,1425.0
5201-USSQZ,1030.8000000000002
2105-PHWON,1140.0
1494-EJZDW,241.79999999999998
4884-TVUQF,1215.6
8003-EWNDZ,254.39999999999998
1897-RCFUM,290.4
9256-JTBNZ,243.60000000000002
4658-HCOHW,1233.6
2211-RMNHO,1023.5999999999999
2432-TFSMK,1075.1999999999998
3440-JPSCL,1199.4
4929-ROART,675.0
1834-ABKHQ,611.4000000000001
1741-WTPON,1390.1999999999998
3932-IJWDZ,1243.8000000000002
1240-HCBOH,313.20000000000005
3594-KADLU,421.20000000000005
8065-BVEPF,1189.1999999999998
3796-ENZGF,807.0
1734-ZMNTZ,300.0
2853-CWQFQ,714.5999999999999
0813-TAXXS,933.5999999999999
2519-TWKFS,661.2
2889-FPWRM,1413.6
0626-QXNGV,289.79999999999995
6723-CEGQI,543.0
6987-XQSJT,954.0
4732-RRJZC,243.0
9499-XPZXM,777.0
4338-EYCER,655.2
3007-FDPEA,248.39999999999998
6350-XFYGW,1137.0
4290-BSXUX,955.8000000000001
8513-OLYGY,1389.6
0311-QYWSS,593.4000000000001
8705-DWKTI,1005.5999999999999
8755-IWJHN,1144.1999999999998
0325-XBFAC,1136.4
4480-QQRHC,888.5999999999999
0929-PECLO,1075.1999999999998
3680-CTHUH,1399.1999999999998
1202-KKGFU,650.4000000000001
6112-KTHFQ,231.60000000000002
1852-XEMDW,780.5999999999999
2462-XIIJB,1110.0
4760-XOHVN,233.39999999999998
1820-DJFPH,288.6
9426-SXNHE,225.0
9068-FHQHD,241.79999999999998
1269-FOYWN,240.0
9470-YFUYI,852.0
7817-BOQPW,906.5999999999999
7402-EYFXX,1123.1999999999998
1853-UDXBW,840.0
9895-VFOXH,292.79999999999995
5458-CQJTA,897.5999999999999
1230-QAJDW,783.0
5701-ZIKJE,606.5999999999999
5219-YIPTK,1252.8000000000002
5032-MIYKT,848.4000000000001
7396-VJUZB,543.0
9717-QEBGU,843.5999999999999
5172-RKOCB,1307.4
6509-TSGWN,317.4
3540-RZJYU,1034.4
3178-CIFOT,235.79999999999998
2091-MJTFX,614.4000000000001
4530-NDRKU,228.60000000000002
5985-TBABQ,897.0
9800-ONTFE,909.5999999999999
6743-HHQPF,301.20000000000005
8455-HIRAQ,533.4000000000001
6616-AALSR,1251.6
0883-EIBTI,234.0
9415-ZNBSX,1068.0
4018-KJYUY,241.79999999999998
0722-TROQR,898.8000000000001
7571-YXDAD,898.8000000000001
3884-UEBXB,433.79999999999995
8780-RSYYU,230.39999999999998
5537-UXXVS,231.0
1791-PQHBB,734.4000000000001
8701-DGLVH,245.39999999999998
8741-LQOBK,420.59999999999997
3393-FMZPV,1203.0
8082-GHXOP,528.0
6402-ZFPPI,1233.6
0980-FEXWF,604.2
7486-KSRVI,1200.0
3011-WQKSZ,240.0
8443-WVPSS,1198.1999999999998
3006-XIMLN,1130.4
8218-FFJDS,1036.8000000000002
1986-PHGZF,700.8
9965-YOKZB,1006.1999999999999
0504-HHAPI,1059.6
9360-OMDZZ,1129.1999999999998
6305-YLBMM,1248.6
0345-XMMUG,1306.8000000000002
8024-XNAFQ,1288.8000000000002
3647-GMGDH,1136.4
2988-GBIVW,1090.1999999999998
2832-SCUCO,238.79999999999998
7036-ZZKBD,796.8000000000001
3791-LGQCY,1207.8000000000002
0265-PSUAE,1208.4
0463-TXOAK,307.20000000000005
0594-UFTUL,238.20000000000002
9509-MPYOD,249.0
9128-CPXKI,1149.6
0129-KPTWJ,1135.8000000000002
8166-ZZTFS,966.5999999999999
5855-EIBDE,1279.8000000000002
5365-LLFYV,550.2
5956-YHHRX,1252.1999999999998
6008-NAIXK,665.4000000000001
2956-GGUCQ,946.1999999999999
1928-BXYIV,733.8
5760-FXFVO,947.4000000000001
6595-COKXZ,533.4000000000001
0961-ZWLVI,1310.4
5181-OABFK,735.5999999999999
4007-NHVHI,1162.1999999999998
7816-VGHTO,486.59999999999997
5871-DGTXZ,237.60000000000002
7550-WIQVA,1299.0
7544-ZVIKX,1260.6
0016-QLJIS,1085.4
7508-DQAKK,1036.8000000000002
5176-OLSKT,802.8000000000001
9356-AXGMP,1328.4
3556-BVQGL,240.0
0362-ZBZWJ,1018.8000000000001
8979-CAMGB,1225.1999999999998
4211-MMAZN,243.0
7581-EBBOU,841.8000000000001
4274-OWWYO,892.1999999999999
5073-RZGBK,960.5999999999999
1541-ETJZO,744.5999999999999
2192-CKRLV,590.4000000000001
3154-HMWUU,246.0
6119-SPUDB,459.0
6522-OIQSX,659.4000000000001
7813-ZGGAW,1159.1999999999998
8748-HFWBO,238.79999999999998
1052-QJIBV,238.79999999999998
1319-YLZJG,1015.1999999999999
4106-HADHQ,960.0
0723-FDLAY,1023.0
3050-RLLXC,975.0
9298-WGMRW,1386.0
2369-UAPKZ,1249.1999999999998
3088-LHEFH,948.0
2778-OCLGR,469.20000000000005
6583-KQJLK,1135.8000000000002
8544-JNBOX,249.60000000000002
6681-ZSEXG,714.0
6139-ZZRBQ,240.60000000000002
6116-RFVHN,1205.4
0637-KVDLV,918.0
8884-FEEWR,247.20000000000002
3125-RAHBV,243.60000000000002
6633-MPWBS,590.4000000000001
0373-AIVNJ,474.59999999999997
8785-EPNCG,277.79999999999995
1682-VCOIO,245.39999999999998
5729-KLZAR,970.1999999999999
2072-ZVJJX,303.0
8849-AYPTR,1095.0
9518-IMLHK,869.4000000000001
1582-RAFML,721.2
3646-ITDGM,236.39999999999998
8740-CRYFY,947.4000000000001
3569-VLDHH,901.1999999999999
8224-KDLKN,300.0
7594-LZNWR,829.8000000000001
4001-TSBTV,1098.6
2962-XPMCQ,541.8
8727-XDPUD,429.59999999999997
1043-UXOVO,1357.8000000000002
1064-FBXNK,238.20000000000002
3996-ZNWYK,237.60000000000002
2878-DHMIN,238.79999999999998
7762-ONLJY,236.39999999999998
1678-FYZOW,952.8000000000001
5795-BKOYE,709.2
8627-EHGIP,647.4000000000001
7402-PWYJJ,1093.8000000000002
5480-TBGPH,1191.6
0018-NYROU,827.4000000000001
7501-VTYLJ,618.5999999999999
7608-RGIRO,292.79999999999995
0480-BIXDE,1161.6
5895-QSXOD,840.5999999999999
9814-AOUDH,234.0
6175-IRFIT,945.0
8760-ZRHKE,830.4000000000001
1622-HSHSF,234.60000000000002
8854-CCVSQ,967.8000000000001
6749-UTDVX,1243.8000000000002
5542-DHSXL,656.4000000000001
9102-OXKFY,649.8
0511-JTEOY,853.1999999999999
5216-WASFJ,1018.1999999999999
7808-DVWEP,240.0
7067-KSAZT,1275.0
2284-VFLKH,1191.0
0366-NQSHS,232.20000000000002
6532-YLWSI,249.60000000000002
3807-BPOMJ,1137.0
3892-NXAZG,1368.6
4948-WBBKL,898.8000000000001
4182-BGSIQ,237.60000000000002
9300-AGZNL,1128.0
0988-AADSA,970.1999999999999
9972-NKTFD,655.8
3717-LNXKW,1100.4
5734-EJKXG,1423.1999999999998
2207-RYYRL,294.6
6729-FZWSY,233.39999999999998
9695-IDRZR,1393.8000000000002
8144-DGHXP,967.1999999999999
7814-LEEVE,243.60000000000002
1112-CUNAO,1078.1999999999998
5175-AOBHI,552.0
5174-RNGBH,795.0
8631-WUXGY,1197.6
7270-BDIOA,1080.0
9565-JSNFM,845.4000000000001
5906-DVAPM,900.0
6654-QGBZZ,238.79999999999998
8348-JLBUG,963.5999999999999
0607-DAAHE,237.0
5641-DMBFJ,1011.5999999999999
9200-NLNPD,648.5999999999999
2664-XJZNO,1258.8000000000002
9732-KPKBW,647.4000000000001
3339-EAQNV,1167.0
0921-OHLVP,996.5999999999999
3389-YGYAI,1266.0
9560-ARGQJ,972.0
8350-NYMVI,493.20000000000005
1600-DILPE,540.0
0536-ESJEP,894.5999999999999
4654-GGUII,482.40000000000003
6478-HRRCZ,846.0
8510-BBWMU,237.0
6857-TKDJV,295.79999999999995
2360-RDGRO,1251.0
0584-BJQGZ,940.1999999999999
5134-IKDAY,837.5999999999999
1360-XFJMR,1316.4
3070-DVEYC,885.0
5730-RIITO,401.40000000000003
9058-MJLZC,1135.1999999999998
5707-ORNDZ,654.5999999999999
0902-XKXPN,242.39999999999998
5177-RVZNU,243.60000000000002
0056-EPFBG,472.79999999999995
8993-IZEUX,829.8000000000001
8696-JKZNU,915.0
5380-AFSSK,1126.8000000000002
8190-ZTQFB,616.2
0931-MHTEM,1200.6
2055-PDADH,844.8000000000001
7515-LODFU,243.60000000000002
0440-UEDAI,1133.4
1337-BOZWO,556.8
0868-VJRDR,1248.6
8714-EUHJO,1093.8000000000002
6344-SFJVH,298.79999999999995
3950-VPYJB,715.2
8041-TMEID,1302.0
7321-ZNSLA,486.59999999999997
6941-KXRRV,707.4000000000001
3721-CNEYS,851.4000000000001
8727-JQFHV,249.0
9475-NNDGC,1357.8000000000002
1355-KUSBG,585.5999999999999
3688-FTHLT,756.5999999999999
0899-LIIBW,1210.1999999999998
2568-OIADY,1194.0
1384-RCUXW,966.5999999999999
5825-XJOCM,772.8000000000001
6848-YLDFR,902.4000000000001
8125-QPFJD,1018.8000000000001
2320-YKQBO,231.60000000000002
1193-RTSLK,1006.8000000000001
2302-ANTDP,1409.4
5923-GXUOC,1252.8000000000002
4973-RLZVI,895.8000000000001
7869-ZYDST,708.5999999999999
4501-UYKBC,829.1999999999999
1215-EXRMO,246.60000000000002
2305-MRGLV,918.5999999999999
8404-VIOMB,750.0
5233-GEEAX,352.79999999999995
2359-KLTEK,1138.8000000000002
5304-EFJLP,1339.8000000000002
2673-ZALNP,238.79999999999998
9184-GALIL,245.39999999999998
4393-RYCRE,1272.6
9746-MDMBK,1361.4
3162-ZJZFU,1110.6
8404-GFGCZ,787.1999999999999
8875-AKBYH,1012.1999999999999
4432-ADRLB,535.8
0533-UCAAU,853.1999999999999
1394-SUIUH,1021.8000000000001
3521-MNKLV,596.4000000000001
2533-TIBIX,362.4
8993-PHFWD,303.0
1565-RHDJD,1008.5999999999999
7137-RYLPP,1028.4
3765-JXVKY,896.4000000000001
5092-STPKP,676.2
7330-WZLNC,1089.6
0114-PEGZZ,1290.6
3359-DSRKA,238.20000000000002
8639-NHQEI,1150.8000000000002
7161-DFHUF,286.20000000000005
3957-LXOLK,1273.8000000000002
3720-DBRWL,1006.1999999999999
6635-MYYYZ,1024.1999999999998
8565-WUXZU,1017.5999999999999
5281-BUZGT,1090.1999999999998
4994-OBRSZ,913.1999999999999
0562-FGDCR,894.5999999999999
2436-QBZFP,470.40000000000003
3420-YJLQT,954.5999999999999
6040-CGACY,235.20000000000002
6582-PLFUU,234.60000000000002
8242-PDSGJ,469.79999999999995
0264-CNITK,241.20000000000002
0089-IIQKO,1199.4
7839-NUIAA,717.5999999999999
6075-QMNRR,597.0
5378-IKEEG,429.0
5966-EMAZU,1302.0
0440-EKDCF,721.8
4774-HHGGS,228.60000000000002
2718-GAXQD,552.0
2055-BFOCC,1008.0
8180-AKMJV,534.5999999999999
4298-OYIFC,1241.4
5566-SOEZD,967.8000000000001
9842-EFSYY,686.4000000000001
2272-WUSPA,1329.0
4584-LBNMK,296.4
3898-GUYTS,1164.6
0930-EHUZA,916.1999999999999
6413-XKKPU,1072.8000000000002
9975-SKRNR,226.79999999999998
3703-KBKZP,893.4000000000001
1449-XQEMT,237.60000000000002
2626-URJFX,610.8
4973-MGTON,1012.8000000000001
3682-YEUWS,292.79999999999995
1223-UNPKS,240.60000000000002
2612-RRIDN,972.0
4735-ASGMA,1180.1999999999998
3446-QDSZF,666.0
3669-LVWZB,612.0
6892-EZDTG,1099.8000000000002
5117-IFGPS,1011.5999999999999
7379-FNIUJ,1202.4
1627-AFWVJ,232.79999999999998
9725-SCPZG,1090.1999999999998
5884-GCYMI,832.8000000000001
3217-FZDMN,1133.4
4486-EFAEB,244.79999999999998
0060-FUALY,1137.0
7853-GVUDZ,241.79999999999998
7480-QNVZJ,1148.4
6954-OOYZZ,532.2
7088-FBAWU,894.5999999999999
8313-AFGBW,883.1999999999999
3943-KDREE,899.4000000000001
9239-ZBZZV,575.4000000000001
3097-IDVPU,601.2
4398-HSCJH,763.2
2197-OMWGI,636.0
2303-PJYHN,238.20000000000002
9795-VOWON,292.20000000000005
1237-WIYYZ,234.60000000000002
1987-AUELQ,300.6
7852-LECYP,1125.6
4430-UZIPO,442.20000000000005
4822-LPTYJ,1245.0
8165-CBKXO,681.0
6527-PZFPV,249.60000000000002
4855-SNKMY,529.2
9593-CVZKR,293.4
8595-SIZNC,307.20000000000005
8008-HAWED,609.0
7124-UGSUR,1252.8000000000002
1862-SKORY,471.59999999999997
5236-XMZJY,715.8
4827-DPADN,999.5999999999999
2694-CIUMO,954.5999999999999
5846-ABOBJ,293.4
1439-LCGVL,230.39999999999998
0909-SDHNU,357.6
4647-XXZAM,546.0
1502-XFCVR,1277.4
7740-KKCXF,360.6
5360-XGYAZ,787.8000000000001
9692-TUSXH,1152.6
7912-SYRQT,901.1999999999999
3557-HTYWR,888.5999999999999
4816-JBHOV,536.4000000000001
8920-NAVAY,1329.0
1699-TLDLZ,236.39999999999998
5600-PDUJF,594.0
8292-TYSPY,660.0
0567-XRHCU,527.4000000000001
1867-BDVFH,892.1999999999999
2067-QYTCF,1333.8000000000002
2359-QWQUL,1256.4
9103-TCIHJ,668.4000000000001
7407-SUJIZ,247.20000000000002
9150-KPBJQ,235.79999999999998
0052-DCKON,1389.6
3654-ARMGP,1063.8000000000002
9699-UBQFS,1134.0
9367-TCUYN,241.20000000000002
1261-FWTTE,415.79999999999995
3528-HFRIQ,627.5999999999999
0708-SJDIS,780.0
4140-WJAWW,238.20000000000002
2073-QBVBI,425.40000000000003
6928-ONTRW,236.39999999999998
3320-VEOYC,1147.1999999999998
5231-FIQPA,238.20000000000002
6617-WLBQC,982.1999999999999
2599-CIPQE,1311.6
6653-CBBOM,843.5999999999999
8774-GSBUN,304.79999999999995
7326-RIGQZ,837.5999999999999
1401-FTHFQ,240.0
3247-ZVOUO,1026.6
0254-FNMCI,1318.8000000000002
1848-LBZHY,603.5999999999999
6101-IMRMM,1134.0
8118-TJAFG,1218.0
5429-LWCMV,1069.8000000000002
7298-IZWLY,232.79999999999998
9758-MFWGD,358.79999999999995
3955-JBZZM,945.5999999999999
1268-ASBGA,1024.1999999999998
8943-URTMR,955.8000000000001
4815-TUMEQ,231.60000000000002
4713-LZDRV,955.1999999999999
9909-IDLEK,1161.6
4092-OFQZS,247.79999999999998
1561-BWHIN,237.60000000000002
4325-NFSKC,1087.1999999999998
9927-DSWDF,1255.1999999999998
9500-LTVBP,960.5999999999999
7252-NTGSS,541.8
8149-AIQCG,877.8000000000001
1360-JYXKQ,1189.1999999999998
2955-PSXOE,242.39999999999998
7762-URZQH,1272.6
0899-WZRSD,1264.1999999999998
3255-GRXMG,547.8
4828-FAZPK,959.4000000000001
6094-ZIVKX,653.4000000000001
6925-BAYGL,301.20000000000005
3262-EIDHV,1016.4000000000001
7354-OIJLX,910.1999999999999
1376-HHBDV,585.5999999999999
6907-NZZIJ,1189.8000000000002
6133-OZILE,422.40000000000003
4135-FRWKJ,915.0
2911-UREFD,670.8
3744-ZRRDZ,988.1999999999999
5673-TIYIB,484.79999999999995
6551-ZCOTS,298.79999999999995
7191-ADRGF,651.5999999999999
5018-LXQQG,795.5999999999999
6892-BOGQE,250.79999999999998
1602-IJQQE,904.1999999999999
4628-WQCQQ,1021.8000000000001
1746-TGTWV,904.1999999999999
5995-SNNEW,1253.4
8050-WYBND,593.4000000000001
2821-WARNZ,233.39999999999998
4879-GZLFH,1105.8000000000002
1644-IRKSF,1125.6
8314-HTWVE,238.20000000000002
9402-ROUMJ,1203.0
2507-QZPQS,1148.4
7159-NOKYQ,1117.8000000000002
5707-ZMDJP,836.4000000000001
8779-YIQQA,237.60000000000002
7136-IHZJA,856.1999999999999
8966-OIQHG,249.0
7074-STDCN,487.20000000000005
3705-PSNGL,244.79999999999998
8739-QOTTN,244.20000000000002
1399-OUPJN,237.0
0277-BKSQP,652.8
6502-HCJTI,1136.4
2606-RMDHZ,366.0
5774-XZTQC,245.39999999999998
2676-SSLTO,793.8000000000001
6266-QHOJZ,1078.1999999999998
7269-JISCY,540.5999999999999
0363-SVHYR,1042.1999999999998
8547-NSBBO,1161.0
8258-GSTJK,924.0
6861-OKBCE,241.20000000000002
9940-RHLFB,903.5999999999999
6591-QGOYB,1279.8000000000002
9070-BCKQP,1321.8000000000002
6421-SZVEM,994.1999999999999
1328-EUZHC,241.20000000000002
2995-UPRYS,1190.4
8878-RYUKI,713.4000000000001
9633-DENPU,703.2
7811-JIVPF,596.4000000000001
7113-HIPFI,790.1999999999999
8541-QVFKM,882.0
6686-YPGHK,1026.0
1383-EZRWL,240.60000000000002
9258-CNWAC,1363.8000000000002
5371-VYLSX,1000.8000000000001
6374-AFWOX,787.8000000000001
4759-TRPLW,844.8000000000001
5317-FLPJF,736.2
7621-VPNET,1030.8000000000002
6034-YMTOB,907.8000000000001
8563-IIOXK,597.0
4903-CNOZC,850.8000000000001
4353-HYOJD,598.2
8020-BWHYL,903.5999999999999
7267-FRMJW,241.20000000000002
2982-VPSGI,1128.0
4188-FRABG,1236.6
8199-ZLLSA,1420.1999999999998
4128-ETESU,1196.4
0620-DLSLK,982.8000000000001
4625-EWPTF,365.4
5980-NOPLP,1153.1999999999998
3850-OKINF,794.4000000000001
6892-XPFPU,1251.0
8010-EZLOU,962.4000000000001
1156-ZFYDO,237.0
3295-YVUSR,871.1999999999999
8016-NCFVO,1398.0
4119-ZYPZY,1281.6
5549-ZGHFB,299.4
7577-SWIFR,1071.0
0303-WMMRN,231.0
6408-OTUBZ,1254.6
5204-HMGYF,1046.4
1078-TDCRN,369.0
3727-OVPRY,308.4
3797-FKOGQ,1034.4
7622-NXQZR,361.20000000000005
6196-HBOBZ,1192.1999999999998
3970-XGJDU,230.39999999999998
7017-VFULY,241.20000000000002
5562-YJQGT,244.20000000000002
8807-OPMBM,307.79999999999995
5439-WIKXB,1134.6
9874-QLCLH,1250.4
8294-UIMBA,1132.8000000000002
8109-YUOHE,673.2
5840-NVDCG,819.0
8092-NLTGF,297.0
5928-QLDHB,915.0
9840-EFJQB,892.1999999999999
0696-UKTOX,649.8
4801-KFYKL,233.39999999999998
3472-OAOOR,419.40000000000003
6135-OZQVA,643.8
8062-YBDOE,835.8000000000001
2252-JHJGE,1248.0
4188-PCPIG,844.1999999999999
6000-APYLU,969.5999999999999
7105-BENQF,778.1999999999999
7721-DVEKZ,235.79999999999998
3566-VVORZ,550.8
9507-HSMMZ,240.0
2480-SQIOB,537.5999999999999
0947-IDHRQ,963.5999999999999
7813-TKCVO,244.20000000000002
0128-MKWSG,549.5999999999999
3672-YITQD,1009.1999999999999
4350-ZTLPI,1307.4
9048-JVYVF,832.1999999999999
0361-HJRDX,772.1999999999999
5727-MYATE,1089.6
3823-KYNQY,299.4
8988-ECPJR,955.1999999999999
7570-WELNY,1016.4000000000001
3021-VLNRJ,849.5999999999999
3776-EKTKM,437.40000000000003
2080-CAZNM,1252.8000000000002
1028-FFNJK,1218.0
6907-FLBER,651.5999999999999
3001-UNBTL,1247.4
5982-PSMKW,1093.1999999999998
3507-GASNP,239.39999999999998
7096-ZNBZI,317.4
1902-XBTFB,1072.8000000000002
1676-MQAOA,901.1999999999999
0786-IVLAW,1297.1999999999998
7566-DSRLQ,1321.8000000000002
0643-OKLRP,964.1999999999999
7245-JMTTQ,1338.0
6050-IJRHS,1278.0
6202-JVYEU,238.79999999999998
8591-TKMZH,1333.1999999999998
0734-OXWBT,848.4000000000001
4282-ACRXS,298.20000000000005
0365-TRTPY,1094.4
7349-ALMUX,787.1999999999999
9381-NDKME,487.79999999999995
6502-KUGLL,713.4000000000001
1841-YSJGV,1319.4
2794-XIMMO,725.4000000000001
8382-SHQEH,1018.8000000000001
3511-BFTJW,462.0
7668-XCFYV,1110.6
2983-ZANRP,882.5999999999999
7845-URHJN,241.79999999999998
3034-ZBEQN,416.40000000000003
5018-HEKFO,294.0
2923-ARZLG,236.39999999999998
3976-NLDEZ,247.20000000000002
2282-YGNOR,696.0
5336-UFNZP,1289.4
6854-EXGSF,786.0
1241-EZFMJ,305.4
9233-PSYHO,1201.8000000000002
5376-PCKNB,1253.4
8044-BGWPI,253.79999999999998
4060-LDNLU,1154.4
3589-PPVKW,532.8
8327-LZKAS,1290.6
5887-IKKYO,1132.1999999999998
1075-BGWOH,1185.0
1755-RMCXH,243.60000000000002
0302-JOIVN,1213.8000000000002
3858-XHYJO,1269.0
4299-SIMNS,973.8000000000001
7025-IWFHT,1074.6
6261-LHRTG,657.0
7841-FCRQD,645.0
2056-EVGZL,1269.0
8777-MBMTS,1270.1999999999998
7753-USQYQ,770.4000000000001
5366-IJEQJ,1064.4
7661-CPURM,1052.4
6233-HXJMX,1071.6
5902-WBLSE,241.79999999999998
1981-INRFU,957.0
4971-PUYQO,1134.6
3239-TPHPZ,240.60000000000002
5115-GZDEL,806.4000000000001
3338-CVVEH,1134.6
8485-GJCDN,828.5999999999999
2615-YVMYX,1290.0
2851-STERV,876.0
4393-GEADV,1377.0
8486-AYEQH,912.5999999999999
1527-SXDPN,1155.0
6029-WTIPC,1213.1999999999998
8634-CILSZ,1256.4
5419-JKZNQ,934.8000000000001
2495-KZNFB,1087.8000000000002
1409-PHXTF,1325.4
4560-WQAQW,824.4000000000001
9591-YVTEB,538.2
9309-BZGNT,357.6
4274-DRSQT,1066.8000000000002
2027-DNKIV,705.0
8075-GXIUB,238.20000000000002
2885-HIJDH,1042.8000000000002
5424-RLQLC,715.8
6682-QJDGB,663.0
6507-DTJZV,796.8000000000001
8780-IXSTS,1081.1999999999998
7673-BQGKU,241.79999999999998
6723-WSNTY,1297.1999999999998
9530-EHPOH,645.0
2725-IWWBA,682.8
0345-HKJVM,1071.6
1061-PNTHC,1315.1999999999998
0394-YONDK,301.79999999999995
6574-MCOEH,949.8000000000001
7399-QHBJS,801.0
3049-SOLAY,1142.4
0997-YTLNY,585.5999999999999
3317-HRTNN,548.4000000000001
9479-HYNYL,968.4000000000001
3235-ETOOB,894.0
9708-KFDBY,246.60000000000002
8058-INTPH,955.8000000000001
3642-GKTCT,1381.1999999999998
0774-RMNUW,716.4000000000001
1334-PDUKM,1037.4
0756-MPZRL,404.40000000000003
2242-MFOTG,961.1999999999999
2927-CVULT,1248.6
2144-BFDSO,1305.0
8745-PVESG,493.20000000000005
7647-GYYKX,244.20000000000002
5647-FXOTP,1270.8000000000002
5569-OUICF,1215.6
8821-XNHVZ,960.5999999999999
2082-OJVTK,1070.4
9700-ISPUP,786.0
9839-ETQOE,485.40000000000003
6078-VESFR,845.4000000000001
9027-TMATR,945.5999999999999
5940-NFXKV,1003.8000000000001
1941-HOSAM,1081.1999999999998
9110-HSGTV,989.4000000000001
0704-VCUMB,243.0
6171-ZTVYB,795.0
8053-WWDRO,234.0
9564-KCLHR,615.0
1935-IMVBB,1076.4
2535-PBCGC,774.5999999999999
2082-CEFLT,547.2
1470-PSXNM,1123.8000000000002
1213-NGCUN,595.8
2498-XLDZR,883.1999999999999
9866-OCCKE,1317.0
5338-YHWYT,737.4000000000001
7718-UPSKJ,1276.8000000000002
8731-WBBMB,982.8000000000001
1448-CYWKC,1262.4
7901-IIDQV,655.2
2690-DVRVK,246.60000000000002
5688-KZTSN,240.0
1270-XKUCC,236.39999999999998
0334-ZFJSR,792.5999999999999
2894-QOJRX,408.0
5747-PMBSQ,1110.0
5583-EJXRD,648.5999999999999
4565-EVZMJ,706.8
3143-JQEGI,1060.1999999999998
6386-SZZKH,1295.4
3327-YBAKM,1162.8000000000002
9441-QHEVC,229.20000000000002
6705-LNMDD,600.0
2580-ASVVY,544.8
3370-GQEAL,1025.4
5032-USPKF,1009.1999999999999
2982-IHMFT,893.4000000000001
3521-SYVOR,777.0
4254-QPEDE,795.0
6283-GITPX,922.8000000000001
9526-JAWYF,1077.6
0771-CHWSK,895.1999999999999
9788-HNGUT,1403.4
9495-REDIY,487.79999999999995
5375-XLDOF,1372.1999999999998
1172-VIYBP,836.4000000000001
5649-VUKMC,1146.0
6559-PDZLR,1183.8000000000002
8992-OBVDG,739.8
4273-MBHYA,1072.1999999999998
4724-WXVWF,1144.8000000000002
5701-GUXDC,424.79999999999995
1460-UZPRJ,239.39999999999998
6082-GLJIX,231.0
5143-EGQFK,355.79999999999995
4919-IKATY,1014.0
2495-TTHBQ,244.79999999999998
0485-ZBSLN,297.0
3810-PJUHR,304.20000000000005
9050-QLROH,1088.4
0847-HGRML,240.0
8232-CTLKO,717.0
9227-YBAXE,990.0
6168-WFVVF,843.5999999999999
9860-LISIZ,244.20000000000002
0112-QAWRZ,1089.6
0877-SDMBN,1247.4
2786-GCDPI,1259.4
4043-MKDTV,1263.0
8065-YKXKD,897.0
9637-EIHEQ,609.5999999999999
9229-RQABD,285.0
8313-KTIHG,735.5999999999999
5320-BRKGK,909.5999999999999
6284-KMNUF,1176.0
9689-PTNPG,963.0
9465-RWMXL,946.8000000000001
6229-UOLQL,624.0
2362-IBOOY,1017.0
3137-LUPIX,772.8000000000001
0843-WTBXE,1025.4
6143-JQKEA,549.5999999999999
8676-OOQEJ,366.0
5515-IDEJJ,238.79999999999998
9701-CDXHR,829.8000000000001
7450-NWRTR,1193.4
8124-NZVGJ,591.0
2162-FRZAA,472.20000000000005
5376-DEQCP,847.1999999999999
5118-MUEYH,1261.1999999999998
9095-HFAFX,972.0
5627-TVBPP,241.20000000000002
2379-ENZGV,1018.1999999999999
3936-QQFLL,237.0
2589-AYCRP,237.0
4067-HLYQI,844.8000000000001
5124-EOGYE,245.39999999999998
5057-RKGLH,244.20000000000002
0292-WEGCH,1034.4
8910-ICHIU,1147.8000000000002
4097-YODCF,1245.6
9715-WZCLW,1166.4
9786-YWNHU,762.5999999999999
6407-GSJNL,299.4
6005-OBZPH,1069.8000000000002
4049-ZPALD,1188.0
7932-WPTDS,297.6
3733-UOCWF,1026.6
6833-JMZYP,1128.0
2722-VOJQL,1267.8000000000002
1310-QRITU,603.5999999999999
8961-QDZZJ,1140.0
9715-SBVSU,736.8
8490-BXHEO,966.5999999999999
7173-TETGO,942.0
7929-SKFGK,1371.6
2300-RQGOI,240.60000000000002
3563-SVYLG,751.8
5228-EXCET,970.1999999999999
6435-VWCCY,1112.4
4998-IKFSE,1205.4
8630-QSGXK,902.4000000000001
2455-USLMV,1017.0
7394-FKDNK,1073.4
9488-FVZCC,954.0
6331-LWDTQ,865.8000000000001
5995-WWKKG,237.60000000000002
1597-FZREH,916.8000000000001
7879-CGSFV,1210.8000000000002
9921-EZKBY,1143.6
7432-FFVAR,1091.4
7246-ZGQDF,654.0
7000-WCEVQ,739.2
0727-IWKVK,958.8000000000001
5959-BELXA,1153.8000000000002
4456-RHSNB,595.2
3512-IZIKN,783.5999999999999
2481-SBOYW,300.0
7109-MFBYV,545.4000000000001
1833-TCXKK,1293.0
1832-PEUTS,1069.1999999999998
6141-OOXUQ,235.79999999999998
8660-BUETV,537.0
0580-PIQHM,1219.1999999999998
5696-CEIQJ,1237.8000000000002
7503-ZGUZJ,1015.8000000000001
1696-HXOWK,1147.8000000000002
3026-ATZYV,901.1999999999999
4012-YCFAI,736.2
2506-TNFCO,834.5999999999999
9970-QBCDA,236.39999999999998
8718-PTMEZ,372.6
9496-IVVRP,612.0
2207-OBZNX,612.0
2657-VPXTA,1066.1999999999998
6551-VLJMV,240.60000000000002
1221-GHZEP,781.1999999999999
9289-LBQVU,841.8000000000001
6142-VSJQO,532.2
3458-IDMFK,249.0
6933-FHBZC,672.5999999999999
0221-NAUXK,239.39999999999998
9770-KXGQU,1183.1999999999998
6437-UKHMV,956.4000000000001
6538-POCHL,948.0
6726-NNFWD,1073.4
3002-WQZWT,890.4000000000001
4277-UDIEF,972.0
1208-NBVFH,595.2
4912-PIGUY,1015.1999999999999
1114-CENIM,660.0
6060-DRTNL,1018.1999999999999
2725-TTRIQ,1010.4000000000001
3374-TTZTK,1275.6
8990-ZXLSU,828.5999999999999
2275-RBYQS,544.8
8473-VUVJN,883.8000000000001
6289-CPNLD,886.8000000000001
5536-SLHPM,933.0
4419-UJMUS,1192.1999999999998
7794-JASDG,609.0
7609-YBPXG,1045.1999999999998
5519-TEEUH,241.79999999999998
7856-GANIL,1184.4
0804-XBFBV,302.4
2676-OXPPQ,668.4000000000001
3703-TTEPD,784.1999999999999
2799-TSLAG,303.6
0196-VULGZ,1012.1999999999999
8837-VVWLQ,1019.4000000000001
2696-NARTR,886.1999999999999
2208-NKVVH,291.0
7614-QVWQL,621.5999999999999
1976-CFOCS,552.0
4631-OACRM,952.8000000000001
7139-JZFVG,726.0
4987-GQWPO,301.20000000000005
3755-JBMNH,861.5999999999999
1757-TCATG,240.60000000000002
6345-ULYRW,1060.8000000000002
4776-XSKYQ,363.0
8048-DSDFQ,242.39999999999998
5753-QQWPW,718.8
6010-DDPPW,301.79999999999995
1809-DMJHQ,552.0
6693-FRIRW,1215.6
6586-MYGKD,923.4000000000001
3173-NVMPX,663.5999999999999
0248-PGHBZ,1109.4
0623-GDISB,581.4000000000001
2892-GESUL,232.20000000000002
6923-EFPNL,621.0
7472-EQOAV,1040.4
9574-RKJIF,1132.8000000000002
2043-WVTQJ,668.4000000000001
8034-RYTVV,1011.0
3863-QSTYI,775.8000000000001
2619-WFQWU,841.8000000000001
5044-LRQAQ,830.4000000000001
1716-LSAMB,655.8
1333-PBMXB,297.0
6546-OPBBH,287.4
5985-BEHZK,1260.0
9127-QRZMH,718.2
5919-VCZYM,240.60000000000002
9644-KVCNC,1105.8000000000002
2137-DQMEV,537.5999999999999
8174-LNWMW,250.79999999999998
9279-CJEOJ,1144.8000000000002
7964-VEXDG,964.1999999999999
2404-JIBFC,1021.1999999999999
0778-NELLA,416.40000000000003
8029-XYPWT,1380.6
4614-NUVZD,973.1999999999999
4632-PAOYU,239.39999999999998
3803-KMQFW,246.60000000000002
6804-GDMOI,1279.1999999999998
2990-OGYTD,1033.8000000000002
6646-JPPHA,946.1999999999999
9572-MTILT,1281.0
7658-UYUQS,1038.6
7880-XSOJX,508.79999999999995
9611-CTWIH,1073.4
4589-IUAJB,291.0
0329-GTIAJ,1174.8000000000002
8746-BFOAJ,246.0
8457-XIGKN,235.20000000000002
6072-NUQCB,243.0
6629-CZTTH,668.4000000000001
8838-GPHZP,247.20000000000002
8750-QWZAJ,237.60000000000002
5364-EVNIB,957.5999999999999
6918-UMQCG,962.4000000000001
0675-NCDYU,1396.8000000000002
6339-DKLMK,379.79999999999995
1346-PJWTK,1129.8000000000002
5088-QZLRL,247.79999999999998
8023-QHAIO,922.1999999999999
4397-FRLTA,241.79999999999998
3057-VJJQE,663.0
5087-SUURX,468.59999999999997
2302-OUZXB,985.8000000000001
8133-ANHHJ,1236.0
2270-CHBFN,1141.1999999999998
0013-EXCHZ,1006.8000000000001
5982-FPVQN,1141.8000000000002
9107-UKCKY,957.5999999999999
4654-ULTTN,897.5999999999999
5550-VFRLC,838.1999999999999
5546-BYZSM,245.39999999999998
1492-KGETH,940.1999999999999
4929-BSTRX,642.5999999999999
4163-HFTUK,229.20000000000002
8215-NGSPE,240.0
2225-ZRGSG,1126.8000000000002
8859-YSTWS,239.39999999999998
5271-YNWVR,1357.8000000000002
7601-DHFWZ,288.0
2657-ALMWY,1019.4000000000001
6330-JKLPC,966.0
4667-OHGKG,231.60000000000002
1998-VHJHK,229.79999999999998
1707-HABPF,1095.6
1660-HSOOQ,595.8
7253-UVNDW,652.2
0487-VVUVK,229.79999999999998
7228-OMTPN,1061.4
5063-IUOKK,237.0
4508-OEBEY,906.0
0027-KWYKW,1005.0
2308-STERM,232.79999999999998
5982-XMDEX,318.0
6284-AHOOQ,1086.0
6051-PTVNS,229.79999999999998
2344-JMOGN,1138.1999999999998
3799-ISUZQ,839.4000000000001
2877-VDUER,490.79999999999995
9152-AMKAK,963.0
1794-HBQTJ,583.2
9432-VOFYX,849.5999999999999
8049-WJCLQ,722.4000000000001
6586-PSJOX,662.4000000000001
2460-FPSYH,669.5999999999999
9705-ZJBCG,649.8
4818-DRBQT,961.8000000000001
1320-HTRDR,906.0
6847-KJLTS,1204.8000000000002
9670-BPNXF,750.5999999999999
3913-FCUUW,845.4000000000001
3301-VKTGC,1026.0
1493-AMTIE,242.39999999999998
9555-SAHUZ,654.0
0816-TSPHQ,249.0
9932-WBWIK,244.20000000000002
4619-EVPHY,1092.0
5286-YHCVC,1257.6
6424-ELEYH,897.0
4391-RESHN,1248.6
9115-YQHGA,613.2
4462-CYWMH,1077.6
8963-MQVYN,246.60000000000002
2458-EOMRE,768.5999999999999
9334-GWGOW,898.1999999999999
6821-BUXUX,1159.8000000000002
5028-HTLJB,240.60000000000002
9801-GDWGV,1241.4
6542-LWGXJ,300.0
5567-GZKQY,243.60000000000002
1222-LRYKO,316.20000000000005
2320-JRSDE,238.79999999999998
2087-QAREY,656.4000000000001
0601-WZHJF,556.2
4423-JWZJN,1083.0
5143-WMWOG,239.39999999999998
6490-FGZAT,247.79999999999998
5393-RXQSZ,955.1999999999999
7452-FOLON,305.4
2320-TZRRH,234.0
0231-LXVAP,910.8000000000001
9444-JTXHZ,914.4000000000001
4942-VZZOM,793.8000000000001
5510-BOIUJ,231.0
7502-BNYGS,829.1999999999999
4291-HYEBC,469.20000000000005
6147-CBCRA,240.60000000000002
6047-SUHPR,717.5999999999999
4471-KXAUH,1011.5999999999999
9752-ZNQUT,583.2
7638-QVMVY,948.0
1576-PFZIW,1264.1999999999998
5666-MBJPT,301.20000000000005
7312-XSBAT,597.0
3096-GKWEB,1137.0
2371-JQHZZ,1116.0
0674-GCDXG,862.8000000000001
1121-QSIVB,930.5999999999999
4396-KLSEH,238.20000000000002
3244-DCJWY,843.0
2824-MYYBN,1143.0
0875-CABNR,1015.1999999999999
6345-HOVES,300.6
8318-LCNBW,637.8
6469-QJKZW,241.79999999999998
0147-ESWWR,1215.0
1217-VASWC,1206.6
7812-FZHPE,289.20000000000005
6370-ZVHDV,303.6
5915-DGNVC,861.5999999999999
6260-XLACS,236.39999999999998
3566-CAAYU,598.2
4983-CCWMC,835.1999999999999
9103-CXVOK,237.0
2896-TBNBE,969.5999999999999
4797-AXPXK,720.0
5229-PRWKT,1038.6
6982-UQZLY,250.20000000000002
2522-WLNSF,770.4000000000001
3841-CONLJ,420.0
5057-LCOUI,609.0
0193-ESZXP,1266.0
4475-NVTLU,230.39999999999998
4369-HTUIF,1021.8000000000001
9386-LDCZR,1087.8000000000002
9585-KKMFD,240.0
5399-ZIMKF,895.8000000000001
0336-KXKFK,734.4000000000001
5619-XZZKR,239.39999999999998
3948-FVVRP,657.5999999999999
5327-XOKKY,881.4000000000001
0983-TATYJ,617.4000000000001
1813-JYWTO,965.4000000000001
0156-FVPTA,650.4000000000001
1984-FCOWB,1314.0
0654-HMSHN,1252.8000000000002
6719-OXYBR,1023.5999999999999
3312-ZWLGF,951.5999999999999
6476-YHMGA,918.0
5287-QWLKY,1261.1999999999998
0795-XCCTE,304.79999999999995
0168-XZKBB,1042.1999999999998
3785-NRHYR,235.79999999999998
5196-SGOAK,908.4000000000001
4537-DKTAL,546.5999999999999
7072-MBHEV,937.1999999999999
5602-BVFMK,231.60000000000002
6297-NOOPG,1326.0
1891-UAWWU,1089.6
8204-TIFGJ,243.60000000000002
8050-DVOJX,976.1999999999999
6108-OQZDQ,1175.4
0363-QJVFX,1297.8000000000002
8903-XEBGX,663.5999999999999
8169-SAEJD,678.5999999999999
9840-DVNDC,966.0
1089-XZWHH,236.39999999999998
2325-WINES,1248.6
6064-ZATLR,634.2
3096-JRDSO,1251.6
7824-PANSQ,967.8000000000001
8042-JVNFH,856.1999999999999
9648-BCHKM,295.79999999999995
2888-ADFAO,255.60000000000002
8707-HOEDG,1322.4
3374-LXDEV,1072.8000000000002
4072-IPYLT,612.5999999999999
7167-PCEYD,237.60000000000002
4936-YPJNK,238.79999999999998
1580-BMCMR,1047.6
4817-KEQSP,238.20000000000002
6408-WHTEF,1072.8000000000002
9251-AWQGT,240.0
8749-CLJXC,240.60000000000002
7989-VCQOH,999.0
5049-GLYVG,247.20000000000002
4199-QHJNM,1234.8000000000002
8882-TLVRW,469.20000000000005
5883-GTGVD,1199.4
5135-GRQJV,1374.0
2384-OVPSA,242.39999999999998
1371-WEPDS,669.5999999999999
3580-GICBM,290.4
4817-QRJSX,972.0
9730-DRTMJ,873.5999999999999
4686-UXDML,1198.1999999999998
3349-ANQNH,1194.0
2398-YPMUR,841.8000000000001
0932-YIXYU,243.0
7480-SPLEF,312.0
7636-XUHWW,238.79999999999998
1431-CYWMH,228.60000000000002
5937-EORGB,1158.0
6349-JDHQP,238.20000000000002
5539-HIVAK,308.4
5847-MXBEO,243.60000000000002
9985-MWVIX,841.8000000000001
4583-PARNH,1098.6
1116-FRYVH,472.79999999999995
1421-HCERK,1268.4
9633-XQABV,843.0
0716-BQNDX,1125.0
1265-XTECC,1158.6
1183-CANVH,720.0
1972-XMUWV,717.5999999999999
8679-LZBMD,1087.8000000000002
3407-JMJQQ,1308.0
6252-DFGTK,817.1999999999999
1539-LNKHM,244.79999999999998
8645-KOMJQ,983.4000000000001
0289-IVARM,726.5999999999999
9761-XUJWD,787.1999999999999
4057-FKCZK,990.0
4291-TPNFG,987.5999999999999
6087-YPWHO,817.8000000000001
3090-QFUVD,243.60000000000002
2237-ZFSMY,1146.6
1722-LDZJS,242.39999999999998
1818-ESQMW,1070.4
4871-JTKJF,835.8000000000001
1415-YFWLT,1071.6
7401-RUBNK,897.5999999999999
0506-YLVKJ,242.39999999999998
8661-BOYNW,1012.8000000000001
6711-VTNRE,1050.6
4815-GBTCD,301.79999999999995
2805-AUFQN,237.60000000000002
0980-PVMRC,610.2
7233-DRTRF,1228.8000000000002
3500-RMZLT,1155.6
3873-NFTGI,666.0
1162-ECVII,1317.0
7048-GXDAY,1276.8000000000002
8571-ZCMCX,720.0
1169-WCVAK,1065.6
4548-SDBKE,1022.4000000000001
8066-POXGX,421.20000000000005
7129-CAKJW,960.5999999999999
8695-ARGXZ,906.5999999999999
3570-YUEKJ,594.5999999999999
4143-OOBWZ,975.5999999999999
1555-HAPSU,286.79999999999995
1697-NVVGY,796.8000000000001
7854-EKTJL,235.20000000000002
8464-EETCQ,225.60000000000002
2419-FSORS,1300.8000000000002
8132-YPVBX,1031.4
9102-IAYHT,1025.4
6754-LZUKA,970.8000000000001
3422-LYEPQ,852.0
8099-MZPUJ,1341.6
0787-LHDYT,247.20000000000002
2642-DTVCO,1020.5999999999999
0374-IOEGQ,535.2
4361-JEIVL,532.8
3197-NNYNB,1261.1999999999998
3396-DKDEL,1381.8000000000002
1752-OZXFY,717.5999999999999
9066-QRSDU,315.6
9112-WSNPU,846.5999999999999
9867-NNXLC,240.60000000000002
5321-NTRKC,958.1999999999999
1363-TXLSL,843.5999999999999
9507-EXLTT,952.1999999999999
3161-GETRM,1080.6
0402-OAMEN,293.4
6933-VLYFX,719.4000000000001
6754-WKSHP,304.20000000000005
9846-GKXAS,1089.6
6017-PPLPX,845.4000000000001
4976-LNFVV,411.59999999999997
5055-MGMGF,1260.6
4641-FROLU,231.60000000000002
2862-JVEOY,229.79999999999998
2969-QWUBZ,616.8
9822-BIIGN,862.1999999999999
2077-MPJQO,904.8000000000001
1534-OULXE,596.4000000000001
7136-RVDTZ,543.0
2971-SGAFL,945.0
1480-IVEVR,979.1999999999999
2905-KFQUV,844.8000000000001
4581-SSPWD,909.5999999999999
3370-HXOPH,913.1999999999999
9391-YZEJW,1128.0
9958-MEKUC,1247.4
0281-CNTZX,239.39999999999998
6927-WTFIV,855.5999999999999
4118-CEVPF,1329.6
3398-ZOUAA,829.1999999999999
9114-VEPUF,1153.1999999999998
7876-BEUTG,585.5999999999999
2338-BQEZT,606.5999999999999
9873-MNDKV,535.8
0378-NHQXU,1059.0
8241-JUIQO,233.39999999999998
2194-IIQOF,1071.6
4512-ZUIYL,840.0
9631-RXVJM,231.0
9584-EXCDZ,846.0
7969-AULMZ,1168.1999999999998
5093-FEGLU,235.79999999999998
2621-UDNLU,250.20000000000002
7526-IVLYU,235.79999999999998
2428-HYUNX,232.20000000000002
9214-EKVXR,528.0
3410-MHHUM,1132.8000000000002
0568-ONFPC,310.79999999999995
0733-VUNUW,667.8
4550-EVXNY,835.8000000000001
2122-YWVYA,904.8000000000001
2968-SSGAA,1207.1999999999998
2296-DKZFP,852.0
4844-JJWUY,1032.0
6777-TGHTM,1283.4
8909-BOLNL,254.39999999999998
6603-YRDCJ,732.5999999999999
3538-WZPHD,355.20000000000005
3229-USWAR,959.4000000000001
2138-VFAPZ,236.39999999999998
6131-JLWZM,243.60000000000002
4785-QRJHC,718.8
0269-XFESX,292.20000000000005
1709-EJDOX,237.0
4316-XCSLJ,603.5999999999999
8610-WFCJF,1147.1999999999998
9693-XMUOB,603.0
0383-CLDDA,1024.1999999999998
4905-JEFDW,499.20000000000005
2709-UQGNP,619.8
3549-ZTMNH,288.0
7881-INRLC,1210.1999999999998
8033-ATFAS,718.2
1635-NZATJ,305.4
0562-HKHML,286.79999999999995
8277-RVRSV,289.79999999999995
9943-VSZUV,908.4000000000001
0117-LFRMW,482.40000000000003
6172-FECYY,1014.0
7054-ENNGU,610.2
1455-HFBXA,1099.1999999999998
9402-CXWPL,1186.8000000000002
1628-BIZYP,1020.0
1965-AKTSX,947.4000000000001
0082-LDZUE,531.5999999999999
4786-UKSNZ,242.39999999999998
5343-SGUBI,962.4000000000001
0856-NAOES,730.8
1976-AZZPJ,410.40000000000003
7248-VZQLC,1022.4000000000001
6156-UZDLF,1045.8000000000002
3099-OONVS,651.5999999999999
9500-WBGRP,229.20000000000002
5183-KLYEM,1353.0
5144-PQCDZ,239.39999999999998
8514-VZHEB,234.0
6625-IUTTT,786.5999999999999
9355-NPPFS,945.5999999999999
0068-FIGTF,938.4000000000001
5965-GGPRW,1263.0
8035-PWSEV,1071.0
2236-HILPA,247.79999999999998
1840-BIUOG,824.4000000000001
1356-MKYSK,943.8000000000001
6080-LNESI,297.0
1830-IPXVJ,237.0
5828-DWPIL,1069.1999999999998
8398-TBIYD,1016.4000000000001
0011-IGKFF,1176.0
4192-GORJT,1133.4
6496-SLWHQ,1260.0
9912-GVSEQ,1126.1999999999998
2931-FSOHN,718.8
9418-RUKPH,239.39999999999998
5383-MMTWC,1008.0
9971-ZWPBF,1306.8000000000002
4712-AUQZO,403.20000000000005
9711-FJTBX,1030.1999999999998
2908-ZTPNF,418.20000000000005
7240-ETPTR,585.0
2202-CUYXZ,1018.1999999999999
5995-OIGLP,679.8
8421-WZOOW,1143.6
6261-RCVNS,886.8000000000001
7951-QKZPL,294.0
1414-YADCW,1015.1999999999999
8756-RDDLT,539.4000000000001
2862-PFNIK,296.4
5816-QVHRX,1203.6
4430-YHXGG,305.4
6888-SBYAI,608.4000000000001
7395-XWZOY,660.0
7169-YWAMK,820.8000000000001
3640-PHQXK,1078.8000000000002
6877-LGWXO,942.5999999999999
6859-RKMZJ,660.5999999999999
2729-VNVAP,237.60000000000002
2957-JIRMN,1013.4000000000001
2049-BAFNW,430.79999999999995
3842-QTGDL,969.0
7163-OCEQI,943.8000000000001
9782-LGXMC,741.0
5975-BAICR,764.4000000000001
8019-ENHXU,1193.4
5167-GBFRE,302.4
9033-EOXWV,888.5999999999999
4673-KKSLS,1051.1999999999998
4853-OITSN,1069.8000000000002
9800-OUIGR,240.0
1324-NLTJE,660.0
2324-EFHVG,1252.8000000000002
7094-MSZAO,240.60000000000002
1522-VVDMG,1077.0
6907-CQGPN,411.59999999999997
0780-XNZFN,247.79999999999998
0239-OXEXL,1011.0
2675-IJRGJ,235.79999999999998
7049-GKVZY,958.1999999999999
8577-QSOCG,242.39999999999998
3721-CNZHX,237.60000000000002
0212-ISBBF,604.2
9185-TQCVP,1021.8000000000001
3585-YNADK,895.1999999999999
5271-DBYSJ,949.8000000000001
1099-GODLO,244.20000000000002
6828-HMKWP,252.60000000000002
5567-WSELE,1135.1999999999998
1472-TNCWL,1136.4
8063-RJYNF,1131.0
0687-ZVTHB,869.4000000000001
2080-GKCWQ,899.4000000000001
9661-ACXBS,1262.4
2193-SFWQW,1343.4
5656-JAMLX,238.20000000000002
3462-BJQQA,1077.0
0442-TDYUO,240.60000000000002
6733-LRIZX,1307.4
9503-XJUME,235.79999999999998
4367-NHWMM,298.79999999999995
3727-RJMEO,994.1999999999999
3779-OSWCF,1118.4
6736-DHUQI,1017.5999999999999
3915-ODIYG,861.0
1360-RCYRT,364.20000000000005
2724-FJDYW,658.2
4451-RWASJ,234.0
6646-VRFOL,1246.1999999999998
3460-TJBWI,290.4
5917-HBSDW,232.20000000000002
5685-IIXLY,1003.1999999999999
5671-UUNXD,1207.8000000000002
0956-ACVZC,1129.1999999999998
2325-NBPZG,894.5999999999999
4250-ZBWLV,1301.4
4482-FTFFX,673.8
8859-DZTGQ,244.20000000000002
0440-MOGPM,966.5999999999999
0020-JDNXP,735.0
3752-CQSJI,245.39999999999998
5025-GOOKI,226.79999999999998
4698-KVLLG,235.20000000000002
5095-AESKG,1098.0
2887-JPYLU,542.4000000000001
4770-QAZXN,233.39999999999998
4896-CPRPF,305.4
1871-MOWRM,970.1999999999999
9714-EDSUC,1138.8000000000002
2027-OAQQC,588.5999999999999
0282-NVSJS,351.6
9090-SGQXL,1263.6
6595-YGXIT,1067.4
7353-YOWFP,243.0
9835-ZIITK,1330.1999999999998
8008-ESFLK,1326.0
7537-CBQUZ,1312.8000000000002
1555-DJEQW,1370.4
5649-TJHOV,438.0
0519-XUZJU,849.0
3363-EWLGO,239.39999999999998
4750-UKWJK,235.20000000000002
6338-AVWCY,481.79999999999995
1689-YQBYY,919.1999999999999
4487-ZYJZK,235.20000000000002
2959-FENLU,1023.5999999999999
0708-LGSMF,790.1999999999999
9253-QXKBE,1133.4
7634-HLQJR,240.60000000000002
0487-RPVUM,1192.8000000000002
4079-ULGFR,240.0
2516-XSJKX,941.4000000000001
0057-QBUQH,301.20000000000005
9445-SZLCH,1168.1999999999998
6599-SFQVE,660.0
8331-ZXFOE,853.1999999999999
4003-FUSHP,738.5999999999999
0356-ERHVT,550.8
7325-ENZFI,483.59999999999997
4884-ZTHVF,1045.1999999999998
3920-HIHMQ,594.0
3055-OYMSE,885.5999999999999
0613-WUXUM,230.39999999999998
7568-PODML,543.5999999999999
4458-KVRBJ,300.0
5349-IECLD,1139.4
1397-XKKWR,423.59999999999997
3945-GFWQL,534.5999999999999
8097-OMULG,921.0
6013-BHCAW,972.0
0401-WDBXM,1266.6
3387-PLKUI,225.60000000000002
6096-EGVTU,298.79999999999995
3797-VTIDR,281.4
5081-NWSUP,778.8000000000001
2580-ATZSQ,736.2
8085-MSNLK,1367.4
9691-HKOVS,1081.8000000000002
9881-VCZEP,649.2
9526-BIHHD,356.4
8757-TFHHJ,597.5999999999999
4523-WXCEF,1213.1999999999998
1468-DEFNC,292.79999999999995
5119-KEPFY,1140.0
8364-TRMMK,607.8
0916-KNFAJ,838.8000000000001
8319-QBEHW,479.40000000000003
3063-QFSZL,664.8
8775-LHDJH,1087.1999999999998
9625-QNLUX,1239.0
3097-NQYSN,1042.1999999999998
4024-CSNBY,1131.0
7110-BDTWG,564.5999999999999
7493-GVFIO,246.60000000000002
0690-SRQID,235.79999999999998
9605-WGJVW,842.4000000000001
9114-DPSIA,972.0
4700-UBQMV,910.8000000000001
7711-GQBZC,296.4
3565-UNOCC,1188.6
4627-MIHJH,1323.0
9795-NREXC,1020.0
8573-CGOCC,237.0
7356-AYNJP,286.79999999999995
9249-FXSCK,1335.0
5493-SDRDQ,661.2
6286-SUUWT,239.39999999999998
4819-HJPIW,301.79999999999995
8654-DHAOW,649.8
5438-QMDDL,717.5999999999999
9812-GHVRI,1006.1999999999999
5553-AOINX,1258.8000000000002
1228-ZLNBX,903.5999999999999
4226-KKDON,799.8000000000001
3831-YCPUO,1314.0
7445-WMRBW,886.1999999999999
3308-DGHKL,231.60000000000002
9924-JPRMC,1418.4
0080-EMYVY,617.4000000000001
6218-KNUBD,713.4000000000001
7337-CINUD,234.0
7609-NRNCA,234.60000000000002
0623-EJQEG,1122.6
7153-CHRBV,711.5999999999999
0871-URUWO,1227.0
9190-MFJLN,1150.8000000000002
6198-PNNSZ,1317.6
3317-VLGQT,937.1999999999999
4132-POCZS,478.79999999999995
5614-DNZCE,778.8000000000001
1095-JUDTC,1140.6
3896-RCYYE,640.8
9638-JIQYA,298.79999999999995
3258-SANFR,536.4000000000001
3726-TBHQT,1368.0
3190-ITQXP,243.0
0870-VEMYL,646.2
4833-QTJNO,1006.1999999999999
3039-MJSLN,242.39999999999998
0178-CIIKR,239.39999999999998
5385-SUIRI,1250.4
3982-XWFZQ,603.0
5774-QPLTF,244.20000000000002
2322-VCZHZ,1080.0
5010-IPEAQ,650.4000000000001
4009-ALQFH,1194.0
6383-ZTSIW,1189.1999999999998
8990-YOZLV,802.8000000000001
3069-SSVSN,310.20000000000005
5222-IMUKT,1092.6
3627-FCRDW,852.0
7562-GSUHK,1118.4
6685-XSHHU,251.39999999999998
8901-UPRHR,1310.4
4903-UYAVB,232.20000000000002
0118-JPNOY,1029.6
6776-TLWOI,238.20000000000002
3845-FXCYS,235.79999999999998
5857-XRECV,246.0
0725-CXOTM,1075.8000000000002
4343-EJVQB,892.1999999999999
9000-PLFUZ,593.4000000000001
3427-GGZZI,1069.1999999999998
7779-ORAEL,901.8000000000001
0644-OQMDK,847.8000000000001
4077-CROMM,1250.4
3154-CFSZG,1080.6
2868-MZAGQ,951.0
4847-QNOKA,538.8
2220-IAHLS,232.79999999999998
1658-XUHBX,1065.0
6379-RXJRQ,841.1999999999999
2378-HTWFW,1092.0
8650-RHRKE,355.79999999999995
4377-VDHYI,1089.6
0475-RIJEP,934.1999999999999
1260-TTRXI,651.5999999999999
3719-TDVQB,227.39999999999998
6328-ZPBGN,1141.8000000000002
0201-MIBOL,1228.8000000000002
4937-QPZPO,1198.8000000000002
2925-VDZHY,1064.4
6981-TDRFT,651.5999999999999
3413-CSSTH,668.4000000000001
8033-VCZGH,1247.4
4789-KWMXN,1330.1999999999998
0224-NIJLP,241.79999999999998
7542-CYDDM,240.60000000000002
4718-WXBGI,1103.4
2867-UIMSS,966.0
8495-PRWFH,667.8
0439-IFYUN,896.4000000000001
5716-LIBJC,1249.8000000000002
2868-LLSKM,1003.8000000000001
8111-RKSPX,866.4000000000001
2988-QRAJY,1320.6
1585-MQSSU,618.0
0071-NDAFP,306.0
2856-NNASM,1074.6
7328-ZJAJO,234.0
6458-CYIDZ,968.4000000000001
8559-CIZFV,930.0
1090-PYKCI,1261.1999999999998
3058-WQDRE,301.79999999999995
7547-EKNFS,1143.0
2279-AXJJK,1147.8000000000002
6769-DYBQN,1020.0
0909-SELIE,969.5999999999999
3417-TSCIC,298.20000000000005
1042-HFUCW,657.0
4439-JMPMT,1029.0
6537-OTKMY,609.0
8999-EXMNO,241.79999999999998
6725-TPKJO,240.60000000000002
2446-BEGGB,1179.0
7162-WPHPM,859.1999999999999
1599-MMYRQ,977.4000000000001
8821-KVZKQ,700.8
1496-GGSUK,308.4
6434-TTGJP,644.4000000000001
0042-JVWOJ,235.20000000000002
0130-SXOUN,1072.8000000000002
2575-GFSOE,828.0
2330-PQGDQ,1010.4000000000001
1452-UZOSF,1273.1999999999998
2097-YVPKN,309.0
2842-JTCCU,552.5999999999999
8597-CTXVJ,779.4000000000001
6631-HMANX,1025.4
9962-BFPDU,240.60000000000002
3296-SILRA,916.8000000000001
9681-OXGVC,1206.0
6394-HHHZM,248.39999999999998
5995-LFTLE,303.6
5180-UCIIQ,480.59999999999997
1932-UEDCX,1207.1999999999998
7153-OANIO,839.4000000000001
5188-HGMLP,888.0
0665-XHDJU,1192.8000000000002
6521-YYTYI,1119.6
8878-HMWBV,589.8
8265-HKSOW,1289.4
3544-FBCAS,1003.1999999999999
5331-RGMTT,1188.6
4759-PXTAN,961.1999999999999
7054-DMVAS,783.5999999999999
3428-MMGUB,1074.6
6549-BTYPG,729.5999999999999
7823-JSOAG,894.0
3705-RHRFR,1189.8000000000002
9374-YOLBJ,231.0
9074-KGVOX,473.40000000000003
6128-DAFVY,538.2
9933-QRGTX,1166.4
4476-OSWTN,1326.6
3751-KTZEL,420.59999999999997
1977-STDKI,876.0
5066-GFJMM,238.79999999999998
2661-GKBTK,923.4000000000001
0458-HEUZG,424.79999999999995
7268-WNTCP,245.39999999999998
0824-VWDPO,1161.0
8409-WQJUX,650.4000000000001
2578-JQPHZ,1201.1999999999998
3278-FSIXX,543.0
5813-UECBU,1006.1999999999999
0328-GRPMV,841.1999999999999
9746-UGFAC,250.20000000000002
2946-KIQSP,401.40000000000003
0625-AFOHS,242.39999999999998
6726-WEXXK,1030.8000000000002
4636-OLWOE,732.0
4342-HENTK,847.8000000000001
4685-ERGHK,1042.8000000000002
0885-HMGPY,832.8000000000001
5003-OKNNK,244.20000000000002
4195-SMMNX,244.20000000000002
7208-PSIHR,1251.6
4012-ZTHBR,539.4000000000001
0489-WMEMG,593.4000000000001
7435-ZNUYY,247.20000000000002
1354-YZFNB,234.60000000000002
6956-SMUCM,1188.0
2985-FMWYF,1122.0
2812-ENYMO,654.5999999999999
2717-HVIZY,240.60000000000002
3223-WZWJM,1007.4000000000001
3422-GALYP,953.4000000000001
9053-JZFKV,1394.4
2530-ENDWQ,1124.4
2890-WFBHU,958.1999999999999
0327-WFZSY,1200.0
7977-HXJKU,235.20000000000002
6615-ZGEDR,236.39999999999998
7033-CLAMM,242.39999999999998
4023-RTIQM,604.8
0864-FVJNJ,1360.1999999999998
7356-IWLFW,960.0
9541-PWTWO,971.4000000000001
3967-VQOGC,298.79999999999995
7872-RDDLZ,658.8
9250-WYPLL,906.5999999999999
6308-CQRBU,1311.0
2754-XBHTB,931.8000000000001
1597-LHYNC,1140.0
0186-CAERR,1395.6
3043-SUDUA,238.79999999999998
5442-BHQNG,844.1999999999999
2169-RRLFW,307.20000000000005
5872-OEQNH,533.4000000000001
3162-KKZXO,1201.8000000000002
7055-VKGDA,1264.8000000000002
0754-UKWQP,1150.1999999999998
8873-GLDMH,886.1999999999999
5696-JVVQY,841.1999999999999
8946-BFWSG,303.0
7493-TPUWZ,949.8000000000001
0547-HURJB,252.60000000000002
8904-OPDCK,299.4
8845-LWKGE,774.0
1577-HKTFG,235.79999999999998
8752-STIVR,948.0
0691-NIKRI,1271.4
5022-JNQEQ,910.1999999999999
4558-FANTW,1102.1999999999998
3249-VHRIP,523.2
3736-BLEPA,1095.0
4701-LKOZD,1077.0
6603-QWSPR,1252.8000000000002
9921-QFQUL,1081.8000000000002
1929-ZCBHE,483.59999999999997
4378-MYPGO,1263.0
8651-ENBZX,1272.0
4129-LYCOI,1248.0
7798-JVXYM,835.8000000000001
8647-SDTWQ,891.5999999999999
2696-ECXKC,1210.8000000000002
2081-KJSQF,243.0
7623-TRNQN,598.8
3323-CPBWR,1162.8000000000002
9330-IJWIO,1204.1999999999998
3384-CTMSF,1249.1999999999998
0902-RFHOF,241.20000000000002
9286-DOJGF,899.4000000000001
6048-QBXKL,678.5999999999999
9661-MHUMO,591.0
7718-RXDGG,823.1999999999999
1025-FALIX,828.5999999999999
3451-VAWLI,236.39999999999998
3407-QGWLG,240.60000000000002
1842-EZJMK,1244.4
2347-WKKAE,1132.8000000000002
8735-DCXNF,659.4000000000001
3214-IYUUQ,1124.4
1936-UAFEH,1323.0
3587-PMCOY,1186.8000000000002
8079-XRJRS,1077.0
1027-LKKQQ,965.4000000000001
7148-XZPHA,952.8000000000001
8073-IJDCM,243.60000000000002
5309-TAIKL,753.5999999999999
6856-RAURS,898.8000000000001
8778-LMWTJ,898.1999999999999
9717-IOAAF,310.20000000000005
8884-ADFVN,1223.4
2845-KDHVX,819.5999999999999
0848-SOMKO,580.8
2720-WGKHP,1128.0
6734-FQAJX,1260.6
2869-ADAWR,1071.6
1535-VTJOQ,301.79999999999995
6368-TZZDT,234.0
0943-ZQPXH,1115.4
1293-BSEUN,248.39999999999998
9894-EZEWG,891.5999999999999
1302-TPUBN,232.20000000000002
7851-FLGGQ,535.8
0637-UBJRP,1008.5999999999999
0940-OUQEC,968.4000000000001
2378-VTKDH,1252.1999999999998
0927-CNGRH,234.60000000000002
8608-OZTLB,888.5999999999999
2335-GSODA,481.20000000000005
1952-DVVSW,241.20000000000002
0702-PGIBZ,1220.4
6656-GULJQ,1002.5999999999999
9853-JFZDU,682.2
1963-VAUKV,244.79999999999998
3777-XROBG,234.60000000000002
6994-FGRHH,1273.8000000000002
4000-VGMQP,947.4000000000001
3999-WRNGR,597.0
3466-RITXD,1108.8000000000002
2680-XKKNJ,698.4000000000001
3058-HJCUY,1231.1999999999998
2974-GGUXS,1103.4
7994-XIRTR,783.0
3259-FDWOY,1272.0
2101-RANCD,877.1999999999999
7921-BEPCI,717.0
0807-ZABDG,661.2
8510-TMWYB,717.5999999999999
3258-ZKPAI,1399.1999999999998
1428-IEDPR,1311.6
5298-GSTLM,1216.8000000000002
4450-YOOHP,607.8
6728-CZFEI,673.8
5748-RNCJT,1278.0
3653-NCRDJ,230.39999999999998
6121-TNHBO,996.0
5119-NZPTV,841.1999999999999
6519-ZHPXP,1299.6
7739-LAXOG,1092.6
3472-QPRCH,303.0
8224-UAXBZ,544.2
9610-WCESF,526.8
9776-CLUJA,930.0
2486-WYVVE,951.5999999999999
3865-ZYKAD,1018.8000000000001
1422-DGUBX,951.0
2999-AANRQ,852.5999999999999
8668-KNZTI,645.0
0480-KYJVA,291.0
6034-ZRYCV,650.4000000000001
9746-YKGXB,531.0
3926-YZVVX,600.5999999999999
6000-UKLWI,241.79999999999998
2079-FBMZK,831.0
6332-FBZRI,832.1999999999999
2096-XOTMO,232.20000000000002
3266-FTKHB,229.79999999999998
8221-EQDGL,732.0
2346-LOCWC,246.0
6608-QQLVK,606.0
0298-XACET,602.4000000000001
7560-QJAVJ,955.1999999999999
2995-YWTCD,298.79999999999995
3551-HUAZH,892.8000000000001
9137-UIYPG,1282.8000000000002
2809-ZMYOQ,1216.1999999999998
5084-OOVCJ,664.2
0254-WWRKD,606.5999999999999
7727-SHVZV,234.0
6302-JGYRJ,953.4000000000001
5339-PXDVH,1087.8000000000002
2205-LPVGL,1078.1999999999998
8782-NUUOL,948.0
3685-YLCMQ,1255.8000000000002
7601-WFVZV,234.60000000000002
4609-KNNWG,238.79999999999998
4868-AADLV,1395.0
9529-OFXHY,1053.0
8634-MPHTR,1200.6
2669-QVCRG,975.5999999999999
2478-EEWWM,531.5999999999999
9174-IHETN,844.1999999999999
2233-TXSIU,533.4000000000001
9644-UMGQA,589.8
3256-EZDBI,353.4
8761-NSOBC,1206.6
0419-YAAPX,1023.5999999999999
8413-VONUO,1147.8000000000002
0872-CASZJ,829.1999999999999
4726-DLWQN,844.1999999999999
8164-OCKUJ,247.20000000000002
3094-JOJAI,889.8000000000001
9494-MRNYX,900.5999999999999
2599-CZABP,535.2
7945-PRBVF,257.4
4544-RXFMG,521.4000000000001
0859-YGKFW,240.60000000000002
1150-FTQGN,1129.8000000000002
9223-UCPVT,1132.8000000000002
7196-LIWRH,234.60000000000002
5448-VWNAM,910.8000000000001
1177-XZBJL,769.8000000000001
3518-FSTWG,1314.6
9330-VOFSZ,1329.6
4351-QLCSU,660.0
0939-EREMR,641.4000000000001
9389-ACWBI,839.4000000000001
5419-JPRRN,1217.4
3644-QXEHN,1164.0
2911-IJORQ,1087.1999999999998
5921-NGYRH,882.5999999999999
2100-BDNSN,815.4000000000001
5998-DZLYR,1132.1999999999998
0488-GSLFR,834.0
9318-NKNFC,226.20000000000002
3985-HOYPM,232.79999999999998
9728-FTTVZ,830.4000000000001
9548-LERKT,237.0
6576-FBXOJ,655.2
4310-KEDTB,357.6
7254-IQWOZ,835.8000000000001
2474-BRUCM,1222.1999999999998
4062-HBMOS,1236.6
0742-NXBGR,987.5999999999999
2676-ISHSF,243.60000000000002
9236-NDUCW,421.20000000000005
4753-PADAS,1268.4
6103-QCKFX,675.0
7781-EWARA,724.2
6110-OHIHY,951.0
7018-FPXHH,717.5999999999999
5889-LFOLL,1015.1999999999999
5708-EVONK,1120.8000000000002
8708-XPXHZ,1130.4
0616-ATFGB,300.6
0572-ZJKLT,1195.8000000000002
5135-RDDQL,607.8
1353-LJWEM,730.8
1794-SWWKL,715.8
6166-YIPFO,776.4000000000001
7016-BPGEU,301.20000000000005
6876-ADESB,587.4000000000001
9332-GYWLO,658.2
1963-SVUCV,543.5999999999999
4184-VODJZ,1096.1999999999998
0220-EBGCE,1030.1999999999998
1092-WPIVQ,301.20000000000005
7233-IOQNP,408.0
2834-JKOOW,550.8
2754-VDLTR,1142.4
2400-FEQME,246.0
3190-XFANI,1207.1999999999998
7551-DACSP,663.5999999999999
4957-SREEC,244.20000000000002
7235-NXZCP,898.1999999999999
0230-UBYPQ,433.20000000000005
4923-ADWXJ,789.5999999999999
1763-KUAAW,244.20000000000002
1104-TNLZA,1269.6
5195-KPUNQ,1161.0
0520-FDVVT,1228.1999999999998
3439-GVUSX,292.79999999999995
1444-VVSGW,1387.8000000000002
5712-PTIWW,958.1999999999999
5949-HGVJL,876.5999999999999
5203-XEHAX,772.1999999999999
1635-HDGFT,246.0
3315-TOTBP,912.0
8050-XGRVL,657.0
6661-HBGWL,1257.0
1518-VOWAV,895.8000000000001
9828-QHFBK,613.8
3908-MKIMJ,503.40000000000003
5012-YSPJJ,652.2
5909-ECHUI,675.0
1309-BXVOQ,1273.1999999999998
6728-VOIFY,1152.0
9317-WZPGV,957.0
4891-NLUBA,737.4000000000001
2856-HYAPG,823.8000000000001
8969-PRHFK,235.79999999999998
0661-KQHNK,228.0
8709-KRDVL,1200.0
4488-PSYCG,243.0
1427-VERSM,1184.4
9801-NOSHQ,237.60000000000002
6339-YPSAH,885.5999999999999
3621-CEOVK,1202.4
6906-ANDWJ,898.8000000000001
2159-TURXX,240.60000000000002
1548-FEHVL,1274.4
3795-CAWEX,1398.6
6215-NQCPY,1196.4
5647-URDKA,236.39999999999998
2229-DPMBI,234.0
9626-WEQRM,349.79999999999995
2188-SXWVT,660.0
6258-PVZWJ,1089.6
1094-BKOSX,612.0
6969-MVBAI,1081.1999999999998
2978-XXSOG,708.5999999999999
2342-CKIAO,243.60000000000002
6953-PBDIN,875.4000000000001
3898-BSJYF,882.5999999999999
3938-YFPXD,1011.5999999999999
7696-AMHOD,936.0
2453-SAFNS,865.1999999999999
9558-IHEZX,1281.0
9617-UDPEU,231.0
6340-DACFT,246.60000000000002
4955-VCWBI,240.0
6813-GZQCG,295.79999999999995
7426-GSWPO,1242.0
3389-KTRXV,286.20000000000005
3118-UHVVQ,309.6
1031-IIDEO,850.1999999999999
5832-XKAES,837.5999999999999
3205-MXZRA,713.4000000000001
4701-AHWMW,654.5999999999999
8317-BVKSO,240.60000000000002
5702-KVQRD,990.5999999999999
0083-PIVIK,975.0
9210-IAHGH,849.0
6169-PGNCD,891.5999999999999
0023-XUOPT,1129.1999999999998
4592-IWTJI,356.4
4909-JOUPP,1316.4
4657-FWVFY,1156.1999999999998
2257-BOVXD,799.1999999999999
7729-JTEEC,534.0
7632-MNYOY,1330.8000000000002
6518-LGAOV,1260.0
7242-QZLXF,303.6
4576-CSAJH,661.8
1000-AJSLD,241.20000000000002
9696-RMYBA,961.1999999999999
8690-UPCZI,828.5999999999999
1062-LHZOD,838.8000000000001
9770-LXDBK,244.79999999999998
4086-WITJG,236.39999999999998
8344-WFMFH,601.2
9600-NAXZN,1216.8000000000002
8822-KNBHV,1001.4000000000001
8404-FYDIB,1039.8000000000002
2791-SFVEW,241.79999999999998
6457-USBER,969.5999999999999
6762-NSODU,232.79999999999998
4662-EKDPQ,744.5999999999999
9248-OJYKK,917.4000000000001
9888-ZCUMM,720.5999999999999
3398-FSHON,1095.6
3319-DWOEP,1149.0
1074-WVEVG,244.20000000000002
9979-RGMZT,1128.6
6437-UDQJM,1009.1999999999999
1226-IENZN,945.0
2108-GLPQB,666.5999999999999
9259-PACGQ,751.8
4415-IJZTP,894.0
1465-VINDH,1225.1999999999998
5474-LAMUQ,241.20000000000002
3468-DRVQJ,843.5999999999999
1122-YJBCS,643.8
4990-ALDGW,249.0
4816-OKWNX,1240.8000000000002
3315-IKYZQ,609.5999999999999
2810-FTLEM,601.8
4747-LCAQL,948.0
3411-WLRSQ,895.1999999999999
0898-XCGTF,1158.0
8006-PYCSW,241.20000000000002
8249-THVEC,232.79999999999998
8722-PRFDV,930.5999999999999
2164-SOQXL,240.60000000000002
4020-KIUDI,238.20000000000002
5850-BDWCY,242.39999999999998
2038-YSEZE,809.4000000000001
0827-ITJPH,222.60000000000002
8799-OXZMD,357.0
1925-TIBLE,1038.0
1705-GUHPV,290.4
4779-ZGICK,282.6
0048-PIHNL,245.39999999999998
0818-OCPZO,977.4000000000001
3967-KXAPS,1107.6
1447-GIQMR,829.8000000000001
3704-IEAXF,643.8
6810-VCAEX,475.79999999999995
0674-EYYZV,655.8
4480-MBMLB,1257.6
1395-OFUWC,351.6
0822-QGCXA,1006.1999999999999
0872-NXJYS,954.5999999999999
2832-KJCRD,1243.8000000000002
3588-WSTTJ,1188.6
4075-WKNIU,880.1999999999999
5090-EMGTC,1200.6
2346-CZYIL,244.20000000000002
3798-EPWRR,527.4000000000001
6258-NGCNG,282.0
4186-ZBUEW,848.4000000000001
5274-XHAKY,1131.6
1442-BQPVU,349.79999999999995
3978-YNKDD,250.20000000000002
4940-KHCWD,452.40000000000003
9412-ARGBX,1146.0
1389-CXMLU,1092.6
9589-ABEPT,1109.4
9388-ZEYVT,529.8
0305-SQECB,432.59999999999997
7605-SNLQG,603.0
4670-TABXH,1317.0
5561-NWEVX,950.4000000000001
0064-SUDOG,243.60000000000002
8561-NMTBD,1348.1999999999998
5161-XEUVX,1131.6
8292-FRFZQ,493.79999999999995
8591-NXRCV,895.8000000000001
7895-VONWT,579.0
4526-RMTLL,913.8000000000001
6253-GNHWH,853.1999999999999
4566-NECEV,1158.6
8080-POTJR,951.5999999999999
6906-MPARY,1075.1999999999998
3662-FXJFO,246.0
8107-RZLNV,1275.6
0516-OOHAR,1204.1999999999998
2027-CWDNU,1027.1999999999998
2737-WFVYW,543.0
9912-OMZDS,1273.8000000000002
3733-ZEECP,613.2
7878-RTCZG,238.79999999999998
2452-MRMZF,308.4
2272-QAGFO,891.5999999999999
7103-IPXPJ,1192.8000000000002
4342-HFXWS,836.4000000000001
3545-CNWRG,1180.1999999999998
1785-BPHTP,1025.4
4989-LIXVT,1150.8000000000002
7315-WYOAW,1209.0
1173-XZPYF,1070.4
9850-OWRHQ,889.1999999999999
3768-NLUBH,1207.1999999999998
8676-TRMJS,900.0
2509-TFPJU,309.0
9530-GRMJG,1009.1999999999999
6898-RBTLU,951.5999999999999
5481-NTDOH,1284.6
2068-WWXQZ,240.60000000000002
7359-SSBJK,842.4000000000001
2061-VVFST,234.0
0685-MLYYM,849.0
0749-IRGQE,543.5999999999999
2380-DAMQP,1381.8000000000002
2256-YLYLP,875.4000000000001
1272-ILHFG,235.79999999999998
0164-XAIRP,234.60000000000002
5666-CYCYZ,1074.6
4011-ARPHK,604.2
8182-PNAGI,603.0
6365-HITVU,1047.0
7558-IMLMT,249.60000000000002
9488-FYQAU,1311.0
3590-TCXTB,244.20000000000002
6994-KERXL,670.8
7957-RYHQD,950.4000000000001
2180-DXNEG,1152.0
1960-UOTYM,950.4000000000001
2740-JFBOK,288.0
6500-JVEGC,1216.1999999999998
5515-AKOAJ,1201.1999999999998
8976-OQHGT,678.0
5245-VDBUR,425.40000000000003
6230-BSUXY,1020.0
8469-SNFFH,952.8000000000001
2144-ESWKO,422.40000000000003
1241-FPMOF,235.79999999999998
9928-BZVLZ,598.2
4114-QMKVN,825.0
2775-SEFEE,742.8
9003-CPATH,958.8000000000001
1754-GKYPY,1077.0
5294-CDGWY,711.5999999999999
7956-XQWGU,232.79999999999998
1591-MQJTP,1123.8000000000002
5295-PCJOO,592.8
2369-FEVNO,238.79999999999998
9863-JZAIC,660.0
7471-MQPOS,874.8000000000001
7660-HDPJV,830.4000000000001
5115-SQAAU,307.20000000000005
9845-QOMAD,237.0
7672-VFMXZ,668.4000000000001
9739-JLPQJ,1410.0
9916-AYHTC,238.20000000000002
3855-ONCAR,946.8000000000001
1488-SYSFC,247.79999999999998
7931-PXHFC,747.5999999999999
3990-QYKBE,1110.0
0970-QXPXW,235.79999999999998
3259-KNMRR,957.0
6120-RJKLU,959.4000000000001
9572-WUKSB,358.79999999999995
5893-KCLGT,237.0
0076-LVEPS,540.0
3640-JQGJG,537.5999999999999
4919-MOAVT,835.8000000000001
1596-OQSPS,613.2
9867-XOBQA,637.8
9546-KDTRB,296.4
3090-HAWSU,1339.1999999999998
9820-RMCQV,582.5999999999999
3174-RKMOW,1319.4
1760-CAZHT,249.60000000000002
7839-QRKXN,242.39999999999998
8441-SHIPE,307.20000000000005
5204-QZXPU,475.79999999999995
4597-ELFTS,298.79999999999995
1320-GVNHT,1300.8000000000002
1047-RNXZV,234.60000000000002
3541-ZNUHK,1021.1999999999999
8450-JOVAH,680.4000000000001
8725-JEDFD,828.5999999999999
7562-UXTPG,841.8000000000001
8071-SBTRN,1333.8000000000002
1113-IUJYX,1271.4
6668-CNMFP,1072.1999999999998
5626-MGTUK,1069.1999999999998
5681-LLOEI,1095.0
8212-DJRCH,1084.1999999999998
4323-OHFOW,1266.6
4933-BSAIP,229.20000000000002
2030-BTZRO,244.79999999999998
1116-DXXDF,1205.4
9274-CNFMO,899.4000000000001
7758-XKCBS,356.4
8992-JQYUN,604.2
6563-VNPMN,1028.4
0617-AQNWT,574.2
2267-WTPYD,1128.0
0270-THENM,838.1999999999999
2446-PLQVO,843.5999999999999
4707-MAXGU,310.20000000000005
2710-WYVXG,853.1999999999999
3005-NFMTA,1185.6
6300-BWMJX,1120.1999999999998
8784-CGILN,1198.1999999999998
5389-FFVKB,963.5999999999999
7009-LGECI,606.5999999999999
8444-WRIDW,965.4000000000001
5022-KVDQT,975.5999999999999
7976-CICYS,248.39999999999998
1036-GUDCL,948.5999999999999
2005-DWQZJ,228.60000000000002
8148-WOCMK,235.20000000000002
7815-PDTHL,242.39999999999998
9451-LPGOO,1041.6
9173-IVZVP,250.79999999999998
9129-UXERG,1243.1999999999998
3635-JBPSG,465.59999999999997
7964-ZRKKG,1060.8000000000002
5868-YWPDW,1010.4000000000001
6229-LSCKB,956.4000000000001
2025-JKFWI,1188.0
4078-SAYYN,1209.0
1724-IQWNM,231.60000000000002
8217-QYOHV,669.0
5546-QUERU,239.39999999999998
9940-HPQPG,1101.0
6897-UUBNU,1075.8000000000002
6127-IYJOZ,550.2
6618-RYATB,954.5999999999999
8930-XOTDP,671.4000000000001
5916-QEWPT,828.0
5060-TQUQN,1002.5999999999999
0531-XBKMM,788.4000000000001
8465-SBRXP,1138.8000000000002
2408-PSJVE,742.8
9079-YEXQJ,1333.1999999999998
9700-ZCLOT,240.0
8738-JOKAR,812.4000000000001
4534-WGCIR,301.79999999999995
1930-WNXSB,1114.1999999999998
2685-SREOM,1069.1999999999998
3508-CFVZL,1335.6
0402-CQAJN,1222.8000000000002
6692-UDPJC,1099.8000000000002
1273-MTETI,1066.1999999999998
0657-DOGUM,727.2
5480-HPRRX,303.6
8792-AOROI,786.0
0295-PPHDO,1145.4
5146-YYFRZ,239.39999999999998
1195-OIYEJ,1093.1999999999998
5906-CVLHP,649.8
3452-SRFEG,895.1999999999999
4070-OKWVH,1135.1999999999998
5297-MDOIR,973.8000000000001
6369-MCAKO,1068.6
4926-UMJZD,590.4000000000001
6848-HJTXY,233.39999999999998
6341-AEVKX,1251.6
4501-EQDRN,836.4000000000001
2990-HWIML,1074.0
0682-USIXD,1032.6
6976-BWGLQ,302.4
7078-NVFAM,421.79999999999995
8065-QBYTO,1195.8000000000002
2133-TSRRM,1264.1999999999998
7384-GHBPI,421.79999999999995
7603-USHJS,885.0
7234-FECYN,1216.1999999999998
2511-ALLCS,291.6
3191-CSNMG,968.4000000000001
7952-OBOYL,1078.1999999999998
7470-DYNOE,733.2
7853-OETYL,348.6
1545-ACTAS,1196.4
5876-HZVZM,670.8
1400-MMYXY,1270.8000000000002
5126-RCXYW,552.0
3085-QUOZK,527.4000000000001
2363-BJLSL,964.8000000000001
1956-YIFGE,1200.6
3926-CUQZX,541.2
7921-LMDFQ,1128.0
2925-MXLSX,827.4000000000001
5820-PTRYM,821.4000000000001
9609-BENEA,828.0
6211-WHMYA,526.2
4459-BBGHE,534.0
9945-PSVIP,224.39999999999998
1041-RXHRA,843.0
1750-CSKKM,664.2
9108-EJFJP,642.5999999999999
0530-IJVDB,1375.1999999999998
0508-SQWPL,241.20000000000002
2215-ZAFGX,1026.0
8213-TAZPM,1305.0
7142-HVGBG,1236.0
1304-SEGFY,1174.1999999999998
7242-EDTYC,234.60000000000002
2904-GGUAZ,1008.5999999999999
8267-ZNYVZ,1245.0
5136-GFPMB,1072.8000000000002
2595-KIWPV,236.39999999999998
5243-SAOTC,958.1999999999999
9398-MMQTO,893.4000000000001
7619-PLRLP,889.1999999999999
6457-GIRWB,832.1999999999999
6508-NJYRO,225.60000000000002
1450-SKCVI,886.1999999999999
4710-NKCAW,772.8000000000001
5306-BVTKJ,669.5999999999999
0357-NVCRI,240.60000000000002
5570-PTWEH,901.8000000000001
2371-KFUOG,1189.8000000000002
0463-ZSDNT,681.0
6502-MJQAE,835.1999999999999
6257-DTAYD,1249.8000000000002
4616-ULAOA,1329.6
7693-LCKZL,961.8000000000001
7746-AWNQW,429.0
5996-EBTKM,838.8000000000001
2758-RNWXS,1070.4
2314-TNDJQ,667.8
2405-LBMUW,608.4000000000001
3454-JFUBC,240.0
0032-PGELS,366.0
9039-ZVJDC,229.20000000000002
6797-LNAQX,1179.6
9013-AQORL,546.5999999999999
2898-MRKPI,1212.6
2750-BJLSB,1244.4
3648-GZPHF,435.0
2075-RMJIK,592.8
9588-YRFHY,238.79999999999998
6394-MFYNG,1288.8000000000002
1564-NTYXF,984.0
9364-YKUVW,237.60000000000002
5392-AKEMH,540.5999999999999
2451-YMUXS,774.5999999999999
3914-FDRHP,1035.0
3078-ZKNTS,237.0
1024-KPRBB,1069.1999999999998
4690-PKDQG,1146.6
8155-IBNHG,904.8000000000001
0886-QGENL,1215.0
9547-ITEFG,1231.1999999999998
1264-FUHCX,675.5999999999999
7789-CRUVC,1130.4
6598-KELSS,516.5999999999999
8739-WWKDU,1074.0
8685-WHQPW,892.8000000000001
4745-LSPLO,246.0
8083-YTZES,892.1999999999999
7240-FQLHE,1197.0
6664-FPDAC,1343.4
9972-VAFJJ,1128.0
0422-UXFAP,1186.1999999999998
1904-WAJAA,772.1999999999999
5130-YPIRV,864.0
2843-CQMEG,596.4000000000001
6439-PKTRR,968.4000000000001
5351-QESIO,290.4
0786-VSSUD,468.0
5568-DMXZS,785.4000000000001
8468-FZTOE,892.1999999999999
6633-SYEUS,998.4000000000001
6447-GORXK,300.0
6967-PEJLL,482.40000000000003
3976-BWUCK,1129.1999999999998
5981-ZVXOT,1300.1999999999998
1684-FLBGS,834.0
1389-WNUIB,912.0
0376-OIWME,1123.1999999999998
3585-ISXZP,1147.8000000000002
0218-QNVAS,1206.6
6583-QGCSI,1056.6
0804-YGEQV,293.4
7164-BPTUT,1074.6
4174-LPGTI,798.0
2523-EWWZL,913.1999999999999
0928-XUTSN,966.0
2108-XWMPY,425.40000000000003
0052-YNYOT,246.60000000000002
6304-IJFSQ,598.8
9586-JGQKH,1264.8000000000002
4501-VCPFK,429.0
6075-SLNIL,1141.1999999999998
9347-AERRL,231.60000000000002
0093-XWZFY,1254.0
2274-XUATA,757.2
1980-KXVPM,900.5999999999999
7703-ZEKEF,972.0
0723-DRCLG,893.4000000000001
5482-NUPNA,724.8
6691-CCIHA,1019.4000000000001
1685-BQULA,1120.8000000000002
9053-EJUNL,1070.4
0666-UXTJO,1022.4000000000001
1471-GIQKQ,599.4000000000001
4807-IZYOZ,247.79999999999998
1122-JWTJW,847.8000000000001
9710-NJERN,241.79999999999998
9837-FWLCH,230.39999999999998
1699-HPSBG,717.5999999999999
7203-OYKCT,1259.4
1035-IPQPU,1242.0
7398-LXGYX,1017.5999999999999
2823-LKABH,1140.6
8775-CEBBJ,530.4000000000001
0550-DCXLH,880.1999999999999
9281-CEDRU,769.1999999999999
2235-DWLJU,532.8
0871-OPBXW,240.60000000000002
3605-JISKB,720.0
6894-LFHLY,909.0
9767-FFLEM,834.0
0639-TSIQW,1235.4
8456-QDAVC,944.4000000000001
7750-EYXWZ,727.8
2569-WGERO,253.79999999999998
6840-RESVB,1017.5999999999999
2234-XADUH,1238.4
4801-JZAZL,355.20000000000005
8361-LTMKD,892.8000000000001
3186-AJIEK,1267.8000000000002
