customerID,future_12_month_revenue_if_retained
7590-VHVEG,366.95
5575-GNVDE,741.4
3668-QPYBK,680.2
7795-CFOCW,608.67
9237-HQITU,887.43
9305-CDSKC,1250.82
1452-KIOVK,1245.91
6713-OKOMC,377.96
7892-POOKP,1352.85
6388-TABGU,778.72
9763-GRSKD,609.17
7469-LKBCI,232.1
8091-TTVAX,1423.55
0280-XJGEX,1251.85
5129-JLPIS,1299.83
3655-SNQYZ,1681.47
8191-XWSZG,241.7
9959-WOFKT,1623.19
4190-MFLUW,644.71
4183-MYFRB,1084.64
8779-QRDMV,510.46
1680-VDCWW,229.64
1066-JKSGK,225.88
3638-WEABW,786.94
6322-HRPFA,760.47
6865-JZNKO,694.24
6467-CHFZW,1213.48
8665-UTDHZ,369.06
5248-YGIJN,1263.04
8773-HHUOZ,780.38
3841-NFECX,1427.65
4929-XIHVW,1325.26
6827-IEAUQ,883.91
7310-EGVHZ,213.74
3413-BMNZE,565.11
6234-RAAPL,1433.0
6047-YHPVI,894.49
6572-ADKRS,874.42
5380-WJKOV,1286.76
8168-UQWWF,1255.01
8865-TNMNX,647.12
9489-DEDVP,987.24
9867-JCZSP,246.94
4671-VJLCL,1134.75
4080-IIARD,898.63
3714-NTNFO,1087.38
5948-UJZLF,577.16
7760-OYPDY,1078.46
7639-LIAYI,1170.42
2954-PIBKO,843.98
8012-SOUDQ,1188.59
9420-LOJKX,1284.8
6575-SUVOI,855.09
7495-OOKFY,1055.65
4667-QONEA,1084.0
1658-BYGOY,1294.63
8769-KKTPH,1364.87
5067-XJQFU,1526.49
3957-SQXML,318.06
5954-BDFSG,1688.6
0434-CSFON,1271.27
1215-FIGMP,1188.92
0526-SXDJP,562.57
0557-ASKVU,670.48
5698-BQJOH,1247.66
5122-CYFXA,983.78
8627-ZYGSZ,1069.81
3410-YOQBQ,1142.25
3170-NMYVV,264.97
7410-OIEDU,1001.08
2273-QCKXA,610.98
0731-EBJQB,270.86
1891-QRQSA,1701.85
8028-PNXHQ,337.72
5630-AHZIL,699.51
2673-CXQEU,1644.69
6416-JNVRK,718.33
5590-ZSKRV,658.65
0191-ZHSKZ,937.52
3887-PBQAO,279.21
5919-TMRGD,996.74
8108-UXRQN,629.53
9191-MYQKX,1025.0
9919-YLNNG,1336.6
0318-ZOPWS,249.74
4445-ZJNMU,1229.55
4808-YNLEU,852.02
1862-QRWPE,263.21
2796-NNUFI,243.55
3016-KSVCP,423.7
4767-HZZHQ,1068.53
2424-WVHPL,1014.59
7233-PAHHL,1169.42
6067-NGCEU,1487.26
9848-JQJTX,1452.54
8637-XJIVR,947.94
9803-FTJCG,934.31
0278-YXOOG,238.24
3212-KXOCR,271.31
4598-XLKNJ,1261.59
6380-ARCEH,209.7
3679-XASPY,212.73
7123-WQUHX,1296.02
5386-THSLQ,578.78
3192-NQECA,1634.22
6180-YBIQI,297.37
6728-DKUCO,1629.41
9750-BOOHV,398.69
8597-CWYHH,1300.45
2848-YXSMW,249.64
0486-HECZI,1190.94
4549-ZDQYY,797.05
5712-AHQNN,1191.36
4846-WHAFZ,1113.55
5256-SKJGO,764.9
3071-VBYPO,1181.54
9560-BBZXK,425.68
5299-RULOA,1222.83
8402-OOOHJ,273.75
9445-ZUEQE,1168.62
1091-SOZGA,1454.15
2928-HLDBA,220.75
0404-SWRVG,1011.22
6497-TILVL,576.84
7219-TLZHO,239.77
4622-YNKIJ,1463.79
4412-YLTKF,961.43
6734-PSBAW,295.56
3930-ZGWVE,221.75
2639-UGMAZ,743.02
2876-GZYZC,1027.55
6207-WIOLX,734.12
8587-XYZSF,677.06
3091-FYHKI,435.3
2372-HWUHI,507.53
7799-LGRDP,347.25
7850-VWJUU,952.61
3774-VBNXY,256.71
6217-KDYWC,263.45
0390-DCFDQ,839.7
3146-MSEGF,1284.85
4080-OGPJL,945.97
1095-WGNGG,1364.53
2636-SJDOU,1216.33
1131-QQZEB,313.36
5716-EZXZN,1572.33
6837-BJYDQ,215.7
2135-RXIHG,511.43
6440-DKQGE,850.59
3466-BYAVD,880.58
3780-YVMFA,849.22
3874-EQOEP,1227.48
1679-JRFBR,1493.6
9073-ZZIAY,1256.69
3077-RSNTJ,223.31
6551-GNYDG,1011.02
9167-APMXZ,1192.32
2749-CTKAJ,246.91
6371-NZYEG,829.81
7554-NEWDD,326.2
8992-VONJD,665.08
0867-MKZVY,1132.13
4482-EWFMI,936.53
4648-YPBTM,1002.44
2907-ILJBN,253.29
6345-FZOQH,262.34
3376-BMGFE,937.5
5997-OPVFA,1406.68
3445-HXXGF,564.1
1159-WFSGR,223.8
7654-YWJUF,1139.74
1875-QIVME,1297.31
6727-IOTLZ,1121.1
0691-JVSYA,1352.12
5918-VUKWP,249.39
1744-JHKYS,293.23
2656-FMOKZ,965.5
2070-FNEXE,1062.37
5947-SGKCL,1347.27
3712-PKXZA,287.82
6317-YPKDH,370.49
6582-OIVSP,520.09
9367-WXLCH,1015.75
5524-KHNJP,1003.54
1918-ZBFQJ,1015.6
1024-GUALD,308.1
4827-USJHP,649.03
8167-GJLRN,370.59
0956-SYCWG,225.25
8017-UVSZU,640.31
7100-FQPRV,939.93
2472-OVKUP,1205.26
2984-RGEYA,257.83
9680-NIAUV,1540.68
2146-EGVDT,251.44
2604-IJPDU,1326.92
9178-JHUVJ,288.86
6168-YBYNP,1527.77
7255-SSFBC,1686.1
3645-DEYGF,218.57
9323-HGFWY,1468.48
8544-GOQSH,1087.87
3363-DTIVD,1666.47
7018-WBJNK,1068.24
9142-KZXOP,830.83
7674-YTAFD,1057.68
6348-SNFUS,820.65
1285-OKIPP,1040.86
7825-ECJRF,1474.37
1347-KTTTA,1746.83
7841-TZDMQ,567.53
4195-NZGTA,320.08
7157-SMCFK,267.26
4709-LKHYG,247.2
2504-DSHIH,1107.2
0699-NDKJM,784.16
9286-BHDQG,627.65
0230-WEQUW,806.97
2040-LDIWQ,1162.13
6496-JDSSB,1020.22
9408-SSNVZ,994.07
4443-EMBNA,289.83
6469-MRVET,245.09
0742-MOABM,562.99
5961-VUSRV,221.63
6778-JFCMK,699.43
6341-JVQGF,1088.56
2232-DMLXU,626.45
4811-JBUVU,1145.9
0945-TSONX,1235.48
2651-ZCBXV,1589.65
3316-UWXUY,1312.59
8937-RDTHP,1098.47
7083-MIOPC,253.03
1984-GPTEH,317.44
1251-KRREG,673.22
0621-JFHOL,358.04
9903-LYSAB,956.86
0094-OIFMO,1166.65
9227-UAQFT,258.22
7301-ABVAD,1176.44
6614-FHDBO,1626.14
7576-ASEJU,1024.05
9058-HRZSV,1340.97
4522-AKYLR,630.5
0221-WMXNQ,959.82
0303-UNCIP,815.54
9947-OTFQU,932.73
0322-YINQP,646.45
0959-WHOKV,1401.96
4075-JFPGR,1252.46
4629-NRXKX,935.17
9514-JDSKI,533.37
3282-ZISZV,1153.87
3675-YDUPJ,204.92
4111-BNXIF,821.96
7017-VFHAY,1869.76
6655-LHBYW,1608.51
4959-JOSRX,546.86
5046-NUHWD,583.58
7273-TEFQD,470.73
3606-TWKGI,1381.3
7529-ZDFXI,1005.01
7605-BDWDC,662.53
1950-KSVVJ,1583.82
0123-CRBRT,1191.82
6292-TOSSS,347.86
3197-ARFOY,1314.54
6323-AYBRX,244.43
7014-ZZXAW,315.27
4385-GZQXV,1338.53
7633-MVPUY,800.19
6366-ZGQGL,314.78
4716-HHKQH,1415.84
5940-AHUHD,852.67
6432-TWQLB,1131.9
4484-GLZOU,1416.25
3179-GBRWV,786.55
8645-KWHJO,689.06
4130-MZLCC,594.68
0314-TKOSI,678.6
8229-MYEJZ,634.49
2080-SRCDE,306.27
9577-WJVCQ,656.86
9512-UIBFX,1364.66
6202-DYYFX,933.26
3808-HFKDE,538.72
5583-SXDAG,915.21
3488-PGMQJ,959.5
3580-REOAC,521.23
7534-BFESC,975.99
3727-OWVYD,782.5
2294-SALNE,1169.29
4847-TAJYI,1183.02
1563-IWQEX,224.02
8203-XJZRC,218.4
6556-DBKZF,1166.92
6851-WEFYX,1326.44
2985-JUUBZ,949.58
6390-DSAZX,983.49
0895-LMRSF,799.52
8098-LLAZX,1178.34
8266-VBFQL,1214.87
8181-YHCMF,878.99
2240-HSJQD,1059.67
1248-DYXUB,322.2
0265-EDXBD,1032.72
4115-BNPJY,1006.86
3167-SNQPL,1346.76
4091-TVOCN,1021.9
1098-TDVUQ,212.72
7277-OZCGZ,1266.68
1557-EMYVT,1776.84
2799-ARNLO,916.63
7563-BIUPC,1090.5
5027-YOCXN,1606.49
3973-SKMLN,265.8
2321-OMBXY,1057.05
2840-XANRC,1226.79
6745-JEFZB,1201.69
5020-ZSTTY,1141.04
9880-TDQAC,873.97
8705-WZCYL,515.4
7102-JJVTX,689.68
8626-PTQGE,822.83
4983-CLMLV,1313.45
5701-YVSVF,1136.14
5804-LEPIM,928.87
5697-GOMBF,453.13
2739-CACDQ,1104.8
9385-EHGDO,248.77
9498-FIMXL,215.12
2379-GYFLQ,1296.29
0122-OAHPZ,906.2
2868-SNELZ,1073.6
4322-RCYMT,1015.95
6680-NENYN,1429.63
2088-IEBAU,1251.41
7982-VCELR,1253.97
1343-EHPYB,1341.36
6035-BXTTY,654.24
6885-PKOAM,1252.29
7520-HQWJU,877.99
9639-BUJXT,246.34
5924-SNGKP,236.68
0021-IKXGC,926.35
2034-GDRCN,1065.02
8966-SNIZF,233.54
6243-OZGFH,530.42
4654-DLAMQ,1371.97
0513-RBGPE,893.37
5160-UXJED,615.48
4115-NZRKS,1180.83
0219-YTZUE,1068.41
0623-IIHUG,522.62
4572-DVCGN,968.15
3351-NGXYI,674.8
8984-EYLLL,1553.61
9057-MSWCO,390.1
9833-TGFHX,1292.02
9294-TDIPC,231.53
5229-DTFYB,1546.76
0104-PPXDV,662.23
5176-LMJXE,262.87
3583-KRKMD,1037.96
1010-DIAUQ,1201.04
9069-LGEUL,756.85
7302-ZHMHP,214.08
9571-EDEBV,1389.45
3520-FJGCV,1653.69
6563-VRERX,246.88
0259-GBZSH,1114.91
6122-EFVKN,537.12
2805-EDJPQ,1494.48
6862-CQUMB,1379.54
7156-MXBJE,1072.78
6158-HDPXZ,317.34
9601-BRXPO,1400.07
2863-IMQDR,1435.11
5686-CMAWK,1155.44
5651-CRHKQ,1146.23
6905-NIQIN,589.35
8204-YJCLA,835.66
5167-ZFFMM,1123.54
6583-SZVGP,1482.58
4895-TMWIR,224.56
0533-BNWKF,1160.15
1708-PBBOA,800.75
8782-LKFPK,1227.26
5522-JBWMO,512.56
3597-MVHJT,1183.32
9774-NRNAU,1084.75
0224-RLWWD,496.31
9967-ATRFS,247.63
3951-NJCVI,1304.49
2977-CEBSX,1268.78
0177-PXBAT,1354.92
6599-CEBNN,1023.27
2519-ERQOJ,677.77
5876-QMYLD,254.85
2277-AXSDC,217.56
9442-JTWDL,228.15
0979-PHULV,1327.89
3067-SVMTC,771.68
5495-GPSRW,241.48
7606-BPHHN,263.71
4742-DRORA,1291.09
0111-KLBQG,1208.92
4800-VHZKI,223.66
7989-CHGTL,224.6
0334-GDDSO,1069.97
4163-NCJAK,276.21
5233-AOZUF,896.84
5973-EJGDP,1265.32
1996-DBMUS,930.84
7916-VCCPB,913.79
4686-GEFRM,1592.92
5249-QYHEX,312.79
0578-SKVMF,1143.22
5564-NEMQO,959.6
2233-FAGXV,299.45
5605-IYGFG,965.01
7663-ZTEGJ,1378.28
3935-TBRZZ,322.57
8111-BKVDS,514.04
2055-SIFSS,695.72
2806-MLNTI,1402.04
8734-DKSTZ,1129.08
4360-PNRQB,1031.63
6152-ONASV,731.69
9063-ZGTUY,214.32
7781-HVGMK,844.8
2181-UAESM,645.16
2957-LOLHO,564.12
6048-NJXHX,266.27
2320-SLKMB,557.01
4980-URKXC,269.9
4376-KFVRS,1622.1
5886-VLQVU,1086.59
3577-AMVUX,671.67
0771-WLCLA,1552.22
5628-RKIFK,1380.42
0206-TBWLC,1499.06
2937-FTHUR,805.41
1910-FMXJM,974.02
7752-XUSCI,1460.97
4110-PFEUZ,899.53
0732-OCQOC,308.35
5168-MSWXT,1172.48
1090-ESELR,1526.36
8592-PLTMQ,303.57
5760-WRAHC,930.65
8847-GEOOQ,735.98
0256-LTHVJ,1076.88
4785-FCIFB,306.8
8313-NDOIA,1296.27
5149-CUZUJ,1282.57
0942-KOWSM,1052.21
4237-CLSMM,217.25
1452-VOQCH,896.7
4719-UMSIY,241.1
6614-VBEGU,851.57
0880-TKATG,1239.74
3811-VBYBZ,1281.1
1480-BKXGA,1762.93
2996-XAUVF,560.26
9076-AXYIK,1576.15
5968-XQIVE,1304.88
8896-RAZCR,242.93
4640-UHDOS,665.11
4933-IKULF,243.78
3583-EKAPL,583.8
1304-BCCFO,776.61
4104-PVRPS,729.22
9399-APLBT,1026.78
2359-KMGLI,1027.09
3780-DDGSE,976.84
4431-EDMIQ,959.42
0306-JAELE,1436.61
6227-HWPWX,944.3
0486-LGCCH,239.94
0447-BEMNG,538.54
4612-SSVHJ,970.8
5168-MQQCA,1566.96
5949-XIKAE,1021.02
7971-HLVXI,1152.54
9094-AZPHK,1255.98
3649-JPUGY,1185.5
4472-LVYGI,782.25
8372-JUXUI,985.93
3552-CTCYF,1538.24
6778-YSNIH,760.09
0388-EOPEX,967.57
5756-OZRIO,811.35
6579-JPICP,245.27
8205-OTCHB,577.43
4134-BSXLX,735.31
0505-SPOOW,253.31
6235-VDHOM,326.32
7783-YKGDV,1202.29
4374-YMUSQ,1722.06
4513-CXYIX,1324.07
3957-HHLMR,818.79
7803-XOCCZ,1200.15
5736-YEJAX,1109.03
5609-CEBID,1189.83
8981-FJGLA,961.32
7218-HKQFK,1167.63
4636-QRJKY,1045.39
1135-LMECX,212.55
4332-MUOEZ,1353.13
8535-SFUTN,1445.76
5956-VKDTT,933.02
8677-HDZEE,1370.63
2475-MROZF,1244.0
9412-GHEEC,1437.7
3482-ABPKK,744.24
6705-LXORM,846.2
0257-ZESQC,999.02
7531-GQHME,232.41
5174-ITUMV,1354.0
4109-CYRBD,648.74
0913-XWSCN,1103.51
6825-UYPFK,1007.73
8397-MVTAZ,1247.16
0750-EBAIU,1186.83
8606-CIQUL,1624.4
3571-DPYUH,1357.14
7601-GNDYK,248.98
0356-OBMAC,1428.58
8067-NIOYM,273.04
1403-GYAFU,237.46
4234-XTNEA,1012.07
1297-VQDRP,1439.12
9282-IZGQK,1044.38
5348-CAGXB,1140.05
0621-HJWXJ,1041.76
5844-QVTAT,751.49
8905-IAZPF,1408.11
5394-MEITZ,1107.22
6859-QNXIQ,1800.01
2782-LFZVW,667.18
2866-IKBTM,224.2
1342-JPNKI,1171.68
2817-NTQDO,508.37
7129-AZJDE,1031.54
6986-IJDHX,1150.72
2560-PPCHE,1486.61
4676-MQUEA,1483.85
8138-EALND,218.35
3580-HYCSP,1659.15
1352-HNSAW,1752.26
2075-PUEPR,264.52
1982-FEBTD,325.11
5301-GAUUY,1058.91
5791-KAJFD,909.17
2654-VBVPB,216.9
1154-HYWWO,923.59
2501-XWWTZ,909.18
3716-UVSPD,590.49
6815-ABQFQ,1555.52
7343-EOBEU,291.02
3701-SFMUH,889.93
6103-LIANB,1437.21
7319-VENRZ,833.97
5846-NEQVZ,1001.38
6967-QIQRV,1295.66
5781-RFZRP,1007.02
0939-YAPAF,1177.71
0308-IVGOK,509.89
7293-LSCDV,248.87
7025-WCBNE,887.11
5756-JYOJT,847.39
4710-FDUIZ,1390.43
6030-REHUX,1526.12
9548-LIGTA,1040.12
5150-LJNSR,1376.98
8270-RKSAP,929.92
6522-YRBXD,1157.47
2640-LYMOV,232.08
1218-VKFPE,215.86
3627-FHKBK,955.24
2865-TCHJW,1168.76
1423-BMPBQ,236.37
2393-DIVAI,225.47
5192-EBGOV,1101.97
4568-KNYWR,874.14
8752-IMQOS,225.77
0742-LAFQK,1546.66
0795-LAFGP,1248.48
0619-OLYUR,1715.6
5512-IDZEI,290.93
0459-SPZHJ,1209.42
0215-BQKGS,1132.97
9244-ZVAPM,575.36
0719-SYFRB,749.76
8208-EUMTE,757.97
5172-MIGPM,762.76
1710-RCXUS,1238.24
0374-FIUCA,268.46
5839-SUYVZ,1022.79
5173-ZXXXL,223.23
1096-ADRUX,1085.96
2001-MCUUW,1686.98
2731-GJRDG,1583.04
4723-BEGSG,1367.52
6516-NKQBO,1090.74
8672-OAUPW,605.88
8207-DMRVL,1594.33
3419-SNJJD,1540.26
6543-CPZMK,371.01
4765-OXPPD,808.93
2804-ETQDK,269.14
6689-VRRTK,1438.28
7138-GIRSH,1103.32
9396-ZSFLL,601.79
6464-KEXXH,304.54
7134-MJPDY,1523.76
5240-CAOYT,1245.15
4059-IIEBK,1008.82
4881-JVQOD,398.05
0516-UXRMT,1347.02
4851-BQDNX,1266.27
5148-HKFIR,263.66
1009-IRMNA,241.24
3003-CMDUU,1225.66
5016-IBERQ,1037.85
6797-UCJHZ,1456.88
2469-DTSGX,1676.88
4554-YGZIH,1267.82
5099-BAILX,1340.14
9931-KGHOA,739.18
1775-KWJKQ,1286.13
7665-VIGUD,233.62
9411-TPQQV,692.49
7207-RMRDB,1291.77
7954-MLBUN,1505.63
2077-DDHJK,1026.71
4913-EHYUI,1398.3
0195-IESCP,1012.63
9574-BOSMD,322.56
4580-TMHJU,744.63
0970-ETWGE,1122.59
4908-XAXAY,1164.71
8404-VLQFB,284.31
1626-ERCMM,1208.66
0887-HJGAR,474.26
2391-IPLOP,937.88
5644-PDMZC,1123.6
3509-GWQGF,938.78
9576-ANLXO,965.0
2024-BASKD,1000.85
5845-BZZIB,248.67
1140-UKVZG,267.08
4160-AMJTL,247.78
5183-SNMJQ,1235.65
8100-PNJMH,1282.84
7838-LAZFO,1031.75
4464-JCOLN,235.16
2085-JVGAD,230.32
5650-VDUDS,282.54
8095-WANWK,527.94
3030-ZKIWL,223.63
9565-FLVCG,957.07
8755-OGKNA,242.89
2800-VEQXM,954.44
7538-GWHML,873.33
5533-RJFTJ,409.37
3859-CVCET,475.0
0214-JHPFW,862.22
5642-MHDQT,259.98
3088-FVYWK,295.8
3276-HDUEG,936.86
9092-GDZKO,278.03
0823-HSCDJ,576.04
3729-OWRVL,1620.24
2324-AALNO,277.55
0822-GAVAP,452.7
5760-IFJOZ,1435.19
2826-UWHIS,1122.01
1448-PWKYE,1052.73
7501-IWUNG,984.99
4957-TREIR,782.62
7251-LJBQN,1475.3
8040-MNRTF,847.85
1536-HBSWP,632.3
5313-FPXWG,299.65
0067-DKWBL,591.29
0946-FKYTX,412.61
5076-YVXCM,1138.02
8262-COGGB,224.34
6663-JOCQO,1064.51
9620-QJREV,232.69
2276-YDAVZ,983.2
2682-KEVRP,247.12
2480-JZOSN,227.13
0078-XZMHT,1224.11
5896-NPFWW,563.93
9978-HYCIN,1209.41
8338-QIUNR,950.6
1525-LNLOJ,854.9
9450-TRJUU,1134.15
1766-GKNMI,1061.55
6942-LBFDP,213.42
1456-TWCGB,544.78
7133-VBDCG,1087.54
7596-ZYWBB,804.87
8329-UTMVM,1580.01
3014-WJKSM,874.3
3347-YJZZE,1063.59
1029-QFBEN,220.72
7929-DMBCV,1065.58
9661-JALZV,310.34
5433-KYGHE,1182.73
4312-KFRXN,327.45
5575-TPIZQ,1243.5
0114-IGABW,828.67
9944-AEXBM,1118.37
1853-ARAAQ,605.08
6952-OMNWB,1069.52
4697-LUPSU,240.6
8434-VGEQQ,242.73
4952-YSOGZ,1018.05
1589-AGTLK,564.2
5244-IRFIH,1235.18
6549-YMFAW,235.22
4950-HKQTE,329.48
6786-OBWQR,1044.71
2684-EIWEO,1179.49
2753-JMMCV,1008.74
6439-GTPCA,1164.67
6621-YOBKI,216.23
1216-JWVUX,998.45
7564-GHCVB,1083.17
1173-NOEYG,1228.46
7595-EHCDL,633.98
6647-ZEDXT,1552.69
2521-NPUZR,1618.78
1307-TVUFB,1114.01
7503-MIOGA,1362.12
4381-MHQDC,826.71
6923-JHPMP,975.54
5138-WVKYJ,1236.81
4018-PPNDW,311.69
1635-FJFCC,542.06
2499-AJYUA,1599.27
6919-ELBGL,1772.48
3966-HRMZA,917.19
6425-JWTDV,234.01
8405-IGQFX,1196.86
8224-IVVPA,675.21
9477-LGWQI,1057.12
1410-RSCMR,846.99
3115-CZMZD,261.97
0139-IVFJG,1114.91
6683-VLCTZ,1445.31
5730-DBDSI,260.73
0030-FNXPP,223.81
2189-WWOEW,1065.49
5684-FJVYR,1428.6
4013-GUXND,225.69
1894-IGFSG,1163.74
7379-POKDZ,1007.16
1266-NZYUI,959.89
7969-FFOWG,271.8
4718-DHSMV,414.33
5175-WLYXL,1020.11
7817-OMJNA,265.81
8728-SKJLR,950.76
3137-NYQQI,926.45
7706-DZNKK,236.55
0236-HFWSV,1175.79
3900-AQPHZ,229.35
5842-POCOP,1207.69
2037-XJFUP,1344.18
8823-RLPWL,1527.13
9505-SQFSW,465.83
7314-OXENN,1028.58
3758-CKOQL,1554.52
0322-CHQRU,560.86
5676-CFLYY,1046.77
7521-AFHAB,501.51
0285-INHLN,696.54
4678-DVQEO,658.17
5125-CNDSP,574.81
0691-IFBQW,1609.33
4992-LTJNE,814.85
2202-OUTMO,792.68
0810-BDHAW,1024.14
0229-LFJAF,921.47
7131-ZQZNK,882.08
3442-ZHHCC,1049.11
5726-CVNYA,247.25
9871-ELEYA,887.14
4257-GAESD,510.61
5173-WXOQV,826.86
2040-OBMLJ,1131.77
6286-ZHAOK,301.2
3807-XHCJH,223.76
3009-JWMPU,1358.09
5671-RQRLP,1162.93
1450-GALXR,1243.12
8859-AXJZP,299.89
3174-AKMAS,861.3
3138-BKYAV,1060.46
9926-PJHDQ,1048.59
7382-DFJTU,696.82
2798-NYLMZ,1618.61
4289-DTDKW,1395.28
1820-TQVEV,843.83
2239-JALAW,1433.65
4853-RULSV,1553.87
8098-TDCBU,339.54
3551-GAEGL,402.43
4785-NKHCX,235.56
3196-NVXLZ,1014.98
6275-YDUVO,1109.43
0036-IHMOT,1548.5
0115-TFERT,1476.02
4178-EGMON,1415.99
4220-TINQT,1410.59
5318-YKDPV,1186.86
7975-TZMLR,1564.25
0295-QVKPB,768.24
4335-BSMJS,325.82
2311-QYMUQ,1243.52
3643-AHCFP,1310.09
9146-JRIOX,283.66
3104-OWCGK,1247.99
5337-IIWKZ,552.05
9101-BWFSS,1476.52
9650-VBUOG,299.7
3487-EARAT,969.29
2672-TGEFF,1106.67
9231-ZJYAM,999.72
4250-WAROZ,1284.54
8184-WMOFI,1059.58
6982-SSHFK,506.0
6092-QZVPP,1058.21
4625-LAMOB,253.08
0727-BMPLR,1398.16
0392-BZIUW,1625.68
1038-ZAGBI,219.23
6549-NNDYT,392.52
3027-ZTDHO,1151.3
0422-OHQHQ,252.04
6916-HIJSE,1241.93
2316-ESMLS,487.72
9778-OGKQZ,1285.07
7408-OFWXJ,1261.25
6007-TCTST,1713.95
2252-NKNSI,1194.44
8713-IGZSO,268.78
7905-TVXTA,850.82
7695-PKLCZ,283.59
2382-BCKQJ,1363.67
8374-UULRV,1189.87
2207-NHRJK,623.72
3224-DFQNQ,1262.01
5275-PMFUT,964.53
4795-UXVCJ,239.41
9777-IQHWP,1292.87
0947-MUGVO,1028.36
9944-HKVVB,1316.3
4124-MMETB,1189.08
3671-SHRSP,1023.92
0979-MOZQI,559.55
2732-ISEZX,232.86
3313-QKNKB,1238.57
0323-XWWTN,357.04
1937-OTUKY,1486.92
1573-LGXBA,1312.71
1764-VUUMT,239.91
5073-WXOYN,617.04
4713-ZBURT,1418.97
3050-GBUSH,454.89
0207-MDKNV,1380.45
7876-AEHIG,837.68
7945-HLKEA,891.03
9342-VNIMQ,708.66
9851-KIELU,1638.67
3523-BRGUW,224.89
3908-BLSYF,1039.52
3199-NPKCN,1707.0
5170-PTRKA,509.86
4661-NJEUX,244.68
2123-AGEEN,1102.59
1258-YMZNM,1506.2
0048-LUMLS,1277.7
7549-MYGPK,1444.96
5898-IGSLP,1253.48
3804-RVTGV,1421.43
6259-WJQLC,1107.11
9227-LUNBG,312.33
7997-EASSD,1241.11
0730-KOAVE,1287.0
8975-SKGRX,1758.83
0678-RLHVP,1561.23
4315-MURBD,1385.69
2267-FPIMA,1232.83
1051-GEJLJ,221.87
9734-YWGEX,1223.93
2719-BDAQO,1242.4
5285-MVEHD,1606.22
0379-DJQHR,1161.71
0781-LKXBR,1279.39
5543-QDCRY,630.53
0297-RBCSG,888.64
4694-PHWFW,230.07
0835-JKADZ,1846.45
1907-UBQFC,911.01
7508-SMHXL,1166.08
3865-YIOTT,1535.78
5993-BQHEA,253.75
6024-RUGGH,323.94
6513-EECDB,947.18
3956-CJUST,1027.02
4079-WWQQQ,954.59
6103-BOCOU,1022.53
5149-TGWDZ,1465.25
7471-WNSUF,313.73
8942-DBMHZ,216.74
4301-VVZKA,983.68
9199-PWQVC,1038.46
4824-GUCBY,1144.54
5393-HJZSM,897.64
7074-IEVOJ,980.26
9625-QSTYE,1071.54
0862-PRCBS,1675.53
8812-ZRHFP,1172.54
5146-CBVOE,946.28
0454-OKRCT,1282.25
5787-KXGIY,231.23
4750-ZRXIU,956.36
4198-VFOEA,449.97
6630-UJZMY,1030.8
5709-LVOEQ,1032.57
6400-BWQKW,1060.35
2692-AQCPF,1563.57
0347-UBKUZ,220.46
0835-DUUIQ,235.84
0811-GSDTP,385.13
7567-ECMCM,1068.5
6115-ZTBFQ,940.36
6353-BRMMA,1548.27
6680-WKXRZ,894.38
6231-WFGFH,211.56
9904-EHEVJ,1142.94
7028-DVOIQ,1280.76
6169-PPETC,260.2
4208-UFFGW,532.68
8584-KMVXD,977.08
8467-WYNSR,657.76
0851-DFJKB,804.89
5382-SOYZL,1227.43
9448-REEVD,566.14
3261-CQXOL,334.35
8388-FYNPZ,710.2
4002-BQWPQ,1070.7
5651-YLPRD,1140.83
2826-DXLQO,376.32
4378-BZYFP,261.69
9489-UTFKA,752.44
4849-PYRLQ,1094.33
9117-SHLZX,545.72
9889-TMAHG,1420.79
4541-RMRLG,207.79
7764-BDPEE,253.91
3429-IFLEM,1113.78
3158-MOERK,1132.05
7294-TMAOP,1157.42
5002-GCQFH,1234.33
0556-FJEGU,1033.26
8919-FYFQZ,359.36
0604-THJFP,1050.37
2834-JRTUA,1494.72
5875-YPQFJ,867.71
5879-SESNB,839.91
6646-QVXLR,1339.02
6461-PPAXN,762.68
3318-ISQFQ,231.03
1106-HRLKZ,251.01
2483-XSSMZ,596.94
8603-IJWDN,1097.27
8165-ZJRNM,306.7
9369-XFEHK,984.08
2604-XVDAM,564.88
3717-OFRTN,230.33
9046-JBFWA,215.9
3280-NMUVX,234.93
1206-EHBDD,1215.21
8361-LBRDI,282.4
4883-KCPZJ,312.72
9108-EQPNQ,309.81
7277-KAMWT,238.24
3842-IYKUE,1111.75
6641-XRPSU,988.74
1374-DMZUI,1236.06
2545-LXYVJ,259.73
3234-VKACU,884.75
8357-EQXFO,1295.75
1989-PRJHP,1023.72
8120-JDCAM,885.97
8917-FAEMR,240.87
7047-YXDMZ,235.96
2858-EIMXH,1369.89
9524-EGPJC,1244.36
6993-OHLXR,903.53
8818-XYFCQ,1385.03
6419-ZTTLE,241.73
0929-HYQEW,654.01
6614-YOLAC,854.57
7426-RHZGU,1371.28
4065-JJAVA,573.3
4695-VADHF,764.22
3863-IUBJR,682.41
7649-SIJJF,1118.06
9361-YNQWJ,293.55
3748-FVMZZ,482.17
9391-TTOYH,227.01
1452-XRSJV,654.01
3422-WJOYD,705.88
8242-SOQUO,1074.45
7460-ITWWP,1235.38
7147-AYBAA,990.49
7868-TMWMZ,1717.12
4822-RVYBB,1280.13
6732-FZUGP,1325.13
8436-BJUMM,1118.7
4184-TJFAN,1107.12
8329-GWVPJ,919.1
1352-VHKAJ,819.33
4145-UQXUQ,1193.09
2632-TACXW,315.35
8146-QQKZH,1152.42
1767-CJKBA,349.71
6445-TNRXS,1644.87
4581-LNWUM,557.55
4869-EPIUS,1146.64
9948-YPTDG,1105.25
1236-WFCDV,1270.93
1915-OAKWD,225.72
7296-PIXQY,958.86
4883-QICIH,902.22
3354-OADJP,704.75
3524-WQDSG,1343.79
0810-DHDBD,1052.4
4026-SKKHW,566.35
2829-HYVZP,254.5
8329-IBCTI,234.68
1271-SJBGZ,517.36
3845-JHAMY,443.12
7013-PSXHK,1084.7
5669-SRAIP,479.99
5981-ITEMU,1223.79
3486-NPGST,226.16
6941-PMGEP,1014.77
1624-WOIWJ,1161.61
2074-GKOWZ,1168.27
0376-YMCJC,1175.47
6100-FJZDG,249.26
4829-ZLJTK,1443.68
1730-VFMWO,662.74
7143-BQIBA,709.29
3800-LYTRK,731.28
0634-SZPQA,1123.75
9646-NMHXE,230.46
7030-NJVDP,1273.26
5536-RTPWK,1291.28
8883-GRDWQ,734.56
6166-ILMNY,883.8
3097-NNSPB,602.4
7771-ZONAT,782.36
0655-RBDUG,1165.43
2111-DWYHN,247.47
4194-WHFCB,1283.48
4121-AGSIN,278.55
4361-BKAXE,1510.82
9845-PEEKO,1250.21
0455-XFASS,920.89
0301-KOBTQ,247.04
1751-NCDLI,1258.72
4367-NUYAO,311.36
9878-TNQGW,1134.89
9170-ARBTB,246.27
4441-NIHPT,983.63
8999-BOHSE,1197.95
7241-AJHFS,1195.95
7029-RPUAV,1284.97
4546-FOKWR,959.25
9036-CSKBW,1530.67
5832-TRLPB,985.93
8590-YFFQO,971.2
8659-IOOPU,1538.55
1338-CECEE,912.61
7439-DKZTW,1018.92
4646-QZXTF,1017.97
4607-CHPCA,1107.26
9742-XOKTS,1365.69
6921-OZMFH,693.3
9578-FOMUK,296.83
4712-UYOOI,194.98
8824-RWFXJ,743.86
7722-CVFXN,1493.5
8717-VCTXJ,246.98
7363-QTBIW,960.22
4159-NAAIX,1474.77
0971-QIFJK,296.72
9397-TZSHA,307.83
3391-JSQEW,672.58
0343-QLUZP,554.81
9763-PDTKK,1260.95
2176-LVPNX,1352.77
7627-JKIAZ,1048.55
3312-UUMZW,1290.73
1271-UODNO,753.03
8461-EFQYM,325.15
6900-RBKER,1309.67
6891-JPYFF,1405.31
1459-QNFQT,903.58
1047-NNCBF,964.87
3696-XRIEN,1203.66
4081-DYXAV,594.82
0074-HDKDG,761.37
8791-GFXLZ,636.42
8111-SLLHI,1290.74
0927-LCSMG,962.46
9330-DHBFL,852.43
0098-BOWSO,220.45
3452-ABWRL,1133.54
5859-HZYLF,244.0
8257-RZAHR,824.81
5293-WXJAK,1456.71
3156-QLHBO,219.94
2208-NQBCT,1070.09
1779-PWPMG,1835.93
6621-NRZAK,273.69
0831-JNISG,240.04
0774-IFUVM,820.93
3082-WQRVY,243.46
9553-DLCLU,1227.47
1641-BYBTK,241.2
2460-NGXBJ,947.93
2446-ZKVAF,699.6
0841-NULXI,422.74
3522-CDKHF,998.83
1430-SFQSA,449.92
0411-EZJZE,670.67
7851-WZEKY,1304.83
8844-TONUD,1199.54
8807-ARQET,469.4
8992-CEUEN,187.92
4320-QMLLA,636.92
8777-PVYGU,810.76
8292-ITGYJ,334.49
6870-ZWMNX,1130.81
0621-CXBKL,233.22
5268-DSMNQ,1527.51
5334-JLAXU,1344.14
4086-YQSNZ,1004.56
6242-MBHPK,1100.04
5868-CZJDR,419.12
9359-UGBTK,927.2
0135-NMXAP,1046.12
4782-OSFXZ,1254.22
6479-OAUSD,267.26
7129-ACFOG,703.81
4189-NAKJS,681.2
5562-BETPV,237.36
1282-IHQAC,608.0
9127-FHJBZ,1807.65
6270-OMFIW,1341.74
1641-RQDAY,1307.96
0107-WESLM,221.07
6994-ORCWG,670.94
1346-UFHAX,1042.69
3992-YWPKO,1303.22
2933-XEUJM,1082.33
0125-LZQXK,1273.54
5461-QKNTN,1177.79
4835-YSJMR,690.07
8399-YNDCH,786.17
3164-YAXFY,722.93
0887-WBJVH,1231.1
4660-IRIBM,1104.47
5673-FSSMF,755.45
7670-ZBPOQ,799.5
8089-UZWLX,1510.68
0080-OROZO,1415.49
3916-NRPAP,1035.76
6807-SIWJI,1463.0
8221-HVAYI,904.04
1579-KLYDT,1114.25
5232-NXPAY,1038.79
8967-SZQAS,568.32
4468-KAZHE,750.57
0455-ENTCR,1228.79
8944-AILEF,227.86
5542-NKVRU,263.12
7126-RBHSD,1114.13
5370-IIVVL,1459.56
6789-HJBWG,579.84
3927-NLNRY,1329.11
9087-EYCPR,331.68
6791-YBNAK,313.5
6358-LYNGM,953.22
6077-BDPXA,859.69
0013-MHZWF,820.97
5494-HECPR,947.76
8268-YDIXR,1448.22
9824-BEMCV,838.62
1373-ORVIZ,783.67
4291-SHSBH,851.61
6980-IMXXE,272.58
9866-QEVEE,1098.12
9897-KXHCM,1083.5
0040-HALCW,254.62
0784-GTUUK,296.9
7979-CORPM,1124.51
2294-DMMUS,983.44
0872-JCPIB,772.13
3055-MJDSB,299.65
9091-WTUUY,1030.81
1618-CFHME,983.94
3165-HDOEW,544.88
6581-NQCBA,619.57
7115-IRDHS,319.08
8496-DMZUK,1245.54
2040-VZIKE,1439.33
9068-VPWQQ,1207.32
0178-SZBHO,1098.61
0384-RVBPI,748.95
1689-MRZQR,1010.29
1299-AURJA,360.18
4525-VZCZG,1481.53
1543-LLLFT,1520.53
5835-BEQEU,1059.31
2788-CJQAQ,226.37
5565-FILXA,1281.55
0319-QZTCO,761.45
2120-SMPEX,225.36
0096-FCPUF,797.07
0668-OGMHD,345.47
5552-ZNFSJ,515.81
2223-KAGMX,213.98
6507-ZJSUR,1100.49
9408-HRXRK,1392.37
5593-SUAOO,1087.94
7321-PKUYW,1181.53
2833-SLKDQ,498.34
6766-HFKLA,1571.23
7595-EUIVN,1002.84
7617-EYGLW,195.63
2026-TGDHM,1026.01
9220-ZNKJI,1411.63
4030-VPZBD,355.2
2226-ICFDO,1343.03
0723-VSOBE,448.75
5529-GIBVH,243.77
4187-CINZD,1292.55
9992-UJOEL,620.2
4741-WWJQZ,1063.12
6625-UTXEW,631.31
6818-WOBHJ,1140.99
6244-BESBM,1437.92
1004-NOZNR,1259.51
1251-STYSZ,1033.84
2612-PHGOX,1027.8
2408-TZMJL,1516.85
8480-PPONV,1874.35
8780-IHCRN,335.76
4598-ZADCK,760.68
1257-SXUXQ,205.43
9681-KYGYB,1181.91
7182-OVLBJ,1606.85
5095-ETBRJ,825.33
7005-CYUIL,1694.62
4821-WQOYN,264.72
4730-AWNAU,819.43
3452-FLHYD,246.9
2388-LAESQ,1766.27
9531-NSBMR,228.67
6260-ONULR,779.97
4389-UEFCZ,1655.7
8711-LOBKY,246.31
9134-CEQMF,1061.06
8985-OOPOS,864.55
8800-ZKRFW,1457.16
2616-FLVQC,238.58
9968-FFVVH,845.54
3108-PCCGG,1217.78
7993-PYKOF,1092.72
8390-FESFV,1194.91
3022-BEXHZ,1735.31
5027-XWQHA,538.98
6248-TKCQV,1157.16
6729-GDNGC,1093.93
6198-ZFIOJ,946.24
5989-OMNJE,765.18
4566-QVRRW,536.89
1291-CUOCY,1601.16
9795-SHUHB,881.37
3230-IUALN,1124.72
0042-RLHYP,244.83
8519-IMDHU,1139.14
4945-RVMTE,696.15
0201-OAMXR,1687.38
1866-NXPSP,1009.74
3372-KWFBM,1183.27
7831-QGOXH,1130.4
6393-WRYZE,1263.96
3941-XTSKM,603.33
1661-CZBAU,1014.63
6599-RCLCJ,1488.55
9831-BPFRI,1243.61
5158-RIVOP,240.0
9788-YTFGE,211.01
9277-JOOMO,270.64
1907-YLNYW,791.21
1725-MIMXW,215.26
8947-YRTDV,1319.57
3161-ONRWK,930.93
0114-RSRRW,222.1
4565-NLZBV,326.13
0031-PVLZI,228.08
7206-GZCDC,792.66
6682-VCIXC,653.09
4791-QRGMF,1384.57
6475-VHUIZ,636.33
3910-MRQOY,258.09
0661-WCQNQ,809.7
7537-RBWEA,320.06
4656-CAURT,306.04
0121-SNYRK,523.88
1768-ZAIFU,304.53
4671-LXRDQ,530.69
3733-LSYCE,946.59
6265-FRMTQ,251.95
1934-SJVJK,220.75
3838-OZURD,1413.57
1371-DWPAZ,775.62
9269-CQOOL,656.24
2017-CCBLH,251.15
7690-KPNCU,1045.06
0536-BGFMZ,244.8
2293-IJWPS,1307.29
2845-HSJCY,986.37
5469-NUJUR,261.86
1184-PJVDB,946.03
2625-TRCZQ,618.91
4102-HLENU,874.31
7266-GSSJX,207.88
7722-VJRQD,903.21
7073-QETQY,260.42
9415-DPEWS,1134.25
5624-RYAMH,189.63
0196-JTUQI,929.01
7130-YXBRO,1502.14
9272-LSVYH,825.08
7943-RQCHR,1214.43
3793-MMFUH,1230.91
3249-ZPQRG,1025.24
2568-BRGYX,896.93
3084-DOWLE,1262.81
1084-MNSMJ,1307.41
7721-JXEAW,513.42
7249-WBIYX,1085.7
4238-HFHSN,1045.43
6250-CGGUN,1203.48
5478-JJVZK,726.69
7596-IIWYC,251.74
6567-HOOPW,1091.99
9793-WECQC,1150.37
4291-HPAXL,203.87
8999-YPYBV,1268.48
1839-FBNFR,246.31
3164-AALRN,852.15
3071-MVJCD,1249.18
1697-BCSHV,816.66
0562-KBDVM,702.25
1131-SUEKT,1455.21
3717-OEAUQ,876.04
4538-WNTMJ,330.87
3334-CTHOL,581.01
4704-ERYFC,930.78
9432-RUVSL,1543.02
8060-HIWJJ,1303.96
7684-XSZIY,338.37
9089-UOWJG,701.04
8621-MNIHH,1175.47
8039-ACLPL,994.85
9885-AIBVB,1074.29
1934-MKPXS,264.82
2592-YKDIF,228.9
2272-JKMSI,1555.12
0471-LVHGK,946.86
9518-RWHZL,1307.87
8714-CTZJW,1001.14
3569-EDBPQ,1205.6
3131-NWVFJ,226.33
7521-YXVZY,211.21
5419-CONWX,1301.55
6240-EURKS,453.8
2373-NTKOD,823.25
1970-KKFWL,306.73
6960-HVYXR,928.74
9337-SRRNI,303.55
0895-UADGO,657.48
5678-VFNEQ,1464.26
5977-CKHON,1184.4
7024-OHCCK,1271.13
2692-BUCFV,1351.36
7861-UVUFT,1117.43
1830-GGFNM,1600.79
5302-BDJNT,1221.81
5223-UZAVK,1500.47
4859-ZSRDZ,787.3
5651-WYIPH,618.36
9350-VLHMB,1286.74
3498-LZGQZ,253.63
8785-CJSHH,1368.07
5357-TZHPP,1129.43
3870-SPZSI,1695.54
0680-DFNNY,1255.28
7560-QRBXH,226.33
7077-XJMET,818.04
8752-GHJFU,1479.52
6896-SRVYQ,904.3
7767-UXAGJ,598.46
4652-ODEVH,302.36
6510-UPNKS,301.42
6718-BDGHG,884.8
9046-DQMTP,246.73
6439-LAJXL,835.4
1571-SAVHK,1284.01
9052-VKDUW,1510.61
9546-CQJSU,1146.42
1666-JZPZT,647.96
5777-KJIRB,661.67
0506-LVNGN,994.8
7677-SJJJK,241.18
2480-EJWYP,1451.22
3253-HKOKL,1446.92
7055-HNEOJ,638.45
5514-YQENT,1681.52
3211-AAPKX,1260.32
8445-DNBAE,584.49
2951-QOQTK,1077.44
2958-NHPPS,252.41
6806-YDEUL,218.09
1735-XMJVH,219.52
6890-PFRQX,941.54
0222-CNVPT,635.09
5899-OUVKV,1384.04
8681-ICONS,242.07
1621-YNCJH,1434.45
3473-XIIIT,1344.82
6362-QHAFM,1531.87
7893-IXHRQ,244.39
3070-BDOQC,1512.48
2952-QAYZF,1075.88
6234-PFPXL,1213.92
9824-QCJPK,236.9
4763-PGDPO,856.11
4283-IVYCI,787.04
1866-OBPNR,975.36
8205-MQUGY,652.23
8970-ANWXO,985.87
9480-BQJEI,1240.67
5394-SVGJV,1335.09
6979-TNDEU,227.34
9777-WJJPR,1113.87
9283-LZQOH,957.76
7079-QRCBC,1280.74
9495-SKLKD,1194.71
6048-UWKAL,1629.78
5067-DGXLL,224.86
5469-CTCWN,1547.22
9851-QXEEQ,1296.7
6281-FKEWS,616.6
8898-KASCD,482.86
9242-TKFSV,921.77
9290-SHCMB,1363.56
0743-HNPFG,941.43
2277-BKJKN,1472.99
9809-IMGCQ,1311.67
5208-HFSBT,625.78
5035-PGZXH,1365.14
8695-WDYEA,579.22
6543-JXSOO,820.94
8016-ZMGMO,912.0
8605-ITULD,246.35
3254-YRILK,1110.82
6416-YJTTB,1039.41
2667-WYLWJ,249.54
4472-VESGY,1470.43
3195-TQDZX,249.55
3128-YOVTD,1142.8
0529-ONKER,1030.62
1728-CXQBE,1295.4
7041-TXQJH,511.2
5014-GSOUQ,243.28
5724-BIDBU,716.78
0481-SUMCB,1389.82
1769-GRUIK,913.62
5240-IJOQT,927.25
8819-WFGGJ,791.91
7427-AUFPY,265.93
2811-POVEX,1151.38
1092-GANHU,1066.77
7898-PDWQE,1093.81
9972-EWRJS,246.23
9314-IJWSQ,1059.62
0661-XEYAN,280.59
5799-JRCZO,250.82
1921-KYSAY,893.81
6198-RTPMF,1290.91
2924-KHUVI,1482.86
1925-GMVBW,217.83
7881-EVUAD,569.53
6184-DYUOB,232.34
9207-ZPANB,928.14
5766-XQXMQ,849.84
9327-QSDED,497.33
1656-DRSMG,1467.86
3012-VFFMN,243.26
2984-AFWNC,1325.83
0640-YJTPY,292.17
8096-LOIST,671.07
9764-REAFF,224.35
3703-VAVCL,1174.15
7107-UBYKY,267.59
4881-GQJTW,227.05
8519-QJGJD,969.33
7876-DNYAP,249.78
7905-NJMXS,737.32
2882-WDTBA,1121.0
2091-GPPIQ,1087.02
6326-MTTXK,1205.95
5071-FBJFS,527.04
2796-UUZZO,1070.43
2429-AYKKO,279.11
9798-OPFEM,286.57
0330-IVZHA,868.12
3794-NFNCH,593.57
5193-QLVZB,1574.17
7114-AEOZE,243.59
2886-KEFUM,1529.48
5522-NYKPB,1179.02
4237-RLAQD,583.72
9957-YODKZ,1021.09
6518-KZXCB,313.41
2245-ADZFJ,1057.65
7776-QGYJC,1032.82
9313-QOLTZ,235.56
9651-GTSAQ,1544.73
3186-BAXNB,1242.22
4672-FOTSD,805.56
0637-YLETY,1331.45
9818-XQCUV,224.27
7338-ERIVA,601.73
1157-BQCUW,916.36
8259-NFJTV,380.01
3223-DWFIO,919.73
2660-EMUBI,1255.64
6968-GMKPR,1073.28
4751-ERMAN,1049.14
1436-ZMJAN,834.25
3292-PBZEJ,1330.42
0799-DDIHE,551.72
3070-FNFZQ,265.98
2812-SFXMJ,209.95
7675-OZCZG,547.71
5014-WUQMG,1243.41
5312-TSZVC,240.7
2003-CKLOR,1325.84
0993-OSGPT,752.78
9254-RBFON,1448.29
1205-WNWPJ,701.25
9391-EOYLI,980.38
7108-DGVUU,930.73
2782-JEEBU,475.27
5127-BZENZ,835.64
2720-FVBQP,588.98
9906-NHHVC,757.84
4522-XRWWI,1112.99
3766-EJLFL,1680.64
5939-SXWHM,323.75
8152-UOBNY,1463.69
7351-KYHQH,782.44
7643-RCHXS,236.53
8246-SHFGA,205.4
8387-MOJJT,1032.28
0620-XEFWH,220.11
6485-QXWWE,296.15
2761-OCIAX,900.85
7321-VGNKU,921.16
5327-CNLUQ,1553.99
7552-KEYGT,245.41
5816-JMLGY,1095.88
3068-OMWZA,1117.52
2927-QRRQV,1376.54
6032-KRXXO,1131.86
7459-RRWQZ,774.89
6265-SXWBU,1309.66
7941-RCJOW,240.48
6374-NTQLP,1600.08
4154-AQUGT,1272.8
2387-KDZQY,244.48
3584-WKTTW,1606.15
3399-BMLVW,860.17
1971-DTCZB,1209.68
3092-IGHWF,1279.11
3374-PZLXD,223.71
3813-DHBBB,728.48
2812-REYAT,286.67
6518-PPLMZ,254.32
4939-KYYPY,714.32
8017-LXHFA,1201.78
5930-GBIWP,1243.42
6022-KOUQO,357.44
6352-TWCAU,1039.82
2361-UPSND,987.4
6035-RIIOM,1379.57
2929-QNSRW,1506.08
1262-OPMFY,1014.04
9504-DSHWM,737.02
5035-BVCXS,1025.74
6267-DCFFZ,1171.01
3533-UVMOM,1046.4
2439-LYPMQ,1361.92
4248-QPAVC,1080.51
1899-VXWXM,1397.35
1478-VPOAD,552.45
9995-HOTOH,820.6
2988-PLAHS,863.24
1371-OJCEK,277.55
4999-IEZLT,406.07
8883-ANODQ,1367.11
4690-LLKUA,521.98
2351-RRBUE,242.53
5980-BDHPY,1345.43
1498-DQNRX,225.39
9469-WEJBT,1221.37
3331-HQDTW,1374.37
9490-DFPMD,1120.56
2581-VKIRT,893.65
5442-XSDCW,1059.48
7426-WEIJX,1167.63
2851-MMUTZ,791.79
3049-NDXFL,1121.31
8580-AECUZ,1021.0
3307-TLCUD,433.65
6625-FLENO,263.28
2967-MXRAV,224.27
7963-GQRMY,523.54
8189-HBVRW,1246.73
4163-KIUHY,311.07
1228-FZFRV,1369.99
3500-NSDOA,1058.56
1171-TYKUR,308.63
3761-FLYZI,1443.78
2058-DCJBE,791.9
5364-XYIRR,1225.07
4829-AUOAX,1325.53
1219-NNDDO,974.94
8388-DMKAE,236.42
4403-BWPAY,289.36
9659-QEQSY,1624.92
5405-ZMYXQ,973.38
5047-LHVLY,594.37
1442-OKRJE,1447.64
4737-AQCPU,1019.9
9158-VCTQB,1461.09
2808-CHTDM,340.18
6311-UEUME,1006.06
0793-TWELN,1101.52
3283-WCWXT,335.89
1060-ENTOF,1613.72
0999-QXNSA,536.94
5451-MHQOF,307.53
4836-WNFNO,322.51
9225-BZLNZ,1151.4
0354-VXMJC,249.77
4422-QVIJA,577.65
9365-SRSZE,968.62
6839-ITVZJ,732.3
8332-OSJDW,312.8
4735-BJKOU,256.26
0274-JKUJR,710.71
5740-YHGTW,1367.18
8917-SZTTJ,247.78
1696-MZVAU,338.65
7359-WWYJV,1630.77
0375-HVGXO,418.86
4906-ZHGPK,1047.16
8593-WHYHV,1029.19
3795-GWTRD,1053.11
1298-PHBTI,1302.71
6223-DHJGV,249.4
6961-MJKBO,260.94
6097-EQISJ,1471.09
4423-YLHDV,1423.88
8158-WPEZG,460.38
0107-YHINA,1292.86
4918-FYJNT,1216.69
0727-BNRLG,1511.72
4854-CIDCF,1027.05
8640-SDGKB,904.25
3280-MRDOF,902.73
6435-SRWBJ,1131.35
9964-WBQDJ,313.26
6303-KFWSL,632.94
1702-CCFNJ,822.35
8932-CZHRQ,1008.56
0386-CWRGM,242.17
5515-RUGKN,667.64
0404-AHASP,256.87
7279-NMVJC,246.65
2081-VEYEH,1368.02
6407-UTSLV,1091.63
4116-TZAQJ,949.41
9060-HJJRW,774.18
2587-YNLES,254.61
7398-SKNQZ,1148.93
5935-FCCNB,1287.12
1958-RNRKS,594.41
5136-RGMZO,922.88
8345-MVDYC,1164.75
8226-BXGES,1396.36
3877-JRJIP,709.89
8375-DKEBR,868.54
9705-IOVQQ,1386.26
1015-OWJKI,209.6
7511-YMXVQ,566.36
2040-XBAVJ,1607.14
7551-JOHTI,206.38
8887-IPQNC,502.45
8646-JCOMS,1356.07
9804-ICWBG,963.72
1222-KJNZD,231.35
0106-GHRQR,866.56
5318-IXUZF,1110.75
3768-VHXQO,339.61
8952-WCVCD,1382.56
2418-TPEUN,258.79
3963-RYFNS,1865.74
3198-VELRD,1103.36
8540-ZQGEA,261.42
1320-REHCS,1583.42
4137-JOPHL,1161.88
9436-ZBZCT,1229.37
7801-CEDNV,617.53
2057-BOYKM,1340.67
3658-QQJYD,1028.86
1803-BGNBD,710.0
0134-XWXCE,974.47
6950-TWMYB,1254.49
5848-FHRFC,279.85
2243-FNMMI,235.7
2511-MORQY,786.33
5356-KZCKT,327.52
9470-XCCEM,1166.25
6519-CFDBX,500.96
3902-MIVLE,1078.78
0409-WTMPL,1515.22
8763-KIAFH,272.68
3669-WHAFY,1743.66
3055-VTCGS,779.83
3144-KMTWZ,1279.1
7279-BUYWN,1499.68
7156-MHUGY,1272.28
7198-GLXTC,972.13
2007-QVGAW,252.36
5207-PLSTK,574.32
2307-FYNNL,1555.99
5605-XNWEN,313.03
2155-AMQRX,684.15
6181-AXXYF,312.81
5091-HFAZW,1139.95
0516-VRYBW,224.24
2519-LBNQL,1456.52
8623-ULFNQ,762.58
8380-PEFPE,944.6
5687-DKDTV,228.29
1568-LJSZU,1233.33
7530-HDYDS,1096.5
7789-HKSBS,1405.28
7416-CKTEP,257.2
2586-CWXVV,408.95
3096-IZETN,898.93
2348-KCJLT,810.84
8401-EMUWF,859.51
4193-IBKSW,330.41
5377-NDTOU,1327.69
5922-ABDVO,1118.18
2474-LCNUE,904.84
0839-QNXME,233.59
3506-OVLKD,330.49
9172-ANCRX,1280.0
6650-VJONK,575.99
2178-PMGCJ,900.57
7492-TAFJD,500.45
2773-MADBQ,687.53
6016-LVTJQ,214.19
7860-KSUGX,839.45
8966-KZXXA,318.96
6910-HADCM,994.37
4816-LXZYW,944.69
9606-PBKBQ,1150.9
5149-QYTTU,1354.01
2070-XYMFH,1035.92
2085-BOJKI,1421.23
0817-HSUSE,965.17
5442-PPTJY,238.85
1927-QEWMY,252.98
1663-MHLHE,191.42
5663-QBGIS,1392.21
4450-MDZFX,982.01
6701-DHKWQ,690.51
7554-AKDQF,543.99
3536-IQCTX,1109.74
4911-BANWH,1109.08
8496-EJAUI,925.99
0794-YVSGE,264.41
5423-BHIXO,678.07
6908-VVYHM,1144.1
2959-EEXWB,680.31
1839-UMACK,298.37
3030-YDNRM,951.55
7321-KKSDU,266.17
3402-XRIUO,818.71
3132-TVFDZ,592.38
8286-AFUYI,595.1
8080-DDEMJ,524.42
8356-WUAOJ,549.54
6365-MTGZX,1196.47
1349-WXNGG,225.21
8058-DMYRU,1200.06
9350-ZXYJC,307.68
6990-YNRIO,1649.17
8958-JPTRR,271.41
6959-GQEGV,922.2
3173-WSSUE,255.63
1265-HVPZB,903.72
4115-UMJFQ,448.93
7369-TRPFD,239.28
1098-KFQEC,239.72
7190-XHTWJ,242.22
0621-TWIEM,558.05
3537-RYBHH,814.89
2485-ITVKB,458.4
3669-OYSJI,521.1
1612-EOHDH,566.47
6702-OHFWR,545.38
5296-BFCYD,243.6
4510-PYUSH,763.18
9359-JANWS,839.2
7517-SAWMO,981.61
4143-HHPMK,1154.15
3279-DYZQM,249.53
7054-LGEQW,573.52
0523-VNGTF,675.16
9575-IWCAZ,268.7
7105-MXJLL,830.99
7064-FRRSW,1235.21
7940-UQQUG,1601.01
0923-PNFUB,1123.62
3961-SXAXY,499.57
7010-BRBUU,304.89
3566-HJGPK,516.17
3062-ICYZQ,1263.44
9938-PRCVK,243.23
0973-KYVNF,1038.32
5129-HHMZC,1290.33
9637-CDTKZ,1864.73
3946-JEWRQ,1259.07
7873-CVMAW,1264.25
0463-WZZKO,212.31
3494-JCHRQ,853.84
6474-FVJLC,1144.96
4524-QCSSM,602.48
5832-EXGTT,705.2
8840-DQLGN,1314.96
2039-JONDJ,725.94
7217-JYHOQ,907.78
6695-FRVEC,836.19
4547-LYTDD,961.51
9894-QMIMJ,700.15
8069-YQQAJ,380.39
6770-XUAGN,241.02
4193-ORFCL,541.16
1636-NTNCO,597.82
3466-WAESX,857.97
9281-PKKZE,535.57
3638-VBZTA,1224.95
7459-IMVYU,879.25
7776-QWNFX,666.21
6689-TCZHQ,1030.85
8563-OYMQY,1161.3
0754-EEBDC,253.08
5777-ZPQNC,232.43
1951-IEYXM,1383.87
3318-NMQXL,1190.07
3143-ILDAL,1279.11
1022-RKXDR,304.11
2361-FJWNO,434.86
2272-UOINI,924.47
8232-UTFOZ,242.3
3750-YHRYO,243.97
6637-KYRCV,397.55
5668-MEISB,1801.71
0129-QMPDR,253.21
7188-CBBBA,1372.07
5356-CSVSQ,719.21
3221-CJMSG,620.66
4720-VSTSI,1055.72
3219-JQRSL,1245.64
2801-NISEI,693.88
3946-MHCZW,596.14
4623-ZKHLY,210.06
6732-VAILE,1261.25
8201-AAXCB,699.06
7696-CFTAT,251.26
1845-CSBRZ,1220.85
2123-VSCOT,972.99
6651-AZVTJ,1163.67
4566-GOLUK,1398.79
2484-DGXPZ,235.14
2018-QKYGT,1130.2
2792-VPPET,214.95
7409-JURKQ,1638.05
3247-MHJKM,220.42
1964-SVLEA,234.56
4587-NUKOX,1160.21
7297-DVYGA,226.34
2239-CGBUZ,843.8
0854-UYHZD,250.89
7243-LCGGZ,246.17
8267-KFGYD,236.32
4890-VMUAV,999.89
9261-WDCAF,642.7
3764-MNMOI,244.01
7442-YGZFK,587.11
0420-BWTPW,315.38
8229-BUJHX,259.89
7449-HVPIV,1229.48
5504-WSIUR,1288.38
8183-ONMXC,1083.33
8466-PZBLH,1593.86
9614-RMGHA,1117.39
8735-IJJEG,653.22
0564-MUUQK,1205.26
5054-IEXZT,925.72
5834-ASPWA,929.73
0701-RFGFI,1360.99
0019-EFAEP,1355.19
5619-PTMIK,766.95
3737-XBQDD,1157.72
5882-CMAZQ,423.73
5846-QFDFI,1168.01
4445-KWOKW,799.77
3511-APPBJ,1423.47
7967-HYCDE,926.92
2430-RRYUW,760.48
3948-XHGNA,621.39
3723-BFBGR,664.13
0565-IYCGT,1074.32
5447-WZAFP,1392.13
5110-CHOPY,801.17
5445-UTODQ,1060.6
4425-OWHWB,197.57
7892-QVYKW,1145.76
9675-ICXCT,1177.15
1024-VRZHF,951.03
4703-MQYKT,241.01
9497-QCMMS,1254.94
5692-ICXLW,1231.16
0602-DDUML,948.51
2208-MPXIO,255.9
1960-UYCNN,1150.98
0348-SDKOL,1294.28
3190-FZATL,220.3
7336-RLLRH,1127.68
4373-MAVJG,1234.21
8901-HJXTF,359.25
7710-JSYOA,1448.05
5419-KLXBN,1185.2
3424-NMNBO,1506.27
9885-MFVSU,663.29
4514-GFCFI,1142.32
0607-MVMGC,1050.27
3365-SAIGS,1147.18
9828-AOQLM,567.59
8022-BECSI,238.73
8000-REIQB,935.96
9993-LHIEB,977.65
0266-CLZKZ,1512.59
7615-ESMYF,530.62
3858-VOBET,935.17
7020-OZKXZ,926.54
3977-QCRSL,223.49
0017-DINOC,626.31
1447-PJGGA,1377.08
8565-CLBZW,1054.2
9139-WQQDY,1422.95
0224-HJAPT,565.61
8086-OVPWV,976.99
9430-FRQOC,1165.56
7639-OPLNG,1197.04
3074-GQWYX,886.51
1492-QGCLU,1081.22
6845-RGTYS,1255.19
7328-OWMOM,229.29
4418-LZMSV,803.56
5155-AZQPB,604.86
8861-HGGKB,1083.46
1087-GRUYI,230.18
7065-YUNRY,560.65
7694-VLBWQ,1368.68
2546-KZAAT,1021.13
0181-RITDD,1675.11
5989-PGKJB,1193.85
4795-KTRTH,961.44
8272-ONJLV,1083.56
1488-PBLJN,1801.52
0308-GIQJT,1647.97
3778-FOAQW,256.14
4452-ROHMO,248.36
6481-OGDOO,1263.43
3090-LETTY,775.82
5349-AZPEW,285.85
3753-TSEMP,1169.63
8305-VHZBZ,231.38
9720-JJJOR,832.38
8100-HZZLJ,908.57
8775-ERLNB,962.18
8309-IEYJD,873.86
9172-JITSM,1175.26
6298-QDFNH,937.41
7398-HPYZQ,1261.09
3546-GHEAE,234.13
7361-YPXFS,783.56
6557-BZXLQ,909.54
2550-QHZGP,219.34
7519-JTWQH,1747.76
2538-OIMXF,296.28
8543-MSDMF,946.56
9961-JBNMK,1233.96
1170-SASML,1148.83
4872-JCVCA,715.11
5346-BZCHP,239.71
2038-LLMLM,1327.64
6173-ITPWD,1063.81
9734-UYXQI,552.69
1216-BGTSP,1402.39
4138-NAXED,1055.51
2189-UXTKY,1052.67
0744-BIKKF,1266.61
7483-IQWIB,1216.29
5248-KWLAR,1359.05
4958-GZWIY,580.15
7996-MHXLW,331.18
7833-PKIHD,1046.78
7061-OVMIM,237.12
5153-RTHKF,1073.91
1852-QSWCD,281.26
4832-VRBMR,1436.07
9079-LWTFD,1455.11
6356-ELRKD,1295.84
8624-GIOUT,805.43
3392-EHMNK,1496.48
5986-WWXDV,232.65
3061-BCKYI,229.1
6179-GJPSO,1413.22
7901-TBKJX,1327.58
7228-PAQPD,798.6
3177-LASXD,960.75
7746-QYVCO,727.04
5804-HYIEZ,1411.45
9919-FZDED,1189.65
5934-TSSAU,1005.22
3486-KHMLI,261.25
4897-QSUYC,199.27
1084-UQCHV,861.5
8290-YWKHZ,1134.15
2955-BJZHG,1021.19
3806-DXQOM,408.67
6784-XYJAE,700.89
3933-DQPWX,602.35
6661-EIPZC,374.32
8957-THMOA,264.17
2251-PYLPB,1183.47
5555-RNPGT,261.29
1057-FOGLZ,235.65
9300-RENDD,1011.58
0761-AETCS,222.85
8087-LGYHQ,1130.49
4137-BTIKL,1084.32
2190-BCXEC,1084.96
6227-FBDXH,1420.86
2153-MREFK,1341.11
2911-WDXMV,998.53
7206-PQBBZ,941.77
3106-ULWFW,1017.75
0925-VYDLG,1034.23
4547-FZJWE,766.57
7422-WNBTY,1248.43
0842-IWYCP,541.15
3521-HTQTV,337.16
3744-ZBHON,219.53
3373-DIUUN,264.31
8383-SGHJU,795.88
7607-QKKTJ,1227.98
7707-PYBBH,817.46
8984-HPEMB,1766.09
4349-GFQHK,644.49
4139-DETXS,883.66
9779-DPNEJ,905.66
9805-FILKB,239.48
5793-YOLJN,303.96
0673-IGUQO,237.43
4123-FCVCB,973.5
8819-IMISP,1028.93
7802-EFKNY,299.62
8311-UEUAB,1097.18
5858-EAFCZ,501.71
8035-BUYVG,586.1
1163-ONYEY,964.03
9787-XVQIU,990.71
8945-MUQUF,1385.03
5656-MJEFC,675.14
6082-OQFBA,243.12
8051-HJRLT,922.56
8974-OVACP,221.13
4010-YLMVT,1409.81
1379-FRVEB,1185.37
8612-GXIDD,336.32
6288-CHQJB,946.72
8160-HOWOX,743.04
3023-GFLBR,1125.7
6648-INWPS,230.29
4223-BKEOR,857.49
4079-VTGLK,1020.07
1763-WQFUK,610.98
1391-UBDAR,994.86
8894-JVDCV,1543.42
2023-VQFDL,207.63
1345-GKDZZ,217.28
2014-MKGMH,1262.74
5628-FCGYG,1080.35
2560-WBWXF,337.84
0248-IPDFW,601.59
7978-DKUQH,977.97
4335-UPJSI,232.06
0524-IAVZO,1067.65
2737-YNGYW,1003.86
1784-EZDKJ,1473.15
9297-FVVDH,1297.31
8007-YYPWD,322.89
7101-HRBLJ,1140.53
5159-YFPKQ,974.59
6635-CPNUN,1283.12
4021-RQSNY,1349.33
5453-YBTWV,1666.55
5039-LZRQT,229.52
2931-VUVJN,1315.88
9061-TIHDA,1156.82
8699-ASUFO,933.88
6418-PIQSP,1195.93
8220-OCUFY,845.39
3995-WFCSM,727.14
1895-QTKDO,518.76
2038-OEQZH,1101.2
1178-PZGAB,232.27
7927-AUXBZ,1243.22
2626-VEEWG,230.43
2878-RMWXY,1551.63
1657-DYMBM,283.04
7311-MQJCH,229.41
7375-WMVMT,1416.75
1136-XGEQU,1115.91
2530-FMFXO,1531.72
6844-DZKRF,656.36
4695-WJZUE,1000.28
7619-ODSGN,735.95
5970-GHJAW,232.36
8879-XUAHX,1752.26
3689-MOZGR,381.17
4195-PNGZS,325.09
5003-XZWWO,1095.86
3988-RQIXO,1186.38
7622-FWGEW,1360.85
6922-NCEDI,243.56
2514-GINMM,1019.29
9891-NQDBD,295.71
6131-IUNXN,235.18
8548-AWOFC,821.86
9798-DRYDS,786.06
8532-UEFWH,340.71
6296-DDOOR,815.47
7951-VRDVK,1136.96
5931-FLJJF,922.37
4815-YOSUK,1430.79
2659-VXMWZ,1515.11
0380-NEAVX,1390.85
3207-OYBWH,1365.82
4285-GYRQC,1114.92
7216-EWTRS,1260.2
4365-MSDYN,218.4
7036-TYDEC,1460.26
5802-ADBRC,1537.68
8076-FEZKJ,238.84
5197-YPYBZ,303.29
8337-MSSXB,1092.16
4312-GVYNH,728.81
8495-LJDFO,1480.07
0839-JTCUD,1292.8
5494-WOZRZ,1307.32
1302-UHBDD,1151.35
2234-EOFPT,1124.36
8619-IJNDK,894.2
8378-LKJAF,1359.68
8182-BJDSI,1155.19
2528-HFYZX,958.62
1153-GNOLC,535.71
3298-QEICA,519.08
0788-DXBFY,233.8
3597-YASZG,1418.39
3496-LFSZU,940.51
5242-UOWHD,246.45
2482-CZGBB,924.2
6479-SZPLM,219.88
8097-VBQTZ,957.76
4500-HKANN,770.23
9917-KWRBE,1064.62
3420-ZDBMA,908.12
2212-LYASK,561.16
1393-IMKZG,1216.45
8069-RHUXK,532.76
3398-GCPMU,1298.88
2908-WGAXL,331.68
3378-AJRAO,326.85
1013-QCWAM,1240.32
0866-QLSIR,930.74
6050-FFXES,1586.1
7181-BQYBV,1267.58
0362-RAOQO,230.02
9554-DFKIC,673.37
5527-ACHSO,902.32
0829-DDVLK,239.06
1399-UBQIU,894.72
1813-JLKWR,226.4
0336-PIKEI,1072.81
7322-OCWHC,1332.5
9537-VHDTA,637.83
4957-TIALW,916.05
2054-PJOCK,1064.73
9150-HEPMB,618.92
9030-QGZNL,258.78
6204-IEUXJ,1060.34
3126-WQMGH,670.76
4529-CKBCL,1081.54
2506-CLAKW,1227.49
7176-WRTNX,1815.81
1583-IHQZE,1550.49
5732-IKGQH,1387.69
9239-GZHZE,1763.97
7205-BAIAD,251.81
0151-ONTOV,896.82
4140-MUHUG,1122.24
0093-EXYQL,1157.58
8064-RAVOH,577.76
0219-QAERP,237.41
0320-JDNQG,1273.15
7180-PISOG,894.84
9168-INPSZ,1423.55
3571-RFHAR,1400.8
0015-UOCOJ,609.38
5334-AFQJB,331.7
2754-SDJRD,1185.47
9578-VRMNM,771.01
1587-FKLZB,1407.51
6140-QNRQQ,864.16
8963-JLGJT,668.06
4307-KTUMW,1308.06
1465-LNTLJ,818.8
5440-FLBQG,1603.13
2135-DQWAQ,1051.01
4056-QHXHZ,1758.24
7470-MCQTK,648.58
7488-MXJIV,1141.06
7401-JIXNM,1322.91
9339-FIIJL,1166.65
2027-FECZV,1298.91
2672-DZUOY,309.56
4706-DGAHW,553.53
3870-MQAMG,1688.19
6670-MFRPK,1200.77
6177-PEVRA,704.91
4800-CZMPC,1508.51
4813-HQMGZ,1110.83
7579-KKLOE,1291.3
7377-DMMRI,592.15
8402-EIVQS,1586.46
4947-DSMXK,1463.08
7245-NIIWQ,914.06
0002-ORFBO,835.03
3324-OIRTO,1536.12
5414-OFQCB,1414.83
4967-WPNCF,904.34
8552-OBVRU,1535.51
8499-BRXTD,243.36
9154-QDGTH,1483.73
8197-BFWVU,1390.23
2577-GVSIL,983.16
9367-OIUXP,240.96
6770-UAYGJ,316.07
6463-HHXJR,1463.21
7928-VJYAB,1087.4
1187-WILMM,1318.22
9776-OJUZI,1323.77
1306-RPWXZ,270.18
8949-JTMAY,1384.84
2774-LVQUS,1097.55
3097-PYWXL,230.33
2266-SJNAT,1475.29
0869-PAPRP,1089.17
4238-JSSWH,1368.56
2972-YDYUW,1411.36
1104-FEJAM,776.67
2809-ILCYT,319.65
5499-ECUTN,800.14
4981-FLTMF,839.93
9121-PHQSR,1151.32
3113-IWHLC,702.35
3211-ILJTT,935.22
4612-THJBS,1471.86
4277-BWBML,257.77
4094-NSEDU,1181.15
0234-TEVTT,610.52
4304-TSPVK,1792.26
1552-AAGRX,1469.95
2637-FKFSY,538.43
9796-MVYXX,496.24
7874-ECPQJ,236.29
0020-INWCK,1372.3
7089-RKVSZ,273.88
2683-JXWQQ,447.06
9548-ZMVTX,1328.15
8739-XNIKG,1123.41
9755-JHNMN,1002.46
3981-QSVQI,227.61
2789-HQBOU,950.81
9424-CMPOG,255.46
5067-WJEUN,776.69
3450-WXOAT,543.03
9251-WNSOD,1021.29
6974-DAFLI,221.31
2616-UUTFK,926.83
7064-JHXCE,245.64
5103-MHMHY,513.9
7989-AWGEH,465.72
4373-VVHQL,566.65
4559-UWIHT,1037.44
7268-IGMFD,1336.47
1846-XWOQN,867.09
0235-KGSLC,993.8
6650-BWFRT,1689.78
9570-KYEUA,1609.92
6993-YGFJV,1706.01
2712-SYWAY,279.25
0730-BGQGF,1313.29
5498-IBWPI,683.75
9101-NTIXF,228.85
0013-SMEOE,1797.25
9314-QDMDW,757.56
9308-ANMVE,644.63
2884-GBPFB,892.25
3757-NJYBX,1396.23
3413-DHLPB,1344.56
7649-PHJVR,217.8
6114-TCFID,537.24
3787-TRIAL,318.08
2573-GYRUU,1181.94
5156-UMKOW,342.17
1247-QBVSH,607.37
6734-GMPVK,1275.59
9822-OAOVB,694.74
6161-ERDGD,1237.76
1226-JZNKR,210.83
7318-EIVKO,677.68
3771-PZOBW,1087.52
5136-KCKGI,1392.59
8231-BSWXX,1103.36
6486-LHTMA,1144.78
4083-BFNYK,1257.84
3722-WPXTK,1065.79
7389-KBFIT,366.62
7176-WIONM,600.03
5141-ZUVBH,1184.55
1089-HDMKP,673.33
7623-HKYRK,214.07
0310-SUCIN,1152.03
5197-PYEPU,1420.67
2929-ERCFZ,1276.6
7548-SEPYI,1143.02
8835-VSDSE,935.2
6619-RPLQZ,272.07
3275-RHRNE,741.38
3503-TYDAY,1085.32
6901-GOGZG,1319.92
1623-NLDOT,415.12
7021-XSNYE,650.32
9621-OUPYD,254.1
9898-KZQDZ,1242.0
8982-NHAVY,1405.31
4307-KWMXE,444.85
0141-YEAYS,1142.28
2450-ZKEED,645.32
3694-DELSO,496.36
3893-JRNFS,532.44
9603-OAIHC,879.49
1133-KXCGE,240.07
5236-PERKL,1562.18
0142-GVYSN,237.37
1049-FYSYG,448.84
7854-FOKSF,429.29
2519-FAKOD,1358.59
8406-LNMHF,1166.09
1821-BUCWY,785.83
8263-JQAIK,278.33
0023-UYUPN,310.33
8314-DPQHL,659.87
1465-WCZVT,222.0
9481-SFCQY,718.43
6360-SVNWV,965.88
0567-GGCAC,782.26
7089-IVVAZ,1335.83
8884-MRNSU,219.07
2171-UDMFD,241.13
9050-IKDZA,1106.61
2205-YMZZJ,1007.44
9802-CAQUT,1697.35
1254-IZEYF,1262.78
0187-WZNAB,996.47
9492-TOKRI,1183.56
1475-VWVDO,940.14
9221-OTIVJ,1305.6
1357-MVDOZ,690.81
7602-MVRMB,1610.04
3325-FUYCG,1411.43
5908-QMGOE,958.4
1197-BVMVG,911.73
5406-KGRMX,327.91
8481-YYXWG,1243.59
5968-HYJRZ,298.93
5198-EFNBM,1285.78
7516-GMHUV,1612.68
7140-ADSMJ,233.86
2230-XTUWL,246.09
7706-YLMQA,251.9
2585-KTFRE,900.4
7994-UYIVZ,1020.51
2609-IAICY,1022.45
1740-CSDJP,441.59
7717-BICXI,255.3
6559-RAKOZ,1403.0
2636-OHFMN,602.26
4716-MRVEN,236.89
2143-LJULT,343.63
1323-OOEPC,1468.77
3200-MNQTF,982.76
6164-HXUGH,206.45
5630-IXDXV,1399.23
0320-DWVTU,1574.89
9135-MGVPY,1207.96
1212-GLHMD,1195.76
7878-JGDKK,498.62
1088-AUUZZ,1132.29
0397-GZBBC,1214.83
6614-YWYSC,350.66
9588-OZDMQ,593.56
7641-EUYET,1280.15
6476-EPYZR,222.73
9921-ZVRHG,1087.44
1174-FGIFN,1231.16
6620-HVDUJ,768.05
4701-MLJPN,690.66
1032-MAELW,976.74
7641-TQFHN,1461.1
1552-TKMXS,223.99
9206-GVPEQ,676.3
8622-ZLFKO,1235.79
1596-BBVTG,915.18
6188-UXBBR,252.25
2333-KWEWW,247.92
5702-SKUOB,215.91
1134-YWTYF,698.23
6061-GWWAV,935.9
0679-TDGAK,1069.48
6585-WCEWR,275.57
9067-YGSCA,315.85
9067-SQTNS,239.03
8433-WXGNA,927.47
1776-SPBWV,230.67
8735-SDUFN,360.14
9668-PUGNU,336.14
9405-GPBBG,1543.2
1926-QUZNN,304.57
3707-GNWHM,965.76
7016-NVRIC,1284.82
5829-NVSQN,944.5
9565-AXSMR,244.83
8922-LIEGH,1155.22
8869-LIHMK,1787.2
8245-UMPYT,1254.71
5186-SAMNZ,784.76
0447-RXSGD,1276.63
4927-WWOOZ,1112.04
5788-YPOEG,1197.57
5373-SFODM,1269.75
0661-KBKPA,1082.84
9081-WWXKP,249.95
0784-ZQJZX,268.88
3133-PZNSR,1529.36
5766-ZJYBB,221.29
8931-GJJIQ,1090.08
4277-PVRAN,1121.94
0022-TCJCI,775.46
0722-SVSFK,1331.47
3612-YVGSJ,301.17
9825-YCXWZ,1442.26
5397-NSKQG,686.92
8565-HBFNN,1530.62
2000-DHJUY,1310.65
0203-HHYIJ,317.62
8670-ERCJH,1811.96
7758-UJWYS,522.2
2050-ONYDQ,336.74
7055-JCGNI,1649.57
0739-UUAJR,713.13
4826-DXMUP,934.91
0952-KMEEH,1277.45
7285-KLOTR,1135.88
0654-PQKDW,995.49
7175-NTIXE,902.94
7963-SHNDT,548.21
9796-BPKIW,933.79
0188-GWFLE,247.39
8129-GMVGI,238.43
2882-DDZPG,196.87
3547-LQRIK,352.11
9137-NOQKA,218.68
5843-TTHGI,585.43
1849-RJYIG,753.73
8868-GAGIO,970.39
4061-UKJWL,545.27
5380-XPJNZ,243.93
8263-QMNTJ,1846.82
8178-EYZUO,1175.85
3230-JCNZS,1489.11
0277-ORXQS,681.96
5130-IEKQT,1390.65
3230-WYKIR,1026.82
7996-BPXHY,307.1
3227-WLKLI,1255.13
0407-BDJKB,1319.76
2266-FUBDZ,253.06
8237-ULIXL,317.2
9600-UDOPK,1221.22
8216-AZUUZ,1354.19
9153-BTBVV,318.07
4074-SJFFA,655.09
3269-ATYWD,1402.06
5186-PEIZU,207.25
1074-AMIOH,1581.81
4910-GMJOT,1261.38
0354-WYROK,1325.72
4361-FEBGN,274.9
7748-UMTRK,1364.02
0380-ZCSBI,227.79
7145-FEJWU,1333.84
6463-MVYRY,1069.46
3969-JQABI,885.07
9624-EGDEQ,240.52
1051-EQPZR,208.7
5849-ASHZJ,237.56
5780-INQIK,580.24
7576-OYWBN,962.83
4526-ZJJTM,1216.55
8384-FZBJK,1312.18
3750-RNQKR,216.83
0962-CQPWQ,262.96
3096-YXENJ,1680.71
1265-BCFEO,1010.14
5837-LXSDN,733.4
5945-AZYHT,1583.46
8325-QRPZR,1011.74
6384-VMJHP,1027.35
2262-SLNVK,806.79
7730-CLDSV,1523.3
1135-HIORI,1542.73
0164-APGRB,1650.9
6481-ESCNL,1262.45
1790-NESIO,253.46
1550-EENBN,1337.71
5539-TMZLF,788.19
4323-SADQS,449.87
4446-BZKHU,1498.78
5202-IVJNU,380.43
5976-JCJRH,842.08
8198-RKSZG,994.28
0137-OCGAB,1018.27
3351-NQLDI,1417.05
9297-EONCV,1362.06
7593-JNWRU,515.35
4588-YBNIB,219.87
1069-QJOEE,243.65
3336-JORSO,1566.34
7799-DSEWS,901.06
8766-PAFNE,1163.03
5315-CKEQK,658.2
3130-ICDUP,1117.1
0820-FNRNX,849.8
0880-FVFWF,1125.75
4611-ANLQC,723.21
4213-HKBJO,333.52
2792-LSHWX,1077.63
5028-GZLDO,876.42
0014-BMAQU,1312.37
6861-XWTWQ,1289.75
9018-PCIOK,906.81
4837-QUSFT,1483.17
6877-TJMBR,1191.94
9953-ZMKSM,343.61
0907-HQNTS,1742.74
7665-NKLAV,596.22
6769-DCQLI,1423.64
2433-KMEAS,693.32
4391-LNRXK,1368.71
8250-ZNGGW,739.39
2195-ZRVAX,1058.64
3550-SAHFP,1045.0
2011-TRQYE,387.7
8562-GHPPI,212.53
5893-PYOLZ,1135.65
4986-MXSFP,207.74
6131-FOYAS,744.68
3027-YNWZU,337.47
5609-IMCGG,1064.43
4873-ILOLJ,1259.89
4727-MCYZG,683.35
9481-WHGWY,1143.18
2725-KXXWT,1114.69
9565-DJPIB,1186.61
4328-VUFWD,734.92
3301-LSLWQ,861.98
7473-ZBDSN,237.78
3166-PNEOF,1281.82
5639-NTUPK,612.22
8780-YRMTT,653.29
8348-HFYIV,608.4
5140-FOMCQ,1486.48
6242-SGYTS,1388.9
8166-ORCHU,1233.92
8414-OOEEL,1172.24
8454-AATJP,1649.29
6849-WLEYG,226.74
4659-NZRUF,1297.15
4531-AUZNK,1339.19
4191-XOVOM,1476.87
2150-OEGBV,243.73
8429-XIBUM,1303.67
1855-CFULU,212.7
4878-BUNFV,234.11
1872-EBWSC,247.85
2608-BHKFN,820.08
7026-YMSBE,236.93
7341-LXCAF,935.63
6997-UVGOX,1274.75
9674-EHPPG,557.37
9462-MJUAW,594.6
8128-YVJRG,1069.61
5440-VHLUL,1529.19
5781-BKHOP,1531.3
4283-FUTGF,1059.14
5213-TWWJU,1110.59
1569-TTNYJ,1038.03
8628-MFKAX,1838.2
2397-BRLOM,969.84
7629-WIXZF,749.98
5445-GLVOT,620.52
3976-HXHCE,247.61
2466-NEJOJ,223.19
0254-KCJGT,1201.3
5472-CVMDX,591.61
6461-SZMCV,1185.7
8150-QUDFX,228.66
9508-ILZDG,1358.3
2346-DJQTB,301.31
1697-LYYYX,248.33
1942-OQFRW,580.89
4749-VFKVB,631.72
9640-ZSLDC,812.2
4231-LZUYM,348.61
7598-UAASY,977.37
7938-OUHIO,1280.17
8510-AWCXC,1309.08
6128-AQBMT,711.97
3594-BDSOA,234.2
0431-APWVY,1320.02
5133-VRSAB,368.08
5996-DAOQL,212.48
6838-YAUVY,1450.53
0484-JPBRU,257.63
7883-ROJOC,566.76
0244-LGNFY,1395.94
7274-CGTOD,611.84
4295-YURET,1053.96
3426-NIYYL,692.62
8225-BTJAU,981.09
4635-EJYPD,225.05
1866-ZSLJM,251.01
4636-TVXVG,270.1
4236-UJPWO,293.94
9392-XBGTD,271.39
3387-VATUS,1285.47
6402-SSEJG,770.6
1143-NMNQJ,1062.05
1169-SAOCL,1618.57
1110-KYLGQ,1598.09
9929-PLVPA,234.32
3518-PZXZQ,634.15
2371-JUNGC,248.71
7693-QPEFS,947.94
0924-BJCRC,1174.04
5074-FBGHB,1521.74
2351-BKRZW,1113.0
4455-BFSPD,1507.84
0415-MOSGF,543.63
1724-BQUHA,1163.05
3948-KXDUF,994.1
2323-ARSVR,1743.84
0815-MFZGM,1257.5
4826-XTSOH,1076.7
5480-XTFFL,266.52
8295-FHIVV,204.26
2495-INZWQ,544.71
9086-YJYXS,982.03
1179-INLAT,248.19
7909-FIOIY,328.09
4139-SUGLD,440.3
6857-VWJDT,1205.67
6351-SCJKT,514.13
5468-BPMMO,218.39
5624-BQSSA,236.34
0197-PNKNK,1161.57
2439-QKJUL,213.44
1194-SPVSP,226.36
9534-NSXEM,254.96
2408-WITXK,399.49
8929-KSWIH,1508.57
2250-IVBWA,1068.71
1810-MVMAI,871.75
9506-UXUSK,946.43
1229-RCALF,1674.17
3572-UOLYZ,1146.48
1429-UYJSV,225.13
5577-OTWWW,222.94
6100-QQHEB,1187.1
6366-XIVKZ,758.98
3470-OBUET,1058.25
2770-NSVDG,328.6
9375-MHRRS,597.33
2634-HCZGT,815.25
7503-QQRVF,950.59
4860-YZGZM,220.74
6599-GZWCM,1012.7
2691-NZETQ,1110.0
4404-HIBDJ,1036.92
5533-NHFRF,525.59
7037-MTYVW,1124.31
4760-THGOT,1179.12
7295-JOMMD,1239.91
4016-BJKTZ,1555.66
6584-VQMYT,708.36
9838-BFCQT,315.27
2790-XUYMV,1193.78
0581-MDMPW,1163.25
5013-SBUIH,1724.95
1023-BQXZE,1022.39
9163-GHAYE,585.58
3904-UKFRE,989.6
5353-WILCI,698.67
0709-TVGUR,906.68
0058-EVZWM,1257.73
6023-YEBUP,1167.66
7209-JCUDS,1183.63
7009-PCARS,239.03
0519-DRGTI,234.12
1017-FBQMM,1720.3
3001-CBHLQ,1410.95
1985-MBRYP,234.04
6158-DWPZT,302.09
9372-TXXPS,786.83
3259-QMXUN,1213.0
1015-JPFYW,218.66
6645-MXQJT,1315.49
4360-QRAVE,436.27
8433-WPJTV,1476.74
5804-JMYIO,239.79
3763-GCZHZ,1616.89
6484-LATFU,312.0
7599-NTMDP,767.04
0772-GYEQQ,1191.15
0536-ACXIP,1680.32
0936-NQLJU,263.73
4831-EOBFE,1275.83
1575-KRZZE,610.28
3251-YMVWZ,292.38
4102-OQUPX,984.87
9170-GYZJC,1015.0
4884-LEVMQ,238.43
8857-CUPFQ,247.99
7610-TVOPG,325.98
3638-DIMPH,598.01
1845-ZLLIG,599.69
8559-WNQZS,263.27
3999-QGRJH,869.02
1699-UOTXU,794.53
2454-RPBRZ,1188.36
0635-WKOLD,999.94
5993-JSUWV,853.13
4518-FZBSX,239.44
5387-ASZNZ,866.18
6988-CJEYV,1442.96
2002-MZHWP,247.65
3097-FQTVJ,278.62
5465-BUBFA,240.1
7299-GNVPL,1154.84
9743-DQKQW,278.25
1215-VFYVK,646.62
9371-BITHB,241.42
2265-CYWIV,1304.28
9093-FPDLG,1153.39
0541-FITGH,738.02
6985-HAYWX,984.7
7508-KBIMB,714.97
6838-HVLXG,220.68
2277-DJJDL,1311.01
1897-OKVMW,1361.66
5485-ITNPC,1170.91
0233-FTHAV,1122.33
4644-PIZRT,978.38
8922-NPKBJ,236.42
2740-TVLFN,579.97
7771-CFQRQ,866.08
9512-PHSMG,243.13
6963-EZQEE,1290.02
2452-KDRRH,1317.62
2004-OCQXK,1066.01
5027-QPKTE,832.26
4146-SVFUD,553.21
1564-HJUVY,795.92
3617-XLSGQ,1611.09
7517-LDMPS,1029.44
7244-KXYZN,233.93
5226-NOZFC,1141.04
2672-HUYVI,1228.14
1400-WIVLL,1565.29
7508-MYBOG,1141.43
8148-NLEGT,257.76
0148-DCDOS,1191.44
8347-GDTMP,250.83
9992-RRAMN,1052.73
6746-WAUWT,224.77
0310-MVLET,1279.34
0428-IKYCP,1143.99
4550-VBOFE,1361.39
2187-PKZAY,901.79
4003-OCTMP,765.02
6652-YFFJO,754.87
7225-IILWY,340.2
5248-RPYWW,1122.02
7923-IYJWY,1729.33
3170-GWYKC,1419.2
5696-QURRL,577.9
7409-KIUTL,884.4
9830-ECLEN,688.04
1732-VHUBQ,920.79
0495-RVCBF,904.42
2668-TZSPS,237.24
7854-EDSSA,744.54
8869-TORSS,827.46
7446-SFAOA,284.25
9522-ZSINC,213.92
8234-GSZYK,360.29
6505-OZNPG,857.83
6164-HAQTX,789.58
0679-IDSTG,877.53
7765-LWVVH,1394.13
1658-TJVOA,932.6
0953-LGOVU,441.5
2115-BFTIW,849.76
4692-NNQRU,1140.56
7742-MYPGI,584.65
0611-DFXKO,1088.27
7780-OTDSO,1284.42
9619-GSATL,772.59
5622-UEJFI,309.99
9747-DDZOS,950.24
0674-DGMAQ,1167.47
6203-HBZPA,956.9
0484-FFVBJ,862.02
0301-FIDRB,1005.6
4139-JPIAM,577.91
2181-TIDSV,266.29
2761-XECQW,522.54
1936-CZAKF,733.16
9453-PATOS,1183.71
0564-JJHGS,1258.11
3348-CFRNX,1208.91
4402-FTBXC,1218.77
1428-GTBJJ,951.19
2931-XIQBR,1491.84
0106-UGRDO,1761.82
5542-TBBWB,897.32
1930-QPBVZ,1567.47
2606-PKWJB,564.71
5322-ZSMZY,336.94
8059-UDZFY,1334.24
7740-BTPUX,1625.78
5220-AGAAX,324.8
0208-BPQEJ,226.23
9435-JMLSX,1333.74
3352-ALMCK,1290.17
5312-IRCFR,1286.47
5294-IMHHT,1282.93
8802-UNOJF,1064.31
6313-GIDIT,720.67
6176-YJWAS,1432.81
5310-NOOVA,258.18
4526-EXKKN,305.55
5311-IHLEI,646.15
3987-KQDDU,923.18
3404-JNXAX,1104.16
5131-PONJI,1026.26
2845-AFFTX,1281.32
3489-VSFRD,762.14
3345-JHUEO,239.28
5815-HGGHV,891.11
5260-UMPWX,236.24
2249-YPRNG,1476.14
7410-YTJIK,912.81
4626-GYCZP,1296.11
5649-RXQTV,1383.13
2674-MIAHT,1007.81
2576-HXMPA,230.81
7587-AOVVU,1283.33
5590-BYNII,1276.93
6898-MDLZW,637.63
3237-AJGEH,369.26
4707-YNOQA,290.24
9357-UJRUN,827.92
1591-NFNLQ,1054.08
8648-PFRMP,577.32
7663-CUXZB,1688.19
0258-NOKBL,1043.64
1163-VIPRI,1692.31
2815-CPTUL,806.92
9348-ROUAI,1298.39
9443-JUBUO,877.03
0596-BQCEQ,1469.72
1481-ZUWZA,1306.14
3043-TYBNO,745.98
4830-FAXFM,292.1
5906-BFOZT,208.64
2960-NKRSO,1167.07
8996-ZROXE,729.59
5598-IKHQQ,333.06
0397-ZXWQF,281.63
5266-PFRQK,266.48
4674-HGNUA,1315.82
6765-MBQNU,285.47
9786-IJYDL,1598.38
1303-SRDOK,1007.69
3769-MHZNV,253.23
6295-OSINB,1549.46
3308-MHOOC,240.37
2309-OSFEU,437.47
2207-QPJED,1225.55
4177-JPDFU,417.49
2239-CFOUJ,236.77
8046-DNVTL,530.42
2209-XADXF,304.05
6620-JDYNW,766.33
1891-FZYSA,1126.17
4770-UEZOX,965.25
1038-RQOST,233.02
7613-LLQFO,970.27
4568-TTZRT,218.1
9513-DXHDA,1069.84
2640-PMGFL,1150.12
3801-HMYNL,1163.78
0516-QREYC,215.97
9685-WKZGT,994.96
6022-UGGSO,889.63
8084-OIVBS,247.31
8896-BQTTI,272.72
3865-QBWSJ,1058.51
3352-RICWQ,258.8
2160-GPFXD,886.25
2065-MMKGR,848.75
5857-TYBCJ,1122.3
1498-NHTLT,1316.63
4484-CGXFK,612.94
1402-PTHGN,705.88
4176-RELJR,316.88
6214-EDAKZ,707.53
5199-FPUSP,482.61
6377-KSLXC,217.72
1796-JANOW,218.3
0238-WHBIQ,1368.88
8735-NBLWT,206.6
6651-RLGGM,333.1
6127-ISGTU,1111.43
1614-JBEBI,236.45
8740-XLHDR,525.99
1208-DNHLN,622.46
1761-AEZZR,884.64
3923-CSIHK,917.22
5696-EXCYS,249.43
5795-KTGUD,1577.99
7120-RFMVS,1076.38
7924-GJZFI,918.2
4702-HDRKD,668.02
8512-WIWYV,245.67
5897-ZYEKH,1437.04
5456-ITGIC,920.29
7317-GGVPB,1676.17
1406-PUQVY,603.26
1322-AGOQM,360.0
3677-IYRBF,368.74
5692-FPTAH,564.04
9114-AAFQH,757.25
8715-KKTFG,1562.42
1550-LOAHA,1072.25
1728-BQDMA,544.53
0268-QKIWO,233.86
0876-WDUUZ,1030.46
5117-ZSMHQ,1251.08
5151-HQRDG,677.37
0960-HUWBM,1498.04
6465-GSRCL,1656.22
0617-FHSGK,960.83
0263-FJTQO,988.93
7319-ZNRTR,237.01
2858-MOFSQ,674.64
7503-EPSZW,304.49
7089-XXAYG,497.43
8118-LSUEL,1355.99
8070-AAWZP,425.61
1666-JXLKU,1262.33
7855-DIWPO,822.33
5133-POWUA,558.21
5652-MSDEY,1046.51
7005-CCBKV,1072.93
1810-BOHSY,1393.71
1784-BXEFA,237.54
7351-MHQVU,595.49
9224-VTYID,1375.63
9500-IWPXQ,1104.59
5762-TJXGK,898.84
4504-YOULA,715.02
5569-IDSEY,1616.19
4250-FDVOU,714.9
7284-ZZLOH,752.22
5277-ZLOOR,1099.27
2141-RRYGO,813.24
1777-JYQPJ,308.98
6376-GAHQE,995.7
3401-URHDA,743.83
1599-EAHXY,278.79
8631-XVRZL,234.18
5052-PNLOS,1358.77
3853-LYGAM,1260.84
6979-ZNSFF,1172.99
5751-USDBL,1023.95
5680-LQOGP,1198.14
2386-LAHRK,583.41
8189-DUKMV,249.61
6032-IGALN,299.66
9931-DCEZH,728.09
1898-JSNDC,720.6
0315-LVCRK,1145.93
3911-RSNHI,913.76
2410-CIYFZ,234.56
4248-HCETZ,1025.58
5505-OVWQW,248.19
7271-AJDTL,1216.23
1867-TJHTS,1133.02
0516-WJVXC,732.19
9174-FKWZE,228.93
6860-YRJZP,906.18
4429-WYGFR,624.72
2817-LVCPP,234.37
5038-ETMLM,1785.91
5056-FIMPT,1534.53
4521-WFJAI,303.84
6569-KTMDU,200.99
8809-RIHDD,1496.8
8809-XKHMD,1512.98
0396-YCHWO,1161.62
0867-LDTTC,937.35
4822-NGOCH,1108.23
9391-DXGGG,1201.37
9844-FELAJ,1484.31
2122-SZZZD,245.65
5307-DZCVC,1206.11
3148-AOIQT,314.47
8679-JOEVF,718.9
8395-ETZKQ,246.32
6692-YQHXC,890.32
3889-VWBID,1187.04
5222-JCXZT,220.12
9754-CLVZW,447.5
1432-FPAXX,399.23
2739-CCZMB,228.18
7080-TNUWP,1304.15
0496-AHOOK,990.38
8336-TAVKX,1129.76
2468-SJFLM,879.23
3181-VTHOE,740.82
7168-HDQHG,219.33
4803-AXVYP,1345.12
3884-HCSWG,950.36
4567-AKPIA,1437.01
5077-DXTCG,556.25
1142-WACZW,360.33
7901-HXJVA,1032.74
5649-ANRML,1100.97
4892-VLANZ,220.11
5924-IFQTT,881.5
7968-QUXNS,216.29
2919-HBCJO,996.4
4236-XPXAV,1239.02
8903-WMRNW,1297.16
2452-SNHFZ,991.87
3629-WEAAM,749.11
6029-CSMJE,327.17
7993-NQLJE,974.44
9909-DFRJA,1159.78
9099-FTUHS,666.44
0581-BXBUB,876.0
4962-CHQPW,218.22
9467-ROOLM,203.73
3030-YZADT,542.13
7410-KTVFV,646.78
5150-ITWWB,1223.54
2253-KPMNB,647.07
1345-ZUKID,236.9
6429-SHBCB,832.35
9281-OFDMF,1134.65
2603-HVKCG,1238.29
1834-WULEG,221.16
9097-ZUBYC,597.38
5148-ORICT,1081.21
4893-GYUJU,237.42
4578-PHJYZ,908.98
7272-QDCKA,1299.04
8908-SLFCJ,269.41
8393-DLHGA,1161.01
9766-HGEDE,240.61
6968-MHOMU,565.84
7395-IGJOS,1016.5
5044-XDPYX,305.21
1814-WFGVS,687.85
2834-SPCJV,1200.93
3721-WKIIL,252.12
6734-CKRSM,234.37
1265-ZFOSD,1203.64
6568-POCUI,1307.92
7890-VYYWG,429.99
5197-LQXXH,1132.34
9907-SWKKF,320.47
3457-PQBYH,246.51
7682-AZNDK,1216.49
0587-DMGBH,637.15
5384-ZTTWP,246.37
3745-HRPHI,757.2
7636-OWBPG,364.6
1231-YNDEK,275.56
1407-DIGZV,227.47
6397-JNZZG,627.75
0570-BFQHT,926.88
4393-OBCRR,246.01
3523-QRQLL,809.11
8564-LDKFL,1415.6
3696-DFHHB,336.56
0895-DQHEW,1405.17
4717-GHADL,1149.92
5501-TVMGM,670.1
5879-HMFFH,1351.64
6772-WFQRD,232.56
3810-DVDQQ,1735.75
6972-SNKKW,214.81
3694-GLTJM,228.64
8550-XSXUQ,947.53
8149-RSOUN,1218.86
9055-MOJJJ,959.85
4359-INNWN,225.86
0585-EGDDA,1123.23
4032-RMHCI,499.4
0549-CYCQN,1156.73
3481-JHUZH,1132.7
7250-EQKIY,555.03
3594-IVHJZ,222.48
6869-FGJJC,1074.67
3896-ZVNET,320.91
8205-VSLRB,1056.74
5960-MVTUK,377.78
6817-WTYHE,575.49
3082-VQXNH,369.88
4013-UBXWQ,926.31
4931-TRZWN,853.91
0750-EKNGL,222.0
7669-LCRSD,717.53
3567-PQTSO,1532.69
5519-NPHVG,1194.08
8043-PNYSD,247.24
9938-EKRGF,966.5
2703-AMTUL,665.64
0928-JMXNP,392.93
8173-RXAYP,231.22
4825-XJGDM,607.55
5402-HTOTQ,710.97
6734-JDTTV,240.3
7850-THJMU,248.69
3890-RTCMS,646.33
8849-GYOKR,1524.25
3148-BLQJT,256.76
3717-FDJFU,230.35
3665-JATSN,511.65
7966-YOTQW,661.05
0461-CVKMU,1150.52
8806-EAGWC,676.13
8853-TZDGH,1610.2
7779-LGOVN,1113.13
4324-BZCKL,604.43
6924-TDGMT,248.33
9710-ZUSHQ,1432.19
1536-YHDOE,856.87
8123-QBNAZ,1454.49
3629-ZNKXA,1343.58
4827-LTQRJ,1624.77
7711-YIJWC,1117.76
5482-VXSXJ,1164.86
7365-BVCJH,310.05
9620-ENEJV,960.39
4183-WCSEP,1024.7
2378-YIZKA,1229.22
5498-TXHLF,1082.09
0689-DSXGL,1236.74
6818-DJXAA,1219.45
9722-UJOJR,1005.92
0464-WJTKO,248.21
8902-ZEOVF,235.46
6778-EICRF,991.9
2662-NNTDK,315.65
4132-KALRO,1292.4
3902-FOIGH,1231.04
6772-KSATR,1105.05
7112-OPOTK,916.41
2874-YXVVA,1325.69
1245-HARPS,273.15
4210-QFJMF,1064.09
4323-ELYYB,241.01
4293-ETKAP,1127.61
6064-PUPMC,786.02
6504-VBLFL,793.2
6322-PJJDJ,1394.1
0330-BGYZE,1282.05
1085-LDWAM,261.89
7586-ZATGZ,1014.4
7197-VOJMM,1073.48
3318-OSATS,1216.61
5828-AVIPD,1386.37
1843-TLSGD,253.25
9626-VFRGG,1130.44
7075-BNDVQ,458.6
9143-CANJF,614.95
7284-BUYEC,650.18
2041-JIJCI,780.67
1086-LXKFY,824.66
4900-MSOMT,1094.93
2229-VWQJH,654.01
9194-GFVOI,1125.71
1336-EZFZY,211.08
4282-MSACW,1806.26
1403-LKLIK,244.67
2636-ALXXZ,842.52
7774-OJSXI,1423.0
7786-WBJYI,939.25
0136-IFMYD,1737.4
5144-TVGLP,1293.13
9643-AVVWI,1063.95
0253-ZTEOB,1113.64
2706-QZIHY,343.84
6061-PQHMK,238.2
9885-CSMWE,937.5
6137-MFAJN,571.89
9122-UMROB,250.45
4232-JGKIY,203.62
2402-TAIRZ,1069.63
9659-ZTWSM,1566.69
9139-TWBAS,625.58
6685-GBWJZ,927.19
5016-ETTFF,373.71
3866-MDTUB,966.05
2195-VVRJF,745.09
3913-RDSJZ,315.09
8058-JMEQO,989.51
4203-QGNZA,233.83
5043-TRZWM,1012.51
0697-ZMSWS,1113.67
7657-DYEPJ,919.49
9494-BDNNC,1296.39
1640-PLFMP,843.51
5366-OBVMR,654.2
8276-MQBYC,1365.16
7644-OMVMY,225.09
7593-XFKDI,599.53
4573-JKNAE,244.62
0337-CNPZE,1474.06
9817-APLHW,260.56
8380-MQINP,244.29
0840-DFEZH,949.88
1513-XNPPH,1187.28
8690-ZVLCL,1383.72
6015-VVHHE,1093.36
1125-SNVCK,545.49
0384-LPITE,771.67
4616-EWBNJ,255.39
6347-DCUIK,896.34
1335-HQMKX,1536.21
2545-EBUPK,1052.32
6923-AQONU,282.93
2172-EJXVF,1534.71
0897-FEGMU,1255.07
7663-RGWBC,515.83
1120-BMWUB,661.46
9124-LHCJQ,1108.53
4536-PLEQY,1084.37
7029-IJEJK,589.33
8871-JLMHM,1339.77
2235-ZGKPT,612.35
3891-PUQOD,634.53
5447-VYTKW,696.25
3623-FQBOX,216.29
0689-NKYLF,1016.09
8659-HDIYE,878.96
3658-KIBGF,611.46
3474-BAFSJ,758.23
5519-YLDGW,1324.78
3865-ZFZIB,270.48
1855-AGAWH,1242.87
7109-CQYUZ,1299.16
1370-GGAWX,1306.85
4680-KUTAJ,684.73
5307-UVGNB,623.83
4946-EDSEW,202.21
2883-ILGWO,1531.91
2516-VQRRV,1044.86
7580-UGXNC,614.63
3642-BYHDO,243.87
9629-NHXFW,213.7
2696-RZVZW,307.95
5766-FTRTS,1249.29
0396-HUJBP,207.77
5178-LMXOP,1338.6
8879-ZKJOF,1131.25
6285-FTQBF,333.52
8185-UPYBR,1008.15
4585-HETAI,988.48
7526-BEZQB,1185.51
1474-JUWSM,903.58
3530-CRZSB,231.6
8498-XXGWA,739.75
9617-INGJY,902.91
0621-TSSMU,226.57
7234-KMNRQ,203.75
7636-PEPNS,581.62
4683-WYDOU,1605.47
9052-DHNKM,886.44
6794-HKIAJ,1149.37
5578-NKCXI,1454.8
1642-HMARX,1421.57
3096-WPXBT,1603.17
8434-PNQZX,1055.59
5950-AAAGJ,1119.37
4299-OPXEJ,259.71
4951-UKAAQ,1140.78
9618-LFJRU,227.34
6693-DJWTY,744.75
0744-GKNGE,1052.86
6447-EGDIV,259.32
1167-OYZJF,260.6
2108-YKQTY,601.39
4806-DXQCE,1913.91
4918-QLLIW,618.93
7056-IMHCC,1332.83
4854-SSLTN,898.14
5294-DMSFH,1090.55
4837-PZTIC,570.79
1625-JAIIY,1154.8
0603-OLQDC,890.55
3272-VUHPV,695.99
4176-FXYBO,1395.2
1063-DHQJF,1343.44
8663-UPDGF,841.34
6719-FGEDO,1476.14
1837-YQUCE,859.81
2947-DOMLJ,632.04
4112-LUEIZ,1035.78
0369-ZGOVK,1008.97
4510-HIMLV,897.71
9919-KNPOO,1306.73
8749-JMNKX,1305.53
7872-BAAZR,254.31
9391-LMANN,1403.75
2430-USGXP,1397.76
8174-TBVCF,1403.51
1698-XFZCI,1532.91
1877-HKBQX,796.76
4450-DLLMH,945.82
0428-AXXLJ,240.11
2746-DIJLO,677.39
5955-ERIHD,1148.25
0917-EZOLA,1551.69
3508-VLHCZ,1315.98
4086-ATNFV,772.56
0468-YRPXN,1315.26
5996-NRVXR,1499.96
3739-YBWAB,479.52
7047-FWEYA,1350.06
2000-MPKCA,1531.87
9762-YAQAA,1063.11
5949-EBSQK,737.27
5473-KHBPS,1313.61
0100-DUVFC,1433.82
5397-TUPSH,932.04
8950-MTZNV,535.74
0326-VDYXE,1330.32
6773-LQTVT,372.44
7274-RTAPZ,1268.11
0436-TWFFZ,1296.96
8566-YPRGL,213.76
0311-UNPFF,1151.93
6609-MXJHJ,296.31
2669-OIDSD,1434.72
8400-WZICQ,784.21
3834-XUIFC,1090.59
9576-SYUHJ,1266.59
0410-IPFTY,1096.22
2831-EBWRN,513.78
9430-NKQLY,317.52
8414-MYSHR,1168.51
0247-SLUJI,215.09
9402-ORRAH,1172.88
6483-OATDN,624.79
1293-HHSHJ,251.55
4840-ORQXB,1401.94
7599-FKVXZ,1328.81
3982-DQLUS,1125.7
8610-ZIKJJ,222.84
3756-VNWDH,1510.8
7801-KICAO,859.81
7673-LPRNY,1089.11
8229-TNIQA,581.05
6060-QBMGV,252.51
7339-POGZN,529.0
2828-SLQPF,540.85
4465-VDKIQ,1005.05
2921-XWDJH,1047.4
6221-AVQYL,906.37
2558-BUOZZ,1416.51
9257-AZMTZ,268.25
0003-MKNFE,685.3
0975-UYDTX,1108.51
7743-EXURX,602.34
4682-BLBUC,920.16
0975-VOOVL,358.95
5968-VXZLG,544.01
5569-KGJHX,1111.74
4988-IQIGL,1049.6
5201-FRKKS,1022.24
9799-CAYJJ,878.05
7730-IUTDZ,984.98
0426-TIRNE,229.33
5443-SCMKX,1399.76
8295-KMENE,1068.44
6738-ISCBM,709.49
9821-BESNZ,1494.23
3678-MNGZX,251.21
1335-NTIUC,278.74
2916-BQZLN,1138.42
4558-CGYCZ,219.97
2368-GAKKQ,1779.65
8710-YGLWG,524.22
3199-XGZCY,1014.07
3785-KTYSH,303.81
6814-ZPWFQ,334.61
4063-EIKNQ,213.6
6993-YCOBK,1726.36
5206-HPJKM,709.38
7587-RZNME,498.73
0748-RDGGM,1630.67
8393-JMVMB,231.2
5019-GQVCR,977.77
6036-TTFYU,229.06
2550-AEVRU,631.73
0969-RGKCU,225.56
0378-CJKPV,1852.04
4706-AXVKM,1045.7
5889-JTMUL,1194.33
9026-RNUJS,597.98
3746-EUBYR,1045.44
2332-EFBJY,204.01
2880-FPNAE,892.86
1703-MGIAB,925.95
4311-QTTAI,253.13
9474-PHLYD,723.9
4318-RAJVY,217.88
2165-VOEGB,1645.47
3612-YUNGG,1765.91
2254-DLXRI,1039.39
5062-CJJKH,661.5
9028-LIHRP,1526.99
2219-MVUSO,537.24
1053-MXTTK,1687.29
1530-ZTDOZ,560.66
1301-LOPVR,772.64
0853-TWRVK,1526.34
8914-RBTSB,1299.31
6212-ATMLK,1297.48
8200-LGKSR,1241.66
1568-BEKZM,1394.53
0670-ANMUU,1344.84
6897-RWMUB,980.08
0963-ZBDRN,1237.89
7594-RQHXR,931.73
6999-CHVCF,1555.7
6134-KWTBV,340.19
1077-HUUJM,819.37
6331-EWIEB,1103.06
0895-LNKRC,235.47
2045-BMBTJ,746.79
8417-GSODA,1247.56
5171-EPLKN,232.75
4452-QIIEB,532.72
5998-VVEJY,1023.88
1624-NALOJ,1015.65
6741-EGCBI,1267.79
7820-ZYGNY,1328.52
4317-VTEOA,610.33
9677-AVKED,1155.38
1670-SVOWZ,1248.76
2227-JRSJX,1325.39
9847-HNVGP,249.6
6696-YDAYZ,253.25
8980-WQFWL,809.97
1730-ZMAME,1046.85
6506-EYCNH,225.03
4634-JLRJT,212.91
9501-UKKNL,674.37
2560-QTSBS,275.32
7541-YLXCL,829.97
4795-WRNVT,779.63
6080-TCMYC,996.25
0260-ZDLGK,986.7
7860-UXCRM,1146.45
6357-JJPQT,1120.58
2292-XQWSV,742.14
9552-TGUZV,975.07
5913-INRQV,1193.78
8722-NGNBH,481.83
6210-KBBPI,1205.11
9643-YBLUR,879.6
8734-FNWVH,716.25
9447-YPTBX,257.81
0133-BMFZO,1174.13
6128-CZOMY,610.65
9540-JYROE,824.47
9026-LHEVG,519.58
2260-USTRB,942.7
3656-TKRVZ,644.25
7011-CVEUC,1328.78
6185-TASNN,564.71
7925-PNRGI,1023.54
8623-TMRBY,1077.67
1552-CZCLL,226.4
3038-PQIUY,910.51
1501-SGHBW,550.0
9313-CDOGY,232.18
8148-BPLZQ,585.45
2623-DRYAM,1370.54
9987-LUTYD,777.32
3208-YPIOE,909.43
4488-KQFDT,1426.74
2612-RANWT,1274.15
5693-PIPCS,1457.09
0491-KAPQG,946.6
1925-LFCZZ,675.65
8039-EQPIM,899.41
6900-PXRMS,1420.86
8707-RMEZH,1186.57
3346-BRMIS,583.4
3209-ZPKFI,703.69
6479-VDGRK,1285.78
9373-WSLOY,581.39
2933-FILNV,297.83
3569-JFODW,1182.45
9819-FBNSV,938.56
9544-PYPSJ,1404.54
1591-XWLGB,244.24
0396-UKGAI,661.61
3243-ZHOHY,249.79
5186-EJEGL,800.44
7527-QNRUS,305.4
9986-BONCE,241.03
2722-JMONI,587.02
2203-GHNWN,1020.08
3878-AVSOQ,938.6
3258-SYSWS,1775.15
5296-PSYVW,321.32
6319-QSUSR,216.36
4083-EUGRJ,230.42
7579-OOPEC,597.84
0512-FLFDW,1440.88
1771-OADNZ,1211.98
0487-CRLZF,1043.5
2107-FBPTK,1282.36
9451-WLYRI,234.46
8219-VYBVI,300.79
1991-VOPLL,200.97
9738-QLWTP,1151.49
1016-DJTSV,894.66
9419-IPPBE,1313.02
0174-QRVVY,320.37
5699-BNCAS,324.88
2900-PHPLN,259.47
0612-RTZZA,309.61
8106-GWQOK,805.78
8751-EDEKA,1173.81
6878-GGDWG,225.19
4039-PIMHX,690.87
8450-LUGUK,270.69
3604-WLABM,669.08
0795-GMVQO,1745.01
2259-OUUSZ,447.85
1142-IHLOO,1182.45
6410-LEFEN,551.69
4633-MKHYU,1140.29
6257-RJOHI,658.61
1545-JFUML,1389.5
3194-ORPIK,1167.84
7826-VVKWT,1417.05
1353-GHZOS,777.7
2587-EKXTS,1498.9
5442-BXVND,290.68
8816-VXNZD,995.43
9378-FXTIZ,875.54
1723-HKXJQ,1372.76
7825-GKXMW,547.6
9753-OYLBX,229.86
2364-UFROM,944.78
6656-JWRQX,370.97
6473-ULUHT,1145.58
1240-KNSEZ,223.62
0836-SEYLU,469.52
4433-JCGCG,1283.2
3716-BDVDB,885.47
7688-AWMDX,834.66
2842-BCQGE,1005.98
7244-QWYHG,586.15
5899-MQZZL,1092.78
6849-OYAMU,1406.39
5312-UXESG,1351.76
9488-HGMJH,896.81
6038-GCYEC,680.47
2150-WLKUW,855.71
7159-FVYPK,879.99
7032-LMBHI,892.31
1150-WFARN,1733.81
6088-BXMRG,1260.91
3144-AUDBS,584.16
4821-SJHJV,1204.14
7346-MEDWM,1163.14
1137-DGOWI,910.65
5616-PRTNT,232.94
3812-LRZIR,329.54
4818-QIUFN,998.36
9483-GCPWE,225.92
4227-OJHAL,978.75
9220-CXRSC,899.52
4993-JCRGJ,1085.15
9537-JALFH,274.41
6698-OXETB,256.02
2103-ZRXFN,609.96
3724-BSCVH,222.67
4877-TSOFF,974.62
9209-NWPGU,886.76
6961-VCPMC,930.88
7306-YDSOI,887.97
5288-AHOUP,989.13
6688-UZPWD,1505.55
0655-YDGFJ,668.29
8468-EHYJA,1344.5
6823-SIDFQ,217.29
1097-FSPVW,714.95
2839-RFSQE,250.35
8328-SKJNO,499.02
7010-ZMVBF,212.31
5201-CBWYG,296.25
0968-GSIKN,925.42
1965-DDBWU,1206.41
9057-SIHCH,1292.52
6352-GIGGQ,1149.62
3635-QQRQD,228.98
6771-XWBDM,1454.79
2897-DOVND,849.81
3082-YVEKW,971.64
0191-EQUUH,494.54
7134-HBPBS,1683.26
3489-HHPFY,1060.99
2926-JEJJC,231.53
8601-QACRS,602.12
4950-BDEUX,591.05
5789-LDFXO,274.61
0508-OOLTO,877.49
2984-TBYKU,1644.32
9822-WMWVG,1459.1
2391-SOORI,608.88
9040-KZVWO,976.28
2645-QTLMB,1186.19
4806-HIPDW,780.4
1548-ARAGG,722.14
6339-RZCBJ,1160.97
4424-TKOPW,1104.11
4415-WNGVR,1007.42
2522-AHJXR,1545.06
0412-UCCNP,907.65
1816-FLZDK,348.66
7096-UCLNH,216.25
8443-ZRDBZ,870.81
9136-ALYBR,294.8
4615-PIVVU,1006.51
8885-QSQBX,614.66
7479-NITWS,1133.55
8617-ENBDS,949.83
9385-NXKDA,1168.46
0430-IHCDJ,575.38
2959-MJHIC,1062.52
6674-KVJHG,298.95
1814-DKOLC,284.58
4201-JMNGR,649.42
9351-HXDMR,1804.63
3537-HPKQT,1072.36
2129-ALKBS,290.42
5821-MMEIL,269.91
5960-WPXQM,979.02
0684-AOSIH,1182.59
8260-NGFNY,290.8
1309-XGFSN,975.48
1866-RZZQS,1305.33
6968-URWQU,657.9
4742-TXUEX,227.16
9631-XEYKE,541.82
8631-NBHFZ,1140.67
1335-MXCSE,775.65
8873-TMKGR,224.89
8800-JOOCF,1011.85
1469-LBJQJ,1321.99
4958-XCBDQ,1344.66
8337-UPOAQ,1109.14
0064-YIJGF,997.25
2386-OWURY,1240.15
1725-IQNIY,1691.82
0310-VQXAM,236.22
6598-RFFVI,233.04
3453-RTHJQ,859.53
6712-OAWRH,1197.81
6278-FEPBZ,223.51
4280-DLSHD,657.0
1508-DFXCU,1017.64
8614-VGMMV,596.05
7868-BGSZA,1062.49
2800-QQUSO,1260.03
2930-UOTMB,788.72
7973-DZRKH,1292.97
5914-DVBWJ,1039.2
7698-YFGEZ,209.84
2533-QVMSK,1420.61
9773-PEQBZ,968.89
8644-XLFBW,933.38
0650-BWOZN,954.86
8625-AZYZY,1222.77
7785-RDVIG,222.68
9602-WCXPI,258.5
2903-YYTBW,507.83
3620-MWJNE,693.8
8573-JGCZW,225.14
6837-HAEVO,1549.32
6701-YVNQG,1198.87
9306-CPCBC,858.49
4304-XUMGI,1042.67
9504-YAZWB,259.93
8819-ZBYNA,1633.57
6174-NRBTZ,379.24
9481-IEBZY,1536.61
1833-VGRUM,955.09
6137-NICCO,1191.83
9065-ZCPQX,1148.04
6402-EJMWF,641.11
3620-EHIMZ,264.57
3213-VVOLG,293.21
6870-ECSHE,245.74
8747-UDCOI,264.7
8374-XGEJJ,1340.43
2656-TABEH,1259.73
6946-LMSQS,1203.38
4626-OZDTJ,1116.97
9169-BSVIN,832.85
2325-ZUSFD,900.6
8194-PEEBY,233.47
6872-HXFNF,836.61
3932-CMDTD,1464.4
7714-YXSMB,1239.44
8387-UGUSU,225.02
1080-BWSYE,321.12
4039-HEUNW,1206.26
1194-HVAIF,1291.46
0812-WUPTB,838.13
3594-UVONA,1241.7
0004-TLHLJ,977.46
1767-TGTKO,574.92
8439-LTUGF,218.27
8805-JNRAZ,585.74
5089-IFSDP,1521.81
6418-HNFED,1169.64
0206-OYVOC,247.35
7291-CDTMJ,233.76
7128-GGCNO,891.26
0237-YFUTL,1495.0
7691-KGKGP,829.53
6710-HSJRD,1445.14
3675-EQOZA,237.52
0840-DCNZE,1120.54
1732-FEKLD,1315.06
9862-KJTYK,303.27
0479-HMSWA,1472.84
5854-KSRBJ,327.96
0365-BZUWY,1314.72
4817-VYYWS,1274.45
5701-SVCWR,258.36
3129-AAQOU,326.15
4922-CVPDX,1071.43
1396-QWFBJ,966.4
1357-BIJKI,1445.68
1099-BTKWT,683.47
5299-SJCZT,1299.94
2018-PZKMU,1262.36
7340-KEFQE,457.0
4570-QHXHL,505.39
2403-BCASL,1646.49
7392-YYPYJ,1366.39
2898-LSJGD,742.36
2223-GDSHL,1637.02
7359-PTSXY,543.39
9470-RTWDV,1091.16
2176-OSJUV,948.25
9348-YVOMK,487.84
8104-OSKWT,987.77
4521-YEEHE,1170.76
4090-KPJIP,977.45
3786-WOVKF,1359.85
4503-BDXBD,944.21
6086-ESGRL,1025.25
2592-HODOV,240.83
3886-CERTZ,1616.01
7995-ZHHNZ,756.84
3824-RHKVR,215.6
5816-SCGFC,556.65
5989-AXPUC,1776.23
4979-HPRFL,327.55
8590-OHDIW,259.92
8015-IHCGW,1827.17
2332-TODQS,306.29
9278-VZKCD,1513.68
8008-OTEZX,228.67
2773-OVBPK,1656.14
5999-LCXAO,396.36
5206-XZZQI,1045.71
4803-LBYPN,256.26
5759-RCVCB,415.43
6372-RFVNS,1067.15
2139-FQHLM,1105.43
8261-GWDBQ,1824.82
1093-YSWCA,231.4
8938-UMKPI,1281.37
0991-BRRFB,623.49
3882-IYOIJ,1849.53
8749-TZYEC,306.79
1755-FZQEC,220.35
3115-JPJDD,1156.26
5600-KTXFM,884.54
3871-IKPYH,901.69
6319-IEJWJ,1224.5
9025-AOMKI,1184.63
6339-TBELP,1414.1
7964-YESJC,837.02
6173-GOLSU,1241.58
5275-SQEIZ,944.12
7716-YTYHG,1101.87
9938-ZREHM,929.26
7950-XWOVN,436.22
4390-KYULV,234.89
4647-MUZON,1170.18
9702-AIUJO,598.15
8849-PRIQJ,1648.89
8851-RAGOV,973.91
1304-NECVQ,1041.92
5396-IZEPB,228.46
1729-VLAZJ,529.01
8285-ABVLB,261.36
0701-TJSEF,904.96
5712-VBOXD,210.11
6629-LADHQ,612.49
8945-GRKHX,960.33
1559-DTODC,313.67
4797-MIWUM,240.15
6959-UWKHF,499.23
8720-RQSBJ,464.71
4537-CIBHB,232.65
3815-SLMEF,446.96
5154-VEKBL,749.69
4324-AHJKS,697.34
4355-CVPVS,1228.6
4495-LHSSK,673.72
5655-JSMZM,1317.24
5915-ANOEI,1094.35
9861-PDSZP,1795.03
4505-EXZHB,971.89
7225-CBZPL,1192.94
6704-UTUKK,544.64
4587-VVTOX,1331.18
2019-HDCZY,1488.5
4652-NNHNY,1010.54
8788-DOXSU,819.69
7404-JLKQG,665.07
7421-ZLUPA,384.02
8972-HJWNV,1076.5
3274-NSDWE,262.89
2632-IVXVF,1655.28
3692-JHONH,1519.83
8915-NNTRC,1670.92
5914-GXMDA,209.19
7463-IFMQU,285.06
2920-RNCEZ,945.75
2541-YGPKE,834.83
8515-OCTJS,293.26
5382-TEMLV,646.52
3441-CGZJH,811.12
9592-ERDKV,1057.37
2860-RANUS,1122.62
5261-QSHQM,300.71
4778-IZARL,1803.7
0432-CAJZV,1184.68
7008-LZVOZ,309.63
8868-WOZGU,1463.2
1200-TUZHR,1170.87
9365-CSLBQ,364.08
1334-FJSVR,274.54
5884-FBCTL,328.13
7130-CTCUS,610.15
6242-FEGFD,1516.56
7625-XCQRH,944.98
6194-HBGQN,1225.11
7634-WSWDB,452.81
6986-IXNDM,1102.3
1731-TVIUK,1182.73
2987-BJXIK,1079.76
9769-TSBZE,988.02
0406-BPDVR,1275.75
0618-XWMSS,991.53
1395-WSWXR,233.17
6023-GSSXW,838.54
6752-APNJL,736.33
5276-KQWHG,899.92
0420-HLGXF,1236.95
7446-KQISO,1593.4
9823-EALYC,1167.57
0582-AVCLN,260.58
5803-NQJZO,911.38
2565-JSLRY,276.65
2607-DHDAK,221.16
1073-XXCZD,321.49
0743-HRVFF,739.65
4006-HKYHO,1290.54
3727-JEZTU,228.17
8143-ETQTI,229.09
6689-KXGBO,576.49
9667-TKTVZ,671.58
3657-COGMW,1466.05
8570-KLJYJ,693.12
7754-IXRMC,530.9
9473-CBZOP,800.36
2969-WGHQO,869.12
6615-NGGZJ,1297.39
4334-HOWRP,1038.78
4255-DDUOU,212.72
5863-OOKCL,191.09
1686-STUHN,246.29
1329-VHWNP,290.28
2984-MIIZL,934.9
0266-GMEAO,1677.95
5590-YRFJT,295.38
5574-NXZIU,1801.57
0019-GFNTW,676.06
4256-ZWTZI,650.89
8309-PPCED,1537.11
4098-NAUKP,1064.94
5196-WPYOW,709.63
4608-LCIMN,513.91
1485-YDHMM,1330.41
4054-CUMIA,236.82
0603-TPMIB,325.08
2525-GVKQU,265.78
8161-QYMTT,1153.98
9581-GVBXT,474.69
5862-BRIXZ,883.57
5404-GGUKR,566.19
3308-JSGML,937.97
2126-GSEGL,1255.44
3677-TNKIO,901.06
0440-QEXBZ,635.34
2434-EEVDB,1616.26
6762-QVYJO,857.59
6199-IWKGC,1418.85
2675-DHUTR,1271.48
8152-VETUR,1447.6
9667-EQRXU,504.62
7446-YPODE,744.35
9522-BNTHX,653.4
4676-WLUHT,660.25
3329-WDIOK,651.33
7980-MHFLQ,328.83
2873-ZLIWT,1175.6
3415-TAILE,778.75
0757-WCUUZ,911.47
1629-DQQVB,634.22
1915-IOFGU,852.83
3045-XETSH,1223.86
0374-AACSZ,583.17
7239-HZZCX,213.66
4872-VXRIL,898.81
9140-CZQZZ,1165.55
3423-HHXAO,219.54
9938-TKDGL,1600.96
0531-ZZJWQ,1016.06
6537-QLGEX,468.55
2688-BHGOG,932.67
7683-CBDKJ,811.21
0946-CLJTI,1288.15
3160-TYXLT,598.76
1325-USMEC,1460.98
0916-QOFDP,1116.95
0628-CNQRM,885.03
5606-AMZBO,996.95
6199-IPCAO,337.66
7665-TOALD,853.12
0112-QWPNC,1259.2
0324-BRPCJ,1209.7
2777-PHDEI,1056.29
5640-CAXOA,523.02
2235-EZAIK,1191.83
3847-BAERP,234.43
1196-AMORA,988.04
4282-YMKNA,931.0
1453-RZFON,576.99
8263-OKETD,921.3
0670-KDOMA,224.95
2476-YGEFM,995.87
8687-BAFGU,1017.84
0641-EVBOJ,1031.39
0829-XXPLX,1216.98
9974-JFBHQ,1310.19
5356-RHIPP,224.18
6624-JDRDS,361.63
0608-JDVEC,236.56
9780-FKVVF,695.52
1919-RTPQD,573.05
5214-NLTIT,1392.36
3345-PBBFH,592.5
5055-BRMNE,1649.86
9189-JWSHV,1194.57
2190-PHBHR,1510.56
2650-GYRYL,230.48
0746-JTRFU,303.96
5208-FVQKB,1036.57
7184-LRUUR,806.0
6627-CFOSN,1459.63
3982-JGSFD,224.95
1574-DYCWE,278.67
7247-XOZPB,1046.12
2466-FCCPT,232.95
6211-WWLTF,1352.13
4826-TZEVA,947.36
6016-NXBNJ,217.31
9138-EFSMO,1041.71
0576-WNXXC,1229.83
4632-XJMEX,907.05
8910-LEDAG,936.91
3452-GWUIN,1249.48
2716-GFZOR,1075.83
3724-UCSHY,208.79
8626-XHBIE,349.13
4628-CTTLA,477.25
3192-LNKRK,1179.49
4439-YRNVD,438.13
2876-VBBBL,226.26
6834-NXDCA,308.19
2208-UGTGR,1399.89
3005-TYFRD,1375.94
8670-MEFCP,1276.08
3079-BCHLN,237.54
7777-UNYHB,228.35
5597-GLBUC,1133.65
7278-CKDNC,1043.5
2748-MYRVK,1443.55
8450-UYIBU,527.72
2969-VAPYH,849.11
4822-YCXMX,1116.13
7181-OQCUT,1268.55
8474-UMLNT,749.83
9821-POOTN,993.52
3836-FZSDJ,319.45
9142-XMYJH,214.91
6559-ILWKJ,692.72
0187-QSXOE,1126.96
7733-UDMTP,732.5
2649-HWLYB,1103.44
5214-CHIWJ,233.92
4229-CZMLL,998.39
6904-JLBGY,1773.28
2465-BLLEU,226.46
1685-VAYJF,529.24
8874-EJNSR,305.74
6917-YACBP,1227.16
5049-MUBWG,1003.48
4223-WOZCM,613.53
0769-MURVM,935.2
9253-VIFJQ,822.2
7030-FZTFM,1625.05
9741-YLNTD,1184.6
5917-RYRMG,233.48
5120-ZBLAI,989.74
1194-BHJYC,940.94
3663-MITLP,1265.49
0906-QVPMS,1623.44
9025-ZRPVR,210.01
1905-OEILC,212.58
7858-GTZSP,1046.15
3285-UCQVC,353.93
6248-BSHKG,257.69
4685-TFLLS,236.9
3470-BTGQO,567.33
1209-VFFOC,887.53
8224-DWCKX,915.01
5482-PLVPE,296.15
4553-DVPZG,1318.46
4902-OHLSK,1248.89
6917-IAYHD,399.08
0495-ZBNGW,990.5
8620-RJPZN,235.42
7572-KPVKK,1741.43
2642-MAWLJ,244.84
2357-COQEK,1337.1
7103-ZGVNT,1011.82
3737-GCSPV,1296.33
2027-WKXMW,1500.23
7137-NAXML,256.68
2428-ZMCTB,193.88
2961-VNFKL,295.17
1768-HNVGJ,869.93
6963-KQYQB,327.68
5934-RMPOV,1012.38
1207-BLKSA,252.95
4088-YLDSU,1531.51
8316-BBQAY,875.51
1166-PQLGG,238.75
3146-JTQHR,218.59
4291-YZODP,223.79
4395-PZMSN,1092.56
6427-FEFIG,1045.63
0017-IUDMW,1828.42
8706-HRADD,475.43
9955-QOPOY,785.77
4385-ZKVNW,646.82
5446-DKWYW,852.03
2034-CGRHZ,1298.34
5797-APWZC,1196.6
3683-QKIUE,563.76
4228-ZGYUW,1146.31
9031-ZVQPT,1665.79
2990-IAJSV,1450.62
8107-KNCIM,949.85
9027-YFHQJ,284.4
5176-LDKUH,930.41
4644-OBGFZ,211.66
7926-IJOOU,224.73
6480-YAGIY,1588.06
4029-HPFVY,945.48
7602-DBTOU,235.77
5345-BMKWB,232.11
3519-ZKXGG,1053.37
5457-COLHT,1188.05
6416-TVAIH,882.04
5451-YHYPW,1769.06
5108-ADXWO,877.39
7998-WNZEM,1241.73
3066-RRJIO,861.29
4664-NJCMS,855.21
0307-BCOPK,210.21
7629-WFGLW,1312.56
2542-HYGIQ,238.87
6715-OFDBP,825.67
5016-LIPDW,256.56
6481-LXPWL,476.01
1567-DSCIC,1083.93
2150-UWTFY,797.5
6124-ACRHJ,214.14
9362-MWODR,844.8
9975-GPKZU,247.98
9625-RZFUK,234.82
5153-LXKDT,1664.06
5161-UBZXI,1803.11
1020-JPQOW,1263.3
7919-ZODZZ,827.62
0565-JUPYD,1605.81
6867-ACCZI,743.16
5939-XAIXZ,693.86
9054-FOWNV,1087.42
2683-BPJSO,1129.41
2157-MXBJS,1017.86
8207-VVMYB,321.78
9732-EQMWY,1421.38
9360-AHGNL,1543.87
1087-UDSIH,209.25
5269-NRGDP,1006.76
6195-MELTI,727.32
5485-WUYWF,843.26
2121-JAFOM,1739.49
8818-DOPVL,1349.62
2632-UCGVD,1395.88
5445-PZWGX,1509.05
1227-UDMZR,1183.91
5198-HQAEN,1175.25
9170-CCKOU,1247.78
2167-FQSTQ,1324.36
2819-GWENI,231.97
1043-YCUTE,302.78
3814-MLAXC,998.57
3572-UUHRS,202.83
2692-PFYTJ,286.22
1226-UDFZR,577.16
5955-EPOAZ,222.74
6821-JPCDC,1316.16
8815-LMFLX,294.83
9135-HSWOC,281.08
8582-KRHPJ,416.05
5811-IWXYM,1501.41
7044-YAACC,934.98
8189-XRIKE,1132.8
1506-YJTYT,1045.0
4123-DVHPH,1114.57
6425-YQLLO,1528.78
5442-UTCVD,1254.59
2228-BZDEE,267.48
7734-DBOAI,503.1
2789-CZANW,1648.79
2091-RFFBA,886.68
2114-MGINA,1151.68
7596-LDUXP,1228.14
3740-RLMVT,775.33
4489-SNOJF,871.53
2192-OZITF,1036.79
5651-CPDND,524.61
2186-QZEYA,702.02
1131-ALZWV,288.23
7729-XBTWX,237.68
9134-WYRVP,1174.38
3284-SVCRO,331.02
9732-OUYRN,218.94
0559-CKHUS,225.57
2931-SVLTV,1437.78
6899-PPEEA,1297.08
7504-UWHNB,895.06
2582-FFFZR,604.96
8908-NMQTX,948.59
2187-LZGPL,439.02
1431-AIDJQ,1155.39
6288-LBEAR,1065.69
4597-NUCQV,1285.35
9019-QVLZD,1061.17
8413-YNHNV,1234.18
5808-TOTXO,254.66
4369-NYSCF,1030.7
6333-YDVLT,1577.08
5324-KTGCG,256.81
5599-HVLTW,1035.75
7394-LWLYN,945.32
3707-LRWZD,1082.18
6873-UDNLD,809.99
2700-LUEVA,243.83
1455-ESIQH,1097.94
0958-YHXGP,927.76
1101-SSWAG,678.61
2979-SXESE,1222.82
4013-TLDHQ,1048.67
5743-KHMNA,310.97
4194-FJARJ,898.36
5325-UWTWJ,1233.11
3969-GYXEL,1013.16
9208-OLGAQ,1065.41
3244-CQPHU,1542.29
2674-MLXMN,1363.68
9708-HPXWZ,498.17
6992-TKNYO,890.17
4468-YDOVK,623.25
3754-DXMRT,534.67
5792-JALQC,929.07
7130-VTEWQ,1011.4
2200-DSAAL,1081.88
4302-ZYFEL,253.71
9351-LZYGF,843.57
4366-CTOUZ,1382.01
6121-VZNQB,203.35
7903-CMPEY,1011.1
1518-OMDIK,489.78
6671-NGWON,227.89
0595-ITUDF,1234.36
6996-KNSML,871.72
1955-IBMMB,266.18
0096-BXERS,625.58
3806-YAZOV,212.42
7998-ZLXWN,229.35
6253-WRFHY,856.78
9133-AYJZG,1322.66
2675-OTVVJ,1200.63
8680-CGLTP,753.17
8430-TWCBX,258.74
5018-GWURO,1210.96
6741-QRLUP,1124.02
4737-HOBAX,1247.2
0537-QYZZN,1027.81
3340-QBBFM,710.35
1704-NRWYE,992.33
2592-SEIFQ,300.2
8200-KLNYW,987.5
3372-CDXFJ,285.26
4781-ZXYGU,212.82
7632-YUTXB,241.62
2718-YSKCS,265.75
9896-UYMIE,1720.62
0853-NWIFK,1227.09
8212-CRQXP,1142.66
6980-CDGFC,260.86
7691-XVTZH,1269.52
2520-SGTTA,247.71
7481-ATQQS,1223.42
2277-VWCNI,565.27
1088-CNNKB,1112.69
8642-GVWRF,981.51
1930-BZLHI,238.66
3400-ESFUW,801.85
5868-YTYKS,210.03
3525-DVKFN,245.05
1482-OXZSY,1366.05
0377-JBKKT,756.96
5778-BVOFB,757.83
3373-YZZYM,217.98
2057-ZBLPD,1091.18
0228-MAUWC,774.68
5502-RLUYV,1293.42
0023-HGHWL,287.52
7663-YJHSN,1511.47
4915-BFSXL,1027.99
3086-RUCRN,1499.36
5215-LNLDJ,303.5
7576-JMYWV,1565.53
9039-RBEEE,595.95
0257-KXZGU,777.71
1307-ATKGB,1153.3
8417-FMLZI,1106.09
3714-XPXBW,998.96
1850-AKQEP,222.97
2824-DXNKN,1038.01
5227-JSCFE,698.04
0848-ZGQIJ,1185.67
3621-CHYVB,652.52
8042-RNLKO,297.17
1792-UXAFY,1011.07
5372-FBKBN,238.92
0420-TXVSG,963.47
6217-TOWGS,934.99
0515-YPMCW,807.55
0378-XSZPU,799.91
1045-LTCYT,209.09
1544-JJMYL,990.8
4636-JGAAI,1088.97
6874-SGLHU,1402.83
5951-AOFIH,851.17
4729-XKASR,283.51
3059-NGMXB,815.01
8652-YHIYU,1122.8
5278-PNYOX,1443.83
5449-FIBXJ,1372.54
3486-HOOGQ,1122.17
5061-PBXFW,712.26
8630-FJLIB,803.72
3891-NLXJB,574.46
4749-OJKQU,933.84
0577-WHMEV,1165.82
5453-AXEPF,1079.58
3639-XJHKQ,800.97
3716-LRGXK,1465.01
2263-SFSQZ,316.77
9950-MTGYX,260.93
3397-AVTKU,753.03
4825-FUREZ,256.77
9837-BMCLM,1024.52
2672-OJQZP,555.04
0137-UDEUO,200.29
3134-DSHVC,1411.91
6161-UUUTA,970.23
7821-DPRQE,1503.22
6543-XRMYR,1323.17
2001-EWBQU,1652.43
4925-LMHOK,713.5
1608-GMEWB,1186.67
6695-AMZUF,1319.02
1455-UGQVH,1269.58
8410-BGQXN,230.47
8280-MQRQN,613.89
1619-YWUBB,303.61
7611-YKYTC,925.35
2037-SGXHH,1131.5
3178-FESZO,1315.4
0365-GXEZS,1095.18
0082-OQIQY,1360.39
6087-MVHJH,1194.64
4603-JANFB,938.73
3018-TFTSU,1027.71
3606-SBKRY,606.05
4806-KEXQR,1057.93
0667-NSRGI,930.77
7083-YNSKY,291.12
6893-ODYYE,1339.33
8242-JSVBO,544.24
2479-BRAMR,1178.17
9541-ZPSEA,1281.35
2665-NPTGL,1305.97
1139-WUOAH,786.56
4693-VWVBO,224.03
7434-SHXLS,228.11
6937-GCDGQ,665.96
0988-JRWWP,604.81
5075-JSDKI,332.44
7908-QCBCA,828.79
8644-XYTSV,508.43
6711-FLDFB,911.09
3873-WOSBC,339.8
7465-ZZRVX,891.99
7975-JMZNT,1217.57
7251-XFOIL,1215.76
4116-IQRFR,274.54
3714-JTVOV,1023.39
8259-DZLIZ,712.89
0442-ZXKVS,1719.07
7853-WNZSY,210.08
3120-FAZKD,301.48
8606-OEGQZ,309.99
0225-ZORZP,1116.54
4702-IOQDC,965.0
9489-JMTTN,1242.8
0575-CUQOV,1446.81
0967-BMLBD,209.16
6178-KFNHS,953.8
2830-LEWOA,1414.2
5006-MXVRN,242.02
1264-BYWMS,1189.85
9658-WYUFB,1273.66
8327-WKMIE,238.61
6917-FIJHC,342.19
5329-KRDTM,1131.91
7797-EJMDP,835.24
3530-VWVGU,234.32
2013-SGDXK,1066.96
6368-NWMCE,800.34
3633-CDBUW,1115.92
0707-HOVVN,1036.51
8580-QVLOC,1271.49
3956-MGXOG,1035.28
9274-UARKJ,1029.06
4077-HWUYD,1236.82
2012-NWRPA,1286.12
8808-ELEHO,1049.91
0103-CSITQ,1493.83
3506-LCJDC,217.45
8671-KKKOS,599.23
7305-ZWMAJ,253.93
9518-XXBXE,1076.71
3934-HXCFZ,1389.42
6578-KRMAW,1305.31
4860-IJUDE,907.26
7666-WKRON,1214.51
9688-YGXVR,1139.39
0423-UDIJQ,585.38
1945-XISKS,255.94
4910-AQFFX,1055.44
2154-KVJFF,1059.44
5360-LJCNJ,1476.17
2607-FBDFF,621.78
9647-ERGBE,1255.31
3428-XZMAZ,890.34
1100-DDVRV,600.31
0378-TOVMS,1099.36
4355-HBJHH,1170.57
6728-WYQBC,221.88
9058-CBREO,665.33
9029-FEGVJ,934.15
7216-KAOID,226.44
0318-QUUOB,1041.99
6145-NNPNO,545.06
5520-FVEWJ,1067.83
5339-TJFEK,1432.34
5572-ZDXHY,1114.95
2074-GUHPQ,1211.26
4625-XMOYM,362.67
5827-MWCZK,1375.45
1385-TQOZW,238.44
5914-XRFQB,1683.61
4329-YPDDQ,1453.13
4804-NCPET,249.5
3750-CKVKH,817.21
5944-UGLLK,754.63
8063-GBATB,1075.14
7787-BNTZM,232.49
2252-ISRNH,1140.42
9415-TPKRV,726.21
5322-TEUJK,1672.27
4547-KQRTM,1027.85
4877-EVATK,232.29
1866-DIOQZ,893.74
8375-KVTHK,1495.07
2697-NQBPF,1307.05
3709-OIJEA,1268.45
7639-SUPCW,609.69
1386-ZIKUV,205.4
0599-XNYDO,891.08
6377-WHAOX,1474.29
6855-VLGOS,257.67
8999-XXGNS,1426.68
8746-OQQRW,278.97
3181-MIZBN,211.9
0471-ARVMX,1635.44
7766-CLTIC,724.61
5650-YLIBA,1095.43
0825-CPPQH,249.28
9084-OAYKL,255.43
6122-LJADA,1300.31
2400-XIWIO,1350.94
7524-VRLPL,1059.06
1069-XAIEM,1144.64
7569-NMZYQ,1906.79
5201-USSQZ,1187.7
2105-PHWON,1226.96
1494-EJZDW,234.26
4884-TVUQF,1500.07
8003-EWNDZ,239.17
1897-RCFUM,297.58
9256-JTBNZ,202.17
4658-HCOHW,1358.38
2211-RMNHO,1216.13
2432-TFSMK,1202.36
3440-JPSCL,1378.43
4929-ROART,717.08
1834-ABKHQ,718.64
1741-WTPON,1750.72
3932-IJWDZ,1434.4
1240-HCBOH,364.67
3594-KADLU,466.77
8065-BVEPF,1250.63
3796-ENZGF,939.2
1734-ZMNTZ,301.93
2853-CWQFQ,746.42
0813-TAXXS,1115.95
2519-TWKFS,692.01
2889-FPWRM,1723.64
0626-QXNGV,280.42
6723-CEGQI,686.22
6987-XQSJT,1034.04
4732-RRJZC,226.86
9499-XPZXM,919.76
4338-EYCER,706.6
3007-FDPEA,198.45
6350-XFYGW,1202.4
4290-BSXUX,1026.39
8513-OLYGY,1728.94
0311-QYWSS,657.25
8705-DWKTI,1069.0
8755-IWJHN,1321.93
0325-XBFAC,1224.19
4480-QQRHC,999.82
0929-PECLO,1156.15
3680-CTHUH,1638.0
1202-KKGFU,713.47
6112-KTHFQ,224.7
1852-XEMDW,749.4
2462-XIIJB,1143.14
4760-XOHVN,221.49
1820-DJFPH,323.65
9426-SXNHE,202.36
9068-FHQHD,215.86
1269-FOYWN,245.66
9470-YFUYI,918.17
7817-BOQPW,862.76
7402-EYFXX,1041.27
1853-UDXBW,925.24
9895-VFOXH,294.57
5458-CQJTA,1067.05
1230-QAJDW,853.79
5701-ZIKJE,651.22
5219-YIPTK,1462.37
5032-MIYKT,835.42
7396-VJUZB,541.85
9717-QEBGU,820.69
5172-RKOCB,1645.33
6509-TSGWN,297.78
3540-RZJYU,1175.2
3178-CIFOT,235.75
2091-MJTFX,659.15
4530-NDRKU,236.05
5985-TBABQ,1085.48
9800-ONTFE,966.88
6743-HHQPF,292.77
8455-HIRAQ,539.75
6616-AALSR,1499.47
0883-EIBTI,234.0
9415-ZNBSX,1265.92
4018-KJYUY,223.21
0722-TROQR,928.87
7571-YXDAD,985.46
3884-UEBXB,507.32
8780-RSYYU,211.86
5537-UXXVS,237.72
1791-PQHBB,716.73
8701-DGLVH,264.61
8741-LQOBK,451.86
3393-FMZPV,1193.27
8082-GHXOP,551.49
6402-ZFPPI,1287.24
0980-FEXWF,673.72
7486-KSRVI,1321.21
3011-WQKSZ,235.9
8443-WVPSS,1365.06
3006-XIMLN,1247.95
8218-FFJDS,1262.26
1986-PHGZF,720.68
9965-YOKZB,1034.27
0504-HHAPI,1228.54
9360-OMDZZ,1176.88
6305-YLBMM,1410.42
0345-XMMUG,1636.21
8024-XNAFQ,1575.43
3647-GMGDH,1169.01
2988-GBIVW,1147.71
2832-SCUCO,216.95
7036-ZZKBD,825.56
3791-LGQCY,1359.89
0265-PSUAE,1394.49
0463-TXOAK,339.37
0594-UFTUL,224.13
9509-MPYOD,245.92
9128-CPXKI,1442.58
0129-KPTWJ,1343.86
8166-ZZTFS,1124.12
5855-EIBDE,1591.06
5365-LLFYV,522.68
5956-YHHRX,1254.65
6008-NAIXK,758.48
2956-GGUCQ,1072.46
1928-BXYIV,769.78
5760-FXFVO,1016.2
6595-COKXZ,570.69
0961-ZWLVI,1523.39
5181-OABFK,908.52
4007-NHVHI,1316.13
7816-VGHTO,529.15
5871-DGTXZ,244.03
7550-WIQVA,1579.3
7544-ZVIKX,1528.66
0016-QLJIS,1310.33
7508-DQAKK,1244.23
5176-OLSKT,1059.33
9356-AXGMP,1660.07
3556-BVQGL,248.05
0362-ZBZWJ,1106.45
8979-CAMGB,1533.19
4211-MMAZN,232.09
7581-EBBOU,948.43
4274-OWWYO,929.97
5073-RZGBK,1098.02
1541-ETJZO,638.84
2192-CKRLV,703.28
3154-HMWUU,258.32
6119-SPUDB,578.47
6522-OIQSX,762.78
7813-ZGGAW,1201.06
8748-HFWBO,237.61
1052-QJIBV,243.59
1319-YLZJG,1121.92
4106-HADHQ,1085.26
0723-FDLAY,1171.07
3050-RLLXC,1125.93
9298-WGMRW,1767.48
2369-UAPKZ,1231.91
3088-LHEFH,1059.33
2778-OCLGR,500.82
6583-KQJLK,1257.07
8544-JNBOX,268.68
6681-ZSEXG,842.25
6139-ZZRBQ,279.74
6116-RFVHN,1283.27
0637-KVDLV,978.35
8884-FEEWR,233.19
3125-RAHBV,232.44
6633-MPWBS,604.91
0373-AIVNJ,536.14
8785-EPNCG,255.32
1682-VCOIO,241.9
5729-KLZAR,1005.97
2072-ZVJJX,317.41
8849-AYPTR,1200.04
9518-IMLHK,853.54
1582-RAFML,782.43
3646-ITDGM,245.98
8740-CRYFY,1038.92
3569-VLDHH,968.63
8224-KDLKN,333.7
7594-LZNWR,926.29
4001-TSBTV,1245.56
2962-XPMCQ,514.65
8727-XDPUD,488.03
1043-UXOVO,1626.33
1064-FBXNK,229.91
3996-ZNWYK,268.9
2878-DHMIN,247.69
7762-ONLJY,231.27
1678-FYZOW,959.29
5795-BKOYE,823.75
8627-EHGIP,694.04
7402-PWYJJ,1151.95
5480-TBGPH,1337.29
0018-NYROU,874.66
7501-VTYLJ,655.53
7608-RGIRO,297.9
0480-BIXDE,1055.26
5895-QSXOD,902.11
9814-AOUDH,255.54
6175-IRFIT,915.64
8760-ZRHKE,888.65
1622-HSHSF,248.5
8854-CCVSQ,1029.25
6749-UTDVX,1577.59
5542-DHSXL,647.49
9102-OXKFY,672.46
0511-JTEOY,895.34
5216-WASFJ,1085.05
7808-DVWEP,218.97
7067-KSAZT,1480.69
2284-VFLKH,1437.68
0366-NQSHS,214.56
6532-YLWSI,240.24
3807-BPOMJ,1387.53
3892-NXAZG,1572.51
4948-WBBKL,871.19
4182-BGSIQ,229.38
9300-AGZNL,1224.14
0988-AADSA,1163.17
9972-NKTFD,634.69
3717-LNXKW,1169.29
5734-EJKXG,1706.76
2207-RYYRL,291.79
6729-FZWSY,230.94
9695-IDRZR,1778.92
8144-DGHXP,1245.9
7814-LEEVE,222.04
1112-CUNAO,1208.5
5175-AOBHI,498.97
5174-RNGBH,837.3
8631-WUXGY,1241.42
7270-BDIOA,1208.01
9565-JSNFM,946.81
5906-DVAPM,1101.12
6654-QGBZZ,212.6
8348-JLBUG,1184.04
0607-DAAHE,251.53
5641-DMBFJ,1206.67
9200-NLNPD,723.09
2664-XJZNO,1534.79
9732-KPKBW,672.81
3339-EAQNV,1358.81
0921-OHLVP,1089.31
3389-YGYAI,1345.6
9560-ARGQJ,1091.65
8350-NYMVI,536.82
1600-DILPE,511.43
0536-ESJEP,1100.34
4654-GGUII,505.64
6478-HRRCZ,970.38
8510-BBWMU,243.73
6857-TKDJV,287.96
2360-RDGRO,1426.04
0584-BJQGZ,974.38
5134-IKDAY,852.88
1360-XFJMR,1674.26
3070-DVEYC,906.07
5730-RIITO,400.78
9058-MJLZC,1255.27
5707-ORNDZ,690.3
0902-XKXPN,259.06
5177-RVZNU,257.16
0056-EPFBG,566.57
8993-IZEUX,782.61
8696-JKZNU,962.04
5380-AFSSK,1159.1
8190-ZTQFB,675.77
0931-MHTEM,1242.65
2055-PDADH,1008.09
7515-LODFU,269.16
0440-UEDAI,1360.36
1337-BOZWO,631.56
0868-VJRDR,1775.83
8714-EUHJO,1232.73
6344-SFJVH,319.23
3950-VPYJB,826.2
8041-TMEID,1613.54
7321-ZNSLA,554.51
6941-KXRRV,726.33
3721-CNEYS,870.17
8727-JQFHV,249.91
9475-NNDGC,1611.52
1355-KUSBG,536.06
3688-FTHLT,779.1
0899-LIIBW,1304.64
2568-OIADY,1298.99
1384-RCUXW,1016.67
5825-XJOCM,974.1
6848-YLDFR,1084.43
8125-QPFJD,1148.73
2320-YKQBO,218.13
1193-RTSLK,1075.37
2302-ANTDP,1503.32
5923-GXUOC,1261.86
4973-RLZVI,1019.73
7869-ZYDST,698.15
4501-UYKBC,949.67
1215-EXRMO,278.62
2305-MRGLV,1081.45
8404-VIOMB,863.33
5233-GEEAX,361.04
2359-KLTEK,1268.8
5304-EFJLP,1632.57
2673-ZALNP,224.43
9184-GALIL,251.89
4393-RYCRE,1488.73
9746-MDMBK,1657.27
3162-ZJZFU,1208.34
8404-GFGCZ,738.91
8875-AKBYH,1062.05
4432-ADRLB,532.26
0533-UCAAU,891.11
1394-SUIUH,1147.56
3521-MNKLV,556.97
2533-TIBIX,355.93
8993-PHFWD,313.04
1565-RHDJD,1099.73
7137-RYLPP,1088.91
3765-JXVKY,900.47
5092-STPKP,680.73
7330-WZLNC,1131.71
0114-PEGZZ,1438.77
3359-DSRKA,268.29
8639-NHQEI,1400.67
7161-DFHUF,290.28
3957-LXOLK,1394.13
3720-DBRWL,1159.99
6635-MYYYZ,1111.66
8565-WUXZU,1381.32
5281-BUZGT,1250.63
4994-OBRSZ,1074.42
0562-FGDCR,1007.22
2436-QBZFP,484.88
3420-YJLQT,1064.03
6040-CGACY,219.24
6582-PLFUU,269.57
8242-PDSGJ,601.37
0264-CNITK,281.21
0089-IIQKO,1341.42
7839-NUIAA,791.57
6075-QMNRR,684.99
5378-IKEEG,438.42
5966-EMAZU,1542.55
0440-EKDCF,831.76
4774-HHGGS,241.74
2718-GAXQD,516.17
2055-BFOCC,1148.59
8180-AKMJV,563.69
4298-OYIFC,1217.7
5566-SOEZD,1205.32
9842-EFSYY,739.12
2272-WUSPA,1620.61
4584-LBNMK,303.69
3898-GUYTS,1308.79
0930-EHUZA,1083.68
6413-XKKPU,1239.86
9975-SKRNR,196.37
3703-KBKZP,993.2
1449-XQEMT,218.93
2626-URJFX,613.08
4973-MGTON,1173.4
3682-YEUWS,296.42
1223-UNPKS,264.5
2612-RRIDN,990.71
4735-ASGMA,1189.56
3446-QDSZF,652.9
3669-LVWZB,625.05
6892-EZDTG,1178.01
5117-IFGPS,1160.98
7379-FNIUJ,1349.34
1627-AFWVJ,255.07
9725-SCPZG,1172.73
5884-GCYMI,820.21
3217-FZDMN,1187.85
4486-EFAEB,244.89
0060-FUALY,1286.77
7853-GVUDZ,230.78
7480-QNVZJ,1257.12
6954-OOYZZ,514.89
7088-FBAWU,925.0
8313-AFGBW,1006.26
3943-KDREE,939.51
9239-ZBZZV,568.39
3097-IDVPU,584.42
4398-HSCJH,821.7
2197-OMWGI,724.18
2303-PJYHN,237.87
9795-VOWON,330.13
1237-WIYYZ,221.97
1987-AUELQ,307.24
7852-LECYP,1110.64
4430-UZIPO,417.68
4822-LPTYJ,1418.78
8165-CBKXO,841.25
6527-PZFPV,250.42
4855-SNKMY,539.29
9593-CVZKR,280.74
8595-SIZNC,288.08
8008-HAWED,648.73
7124-UGSUR,1484.28
1862-SKORY,477.49
5236-XMZJY,765.75
4827-DPADN,1300.17
2694-CIUMO,1019.17
5846-ABOBJ,316.9
1439-LCGVL,232.04
0909-SDHNU,408.21
4647-XXZAM,488.49
1502-XFCVR,1573.86
7740-KKCXF,376.67
5360-XGYAZ,974.05
9692-TUSXH,1227.97
7912-SYRQT,951.49
3557-HTYWR,1074.19
4816-JBHOV,619.64
8920-NAVAY,1647.31
1699-TLDLZ,236.56
5600-PDUJF,592.81
8292-TYSPY,671.1
0567-XRHCU,565.87
1867-BDVFH,928.72
2067-QYTCF,1568.85
2359-QWQUL,1387.88
9103-TCIHJ,731.86
7407-SUJIZ,240.57
9150-KPBJQ,232.62
0052-DCKON,1676.7
3654-ARMGP,1354.19
9699-UBQFS,1295.03
9367-TCUYN,224.66
1261-FWTTE,419.08
3528-HFRIQ,661.88
0708-SJDIS,790.75
4140-WJAWW,198.43
2073-QBVBI,512.17
6928-ONTRW,256.43
3320-VEOYC,1263.64
5231-FIQPA,248.2
6617-WLBQC,1094.33
2599-CIPQE,1654.24
6653-CBBOM,821.46
8774-GSBUN,365.42
7326-RIGQZ,831.8
1401-FTHFQ,227.05
3247-ZVOUO,1062.64
0254-FNMCI,1787.06
1848-LBZHY,615.87
6101-IMRMM,1126.04
8118-TJAFG,1397.38
5429-LWCMV,1173.66
7298-IZWLY,222.57
9758-MFWGD,398.03
3955-JBZZM,1143.51
1268-ASBGA,1226.99
8943-URTMR,976.88
4815-TUMEQ,244.78
4713-LZDRV,1030.35
9909-IDLEK,1311.55
4092-OFQZS,226.27
1561-BWHIN,234.99
4325-NFSKC,1148.99
9927-DSWDF,1468.78
9500-LTVBP,1114.87
7252-NTGSS,485.41
8149-AIQCG,946.98
1360-JYXKQ,1496.26
2955-PSXOE,223.57
7762-URZQH,1646.25
0899-WZRSD,1488.8
3255-GRXMG,568.3
4828-FAZPK,1022.1
6094-ZIVKX,690.48
6925-BAYGL,306.02
3262-EIDHV,1265.41
7354-OIJLX,964.29
1376-HHBDV,605.04
6907-NZZIJ,1257.75
6133-OZILE,432.76
4135-FRWKJ,1105.11
2911-UREFD,686.2
3744-ZRRDZ,995.69
5673-TIYIB,512.68
6551-ZCOTS,295.0
7191-ADRGF,732.24
5018-LXQQG,912.16
6892-BOGQE,269.67
1602-IJQQE,970.84
4628-WQCQQ,1090.42
1746-TGTWV,946.49
5995-SNNEW,1394.93
8050-WYBND,586.11
2821-WARNZ,242.21
4879-GZLFH,1200.28
1644-IRKSF,1279.07
8314-HTWVE,256.59
9402-ROUMJ,1486.34
2507-QZPQS,1358.57
7159-NOKYQ,1299.83
5707-ZMDJP,1012.48
8779-YIQQA,238.01
7136-IHZJA,860.03
8966-OIQHG,260.25
7074-STDCN,565.8
3705-PSNGL,243.98
8739-QOTTN,233.09
1399-OUPJN,256.17
0277-BKSQP,629.26
6502-HCJTI,1115.13
2606-RMDHZ,352.94
5774-XZTQC,212.57
2676-SSLTO,1015.44
6266-QHOJZ,1302.7
7269-JISCY,586.04
0363-SVHYR,1308.8
8547-NSBBO,1231.37
8258-GSTJK,940.46
6861-OKBCE,225.32
9940-RHLFB,1005.56
6591-QGOYB,1474.1
9070-BCKQP,1703.64
6421-SZVEM,1154.46
1328-EUZHC,257.1
2995-UPRYS,1390.79
8878-RYUKI,710.9
9633-DENPU,718.92
7811-JIVPF,575.67
7113-HIPFI,953.95
8541-QVFKM,911.07
6686-YPGHK,1273.75
1383-EZRWL,223.55
9258-CNWAC,1614.32
5371-VYLSX,1127.94
6374-AFWOX,943.5
4759-TRPLW,968.95
5317-FLPJF,859.08
7621-VPNET,1045.68
6034-YMTOB,1020.06
8563-IIOXK,595.01
4903-CNOZC,891.34
4353-HYOJD,602.3
8020-BWHYL,972.49
7267-FRMJW,260.74
2982-VPSGI,1153.07
4188-FRABG,1411.58
8199-ZLLSA,1724.61
4128-ETESU,1301.78
0620-DLSLK,1066.62
4625-EWPTF,380.68
5980-NOPLP,1298.0
3850-OKINF,911.4
6892-XPFPU,1381.72
8010-EZLOU,957.16
1156-ZFYDO,221.2
3295-YVUSR,944.19
8016-NCFVO,1676.93
4119-ZYPZY,1544.21
5549-ZGHFB,311.64
7577-SWIFR,1101.01
0303-WMMRN,220.83
6408-OTUBZ,1603.41
5204-HMGYF,1176.48
1078-TDCRN,385.6
3727-OVPRY,318.81
3797-FKOGQ,1088.01
7622-NXQZR,371.82
6196-HBOBZ,1543.55
3970-XGJDU,252.03
7017-VFULY,250.11
5562-YJQGT,217.66
8807-OPMBM,339.88
5439-WIKXB,1192.94
9874-QLCLH,1317.57
8294-UIMBA,1309.58
8109-YUOHE,740.47
5840-NVDCG,1095.54
8092-NLTGF,316.73
5928-QLDHB,913.71
9840-EFJQB,957.19
0696-UKTOX,605.92
4801-KFYKL,216.3
3472-OAOOR,436.69
6135-OZQVA,682.49
8062-YBDOE,927.67
2252-JHJGE,1449.41
4188-PCPIG,1007.38
6000-APYLU,986.91
7105-BENQF,802.17
7721-DVEKZ,222.93
3566-VVORZ,515.52
9507-HSMMZ,252.97
2480-SQIOB,510.65
0947-IDHRQ,1047.9
7813-TKCVO,265.53
0128-MKWSG,545.28
3672-YITQD,988.95
4350-ZTLPI,1547.88
9048-JVYVF,849.17
0361-HJRDX,938.6
5727-MYATE,1280.84
3823-KYNQY,289.74
8988-ECPJR,1050.57
7570-WELNY,1334.58
3021-VLNRJ,879.77
3776-EKTKM,429.16
2080-CAZNM,1367.49
1028-FFNJK,1280.16
6907-FLBER,707.72
3001-UNBTL,1304.39
5982-PSMKW,1273.49
3507-GASNP,264.84
7096-ZNBZI,331.53
1902-XBTFB,1051.65
1676-MQAOA,1060.33
0786-IVLAW,1593.14
7566-DSRLQ,1621.97
0643-OKLRP,1017.21
7245-JMTTQ,1667.85
6050-IJRHS,1468.04
6202-JVYEU,227.48
8591-TKMZH,1709.95
0734-OXWBT,898.36
4282-ACRXS,340.39
0365-TRTPY,1255.46
7349-ALMUX,972.21
9381-NDKME,484.97
6502-KUGLL,718.23
1841-YSJGV,1684.93
2794-XIMMO,820.59
8382-SHQEH,1020.15
3511-BFTJW,539.82
7668-XCFYV,1223.4
2983-ZANRP,950.98
7845-URHJN,230.79
3034-ZBEQN,452.45
5018-HEKFO,266.78
2923-ARZLG,225.15
3976-NLDEZ,216.35
2282-YGNOR,844.74
5336-UFNZP,1507.06
6854-EXGSF,792.39
1241-EZFMJ,313.45
9233-PSYHO,1562.88
5376-PCKNB,1385.43
8044-BGWPI,231.22
4060-LDNLU,1247.22
3589-PPVKW,548.57
8327-LZKAS,1564.31
5887-IKKYO,1540.83
1075-BGWOH,1312.19
1755-RMCXH,214.82
0302-JOIVN,1268.18
3858-XHYJO,1490.42
4299-SIMNS,1160.0
7025-IWFHT,1156.1
6261-LHRTG,710.43
7841-FCRQD,710.95
2056-EVGZL,1575.2
8777-MBMTS,1577.27
7753-USQYQ,830.34
5366-IJEQJ,1192.71
7661-CPURM,1257.12
6233-HXJMX,1213.58
5902-WBLSE,260.09
1981-INRFU,982.51
4971-PUYQO,1129.86
3239-TPHPZ,256.49
5115-GZDEL,990.12
3338-CVVEH,1142.87
8485-GJCDN,853.37
2615-YVMYX,1429.54
2851-STERV,886.0
4393-GEADV,1681.35
8486-AYEQH,929.73
1527-SXDPN,1411.84
6029-WTIPC,1261.86
8634-CILSZ,1375.08
5419-JKZNQ,1111.68
2495-KZNFB,1273.37
1409-PHXTF,1589.81
4560-WQAQW,959.05
9591-YVTEB,588.78
9309-BZGNT,417.97
4274-DRSQT,1195.04
2027-DNKIV,828.45
8075-GXIUB,226.47
2885-HIJDH,1170.06
5424-RLQLC,741.42
6682-QJDGB,734.3
6507-DTJZV,917.9
8780-IXSTS,1075.7
7673-BQGKU,269.36
6723-WSNTY,1513.79
9530-EHPOH,670.0
2725-IWWBA,704.88
0345-HKJVM,1062.57
1061-PNTHC,1463.09
0394-YONDK,326.12
6574-MCOEH,1004.32
7399-QHBJS,994.82
3049-SOLAY,1271.2
0997-YTLNY,627.52
3317-HRTNN,592.55
9479-HYNYL,1165.26
3235-ETOOB,906.41
9708-KFDBY,245.24
8058-INTPH,981.01
3642-GKTCT,1754.85
0774-RMNUW,929.14
1334-PDUKM,1239.37
0756-MPZRL,408.73
2242-MFOTG,1060.76
2927-CVULT,1694.69
2144-BFDSO,1468.19
8745-PVESG,568.3
7647-GYYKX,272.82
5647-FXOTP,1462.86
5569-OUICF,1357.77
8821-XNHVZ,1006.09
2082-OJVTK,1137.96
9700-ISPUP,835.78
9839-ETQOE,518.99
6078-VESFR,901.29
9027-TMATR,1163.55
5940-NFXKV,1077.11
1941-HOSAM,1095.61
9110-HSGTV,1144.46
0704-VCUMB,248.75
6171-ZTVYB,832.17
8053-WWDRO,231.29
9564-KCLHR,601.81
1935-IMVBB,1208.67
2535-PBCGC,900.76
2082-CEFLT,539.86
1470-PSXNM,1213.52
1213-NGCUN,600.77
2498-XLDZR,1021.0
9866-OCCKE,1721.93
5338-YHWYT,870.4
7718-UPSKJ,1458.61
8731-WBBMB,1077.94
1448-CYWKC,1490.01
7901-IIDQV,722.85
2690-DVRVK,240.95
5688-KZTSN,222.1
1270-XKUCC,249.73
0334-ZFJSR,931.3
2894-QOJRX,379.81
5747-PMBSQ,1166.04
5583-EJXRD,747.48
4565-EVZMJ,797.65
3143-JQEGI,1213.33
6386-SZZKH,1554.42
3327-YBAKM,1377.86
9441-QHEVC,207.92
6705-LNMDD,599.22
2580-ASVVY,624.92
3370-GQEAL,1150.11
5032-USPKF,1044.38
2982-IHMFT,965.8
3521-SYVOR,725.1
4254-QPEDE,929.04
6283-GITPX,1091.25
9526-JAWYF,1261.27
0771-CHWSK,1040.74
9788-HNGUT,1589.99
9495-REDIY,479.62
5375-XLDOF,1749.89
1172-VIYBP,1016.18
5649-VUKMC,1297.48
6559-PDZLR,1315.0
8992-OBVDG,798.45
4273-MBHYA,1104.2
4724-WXVWF,1343.89
5701-GUXDC,426.19
1460-UZPRJ,246.02
6082-GLJIX,199.62
5143-EGQFK,357.79
4919-IKATY,1092.15
2495-TTHBQ,240.67
0485-ZBSLN,320.67
3810-PJUHR,312.24
9050-QLROH,1164.29
0847-HGRML,238.98
8232-CTLKO,902.79
9227-YBAXE,1172.25
6168-WFVVF,871.04
9860-LISIZ,250.42
0112-QAWRZ,1103.68
0877-SDMBN,1402.49
2786-GCDPI,1350.65
4043-MKDTV,1571.02
8065-YKXKD,969.87
9637-EIHEQ,644.53
9229-RQABD,320.85
8313-KTIHG,665.66
5320-BRKGK,1126.94
6284-KMNUF,1362.03
9689-PTNPG,989.35
9465-RWMXL,990.86
6229-UOLQL,683.62
2362-IBOOY,1190.87
3137-LUPIX,821.12
0843-WTBXE,1141.98
6143-JQKEA,586.49
8676-OOQEJ,344.95
5515-IDEJJ,207.53
9701-CDXHR,822.55
7450-NWRTR,1218.92
8124-NZVGJ,637.82
2162-FRZAA,559.48
5376-DEQCP,903.37
5118-MUEYH,1291.32
9095-HFAFX,1070.08
5627-TVBPP,243.48
2379-ENZGV,1117.16
3936-QQFLL,199.77
2589-AYCRP,247.29
4067-HLYQI,858.2
5124-EOGYE,251.35
5057-RKGLH,256.77
0292-WEGCH,1113.52
8910-ICHIU,1271.11
4097-YODCF,1441.21
9715-WZCLW,1344.32
9786-YWNHU,969.65
6407-GSJNL,318.95
6005-OBZPH,1220.0
4049-ZPALD,1443.72
7932-WPTDS,289.69
3733-UOCWF,1176.34
6833-JMZYP,1271.61
2722-VOJQL,1456.85
1310-QRITU,635.51
8961-QDZZJ,1306.08
9715-SBVSU,759.91
8490-BXHEO,1014.16
7173-TETGO,1106.41
7929-SKFGK,1749.11
2300-RQGOI,236.46
3563-SVYLG,945.78
5228-EXCET,1043.04
6435-VWCCY,1376.07
4998-IKFSE,1344.53
8630-QSGXK,1114.99
2455-USLMV,1119.2
7394-FKDNK,1092.28
9488-FVZCC,1045.3
6331-LWDTQ,835.77
5995-WWKKG,229.69
1597-FZREH,939.77
7879-CGSFV,1417.63
9921-EZKBY,1303.12
7432-FFVAR,1223.71
7246-ZGQDF,678.21
7000-WCEVQ,798.62
0727-IWKVK,1032.14
5959-BELXA,1242.36
4456-RHSNB,588.83
3512-IZIKN,912.33
2481-SBOYW,309.17
7109-MFBYV,541.26
1833-TCXKK,1449.2
1832-PEUTS,1293.8
6141-OOXUQ,204.71
8660-BUETV,584.24
0580-PIQHM,1432.79
5696-CEIQJ,1436.23
7503-ZGUZJ,1051.37
1696-HXOWK,1375.05
3026-ATZYV,1068.4
4012-YCFAI,836.13
2506-TNFCO,926.45
9970-QBCDA,235.49
8718-PTMEZ,368.11
9496-IVVRP,615.33
2207-OBZNX,591.66
2657-VPXTA,1116.99
6551-VLJMV,250.97
1221-GHZEP,970.25
9289-LBQVU,998.82
6142-VSJQO,512.09
3458-IDMFK,234.61
6933-FHBZC,719.59
0221-NAUXK,237.46
9770-KXGQU,1427.22
6437-UKHMV,995.72
6538-POCHL,1030.23
6726-NNFWD,1412.98
3002-WQZWT,979.99
4277-UDIEF,1012.24
1208-NBVFH,591.92
4912-PIGUY,1065.36
1114-CENIM,750.14
6060-DRTNL,1067.79
2725-TTRIQ,1213.65
3374-TTZTK,1584.77
8990-ZXLSU,925.18
2275-RBYQS,597.95
8473-VUVJN,956.49
6289-CPNLD,972.77
5536-SLHPM,1039.78
4419-UJMUS,1310.61
7794-JASDG,644.07
7609-YBPXG,1265.13
5519-TEEUH,246.36
7856-GANIL,1321.24
0804-XBFBV,296.47
2676-OXPPQ,667.49
3703-TTEPD,857.56
2799-TSLAG,320.59
0196-VULGZ,1182.87
8837-VVWLQ,1124.22
2696-NARTR,895.69
2208-NKVVH,302.14
7614-QVWQL,663.36
1976-CFOCS,491.24
4631-OACRM,1111.32
7139-JZFVG,885.88
4987-GQWPO,315.41
3755-JBMNH,938.22
1757-TCATG,223.41
6345-ULYRW,1173.86
4776-XSKYQ,404.97
8048-DSDFQ,213.81
5753-QQWPW,699.55
6010-DDPPW,321.15
1809-DMJHQ,547.87
6693-FRIRW,1321.75
6586-MYGKD,1150.69
3173-NVMPX,684.48
0248-PGHBZ,1430.62
0623-GDISB,628.23
2892-GESUL,224.22
6923-EFPNL,636.41
7472-EQOAV,1278.34
9574-RKJIF,1170.55
2043-WVTQJ,630.29
8034-RYTVV,1159.56
3863-QSTYI,803.86
2619-WFQWU,924.52
5044-LRQAQ,851.89
1716-LSAMB,732.76
1333-PBMXB,295.81
6546-OPBBH,311.8
5985-BEHZK,1472.67
9127-QRZMH,793.1
5919-VCZYM,222.77
9644-KVCNC,1375.04
2137-DQMEV,582.24
8174-LNWMW,279.32
9279-CJEOJ,1249.4
7964-VEXDG,1053.64
2404-JIBFC,1381.37
0778-NELLA,394.26
8029-XYPWT,1726.53
4614-NUVZD,966.56
4632-PAOYU,250.17
3803-KMQFW,248.98
6804-GDMOI,1729.89
2990-OGYTD,1293.19
6646-JPPHA,1032.03
9572-MTILT,1455.48
7658-UYUQS,1027.96
7880-XSOJX,583.01
9611-CTWIH,1162.73
4589-IUAJB,305.51
0329-GTIAJ,1352.49
8746-BFOAJ,233.45
8457-XIGKN,227.98
6072-NUQCB,240.3
6629-CZTTH,689.47
8838-GPHZP,265.23
8750-QWZAJ,237.19
5364-EVNIB,1038.12
6918-UMQCG,1072.02
0675-NCDYU,1775.63
6339-DKLMK,402.41
1346-PJWTK,1214.91
5088-QZLRL,230.4
8023-QHAIO,1013.7
4397-FRLTA,233.52
3057-VJJQE,759.96
5087-SUURX,494.46
2302-OUZXB,1201.21
8133-ANHHJ,1553.94
2270-CHBFN,1299.8
0013-EXCHZ,1032.66
5982-FPVQN,1232.97
9107-UKCKY,1028.2
4654-ULTTN,1060.66
5550-VFRLC,870.54
5546-BYZSM,221.71
1492-KGETH,973.46
4929-BSTRX,620.88
4163-HFTUK,237.76
8215-NGSPE,233.89
2225-ZRGSG,1435.63
8859-YSTWS,261.49
5271-YNWVR,1817.0
7601-DHFWZ,325.69
2657-ALMWY,1122.48
6330-JKLPC,1082.1
4667-OHGKG,207.81
1998-VHJHK,221.84
1707-HABPF,1072.25
1660-HSOOQ,630.88
7253-UVNDW,803.89
0487-VVUVK,212.27
7228-OMTPN,1109.12
5063-IUOKK,238.33
4508-OEBEY,1028.84
0027-KWYKW,1146.45
2308-STERM,197.85
5982-XMDEX,349.29
6284-AHOOQ,1179.79
6051-PTVNS,237.44
2344-JMOGN,1256.96
3799-ISUZQ,880.06
2877-VDUER,533.38
9152-AMKAK,1089.87
1794-HBQTJ,623.47
9432-VOFYX,936.78
8049-WJCLQ,730.08
6586-PSJOX,677.63
2460-FPSYH,683.46
9705-ZJBCG,756.59
4818-DRBQT,1040.7
1320-HTRDR,990.53
6847-KJLTS,1487.77
9670-BPNXF,879.8
3913-FCUUW,1021.2
3301-VKTGC,1191.13
1493-AMTIE,196.86
9555-SAHUZ,674.69
0816-TSPHQ,228.04
9932-WBWIK,231.79
4619-EVPHY,1228.8
5286-YHCVC,1514.2
6424-ELEYH,864.92
4391-RESHN,1310.81
9115-YQHGA,653.18
4462-CYWMH,1301.57
8963-MQVYN,233.13
2458-EOMRE,796.5
9334-GWGOW,995.93
6821-BUXUX,1225.83
5028-HTLJB,228.11
9801-GDWGV,1291.07
6542-LWGXJ,312.85
5567-GZKQY,264.18
1222-LRYKO,298.78
2320-JRSDE,213.62
2087-QAREY,693.2
0601-WZHJF,626.46
4423-JWZJN,1201.22
5143-WMWOG,219.1
6490-FGZAT,233.37
5393-RXQSZ,1050.74
7452-FOLON,296.11
2320-TZRRH,200.35
0231-LXVAP,1050.09
9444-JTXHZ,1004.6
4942-VZZOM,815.34
5510-BOIUJ,208.53
7502-BNYGS,912.1
4291-HYEBC,538.89
6147-CBCRA,239.3
6047-SUHPR,777.02
4471-KXAUH,1119.0
9752-ZNQUT,579.15
7638-QVMVY,1059.96
1576-PFZIW,1508.77
5666-MBJPT,311.13
7312-XSBAT,639.44
3096-GKWEB,1225.24
2371-JQHZZ,1288.35
0674-GCDXG,1002.56
1121-QSIVB,993.94
4396-KLSEH,211.54
3244-DCJWY,892.56
2824-MYYBN,1143.18
0875-CABNR,1048.29
6345-HOVES,284.59
8318-LCNBW,720.92
6469-QJKZW,233.18
0147-ESWWR,1222.65
1217-VASWC,1459.54
7812-FZHPE,309.05
6370-ZVHDV,327.53
5915-DGNVC,938.39
6260-XLACS,263.73
3566-CAAYU,658.64
4983-CCWMC,884.86
9103-CXVOK,222.63
2896-TBNBE,1173.48
4797-AXPXK,762.26
5229-PRWKT,1071.85
6982-UQZLY,221.86
2522-WLNSF,827.22
3841-CONLJ,398.69
5057-LCOUI,622.67
0193-ESZXP,1495.05
4475-NVTLU,222.78
4369-HTUIF,1172.33
9386-LDCZR,1251.47
9585-KKMFD,234.9
5399-ZIMKF,940.14
0336-KXKFK,886.02
5619-XZZKR,213.59
3948-FVVRP,681.6
5327-XOKKY,965.27
0983-TATYJ,732.16
1813-JYWTO,1236.49
0156-FVPTA,676.41
1984-FCOWB,1507.15
0654-HMSHN,1345.92
6719-OXYBR,1139.36
3312-ZWLGF,1046.95
6476-YHMGA,944.72
5287-QWLKY,1435.19
0795-XCCTE,318.17
0168-XZKBB,1106.26
3785-NRHYR,196.64
5196-SGOAK,1008.26
4537-DKTAL,554.54
7072-MBHEV,953.57
5602-BVFMK,247.89
6297-NOOPG,1662.2
1891-UAWWU,1115.8
8204-TIFGJ,241.33
8050-DVOJX,1197.09
6108-OQZDQ,1268.59
0363-QJVFX,1427.21
8903-XEBGX,678.28
8169-SAEJD,789.45
9840-DVNDC,1050.83
1089-XZWHH,223.51
2325-WINES,1385.2
6064-ZATLR,788.3
3096-JRDSO,1352.4
7824-PANSQ,1064.96
8042-JVNFH,885.9
9648-BCHKM,290.34
2888-ADFAO,237.61
8707-HOEDG,1631.48
3374-LXDEV,1189.82
4072-IPYLT,635.68
7167-PCEYD,253.89
4936-YPJNK,222.8
1580-BMCMR,1213.06
4817-KEQSP,253.95
6408-WHTEF,1252.85
9251-AWQGT,247.27
8749-CLJXC,230.49
7989-VCQOH,1134.99
5049-GLYVG,222.92
4199-QHJNM,1548.79
8882-TLVRW,573.69
5883-GTGVD,1231.07
5135-GRQJV,1750.99
2384-OVPSA,234.74
1371-WEPDS,653.71
3580-GICBM,318.3
4817-QRJSX,1009.02
9730-DRTMJ,983.27
4686-UXDML,1292.9
3349-ANQNH,1326.53
2398-YPMUR,907.09
0932-YIXYU,238.28
7480-SPLEF,359.18
7636-XUHWW,207.25
1431-CYWMH,215.04
5937-EORGB,1209.17
6349-JDHQP,263.7
5539-HIVAK,288.12
5847-MXBEO,236.69
9985-MWVIX,928.97
4583-PARNH,1212.0
1116-FRYVH,566.17
1421-HCERK,1355.28
9633-XQABV,829.56
0716-BQNDX,1439.89
1265-XTECC,1358.33
1183-CANVH,811.18
1972-XMUWV,842.51
8679-LZBMD,1246.21
3407-JMJQQ,1500.02
6252-DFGTK,996.56
1539-LNKHM,226.04
8645-KOMJQ,1199.64
0289-IVARM,724.35
9761-XUJWD,814.98
4057-FKCZK,1132.49
4291-TPNFG,1214.28
6087-YPWHO,965.78
3090-QFUVD,227.12
2237-ZFSMY,1399.98
1722-LDZJS,233.7
1818-ESQMW,1138.8
4871-JTKJF,904.84
1415-YFWLT,1253.17
7401-RUBNK,981.97
0506-YLVKJ,260.79
8661-BOYNW,1211.23
6711-VTNRE,1269.73
4815-GBTCD,275.32
2805-AUFQN,249.47
0980-PVMRC,571.82
7233-DRTRF,1195.6
3500-RMZLT,1317.78
3873-NFTGI,684.06
1162-ECVII,1620.35
7048-GXDAY,1399.05
8571-ZCMCX,951.65
1169-WCVAK,1181.89
4548-SDBKE,1109.71
8066-POXGX,415.67
7129-CAKJW,1052.76
8695-ARGXZ,967.46
3570-YUEKJ,594.04
4143-OOBWZ,1126.48
1555-HAPSU,326.87
1697-NVVGY,834.66
7854-EKTJL,193.74
8464-EETCQ,238.44
2419-FSORS,1842.97
8132-YPVBX,1079.04
9102-IAYHT,1168.52
6754-LZUKA,1202.8
3422-LYEPQ,911.63
8099-MZPUJ,1588.42
0787-LHDYT,206.24
2642-DTVCO,1117.15
0374-IOEGQ,513.19
4361-JEIVL,537.28
3197-NNYNB,1446.82
3396-DKDEL,1735.81
1752-OZXFY,808.8
9066-QRSDU,328.61
9112-WSNPU,863.36
9867-NNXLC,242.25
5321-NTRKC,1074.3
1363-TXLSL,818.11
9507-EXLTT,1002.31
3161-GETRM,1169.05
0402-OAMEN,318.34
6933-VLYFX,856.2
6754-WKSHP,299.85
9846-GKXAS,1146.34
6017-PPLPX,862.67
4976-LNFVV,437.06
5055-MGMGF,1443.52
4641-FROLU,236.94
2862-JVEOY,203.25
2969-QWUBZ,661.08
9822-BIIGN,884.57
2077-MPJQO,929.33
1534-OULXE,683.09
7136-RVDTZ,563.16
2971-SGAFL,909.76
1480-IVEVR,992.49
2905-KFQUV,926.37
4581-SSPWD,936.48
3370-HXOPH,1108.0
9391-YZEJW,1252.02
9958-MEKUC,1514.87
0281-CNTZX,250.39
6927-WTFIV,935.28
4118-CEVPF,1531.8
3398-ZOUAA,922.95
9114-VEPUF,1306.68
7876-BEUTG,556.05
2338-BQEZT,591.59
9873-MNDKV,476.04
0378-NHQXU,1114.09
8241-JUIQO,236.19
2194-IIQOF,1247.76
4512-ZUIYL,944.33
9631-RXVJM,256.22
9584-EXCDZ,898.38
7969-AULMZ,1148.49
5093-FEGLU,239.43
2621-UDNLU,225.95
7526-IVLYU,212.32
2428-HYUNX,234.18
9214-EKVXR,510.54
3410-MHHUM,1259.77
0568-ONFPC,280.16
0733-VUNUW,702.02
4550-EVXNY,900.55
2122-YWVYA,951.34
2968-SSGAA,1358.9
2296-DKZFP,955.1
4844-JJWUY,1003.92
6777-TGHTM,1558.13
8909-BOLNL,238.52
6603-YRDCJ,868.92
3538-WZPHD,312.39
3229-USWAR,1143.46
2138-VFAPZ,255.34
6131-JLWZM,214.06
4785-QRJHC,727.17
0269-XFESX,315.84
1709-EJDOX,238.53
4316-XCSLJ,601.79
8610-WFCJF,1131.55
9693-XMUOB,622.4
0383-CLDDA,1217.42
4905-JEFDW,542.69
2709-UQGNP,587.74
3549-ZTMNH,272.52
7881-INRLC,1336.49
8033-ATFAS,769.44
1635-NZATJ,302.89
0562-HKHML,325.39
8277-RVRSV,289.62
9943-VSZUV,1065.67
0117-LFRMW,500.13
6172-FECYY,985.72
7054-ENNGU,605.32
1455-HFBXA,1473.54
9402-CXWPL,1324.26
1628-BIZYP,1058.63
1965-AKTSX,1014.18
0082-LDZUE,454.35
4786-UKSNZ,244.53
5343-SGUBI,1073.44
0856-NAOES,748.98
1976-AZZPJ,416.63
7248-VZQLC,1173.62
6156-UZDLF,1258.9
3099-OONVS,683.36
9500-WBGRP,235.68
5183-KLYEM,1791.18
5144-PQCDZ,202.0
8514-VZHEB,260.0
6625-IUTTT,876.27
9355-NPPFS,1085.19
0068-FIGTF,1033.39
5965-GGPRW,1627.14
8035-PWSEV,1160.96
2236-HILPA,243.35
1840-BIUOG,861.83
1356-MKYSK,1014.54
6080-LNESI,322.34
1830-IPXVJ,270.16
5828-DWPIL,1237.63
8398-TBIYD,1231.41
0011-IGKFF,1219.53
4192-GORJT,1205.76
6496-SLWHQ,1179.29
9912-GVSEQ,1318.07
2931-FSOHN,749.37
9418-RUKPH,265.52
5383-MMTWC,982.55
9971-ZWPBF,1529.15
4712-AUQZO,466.29
9711-FJTBX,1146.3
2908-ZTPNF,451.88
7240-ETPTR,584.8
2202-CUYXZ,994.44
5995-OIGLP,724.4
8421-WZOOW,1351.67
6261-RCVNS,958.43
7951-QKZPL,325.14
1414-YADCW,1184.72
8756-RDDLT,534.83
2862-PFNIK,298.31
5816-QVHRX,1327.57
4430-YHXGG,274.14
6888-SBYAI,645.43
7395-XWZOY,718.99
7169-YWAMK,1029.23
3640-PHQXK,1157.93
6877-LGWXO,1048.68
6859-RKMZJ,645.62
2729-VNVAP,273.79
2957-JIRMN,1135.58
2049-BAFNW,485.48
3842-QTGDL,1069.31
7163-OCEQI,960.12
9782-LGXMC,865.35
5975-BAICR,840.3
8019-ENHXU,1370.6
5167-GBFRE,320.78
9033-EOXWV,967.38
4673-KKSLS,1146.19
4853-OITSN,1211.27
9800-OUIGR,258.33
1324-NLTJE,710.21
2324-EFHVG,1367.9
7094-MSZAO,229.0
1522-VVDMG,1125.57
6907-CQGPN,463.63
0780-XNZFN,275.03
0239-OXEXL,1127.07
2675-IJRGJ,259.97
7049-GKVZY,1014.39
8577-QSOCG,273.87
3721-CNZHX,260.6
0212-ISBBF,628.39
9185-TQCVP,1191.3
3585-YNADK,978.61
5271-DBYSJ,965.2
1099-GODLO,250.6
6828-HMKWP,264.31
5567-WSELE,1177.83
1472-TNCWL,1260.31
8063-RJYNF,1265.0
0687-ZVTHB,929.41
2080-GKCWQ,976.62
9661-ACXBS,1450.7
2193-SFWQW,1724.91
5656-JAMLX,271.16
3462-BJQQA,1070.51
0442-TDYUO,257.31
6733-LRIZX,1521.38
9503-XJUME,228.77
4367-NHWMM,289.26
3727-RJMEO,1002.7
3779-OSWCF,1307.86
6736-DHUQI,1199.37
3915-ODIYG,1009.34
1360-RCYRT,372.83
2724-FJDYW,662.03
4451-RWASJ,246.72
6646-VRFOL,1328.25
3460-TJBWI,302.58
5917-HBSDW,225.52
5685-IIXLY,1072.38
5671-UUNXD,1517.67
0956-ACVZC,1350.52
2325-NBPZG,924.19
4250-ZBWLV,1719.35
4482-FTFFX,693.68
8859-DZTGQ,253.31
0440-MOGPM,1085.12
0020-JDNXP,829.2
3752-CQSJI,237.78
5025-GOOKI,242.31
4698-KVLLG,249.68
5095-AESKG,1143.66
2887-JPYLU,556.47
4770-QAZXN,233.61
4896-CPRPF,295.1
1871-MOWRM,963.35
9714-EDSUC,1217.19
2027-OAQQC,551.32
0282-NVSJS,350.87
9090-SGQXL,1440.95
6595-YGXIT,1101.45
7353-YOWFP,220.6
9835-ZIITK,1590.27
8008-ESFLK,1680.86
7537-CBQUZ,1363.33
1555-DJEQW,1816.17
5649-TJHOV,465.02
0519-XUZJU,941.45
3363-EWLGO,236.46
4750-UKWJK,260.44
6338-AVWCY,473.03
1689-YQBYY,978.21
4487-ZYJZK,229.73
2959-FENLU,1083.49
0708-LGSMF,885.13
9253-QXKBE,1141.75
7634-HLQJR,240.6
0487-RPVUM,1475.53
4079-ULGFR,239.63
2516-XSJKX,1078.97
0057-QBUQH,328.2
9445-SZLCH,1283.18
6599-SFQVE,709.23
8331-ZXFOE,982.86
4003-FUSHP,807.85
0356-ERHVT,623.31
7325-ENZFI,554.97
4884-ZTHVF,1108.97
3920-HIHMQ,627.77
3055-OYMSE,967.15
0613-WUXUM,277.6
7568-PODML,548.27
4458-KVRBJ,318.5
5349-IECLD,1155.55
1397-XKKWR,478.37
3945-GFWQL,557.56
8097-OMULG,1010.53
6013-BHCAW,1178.79
0401-WDBXM,1461.62
3387-PLKUI,216.3
6096-EGVTU,313.94
3797-VTIDR,305.3
5081-NWSUP,801.63
2580-ATZSQ,775.42
8085-MSNLK,1662.86
9691-HKOVS,1158.61
9881-VCZEP,706.44
9526-BIHHD,391.52
8757-TFHHJ,619.06
4523-WXCEF,1431.97
1468-DEFNC,317.27
5119-KEPFY,1225.34
8364-TRMMK,597.44
0916-KNFAJ,973.41
8319-QBEHW,473.7
3063-QFSZL,673.31
8775-LHDJH,1148.37
9625-QNLUX,1604.04
3097-NQYSN,1108.22
4024-CSNBY,1428.13
7110-BDTWG,636.54
7493-GVFIO,266.39
0690-SRQID,227.63
9605-WGJVW,840.63
9114-DPSIA,1173.79
4700-UBQMV,1006.57
7711-GQBZC,307.58
3565-UNOCC,1245.96
4627-MIHJH,1703.7
9795-NREXC,1156.89
8573-CGOCC,229.09
7356-AYNJP,267.81
9249-FXSCK,1708.52
5493-SDRDQ,752.96
6286-SUUWT,213.29
4819-HJPIW,316.06
8654-DHAOW,625.94
5438-QMDDL,770.05
9812-GHVRI,1017.95
5553-AOINX,1505.63
1228-ZLNBX,933.29
4226-KKDON,807.03
3831-YCPUO,1586.58
7445-WMRBW,1007.91
3308-DGHKL,238.85
9924-JPRMC,1855.56
0080-EMYVY,649.86
6218-KNUBD,709.03
7337-CINUD,241.41
7609-NRNCA,225.1
0623-EJQEG,1378.54
7153-CHRBV,879.19
0871-URUWO,1273.6
9190-MFJLN,1315.68
6198-PNNSZ,1687.35
3317-VLGQT,970.87
4132-POCZS,475.76
5614-DNZCE,950.53
1095-JUDTC,1222.09
3896-RCYYE,750.85
9638-JIQYA,299.2
3258-SANFR,514.68
3726-TBHQT,1641.67
3190-ITQXP,267.77
0870-VEMYL,652.84
4833-QTJNO,1144.18
3039-MJSLN,236.46
0178-CIIKR,217.48
5385-SUIRI,1415.51
3982-XWFZQ,614.55
5774-QPLTF,259.47
2322-VCZHZ,1224.87
5010-IPEAQ,773.4
4009-ALQFH,1293.62
6383-ZTSIW,1349.95
8990-YOZLV,893.93
3069-SSVSN,329.77
5222-IMUKT,1291.65
3627-FCRDW,861.91
7562-GSUHK,1161.19
6685-XSHHU,258.81
8901-UPRHR,1694.78
4903-UYAVB,221.03
0118-JPNOY,1125.22
6776-TLWOI,211.59
3845-FXCYS,220.54
5857-XRECV,221.66
0725-CXOTM,1207.33
4343-EJVQB,1005.16
9000-PLFUZ,642.87
3427-GGZZI,1066.25
7779-ORAEL,1135.83
0644-OQMDK,869.86
4077-CROMM,1455.68
3154-CFSZG,1181.22
2868-MZAGQ,998.39
4847-QNOKA,550.39
2220-IAHLS,207.16
1658-XUHBX,1192.55
6379-RXJRQ,873.34
2378-HTWFW,1123.52
8650-RHRKE,361.66
4377-VDHYI,1243.73
0475-RIJEP,1001.01
1260-TTRXI,611.93
3719-TDVQB,264.24
6328-ZPBGN,1261.46
0201-MIBOL,1607.62
4937-QPZPO,1378.84
2925-VDZHY,1169.13
6981-TDRFT,781.33
3413-CSSTH,679.69
8033-VCZGH,1430.49
4789-KWMXN,1602.09
0224-NIJLP,262.08
7542-CYDDM,228.31
4718-WXBGI,1411.48
2867-UIMSS,1077.78
8495-PRWFH,644.5
0439-IFYUN,935.5
5716-LIBJC,1485.13
2868-LLSKM,1033.71
8111-RKSPX,910.15
2988-QRAJY,1530.34
1585-MQSSU,627.65
0071-NDAFP,314.99
2856-NNASM,1139.78
7328-ZJAJO,244.91
6458-CYIDZ,988.1
8559-CIZFV,1155.02
1090-PYKCI,1675.73
3058-WQDRE,289.95
7547-EKNFS,1332.09
2279-AXJJK,1276.34
6769-DYBQN,1130.89
0909-SELIE,1162.11
3417-TSCIC,308.84
1042-HFUCW,753.03
4439-JMPMT,1117.87
6537-OTKMY,636.7
8999-EXMNO,236.2
6725-TPKJO,240.19
2446-BEGGB,1145.44
7162-WPHPM,1033.69
1599-MMYRQ,1094.78
8821-KVZKQ,778.06
1496-GGSUK,329.4
6434-TTGJP,781.39
0042-JVWOJ,234.23
0130-SXOUN,1188.19
2575-GFSOE,958.73
2330-PQGDQ,1235.11
1452-UZOSF,1594.31
2097-YVPKN,308.88
2842-JTCCU,563.26
8597-CTXVJ,931.61
6631-HMANX,1170.54
9962-BFPDU,227.26
3296-SILRA,952.7
9681-OXGVC,1264.69
6394-HHHZM,202.49
5995-LFTLE,323.16
5180-UCIIQ,524.25
1932-UEDCX,1262.62
7153-OANIO,890.75
5188-HGMLP,950.47
0665-XHDJU,1485.86
6521-YYTYI,1172.16
8878-HMWBV,561.88
8265-HKSOW,1750.87
3544-FBCAS,1237.47
5331-RGMTT,1282.21
4759-PXTAN,1108.45
7054-DMVAS,948.51
3428-MMGUB,1357.15
6549-BTYPG,787.18
7823-JSOAG,993.83
3705-RHRFR,1442.7
9374-YOLBJ,211.21
9074-KGVOX,574.21
6128-DAFVY,573.97
9933-QRGTX,1456.23
4476-OSWTN,1434.34
3751-KTZEL,449.65
1977-STDKI,864.8
5066-GFJMM,211.17
2661-GKBTK,1070.45
0458-HEUZG,520.59
7268-WNTCP,274.35
0824-VWDPO,1332.31
8409-WQJUX,721.46
2578-JQPHZ,1411.87
3278-FSIXX,546.57
5813-UECBU,1090.68
0328-GRPMV,933.45
9746-UGFAC,261.64
2946-KIQSP,427.93
0625-AFOHS,248.72
6726-WEXXK,1236.53
4636-OLWOE,819.85
4342-HENTK,848.77
4685-ERGHK,1193.45
0885-HMGPY,1005.55
5003-OKNNK,254.68
4195-SMMNX,225.26
7208-PSIHR,1467.69
4012-ZTHBR,551.75
0489-WMEMG,651.92
7435-ZNUYY,243.9
1354-YZFNB,251.3
6956-SMUCM,1347.87
2985-FMWYF,1175.76
2812-ENYMO,706.93
2717-HVIZY,212.35
3223-WZWJM,1126.01
3422-GALYP,1082.18
9053-JZFKV,1747.21
2530-ENDWQ,1359.25
2890-WFBHU,1180.38
0327-WFZSY,1395.2
7977-HXJKU,251.14
6615-ZGEDR,206.98
7033-CLAMM,261.9
4023-RTIQM,630.0
0864-FVJNJ,1559.2
7356-IWLFW,1018.82
9541-PWTWO,1111.52
3967-VQOGC,318.05
7872-RDDLZ,642.27
9250-WYPLL,1005.55
6308-CQRBU,1728.54
2754-XBHTB,890.19
1597-LHYNC,1317.26
0186-CAERR,1627.21
3043-SUDUA,236.58
5442-BHQNG,890.44
2169-RRLFW,331.13
5872-OEQNH,594.62
3162-KKZXO,1488.8
7055-VKGDA,1441.73
0754-UKWQP,1254.37
8873-GLDMH,989.6
5696-JVVQY,997.18
8946-BFWSG,364.04
7493-TPUWZ,978.68
0547-HURJB,246.43
8904-OPDCK,312.88
8845-LWKGE,897.68
1577-HKTFG,223.92
8752-STIVR,983.9
0691-NIKRI,1566.64
5022-JNQEQ,958.47
4558-FANTW,1150.99
3249-VHRIP,589.02
3736-BLEPA,1305.77
4701-LKOZD,1385.06
6603-QWSPR,1526.53
9921-QFQUL,1245.35
1929-ZCBHE,502.27
4378-MYPGO,1541.43
8651-ENBZX,1493.57
4129-LYCOI,1548.72
7798-JVXYM,873.22
8647-SDTWQ,1026.08
2696-ECXKC,1410.44
2081-KJSQF,227.81
7623-TRNQN,609.15
3323-CPBWR,1221.64
9330-IJWIO,1319.01
3384-CTMSF,1339.45
0902-RFHOF,238.61
9286-DOJGF,972.89
6048-QBXKL,680.9
9661-MHUMO,589.55
7718-RXDGG,945.63
1025-FALIX,842.56
3451-VAWLI,238.13
3407-QGWLG,255.13
1842-EZJMK,1338.68
2347-WKKAE,1163.43
8735-DCXNF,710.95
3214-IYUUQ,1224.47
1936-UAFEH,1664.46
3587-PMCOY,1489.63
8079-XRJRS,1184.0
1027-LKKQQ,1045.72
7148-XZPHA,1000.05
8073-IJDCM,236.98
5309-TAIKL,811.58
6856-RAURS,926.91
8778-LMWTJ,1002.79
9717-IOAAF,346.69
8884-ADFVN,1410.56
2845-KDHVX,954.22
0848-SOMKO,617.97
2720-WGKHP,1144.87
6734-FQAJX,1570.59
2869-ADAWR,1142.34
1535-VTJOQ,312.42
6368-TZZDT,253.05
0943-ZQPXH,1281.39
1293-BSEUN,265.07
9894-EZEWG,995.5
1302-TPUBN,254.4
7851-FLGGQ,548.06
0637-UBJRP,1161.44
0940-OUQEC,1028.66
2378-VTKDH,1536.27
0927-CNGRH,202.7
8608-OZTLB,964.63
2335-GSODA,558.17
1952-DVVSW,240.97
0702-PGIBZ,1373.56
6656-GULJQ,1204.0
9853-JFZDU,659.29
1963-VAUKV,237.51
3777-XROBG,262.04
6994-FGRHH,1370.23
4000-VGMQP,1014.47
3999-WRNGR,577.34
3466-RITXD,1180.86
2680-XKKNJ,728.21
3058-HJCUY,1481.73
2974-GGUXS,1198.63
7994-XIRTR,824.39
3259-FDWOY,1624.96
2101-RANCD,905.84
7921-BEPCI,859.13
0807-ZABDG,659.65
8510-TMWYB,814.14
3258-ZKPAI,1826.2
1428-IEDPR,1713.3
5298-GSTLM,1546.58
4450-YOOHP,617.41
6728-CZFEI,732.7
5748-RNCJT,1560.18
3653-NCRDJ,231.92
6121-TNHBO,1168.22
5119-NZPTV,885.95
6519-ZHPXP,1505.27
7739-LAXOG,1199.56
3472-QPRCH,322.41
8224-UAXBZ,591.51
9610-WCESF,592.72
9776-CLUJA,1133.09
2486-WYVVE,1065.09
3865-ZYKAD,1142.74
1422-DGUBX,1037.47
2999-AANRQ,954.37
8668-KNZTI,773.02
0480-KYJVA,315.37
6034-ZRYCV,730.95
9746-YKGXB,612.7
3926-YZVVX,629.39
6000-UKLWI,271.64
2079-FBMZK,939.02
6332-FBZRI,932.83
2096-XOTMO,213.66
3266-FTKHB,208.7
8221-EQDGL,705.16
2346-LOCWC,247.05
6608-QQLVK,609.85
0298-XACET,698.51
7560-QJAVJ,1071.23
2995-YWTCD,307.86
3551-HUAZH,968.82
9137-UIYPG,1479.44
2809-ZMYOQ,1188.74
5084-OOVCJ,700.33
0254-WWRKD,622.87
7727-SHVZV,227.68
6302-JGYRJ,1082.35
5339-PXDVH,1121.62
2205-LPVGL,1260.05
8782-NUUOL,1062.92
3685-YLCMQ,1327.61
7601-WFVZV,222.08
4609-KNNWG,246.14
4868-AADLV,1777.45
9529-OFXHY,1096.28
8634-MPHTR,1256.51
2669-QVCRG,993.77
2478-EEWWM,530.45
9174-IHETN,971.95
2233-TXSIU,611.71
9644-UMGQA,580.36
3256-EZDBI,373.59
8761-NSOBC,1303.89
0419-YAAPX,1066.38
8413-VONUO,1204.61
0872-CASZJ,980.18
4726-DLWQN,850.02
8164-OCKUJ,276.84
3094-JOJAI,920.16
9494-MRNYX,930.18
2599-CZABP,588.41
7945-PRBVF,260.06
4544-RXFMG,548.28
0859-YGKFW,236.22
1150-FTQGN,1354.73
9223-UCPVT,1056.24
7196-LIWRH,218.27
5448-VWNAM,996.32
1177-XZBJL,929.31
3518-FSTWG,1566.07
9330-VOFSZ,1639.24
4351-QLCSU,669.46
0939-EREMR,690.44
9389-ACWBI,798.35
5419-JPRRN,1231.41
3644-QXEHN,1236.22
2911-IJORQ,1254.02
5921-NGYRH,1126.54
2100-BDNSN,821.9
5998-DZLYR,1313.7
0488-GSLFR,900.46
9318-NKNFC,224.5
3985-HOYPM,233.47
9728-FTTVZ,839.05
9548-LERKT,259.53
6576-FBXOJ,739.5
4310-KEDTB,346.04
7254-IQWOZ,901.48
2474-BRUCM,1413.51
4062-HBMOS,1456.88
0742-NXBGR,1041.8
2676-ISHSF,222.73
9236-NDUCW,521.85
4753-PADAS,1391.87
6103-QCKFX,732.02
7781-EWARA,759.05
6110-OHIHY,1060.16
7018-FPXHH,834.97
5889-LFOLL,1165.96
5708-EVONK,1302.96
8708-XPXHZ,1146.16
0616-ATFGB,321.88
0572-ZJKLT,1592.64
5135-RDDQL,748.06
1353-LJWEM,716.74
1794-SWWKL,733.32
6166-YIPFO,940.29
7016-BPGEU,296.41
6876-ADESB,636.85
9332-GYWLO,662.68
1963-SVUCV,469.93
4184-VODJZ,1302.11
0220-EBGCE,1071.38
1092-WPIVQ,313.57
7233-IOQNP,424.99
2834-JKOOW,638.5
2754-VDLTR,1276.81
2400-FEQME,268.53
3190-XFANI,1413.83
7551-DACSP,661.96
4957-SREEC,263.1
7235-NXZCP,912.51
0230-UBYPQ,511.57
4923-ADWXJ,840.4
1763-KUAAW,262.35
1104-TNLZA,1486.38
5195-KPUNQ,1362.49
0520-FDVVT,1449.9
3439-GVUSX,278.77
1444-VVSGW,1745.15
5712-PTIWW,1007.72
5949-HGVJL,865.35
5203-XEHAX,855.38
1635-HDGFT,222.69
3315-TOTBP,898.73
8050-XGRVL,732.69
6661-HBGWL,1363.16
1518-VOWAV,896.48
9828-QHFBK,588.17
3908-MKIMJ,569.13
5012-YSPJJ,691.82
5909-ECHUI,694.36
1309-BXVOQ,1401.42
6728-VOIFY,1423.39
9317-WZPGV,1033.01
4891-NLUBA,836.74
2856-HYAPG,859.68
8969-PRHFK,218.71
0661-KQHNK,221.68
8709-KRDVL,1368.06
4488-PSYCG,238.76
1427-VERSM,1438.08
9801-NOSHQ,233.42
6339-YPSAH,1000.41
3621-CEOVK,1286.04
6906-ANDWJ,1042.13
2159-TURXX,223.75
1548-FEHVL,1497.13
3795-CAWEX,1911.85
6215-NQCPY,1305.21
5647-URDKA,244.74
2229-DPMBI,255.08
9626-WEQRM,354.28
2188-SXWVT,673.38
6258-PVZWJ,1450.45
1094-BKOSX,652.86
6969-MVBAI,1153.43
2978-XXSOG,795.44
2342-CKIAO,219.89
6953-PBDIN,979.9
3898-BSJYF,976.01
3938-YFPXD,1107.25
7696-AMHOD,1017.67
2453-SAFNS,985.44
9558-IHEZX,1577.25
9617-UDPEU,212.64
6340-DACFT,286.58
4955-VCWBI,240.64
6813-GZQCG,331.23
7426-GSWPO,1390.91
3389-KTRXV,285.92
3118-UHVVQ,337.72
1031-IIDEO,890.14
5832-XKAES,834.31
3205-MXZRA,836.6
4701-AHWMW,679.65
8317-BVKSO,207.54
5702-KVQRD,1270.14
0083-PIVIK,1090.79
9210-IAHGH,839.33
6169-PGNCD,977.39
0023-XUOPT,1325.69
4592-IWTJI,339.95
4909-JOUPP,1647.82
4657-FWVFY,1305.68
2257-BOVXD,849.02
7729-JTEEC,532.19
7632-MNYOY,1450.59
6518-LGAOV,1331.82
7242-QZLXF,306.33
4576-CSAJH,694.51
1000-AJSLD,226.84
9696-RMYBA,1052.01
8690-UPCZI,967.72
1062-LHZOD,833.36
9770-LXDBK,252.94
4086-WITJG,264.21
8344-WFMFH,600.91
9600-NAXZN,1385.73
8822-KNBHV,1223.33
8404-FYDIB,1063.05
2791-SFVEW,222.58
6457-USBER,904.18
6762-NSODU,245.62
4662-EKDPQ,757.9
9248-OJYKK,969.07
9888-ZCUMM,838.06
3398-FSHON,1040.75
3319-DWOEP,1238.81
1074-WVEVG,269.16
9979-RGMZT,1217.17
6437-UDQJM,1215.79
1226-IENZN,940.58
2108-GLPQB,695.48
9259-PACGQ,782.12
4415-IJZTP,910.14
1465-VINDH,1247.45
5474-LAMUQ,235.86
3468-DRVQJ,920.4
1122-YJBCS,676.87
4990-ALDGW,262.69
4816-OKWNX,1475.2
3315-IKYZQ,641.93
2810-FTLEM,682.36
4747-LCAQL,963.09
3411-WLRSQ,915.77
0898-XCGTF,1286.41
8006-PYCSW,244.75
8249-THVEC,245.8
8722-PRFDV,1045.6
2164-SOQXL,241.21
4020-KIUDI,223.99
5850-BDWCY,228.58
2038-YSEZE,844.15
0827-ITJPH,223.9
8799-OXZMD,370.29
1925-TIBLE,1068.68
1705-GUHPV,340.97
4779-ZGICK,276.57
0048-PIHNL,271.5
0818-OCPZO,1049.72
3967-KXAPS,1351.64
1447-GIQMR,914.85
3704-IEAXF,734.98
6810-VCAEX,553.08
0674-EYYZV,566.79
4480-MBMLB,1374.78
1395-OFUWC,342.06
0822-QGCXA,981.24
0872-NXJYS,999.49
2832-KJCRD,1396.6
3588-WSTTJ,1355.36
4075-WKNIU,999.08
5090-EMGTC,1448.61
2346-CZYIL,259.9
3798-EPWRR,530.47
6258-NGCNG,274.83
4186-ZBUEW,962.81
5274-XHAKY,1248.47
1442-BQPVU,340.79
3978-YNKDD,252.92
4940-KHCWD,528.99
9412-ARGBX,1366.79
1389-CXMLU,1171.91
9589-ABEPT,1434.17
9388-ZEYVT,577.28
0305-SQECB,472.77
7605-SNLQG,619.47
4670-TABXH,1601.36
5561-NWEVX,959.36
0064-SUDOG,227.57
8561-NMTBD,1550.39
5161-XEUVX,1403.67
8292-FRFZQ,530.89
8591-NXRCV,939.33
7895-VONWT,604.35
4526-RMTLL,1072.59
6253-GNHWH,970.47
4566-NECEV,1287.4
8080-POTJR,1098.14
6906-MPARY,1173.4
3662-FXJFO,253.88
8107-RZLNV,1653.83
0516-OOHAR,1355.54
2027-CWDNU,1005.97
2737-WFVYW,504.8
9912-OMZDS,1469.27
3733-ZEECP,600.87
7878-RTCZG,217.73
2452-MRMZF,332.48
2272-QAGFO,1033.33
7103-IPXPJ,1400.44
4342-HFXWS,981.95
3545-CNWRG,1406.64
1785-BPHTP,1186.85
4989-LIXVT,1298.38
7315-WYOAW,1201.1
1173-XZPYF,1159.02
9850-OWRHQ,990.46
3768-NLUBH,1337.45
8676-TRMJS,1035.65
2509-TFPJU,346.89
9530-GRMJG,1223.42
6898-RBTLU,1182.65
5481-NTDOH,1555.96
2068-WWXQZ,220.09
7359-SSBJK,987.58
2061-VVFST,235.61
0685-MLYYM,862.3
0749-IRGQE,548.28
2380-DAMQP,1667.23
2256-YLYLP,1123.94
1272-ILHFG,254.99
0164-XAIRP,234.32
5666-CYCYZ,1192.5
4011-ARPHK,607.22
8182-PNAGI,633.72
6365-HITVU,1290.94
7558-IMLMT,279.56
9488-FYQAU,1663.43
3590-TCXTB,260.72
6994-KERXL,636.07
7957-RYHQD,957.41
2180-DXNEG,1195.31
1960-UOTYM,1032.47
2740-JFBOK,248.12
6500-JVEGC,1376.41
5515-AKOAJ,1300.09
8976-OQHGT,658.29
5245-VDBUR,491.06
6230-BSUXY,1052.24
8469-SNFFH,1083.71
2144-ESWKO,482.07
1241-FPMOF,244.08
9928-BZVLZ,675.28
4114-QMKVN,945.26
2775-SEFEE,767.26
9003-CPATH,912.03
1754-GKYPY,1183.29
5294-CDGWY,820.38
7956-XQWGU,243.99
1591-MQJTP,1349.46
5295-PCJOO,629.19
2369-FEVNO,220.15
9863-JZAIC,683.2
7471-MQPOS,1066.37
7660-HDPJV,785.56
5115-SQAAU,337.49
9845-QOMAD,261.65
7672-VFMXZ,740.89
9739-JLPQJ,1943.18
9916-AYHTC,241.09
3855-ONCAR,1000.49
1488-SYSFC,235.8
7931-PXHFC,726.14
3990-QYKBE,1128.78
0970-QXPXW,207.49
3259-KNMRR,1151.43
6120-RJKLU,1203.84
9572-WUKSB,371.76
5893-KCLGT,265.61
0076-LVEPS,568.35
3640-JQGJG,581.31
4919-MOAVT,885.0
1596-OQSPS,614.73
9867-XOBQA,734.64
9546-KDTRB,291.22
3090-HAWSU,1669.0
9820-RMCQV,623.02
3174-RKMOW,1371.17
1760-CAZHT,224.09
7839-QRKXN,233.43
8441-SHIPE,329.19
5204-QZXPU,474.3
4597-ELFTS,320.66
1320-GVNHT,1574.25
1047-RNXZV,242.7
3541-ZNUHK,1239.77
8450-JOVAH,747.12
8725-JEDFD,965.24
7562-UXTPG,896.32
8071-SBTRN,1767.17
1113-IUJYX,1428.84
6668-CNMFP,1183.96
5626-MGTUK,1039.41
5681-LLOEI,1399.95
8212-DJRCH,1119.9
4323-OHFOW,1499.46
4933-BSAIP,228.61
2030-BTZRO,259.41
1116-DXXDF,1433.22
9274-CNFMO,889.82
7758-XKCBS,378.99
8992-JQYUN,560.66
6563-VNPMN,1107.16
0617-AQNWT,617.66
2267-WTPYD,1165.45
0270-THENM,1016.8
2446-PLQVO,805.16
4707-MAXGU,309.16
2710-WYVXG,975.93
3005-NFMTA,1308.67
6300-BWMJX,1397.63
8784-CGILN,1440.97
5389-FFVKB,995.53
7009-LGECI,635.71
8444-WRIDW,1114.14
5022-KVDQT,1022.17
7976-CICYS,213.97
1036-GUDCL,1036.22
2005-DWQZJ,232.09
8148-WOCMK,235.62
7815-PDTHL,258.91
9451-LPGOO,1061.05
9173-IVZVP,254.4
9129-UXERG,1376.98
3635-JBPSG,532.48
7964-ZRKKG,1166.14
5868-YWPDW,1119.03
6229-LSCKB,922.64
2025-JKFWI,1270.87
4078-SAYYN,1263.1
1724-IQWNM,208.76
8217-QYOHV,676.09
5546-QUERU,261.14
9940-HPQPG,1138.04
6897-UUBNU,1329.76
6127-IYJOZ,562.0
6618-RYATB,1015.0
8930-XOTDP,701.14
5916-QEWPT,932.37
5060-TQUQN,1049.59
0531-XBKMM,894.83
8465-SBRXP,1327.87
2408-PSJVE,774.05
9079-YEXQJ,1382.18
9700-ZCLOT,223.69
8738-JOKAR,981.88
4534-WGCIR,327.3
1930-WNXSB,1221.3
2685-SREOM,1119.05
3508-CFVZL,1776.71
0402-CQAJN,1266.09
6692-UDPJC,1323.39
1273-MTETI,1237.55
0657-DOGUM,820.7
5480-HPRRX,303.3
8792-AOROI,945.51
0295-PPHDO,1278.65
5146-YYFRZ,247.29
1195-OIYEJ,1149.57
5906-CVLHP,662.92
3452-SRFEG,1016.19
4070-OKWVH,1304.89
5297-MDOIR,1081.86
6369-MCAKO,1255.59
4926-UMJZD,572.87
6848-HJTXY,239.93
6341-AEVKX,1562.86
4501-EQDRN,852.78
2990-HWIML,1119.62
0682-USIXD,1044.96
6976-BWGLQ,328.53
7078-NVFAM,437.87
8065-QBYTO,1400.18
2133-TSRRM,1379.48
7384-GHBPI,425.43
7603-USHJS,898.52
7234-FECYN,1192.21
2511-ALLCS,332.23
3191-CSNMG,992.5
7952-OBOYL,1158.36
7470-DYNOE,849.69
7853-OETYL,418.15
1545-ACTAS,1297.74
5876-HZVZM,699.33
1400-MMYXY,1297.43
5126-RCXYW,633.15
3085-QUOZK,508.2
2363-BJLSL,975.7
1956-YIFGE,1358.67
3926-CUQZX,501.1
7921-LMDFQ,1379.9
2925-MXLSX,888.58
5820-PTRYM,962.63
9609-BENEA,883.44
6211-WHMYA,553.53
4459-BBGHE,552.51
9945-PSVIP,220.85
1041-RXHRA,894.14
1750-CSKKM,635.4
9108-EJFJP,626.02
0530-IJVDB,1566.04
0508-SQWPL,277.0
2215-ZAFGX,1048.64
8213-TAZPM,1645.19
7142-HVGBG,1406.22
1304-SEGFY,1344.41
7242-EDTYC,231.82
2904-GGUAZ,1420.01
8267-ZNYVZ,1597.46
5136-GFPMB,1191.5
2595-KIWPV,250.22
5243-SAOTC,1032.28
9398-MMQTO,966.02
7619-PLRLP,964.64
6457-GIRWB,791.3
6508-NJYRO,210.17
1450-SKCVI,986.85
4710-NKCAW,758.25
5306-BVTKJ,714.73
0357-NVCRI,216.29
5570-PTWEH,917.13
2371-KFUOG,1477.97
0463-ZSDNT,689.15
6502-MJQAE,883.55
6257-DTAYD,1628.45
4616-ULAOA,1699.37
7693-LCKZL,1091.6
7746-AWNQW,436.07
5996-EBTKM,967.51
2758-RNWXS,1180.72
2314-TNDJQ,785.71
2405-LBMUW,731.94
3454-JFUBC,275.11
0032-PGELS,391.09
9039-ZVJDC,194.24
6797-LNAQX,1521.58
9013-AQORL,506.28
2898-MRKPI,1479.94
2750-BJLSB,1441.16
3648-GZPHF,491.89
2075-RMJIK,564.15
9588-YRFHY,272.08
6394-MFYNG,1289.95
1564-NTYXF,1027.2
9364-YKUVW,214.46
5392-AKEMH,492.98
2451-YMUXS,935.74
3914-FDRHP,1218.25
3078-ZKNTS,280.69
1024-KPRBB,1218.36
4690-PKDQG,1307.47
8155-IBNHG,988.52
0886-QGENL,1371.83
9547-ITEFG,1280.81
1264-FUHCX,767.59
7789-CRUVC,1343.42
6598-KELSS,564.46
8739-WWKDU,1155.43
8685-WHQPW,961.41
4745-LSPLO,238.49
8083-YTZES,893.97
7240-FQLHE,1315.22
6664-FPDAC,1753.51
9972-VAFJJ,1422.09
0422-UXFAP,1478.97
1904-WAJAA,884.82
5130-YPIRV,1034.81
2843-CQMEG,638.81
6439-PKTRR,1255.19
5351-QESIO,261.96
0786-VSSUD,445.96
5568-DMXZS,853.22
8468-FZTOE,1057.88
6633-SYEUS,1062.9
6447-GORXK,286.81
6967-PEJLL,522.61
3976-BWUCK,1156.7
5981-ZVXOT,1661.16
1684-FLBGS,866.72
1389-WNUIB,993.4
0376-OIWME,1273.7
3585-ISXZP,1273.29
0218-QNVAS,1475.99
6583-QGCSI,1238.46
0804-YGEQV,283.44
7164-BPTUT,1272.8
4174-LPGTI,905.27
2523-EWWZL,960.25
0928-XUTSN,1043.01
2108-XWMPY,442.38
0052-YNYOT,263.31
6304-IJFSQ,545.36
9586-JGQKH,1635.03
4501-VCPFK,441.12
6075-SLNIL,1276.09
9347-AERRL,240.0
0093-XWZFY,1463.2
2274-XUATA,972.03
1980-KXVPM,1017.37
7703-ZEKEF,1125.54
0723-DRCLG,959.35
5482-NUPNA,754.99
6691-CCIHA,1279.16
1685-BQULA,1254.77
9053-EJUNL,1138.17
0666-UXTJO,1126.54
1471-GIQKQ,598.11
4807-IZYOZ,255.33
1122-JWTJW,955.21
9710-NJERN,253.38
9837-FWLCH,236.48
1699-HPSBG,705.8
7203-OYKCT,1430.05
1035-IPQPU,1383.86
7398-LXGYX,1184.74
2823-LKABH,1281.58
8775-CEBBJ,538.42
0550-DCXLH,864.14
9281-CEDRU,854.26
2235-DWLJU,541.17
0871-OPBXW,208.72
3605-JISKB,788.59
6894-LFHLY,986.18
9767-FFLEM,856.48
0639-TSIQW,1514.26
8456-QDAVC,1082.37
7750-EYXWZ,717.94
2569-WGERO,260.44
6840-RESVB,1004.29
2234-XADUH,1389.88
4801-JZAZL,376.04
8361-LTMKD,925.38
3186-AJIEK,1651.19
