customerID,churn_probability,predicted_future_12_month_revenue,revenue_at_risk,priority_rank,retention_segment,recommended_action
9851-KIELU,0.8436,1500.8,1266.07,1,Critical Priority,Immediate personal call from customer-success team
1583-IHQZE,0.8436,1492.3,1258.9,2,Critical Priority,Immediate personal call from customer-success team
3292-PBZEJ,0.8436,1472.0,1241.78,3,Critical Priority,Immediate personal call from customer-success team
7181-BQYBV,0.9422,1306.8,1231.27,4,Critical Priority,Immediate personal call from customer-success team
3992-YWPKO,0.8436,1453.38,1226.07,5,Critical Priority,Immediate personal call from customer-success team
5419-JPRRN,0.9422,1274.31,1200.65,6,Critical Priority,Immediate personal call from customer-success team
3178-FESZO,0.9422,1269.76,1196.37,7,Critical Priority,Immediate personal call from customer-success team
0107-YHINA,0.9422,1266.34,1193.15,8,Critical Priority,Immediate personal call from customer-success team
7216-EWTRS,0.9422,1262.3,1189.34,9,Critical Priority,Immediate personal call from customer-success team
0295-PPHDO,0.9422,1244.37,1172.45,10,Critical Priority,Immediate personal call from customer-success team
2081-VEYEH,0.8436,1388.26,1171.14,11,Critical Priority,Immediate personal call from customer-success team
5760-IFJOZ,0.8436,1387.05,1170.12,12,Critical Priority,Immediate personal call from customer-success team
6857-VWJDT,0.9422,1240.28,1168.59,13,Critical Priority,Immediate personal call from customer-success team
5178-LMXOP,0.9422,1236.82,1165.33,14,Critical Priority,Immediate personal call from customer-success team
6356-ELRKD,0.9422,1235.02,1163.64,15,Critical Priority,Immediate personal call from customer-success team
1393-IMKZG,0.9422,1233.61,1162.31,16,Critical Priority,Immediate personal call from customer-success team
5293-WXJAK,0.8436,1370.59,1156.23,17,Critical Priority,Immediate personal call from customer-success team
3606-TWKGI,0.8436,1369.05,1154.93,18,Critical Priority,Immediate personal call from customer-success team
2027-FECZV,0.8436,1361.76,1148.78,19,Critical Priority,Immediate personal call from customer-success team
1400-MMYXY,0.8436,1349.32,1138.29,20,Critical Priority,Immediate personal call from customer-success team
0684-AOSIH,0.9422,1206.92,1137.16,21,Critical Priority,Immediate personal call from customer-success team
6688-UZPWD,0.8436,1344.73,1134.41,22,Critical Priority,Immediate personal call from customer-success team
8118-TJAFG,0.8436,1341.02,1131.28,23,Critical Priority,Immediate personal call from customer-success team
4910-GMJOT,0.9422,1198.39,1129.12,24,"High Risk, Lower Value",Automated retention campaign or targeted offer
8149-RSOUN,0.9422,1194.02,1125.01,25,"High Risk, Lower Value",Automated retention campaign or targeted offer
9659-QEQSY,0.7294,1539.88,1123.19,26,Critical Priority,Immediate personal call from customer-success team
9079-YEXQJ,0.7294,1536.23,1120.53,27,Critical Priority,Immediate personal call from customer-success team
3389-YGYAI,0.8436,1328.26,1120.52,28,Critical Priority,Immediate personal call from customer-success team
1875-QIVME,0.8436,1327.08,1119.52,29,Critical Priority,Immediate personal call from customer-success team
7089-IVVAZ,0.8436,1326.59,1119.11,30,Critical Priority,Immediate personal call from customer-success team
3186-BAXNB,0.9422,1187.71,1119.06,31,"High Risk, Lower Value",Automated retention campaign or targeted offer
6521-YYTYI,0.9422,1187.67,1119.02,32,"High Risk, Lower Value",Automated retention campaign or targeted offer
5052-PNLOS,0.8436,1324.34,1117.21,33,Critical Priority,Immediate personal call from customer-success team
9497-QCMMS,0.9422,1182.79,1114.42,34,"High Risk, Lower Value",Automated retention campaign or targeted offer
1465-VINDH,0.8436,1320.88,1114.29,35,Critical Priority,Immediate personal call from customer-success team
7145-FEJWU,0.8436,1320.75,1114.18,36,Critical Priority,Immediate personal call from customer-success team
2018-PZKMU,0.8436,1320.62,1114.08,37,Critical Priority,Immediate personal call from customer-success team
9300-AGZNL,0.9422,1181.05,1112.79,38,"High Risk, Lower Value",Automated retention campaign or targeted offer
2067-QYTCF,0.7294,1525.42,1112.64,39,Critical Priority,Immediate personal call from customer-success team
4315-MURBD,0.8436,1318.5,1112.29,40,Critical Priority,Immediate personal call from customer-success team
4587-VVTOX,0.8436,1317.39,1111.35,41,Critical Priority,Immediate personal call from customer-success team
8884-ADFVN,0.8436,1315.57,1109.81,42,Critical Priority,Immediate personal call from customer-success team
2302-ANTDP,0.7294,1520.9,1109.34,43,Critical Priority,Immediate personal call from customer-success team
7294-TMAOP,0.9422,1177.2,1109.16,44,"High Risk, Lower Value",Automated retention campaign or targeted offer
6168-YBYNP,0.7294,1520.17,1108.81,45,Critical Priority,Immediate personal call from customer-success team
3988-RQIXO,0.9422,1176.81,1108.79,46,"High Risk, Lower Value",Automated retention campaign or targeted offer
5797-APWZC,0.9422,1176.8,1108.78,47,"High Risk, Lower Value",Automated retention campaign or targeted offer
0771-WLCLA,0.7294,1519.79,1108.53,48,Critical Priority,Immediate personal call from customer-success team
7279-BUYWN,0.7294,1518.33,1107.47,49,Critical Priority,Immediate personal call from customer-success team
9889-TMAHG,0.8436,1311.97,1106.78,50,Critical Priority,Immediate personal call from customer-success team
0871-URUWO,0.8436,1310.28,1105.35,51,Critical Priority,Immediate personal call from customer-success team
8016-NCFVO,0.7294,1515.2,1105.19,52,Critical Priority,Immediate personal call from customer-success team
7274-RTAPZ,0.9422,1171.98,1104.24,53,"High Risk, Lower Value",Automated retention campaign or targeted offer
2587-EKXTS,0.7294,1513.79,1104.16,54,Critical Priority,Immediate personal call from customer-success team
8443-WVPSS,0.8436,1308.53,1103.88,55,Critical Priority,Immediate personal call from customer-success team
3440-JPSCL,0.8436,1308.3,1103.68,56,Critical Priority,Immediate personal call from customer-success team
9725-SCPZG,0.9422,1171.24,1103.54,57,"High Risk, Lower Value",Automated retention campaign or targeted offer
6710-HSJRD,0.7294,1512.72,1103.38,58,Critical Priority,Immediate personal call from customer-success team
5923-GXUOC,0.8436,1307.83,1103.29,59,Critical Priority,Immediate personal call from customer-success team
3336-JORSO,0.7294,1512.51,1103.22,60,Critical Priority,Immediate personal call from customer-success team
9223-UCPVT,0.9422,1169.3,1101.71,61,"High Risk, Lower Value",Automated retention campaign or targeted offer
2725-KXXWT,0.9422,1167.85,1100.35,62,"High Risk, Lower Value",Automated retention campaign or targeted offer
1320-REHCS,0.7294,1508.13,1100.03,63,Critical Priority,Immediate personal call from customer-success team
0722-SVSFK,0.8436,1303.61,1099.73,64,Critical Priority,Immediate personal call from customer-success team
7379-FNIUJ,0.8436,1303.54,1099.67,65,Critical Priority,Immediate personal call from customer-success team
6030-REHUX,0.7294,1505.21,1097.9,66,Critical Priority,Immediate personal call from customer-success team
6734-GMPVK,0.8436,1299.9,1096.6,67,Critical Priority,Immediate personal call from customer-success team
7576-JMYWV,0.7294,1502.0,1095.56,68,Critical Priority,Immediate personal call from customer-success team
9547-ITEFG,0.8436,1298.63,1095.52,69,Critical Priority,Immediate personal call from customer-success team
4236-XPXAV,0.8436,1298.43,1095.36,70,Critical Priority,Immediate personal call from customer-success team
6956-SMUCM,0.8436,1297.31,1094.41,71,Critical Priority,Immediate personal call from customer-success team
2369-UAPKZ,0.8436,1297.19,1094.31,72,Critical Priority,Immediate personal call from customer-success team
0702-PGIBZ,0.8436,1295.61,1092.98,73,Critical Priority,Immediate personal call from customer-success team
2027-WKXMW,0.7294,1498.04,1092.67,74,Critical Priority,Immediate personal call from customer-success team
9278-VZKCD,0.7294,1497.3,1092.13,75,Critical Priority,Immediate personal call from customer-success team
1415-YFWLT,0.9422,1159.0,1092.01,76,"High Risk, Lower Value",Automated retention campaign or targeted offer
8775-LHDJH,0.9422,1157.38,1090.48,77,"High Risk, Lower Value",Automated retention campaign or targeted offer
5167-ZFFMM,0.9422,1157.16,1090.28,78,"High Risk, Lower Value",Automated retention campaign or targeted offer
4273-MBHYA,0.9422,1156.51,1089.66,79,"High Risk, Lower Value",Automated retention campaign or targeted offer
5299-SJCZT,0.8436,1290.65,1088.79,80,Critical Priority,Immediate personal call from customer-success team
6496-SLWHQ,0.8436,1290.12,1088.35,81,Critical Priority,Immediate personal call from customer-success team
5419-CONWX,0.8436,1289.73,1088.02,82,Critical Priority,Immediate personal call from customer-success team
7938-OUHIO,0.8436,1288.77,1087.21,83,Critical Priority,Immediate personal call from customer-success team
0115-TFERT,0.7294,1485.69,1083.66,84,Critical Priority,Immediate personal call from customer-success team
0302-JOIVN,0.8436,1283.88,1083.08,85,Critical Priority,Immediate personal call from customer-success team
9330-IJWIO,0.8436,1282.57,1081.98,86,Critical Priority,Immediate personal call from customer-success team
3027-ZTDHO,0.9422,1147.83,1081.49,87,"High Risk, Lower Value",Automated retention campaign or targeted offer
1941-HOSAM,0.9422,1147.58,1081.25,88,"High Risk, Lower Value",Automated retention campaign or targeted offer
1571-SAVHK,0.8436,1280.05,1079.85,89,Critical Priority,Immediate personal call from customer-success team
2025-JKFWI,0.8436,1279.21,1079.14,90,Critical Priority,Immediate personal call from customer-success team
0970-ETWGE,0.9422,1143.65,1077.55,91,"High Risk, Lower Value",Automated retention campaign or targeted offer
8510-AWCXC,0.8436,1276.95,1077.24,92,Critical Priority,Immediate personal call from customer-success team
3801-HMYNL,0.9422,1142.94,1076.88,93,"High Risk, Lower Value",Automated retention campaign or targeted offer
7315-WYOAW,0.8436,1276.28,1076.67,94,Critical Priority,Immediate personal call from customer-success team
6645-MXQJT,0.8436,1273.11,1074.0,95,Critical Priority,Immediate personal call from customer-success team
7783-YKGDV,0.8436,1272.67,1073.62,96,Critical Priority,Immediate personal call from customer-success team
3068-OMWZA,0.9422,1139.2,1073.35,97,"High Risk, Lower Value",Automated retention campaign or targeted offer
5299-RULOA,0.8436,1271.98,1073.04,98,Critical Priority,Immediate personal call from customer-success team
2265-CYWIV,0.8436,1271.35,1072.51,99,Critical Priority,Immediate personal call from customer-success team
2012-NWRPA,0.8436,1271.21,1072.39,100,Critical Priority,Immediate personal call from customer-success team
7577-SWIFR,0.9422,1137.82,1072.05,101,"High Risk, Lower Value",Automated retention campaign or targeted offer
3902-FOIGH,0.8436,1270.48,1071.78,102,Critical Priority,Immediate personal call from customer-success team
7426-RHZGU,0.8436,1270.35,1071.67,103,Critical Priority,Immediate personal call from customer-success team
2612-RANWT,0.8436,1269.96,1071.34,104,Critical Priority,Immediate personal call from customer-success team
2754-SDJRD,0.8436,1269.0,1070.53,105,Critical Priority,Immediate personal call from customer-success team
2968-SSGAA,0.8436,1268.93,1070.47,106,Critical Priority,Immediate personal call from customer-success team
4078-SAYYN,0.8436,1267.94,1069.63,107,Critical Priority,Immediate personal call from customer-success team
4132-KALRO,0.8436,1266.41,1068.34,108,Critical Priority,Immediate personal call from customer-success team
0329-GTIAJ,0.8436,1265.71,1067.75,109,Critical Priority,Immediate personal call from customer-success team
2656-TABEH,0.8436,1265.6,1067.66,110,Critical Priority,Immediate personal call from customer-success team
3644-QXEHN,0.8436,1265.17,1067.3,111,Critical Priority,Immediate personal call from customer-success team
0897-FEGMU,0.8436,1265.0,1067.15,112,Critical Priority,Immediate personal call from customer-success team
9681-OXGVC,0.8436,1264.66,1066.87,113,Critical Priority,Immediate personal call from customer-success team
9172-ANCRX,0.8436,1264.53,1066.76,114,Critical Priority,Immediate personal call from customer-success team
1455-ESIQH,0.9422,1131.26,1065.87,115,"High Risk, Lower Value",Automated retention campaign or targeted offer
9290-SHCMB,0.8436,1263.08,1065.53,116,Critical Priority,Immediate personal call from customer-success team
7450-NWRTR,0.8436,1262.89,1065.37,117,Critical Priority,Immediate personal call from customer-success team
6861-XWTWQ,0.8436,1262.65,1065.17,118,Critical Priority,Immediate personal call from customer-success team
5138-WVKYJ,0.8436,1261.98,1064.61,119,Critical Priority,Immediate personal call from customer-success team
4822-RVYBB,0.8436,1261.27,1064.01,120,Critical Priority,Immediate personal call from customer-success team
3811-VBYBZ,0.8436,1261.2,1063.95,121,Critical Priority,Immediate personal call from customer-success team
0781-LKXBR,0.8436,1261.11,1063.87,122,Critical Priority,Immediate personal call from customer-success team
0952-KMEEH,0.8436,1261.05,1063.82,123,Critical Priority,Immediate personal call from customer-success team
7295-JOMMD,0.8436,1260.72,1063.54,124,Critical Priority,Immediate personal call from customer-success team
1450-GALXR,0.8436,1260.58,1063.43,125,Critical Priority,Immediate personal call from customer-success team
4176-FXYBO,0.7294,1457.92,1063.41,126,Critical Priority,Immediate personal call from customer-success team
9305-CDSKC,0.8436,1259.23,1062.29,127,Critical Priority,Immediate personal call from customer-success team
3571-RFHAR,0.7294,1455.54,1061.67,128,Critical Priority,Immediate personal call from customer-success team
1455-UGQVH,0.8436,1257.28,1060.64,129,Critical Priority,Immediate personal call from customer-success team
2506-CLAKW,0.8436,1257.17,1060.55,130,Critical Priority,Immediate personal call from customer-success team
2984-AFWNC,0.8436,1257.13,1060.51,131,Critical Priority,Immediate personal call from customer-success team
4445-ZJNMU,0.8436,1256.55,1060.03,132,Critical Priority,Immediate personal call from customer-success team
5183-SNMJQ,0.8436,1256.1,1059.65,133,Critical Priority,Immediate personal call from customer-success team
6210-KBBPI,0.8436,1255.0,1058.72,134,Critical Priority,Immediate personal call from customer-success team
1548-FEHVL,0.7294,1450.86,1058.26,135,Critical Priority,Immediate personal call from customer-success team
3643-AHCFP,0.8436,1254.08,1057.94,136,Critical Priority,Immediate personal call from customer-success team
6599-RCLCJ,0.7294,1450.18,1057.76,137,Critical Priority,Immediate personal call from customer-success team
2754-VDLTR,0.8436,1253.34,1057.32,138,Critical Priority,Immediate personal call from customer-success team
9572-MTILT,0.7294,1449.53,1057.29,139,Critical Priority,Immediate personal call from customer-success team
3585-ISXZP,0.8436,1253.12,1057.13,140,Critical Priority,Immediate personal call from customer-success team
3722-WPXTK,0.9422,1121.3,1056.49,141,"High Risk, Lower Value",Automated retention campaign or targeted offer
0011-IGKFF,0.8436,1252.35,1056.48,142,Critical Priority,Immediate personal call from customer-success team
3737-GCSPV,0.8436,1251.97,1056.16,143,Critical Priority,Immediate personal call from customer-success team
5647-FXOTP,0.7294,1447.72,1055.97,144,Critical Priority,Immediate personal call from customer-success team
2378-VTKDH,0.7294,1447.16,1055.56,145,Critical Priority,Immediate personal call from customer-success team
3049-SOLAY,0.8436,1251.22,1055.53,146,Critical Priority,Immediate personal call from customer-success team
7851-WZEKY,0.8436,1251.06,1055.39,147,Critical Priority,Immediate personal call from customer-success team
0306-JAELE,0.8436,1249.65,1054.2,148,Critical Priority,Immediate personal call from customer-success team
0880-TKATG,0.8436,1249.5,1054.08,149,Critical Priority,Immediate personal call from customer-success team
0564-JJHGS,0.8436,1249.45,1054.04,150,Critical Priority,Immediate personal call from customer-success team
6326-MTTXK,0.8436,1249.29,1053.9,151,Critical Priority,Immediate personal call from customer-success team
6023-YEBUP,0.8436,1249.06,1053.71,152,Critical Priority,Immediate personal call from customer-success team
5339-TJFEK,0.7294,1443.97,1053.23,153,Critical Priority,Immediate personal call from customer-success team
8535-SFUTN,0.7294,1443.89,1053.17,154,Critical Priority,Immediate personal call from customer-success team
2660-EMUBI,0.8436,1247.73,1052.59,155,Critical Priority,Immediate personal call from customer-success team
6108-OQZDQ,0.8436,1247.47,1052.37,156,Critical Priority,Immediate personal call from customer-success team
6328-ZPBGN,0.8436,1247.43,1052.33,157,Critical Priority,Immediate personal call from customer-success team
8413-VONUO,0.8436,1247.14,1052.09,158,Critical Priority,Immediate personal call from customer-success team
6377-WHAOX,0.7294,1442.33,1052.04,159,Critical Priority,Immediate personal call from customer-success team
9137-UIYPG,0.7294,1442.31,1052.02,160,Critical Priority,Immediate personal call from customer-success team
7234-FECYN,0.8436,1246.95,1051.93,161,Critical Priority,Immediate personal call from customer-success team
9057-SIHCH,0.8436,1246.94,1051.92,162,Critical Priority,Immediate personal call from customer-success team
9944-HKVVB,0.8436,1245.38,1050.6,163,Critical Priority,Immediate personal call from customer-success team
8168-UQWWF,0.8436,1245.04,1050.32,164,Critical Priority,Immediate personal call from customer-success team
9971-ZWPBF,0.7294,1439.49,1049.96,165,Critical Priority,Immediate personal call from customer-success team
8552-OBVRU,0.7294,1439.2,1049.75,166,Critical Priority,Immediate personal call from customer-success team
7752-XUSCI,0.7294,1439.06,1049.65,167,Critical Priority,Immediate personal call from customer-success team
4191-XOVOM,0.7294,1438.93,1049.56,168,Critical Priority,Immediate personal call from customer-success team
4060-LDNLU,0.8436,1243.98,1049.42,169,Critical Priority,Immediate personal call from customer-success team
2360-RDGRO,0.7294,1437.52,1048.53,170,Critical Priority,Immediate personal call from customer-success team
4566-NECEV,0.8436,1242.38,1048.07,171,Critical Priority,Immediate personal call from customer-success team
6821-BUXUX,0.8436,1241.9,1047.67,172,Critical Priority,Immediate personal call from customer-success team
8098-LLAZX,0.8436,1241.69,1047.49,173,Critical Priority,Immediate personal call from customer-success team
9734-YWGEX,0.8436,1241.46,1047.3,174,Critical Priority,Immediate personal call from customer-success team
1010-DIAUQ,0.8436,1241.41,1047.25,175,Critical Priority,Immediate personal call from customer-success team
4220-TINQT,0.7294,1435.72,1047.21,176,Critical Priority,Immediate personal call from customer-success team
3174-RKMOW,0.7294,1435.25,1046.87,177,Critical Priority,Immediate personal call from customer-success team
7821-DPRQE,0.7294,1434.42,1046.27,178,Critical Priority,Immediate personal call from customer-success team
8844-TONUD,0.8436,1239.48,1045.63,179,Critical Priority,Immediate personal call from customer-success team
5385-SUIRI,0.7294,1432.49,1044.86,180,Critical Priority,Immediate personal call from customer-success team
9822-WMWVG,0.7294,1431.79,1044.35,181,Critical Priority,Immediate personal call from customer-success team
5055-MGMGF,0.7294,1430.7,1043.55,182,Critical Priority,Immediate personal call from customer-success team
0655-RBDUG,0.8436,1236.21,1042.87,183,Critical Priority,Immediate personal call from customer-success team
8357-EQXFO,0.8436,1235.97,1042.66,184,Critical Priority,Immediate personal call from customer-success team
9061-TIHDA,0.8436,1235.74,1042.47,185,Critical Priority,Immediate personal call from customer-success team
4446-BZKHU,0.7294,1429.06,1042.36,186,Critical Priority,Immediate personal call from customer-success team
3793-MMFUH,0.8436,1235.59,1042.34,187,Critical Priority,Immediate personal call from customer-success team
0754-UKWQP,0.8436,1235.2,1042.01,188,Critical Priority,Immediate personal call from customer-success team
7548-SEPYI,0.8436,1234.71,1041.6,189,Critical Priority,Immediate personal call from customer-success team
2454-RPBRZ,0.8436,1233.07,1040.22,190,Critical Priority,Immediate personal call from customer-success team
2615-YVMYX,0.7294,1425.56,1039.8,191,Critical Priority,Immediate personal call from customer-success team
4929-XIHVW,0.8436,1232.18,1039.47,192,Critical Priority,Immediate personal call from customer-success team
2446-BEGGB,0.8436,1232.01,1039.32,193,Critical Priority,Immediate personal call from customer-success team
3387-VATUS,0.8436,1231.59,1038.97,194,Critical Priority,Immediate personal call from customer-success team
6877-TJMBR,0.9422,1101.92,1038.23,195,"High Risk, Lower Value",Automated retention campaign or targeted offer
7526-BEZQB,0.8436,1230.03,1037.65,196,Critical Priority,Immediate personal call from customer-success team
8800-ZKRFW,0.7294,1421.63,1036.94,197,Critical Priority,Immediate personal call from customer-success team
1960-UYCNN,0.8436,1229.09,1036.86,198,Critical Priority,Immediate personal call from customer-success team
3874-EQOEP,0.8436,1228.96,1036.75,199,Critical Priority,Immediate personal call from customer-success team
3319-DWOEP,0.8436,1228.86,1036.67,200,Critical Priority,Immediate personal call from customer-success team
4840-ORQXB,0.7294,1419.69,1035.52,201,Critical Priority,Immediate personal call from customer-success team
5804-HYIEZ,0.7294,1417.65,1034.03,202,Critical Priority,Immediate personal call from customer-success team
9714-EDSUC,0.8436,1225.39,1033.74,203,Critical Priority,Immediate personal call from customer-success team
3158-MOERK,0.8436,1224.64,1033.11,204,Critical Priority,Immediate personal call from customer-success team
4188-FRABG,0.7294,1416.21,1032.98,205,Critical Priority,Immediate personal call from customer-success team
0114-PEGZZ,0.7294,1416.08,1032.89,206,Critical Priority,Immediate personal call from customer-success team
7825-ECJRF,0.7294,1415.57,1032.52,207,Critical Priority,Immediate personal call from customer-success team
2344-JMOGN,0.8436,1223.85,1032.44,208,Critical Priority,Immediate personal call from customer-success team
9090-SGQXL,0.7294,1413.18,1030.77,209,Critical Priority,Immediate personal call from customer-success team
4826-XTSOH,0.9422,1092.18,1029.05,210,"High Risk, Lower Value",Automated retention campaign or targeted offer
9661-ACXBS,0.7294,1409.89,1028.37,211,Critical Priority,Immediate personal call from customer-success team
5150-ITWWB,0.8436,1218.71,1028.1,212,Critical Priority,Immediate personal call from customer-success team
7048-GXDAY,0.7294,1409.05,1027.76,213,Critical Priority,Immediate personal call from customer-success team
1104-TNLZA,0.7294,1408.93,1027.67,214,Critical Priority,Immediate personal call from customer-success team
0023-XUOPT,0.8436,1216.37,1026.13,215,Critical Priority,Immediate personal call from customer-success team
4716-HHKQH,0.7294,1406.32,1025.77,216,Critical Priority,Immediate personal call from customer-success team
4154-AQUGT,0.8436,1215.87,1025.71,217,Critical Priority,Immediate personal call from customer-success team
8603-IJWDN,0.9422,1087.85,1024.97,218,"High Risk, Lower Value",Automated retention campaign or targeted offer
5649-ANRML,0.8436,1214.82,1024.82,219,Critical Priority,Immediate personal call from customer-success team
2180-DXNEG,0.8436,1214.35,1024.43,220,Critical Priority,Immediate personal call from customer-success team
0337-CNPZE,0.7294,1404.18,1024.21,221,Critical Priority,Immediate personal call from customer-success team
9408-HRXRK,0.7294,1403.81,1023.94,222,Critical Priority,Immediate personal call from customer-success team
7943-RQCHR,0.8436,1213.66,1023.84,223,Critical Priority,Immediate personal call from customer-success team
5192-EBGOV,0.9422,1086.33,1023.54,224,"High Risk, Lower Value",Automated retention campaign or targeted offer
2792-LSHWX,0.9422,1085.9,1023.13,225,"High Risk, Lower Value",Automated retention campaign or targeted offer
9763-PDTKK,0.8436,1212.79,1023.11,226,Critical Priority,Immediate personal call from customer-success team
0094-OIFMO,0.8436,1210.71,1021.35,227,Critical Priority,Immediate personal call from customer-success team
5597-GLBUC,0.9422,1083.61,1020.98,228,"High Risk, Lower Value",Automated retention campaign or targeted offer
3045-XETSH,0.8436,1210.22,1020.94,229,Critical Priority,Immediate personal call from customer-success team
4484-GLZOU,0.7294,1398.99,1020.42,230,Critical Priority,Immediate personal call from customer-success team
3049-NDXFL,0.9422,1082.95,1020.36,231,"High Risk, Lower Value",Automated retention campaign or targeted offer
5630-IXDXV,0.7294,1398.45,1020.03,232,Critical Priority,Immediate personal call from customer-success team
1069-XAIEM,0.9422,1082.06,1019.52,233,"High Risk, Lower Value",Automated retention campaign or targeted offer
4844-JJWUY,0.9422,1081.68,1019.16,234,"High Risk, Lower Value",Automated retention campaign or targeted offer
1309-BXVOQ,0.7294,1395.98,1018.23,235,Critical Priority,Immediate personal call from customer-success team
7398-SKNQZ,0.8436,1206.87,1018.12,236,Critical Priority,Immediate personal call from customer-success team
6772-KSATR,0.9422,1080.37,1017.92,237,"High Risk, Lower Value",Automated retention campaign or targeted offer
9168-INPSZ,0.7294,1395.35,1017.77,238,Critical Priority,Immediate personal call from customer-success team
3006-XIMLN,0.8436,1205.92,1017.31,239,Critical Priority,Immediate personal call from customer-success team
2013-SGDXK,0.9422,1079.59,1017.19,240,"High Risk, Lower Value",Automated retention campaign or targeted offer
1374-DMZUI,0.8436,1205.39,1016.87,241,Critical Priority,Immediate personal call from customer-success team
8938-UMKPI,0.7294,1393.62,1016.51,242,Critical Priority,Immediate personal call from customer-success team
8937-RDTHP,0.9422,1078.43,1016.1,243,"High Risk, Lower Value",Automated retention campaign or targeted offer
7207-RMRDB,0.7294,1393.04,1016.08,244,Critical Priority,Immediate personal call from customer-success team
3957-LXOLK,0.7294,1392.95,1016.02,245,Critical Priority,Immediate personal call from customer-success team
6230-BSUXY,0.9422,1078.0,1015.69,246,"High Risk, Lower Value",Automated retention campaign or targeted offer
7209-JCUDS,0.8436,1203.82,1015.54,247,Critical Priority,Immediate personal call from customer-success team
0235-KGSLC,0.9422,1077.73,1015.44,248,"High Risk, Lower Value",Automated retention campaign or targeted offer
1469-LBJQJ,0.7294,1391.03,1014.62,249,Critical Priority,Immediate personal call from customer-success team
9025-AOMKI,0.8436,1202.0,1014.01,250,Critical Priority,Immediate personal call from customer-success team
4077-CROMM,0.7294,1389.91,1013.8,251,Critical Priority,Immediate personal call from customer-success team
6900-PXRMS,0.7294,1388.84,1013.02,252,Critical Priority,Immediate personal call from customer-success team
0895-DQHEW,0.7294,1388.33,1012.65,253,Critical Priority,Immediate personal call from customer-success team
9124-LHCJQ,0.9422,1074.54,1012.43,254,"High Risk, Lower Value",Automated retention campaign or targeted offer
6518-LGAOV,0.7294,1387.81,1012.27,255,Critical Priority,Immediate personal call from customer-success team
9282-IZGQK,0.9422,1074.28,1012.19,256,"High Risk, Lower Value",Automated retention campaign or targeted offer
5698-BQJOH,0.8436,1199.31,1011.74,257,"High Risk, Lower Value",Automated retention campaign or targeted offer
6350-XFYGW,0.8436,1198.83,1011.33,258,"High Risk, Lower Value",Automated retention campaign or targeted offer
5519-NPHVG,0.8436,1198.5,1011.05,259,"High Risk, Lower Value",Automated retention campaign or targeted offer
5129-JLPIS,0.7294,1385.62,1010.67,260,Critical Priority,Immediate personal call from customer-success team
5502-RLUYV,0.7294,1385.54,1010.61,261,Critical Priority,Immediate personal call from customer-success team
1628-BIZYP,0.9422,1072.07,1010.1,262,"High Risk, Lower Value",Automated retention campaign or targeted offer
8868-WOZGU,0.7294,1384.63,1009.95,263,Critical Priority,Immediate personal call from customer-success team
1731-TVIUK,0.8436,1196.33,1009.22,264,"High Risk, Lower Value",Automated retention campaign or targeted offer
3338-CVVEH,0.8436,1196.04,1008.98,265,"High Risk, Lower Value",Automated retention campaign or targeted offer
0325-XBFAC,0.8436,1195.97,1008.92,266,"High Risk, Lower Value",Automated retention campaign or targeted offer
2208-UGTGR,0.7294,1383.13,1008.86,267,Critical Priority,Immediate personal call from customer-success team
8481-YYXWG,0.8436,1195.61,1008.62,268,"High Risk, Lower Value",Automated retention campaign or targeted offer
1427-VERSM,0.7294,1382.74,1008.57,269,Critical Priority,Immediate personal call from customer-success team
5168-MSWXT,0.8436,1195.54,1008.56,270,"High Risk, Lower Value",Automated retention campaign or targeted offer
2786-GCDPI,0.7294,1382.32,1008.26,271,Critical Priority,Immediate personal call from customer-success team
3217-FZDMN,0.8436,1194.46,1007.65,272,"High Risk, Lower Value",Automated retention campaign or targeted offer
1035-IPQPU,0.7294,1381.06,1007.35,273,Critical Priority,Immediate personal call from customer-success team
2202-CUYXZ,0.9422,1068.98,1007.19,274,"High Risk, Lower Value",Automated retention campaign or targeted offer
7120-RFMVS,0.9422,1068.71,1006.94,275,"High Risk, Lower Value",Automated retention campaign or targeted offer
2645-QTLMB,0.8436,1193.3,1006.67,276,"High Risk, Lower Value",Automated retention campaign or targeted offer
5380-AFSSK,0.8436,1192.96,1006.38,277,"High Risk, Lower Value",Automated retention campaign or targeted offer
4626-GYCZP,0.8436,1192.89,1006.32,278,"High Risk, Lower Value",Automated retention campaign or targeted offer
7549-MYGPK,0.7294,1379.55,1006.24,279,Critical Priority,Immediate personal call from customer-success team
9927-DSWDF,0.7294,1378.55,1005.51,280,Critical Priority,Immediate personal call from customer-success team
4192-GORJT,0.8436,1191.88,1005.47,281,"High Risk, Lower Value",Automated retention campaign or targeted offer
5141-ZUVBH,0.8436,1191.86,1005.45,282,"High Risk, Lower Value",Automated retention campaign or targeted offer
8161-QYMTT,0.8436,1191.86,1005.45,283,"High Risk, Lower Value",Automated retention campaign or targeted offer
5567-WSELE,0.8436,1191.77,1005.38,284,"High Risk, Lower Value",Automated retention campaign or targeted offer
6988-CJEYV,0.7294,1378.18,1005.24,285,Critical Priority,Immediate personal call from customer-success team
9093-FPDLG,0.8436,1191.08,1004.8,286,"High Risk, Lower Value",Automated retention campaign or targeted offer
0742-NXBGR,0.9422,1066.02,1004.4,287,"High Risk, Lower Value",Automated retention campaign or targeted offer
6502-HCJTI,0.8436,1190.24,1004.09,288,"High Risk, Lower Value",Automated retention campaign or targeted offer
8118-LSUEL,0.7294,1375.99,1003.65,289,Critical Priority,Immediate personal call from customer-success team
1343-EHPYB,0.7294,1375.89,1003.57,290,Critical Priority,Immediate personal call from customer-success team
4912-PIGUY,0.9422,1064.74,1003.2,291,"High Risk, Lower Value",Automated retention campaign or targeted offer
3001-CBHLQ,0.7294,1374.7,1002.71,292,Critical Priority,Immediate personal call from customer-success team
5349-IECLD,0.8436,1188.38,1002.52,293,"High Risk, Lower Value",Automated retention campaign or targeted offer
3374-LXDEV,0.8436,1188.09,1002.27,294,"High Risk, Lower Value",Automated retention campaign or targeted offer
5380-WJKOV,0.7294,1373.99,1002.19,295,Critical Priority,Immediate personal call from customer-success team
7503-ZGUZJ,0.9422,1063.45,1001.98,296,"High Risk, Lower Value",Automated retention campaign or targeted offer
2929-ERCFZ,0.8436,1187.2,1001.52,297,"High Risk, Lower Value",Automated retention campaign or targeted offer
2004-OCQXK,0.9422,1062.95,1001.51,298,"High Risk, Lower Value",Automated retention campaign or targeted offer
7852-LECYP,0.8436,1187.05,1001.4,299,"High Risk, Lower Value",Automated retention campaign or targeted offer
8035-PWSEV,0.8436,1187.04,1001.39,300,"High Risk, Lower Value",Automated retention campaign or targeted offer
8818-DOPVL,0.7294,1372.78,1001.31,301,Critical Priority,Immediate personal call from customer-success team
7892-POOKP,0.7294,1371.7,1000.52,302,Critical Priority,Immediate personal call from customer-success team
2982-VPSGI,0.8436,1184.25,999.03,303,"High Risk, Lower Value",Automated retention campaign or targeted offer
1513-XNPPH,0.8436,1184.18,998.97,304,"High Risk, Lower Value",Automated retention campaign or targeted offer
7024-OHCCK,0.8436,1184.12,998.92,305,"High Risk, Lower Value",Automated retention campaign or targeted offer
3545-CNWRG,0.7294,1368.91,998.48,306,Critical Priority,Immediate personal call from customer-success team
9874-QLCLH,0.7294,1368.66,998.3,307,Critical Priority,Immediate personal call from customer-success team
8468-EHYJA,0.7294,1368.58,998.24,308,Critical Priority,Immediate personal call from customer-success team
4523-WXCEF,0.7294,1368.16,997.94,309,Critical Priority,Immediate personal call from customer-success team
7156-MHUGY,0.8436,1182.85,997.85,310,"High Risk, Lower Value",Automated retention campaign or targeted offer
6101-IMRMM,0.8436,1182.77,997.78,311,"High Risk, Lower Value",Automated retention campaign or targeted offer
6137-NICCO,0.8436,1182.42,997.49,312,"High Risk, Lower Value",Automated retention campaign or targeted offer
7218-HKQFK,0.8436,1181.43,996.65,313,"High Risk, Lower Value",Automated retention campaign or targeted offer
3384-CTMSF,0.7294,1366.24,996.54,314,Critical Priority,Immediate personal call from customer-success team
2080-CAZNM,0.7294,1365.86,996.26,315,Critical Priority,Immediate personal call from customer-success team
0207-MDKNV,0.7294,1364.84,995.51,316,Critical Priority,Immediate personal call from customer-success team
9732-EQMWY,0.7294,1364.72,995.43,317,Critical Priority,Immediate personal call from customer-success team
2474-BRUCM,0.7294,1363.42,994.48,318,Critical Priority,Immediate personal call from customer-success team
4424-TKOPW,0.8436,1178.57,994.24,319,"High Risk, Lower Value",Automated retention campaign or targeted offer
6818-DJXAA,0.8436,1178.53,994.21,320,"High Risk, Lower Value",Automated retention campaign or targeted offer
6646-VRFOL,0.7294,1362.84,994.06,321,Critical Priority,Immediate personal call from customer-success team
3318-NMQXL,0.8436,1178.19,993.92,322,"High Risk, Lower Value",Automated retention campaign or targeted offer
2672-HUYVI,0.8436,1177.75,993.55,323,"High Risk, Lower Value",Automated retention campaign or targeted offer
8087-LGYHQ,0.8436,1177.11,993.01,324,"High Risk, Lower Value",Automated retention campaign or targeted offer
9851-QXEEQ,0.7294,1360.96,992.68,325,Critical Priority,Immediate personal call from customer-success team
4145-UQXUQ,0.8436,1176.26,992.29,326,"High Risk, Lower Value",Automated retention campaign or targeted offer
8111-SLLHI,0.7294,1360.28,992.19,327,Critical Priority,Immediate personal call from customer-success team
3005-NFMTA,0.7294,1360.11,992.06,328,Critical Priority,Immediate personal call from customer-success team
2720-WGKHP,0.8436,1175.78,991.89,329,"High Risk, Lower Value",Automated retention campaign or targeted offer
2832-KJCRD,0.7294,1358.27,990.72,330,Critical Priority,Immediate personal call from customer-success team
8266-VBFQL,0.8436,1174.31,990.65,331,"High Risk, Lower Value",Automated retention campaign or targeted offer
0596-BQCEQ,0.7294,1358.14,990.63,332,Critical Priority,Immediate personal call from customer-success team
5519-YLDGW,0.7294,1357.97,990.5,333,Critical Priority,Immediate personal call from customer-success team
5747-PMBSQ,0.8436,1173.63,990.07,334,"High Risk, Lower Value",Automated retention campaign or targeted offer
2462-XIIJB,0.8436,1173.6,990.05,335,"High Risk, Lower Value",Automated retention campaign or targeted offer
2018-QKYGT,0.9422,1050.73,990.0,336,"High Risk, Lower Value",Automated retention campaign or targeted offer
5219-YIPTK,0.7294,1357.02,989.81,337,Critical Priority,Immediate personal call from customer-success team
1842-EZJMK,0.7294,1356.77,989.63,338,Critical Priority,Immediate personal call from customer-success team
2038-LLMLM,0.7294,1356.54,989.46,339,Critical Priority,Immediate personal call from customer-success team
3001-UNBTL,0.7294,1356.22,989.23,340,Critical Priority,Immediate personal call from customer-success team
1567-DSCIC,0.8436,1172.57,989.18,341,"High Risk, Lower Value",Automated retention campaign or targeted offer
9741-YLNTD,0.8436,1171.08,987.92,342,"High Risk, Lower Value",Automated retention campaign or targeted offer
7321-PKUYW,0.8436,1170.65,987.56,343,"High Risk, Lower Value",Automated retention campaign or targeted offer
3703-VAVCL,0.8436,1170.43,987.37,344,"High Risk, Lower Value",Automated retention campaign or targeted offer
0310-MVLET,0.7294,1353.19,987.02,345,Critical Priority,Immediate personal call from customer-success team
0946-CLJTI,0.7294,1353.13,986.97,346,Critical Priority,Immediate personal call from customer-success team
8414-MYSHR,0.8436,1169.27,986.4,347,"High Risk, Lower Value",Automated retention campaign or targeted offer
7952-OBOYL,0.8436,1169.13,986.28,348,"High Risk, Lower Value",Automated retention campaign or targeted offer
7142-HVGBG,0.7294,1352.07,986.2,349,Critical Priority,Immediate personal call from customer-success team
8785-CJSHH,0.7294,1350.97,985.4,350,Critical Priority,Immediate personal call from customer-success team
6892-EZDTG,0.8436,1166.99,984.47,351,"High Risk, Lower Value",Automated retention campaign or targeted offer
1195-OIYEJ,0.8436,1166.85,984.35,352,"High Risk, Lower Value",Automated retention campaign or targeted offer
4062-HBMOS,0.7294,1349.51,984.33,353,Critical Priority,Immediate personal call from customer-success team
5842-POCOP,0.8436,1166.18,983.79,354,"High Risk, Lower Value",Automated retention campaign or targeted offer
4550-VBOFE,0.7294,1348.59,983.66,355,Critical Priority,Immediate personal call from customer-success team
1273-MTETI,0.8436,1165.32,983.06,356,"High Risk, Lower Value",Automated retention campaign or targeted offer
5649-RXQTV,0.7294,1347.6,982.94,357,Critical Priority,Immediate personal call from customer-success team
9546-CQJSU,0.8436,1165.12,982.9,358,"High Risk, Lower Value",Automated retention campaign or targeted offer
2874-YXVVA,0.7294,1347.23,982.67,359,Critical Priority,Immediate personal call from customer-success team
0432-CAJZV,0.8436,1164.71,982.55,360,"High Risk, Lower Value",Automated retention campaign or targeted offer
0654-HMSHN,0.7294,1346.67,982.26,361,Critical Priority,Immediate personal call from customer-success team
8384-FZBJK,0.7294,1346.48,982.12,362,Critical Priority,Immediate personal call from customer-success team
4658-HCOHW,0.7294,1346.39,982.06,363,Critical Priority,Immediate personal call from customer-success team
1550-EENBN,0.7294,1346.22,981.93,364,Critical Priority,Immediate personal call from customer-success team
2697-NQBPF,0.7294,1346.17,981.9,365,Critical Priority,Immediate personal call from customer-success team
5995-SNNEW,0.7294,1345.66,981.52,366,Critical Priority,Immediate personal call from customer-success team
4553-DVPZG,0.7294,1345.01,981.05,367,Critical Priority,Immediate personal call from customer-success team
2472-OVKUP,0.8436,1162.86,980.99,368,"High Risk, Lower Value",Automated retention campaign or targeted offer
4813-HQMGZ,0.8436,1162.65,980.81,369,"High Risk, Lower Value",Automated retention campaign or targeted offer
4614-NUVZD,0.9422,1040.91,980.75,370,"High Risk, Lower Value",Automated retention campaign or targeted offer
8622-ZLFKO,0.8436,1161.71,980.02,371,"High Risk, Lower Value",Automated retention campaign or targeted offer
5442-UTCVD,0.8436,1161.49,979.83,372,"High Risk, Lower Value",Automated retention campaign or targeted offer
1723-HKXJQ,0.7294,1343.04,979.61,373,Critical Priority,Immediate personal call from customer-success team
5515-AKOAJ,0.7294,1342.91,979.52,374,Critical Priority,Immediate personal call from customer-success team
5095-AESKG,0.8436,1161.04,979.45,375,"High Risk, Lower Value",Automated retention campaign or targeted offer
9846-GKXAS,0.8436,1160.49,978.99,376,"High Risk, Lower Value",Automated retention campaign or targeted offer
4137-BTIKL,0.8436,1160.37,978.89,377,"High Risk, Lower Value",Automated retention campaign or targeted offer
5449-FIBXJ,0.7294,1341.87,978.76,378,Critical Priority,Immediate personal call from customer-success team
6892-XPFPU,0.7294,1341.11,978.21,379,Critical Priority,Immediate personal call from customer-success team
3768-NLUBH,0.7294,1341.02,978.14,380,Critical Priority,Immediate personal call from customer-success team
2034-GDRCN,0.8436,1159.33,978.01,381,"High Risk, Lower Value",Automated retention campaign or targeted offer
1522-VVDMG,0.8436,1159.01,977.74,382,"High Risk, Lower Value",Automated retention campaign or targeted offer
5091-HFAZW,0.8436,1158.86,977.61,383,"High Risk, Lower Value",Automated retention campaign or targeted offer
4927-WWOOZ,0.8436,1158.56,977.36,384,"High Risk, Lower Value",Automated retention campaign or targeted offer
2439-LYPMQ,0.7294,1339.79,977.24,385,Critical Priority,Immediate personal call from customer-success team
9940-HPQPG,0.8436,1157.79,976.71,386,"High Risk, Lower Value",Automated retention campaign or targeted offer
2357-COQEK,0.7294,1338.4,976.23,387,Critical Priority,Immediate personal call from customer-success team
8276-MQBYC,0.7294,1338.28,976.14,388,Critical Priority,Immediate personal call from customer-success team
1389-CXMLU,0.8436,1157.02,976.06,389,"High Risk, Lower Value",Automated retention campaign or targeted offer
2277-DJJDL,0.7294,1337.99,975.93,390,Critical Priority,Immediate personal call from customer-success team
9600-NAXZN,0.7294,1337.71,975.73,391,Critical Priority,Immediate personal call from customer-success team
8999-BOHSE,0.8436,1156.14,975.32,392,"High Risk, Lower Value",Automated retention campaign or targeted offer
0772-GYEQQ,0.8436,1155.77,975.01,393,"High Risk, Lower Value",Automated retention campaign or targeted offer
4184-TJFAN,0.8436,1154.99,974.35,394,"High Risk, Lower Value",Automated retention campaign or targeted offer
9801-GDWGV,0.7294,1335.66,974.23,395,Critical Priority,Immediate personal call from customer-success team
4695-WJZUE,0.8436,1154.69,974.1,396,"High Risk, Lower Value",Automated retention campaign or targeted offer
5339-PXDVH,0.8436,1154.14,973.63,397,"High Risk, Lower Value",Automated retention campaign or targeted offer
8625-AZYZY,0.7294,1333.93,972.97,398,Critical Priority,Immediate personal call from customer-success team
8212-DJRCH,0.8436,1153.26,972.89,399,"High Risk, Lower Value",Automated retention campaign or targeted offer
9565-DJPIB,0.8436,1153.09,972.75,400,"High Risk, Lower Value",Automated retention campaign or targeted offer
4007-NHVHI,0.7294,1333.35,972.55,401,Critical Priority,Immediate personal call from customer-success team
7330-WZLNC,0.8436,1152.36,972.13,402,"High Risk, Lower Value",Automated retention campaign or targeted offer
2865-TCHJW,0.8436,1152.08,971.89,403,"High Risk, Lower Value",Automated retention campaign or targeted offer
1028-FFNJK,0.7294,1332.15,971.67,404,Critical Priority,Immediate personal call from customer-success team
4289-DTDKW,0.7294,1330.79,970.68,405,Critical Priority,Immediate personal call from customer-success team
0147-ESWWR,0.7294,1330.06,970.15,406,Critical Priority,Immediate personal call from customer-success team
2675-DHUTR,0.7294,1329.55,969.77,407,Critical Priority,Immediate personal call from customer-success team
2074-GKOWZ,0.8436,1149.21,969.47,408,"High Risk, Lower Value",Automated retention campaign or targeted offer
4853-OITSN,0.8436,1149.03,969.32,409,"High Risk, Lower Value",Automated retention campaign or targeted offer
7056-IMHCC,0.7294,1328.87,969.28,410,Critical Priority,Immediate personal call from customer-success team
2003-CKLOR,0.7294,1328.21,968.8,411,Critical Priority,Immediate personal call from customer-success team
1448-PWKYE,0.9422,1027.91,968.5,412,"High Risk, Lower Value",Automated retention campaign or targeted offer
4951-UKAAQ,0.8436,1147.87,968.34,413,"High Risk, Lower Value",Automated retention campaign or targeted offer
6651-AZVTJ,0.7294,1327.31,968.14,414,Critical Priority,Immediate personal call from customer-success team
9611-CTWIH,0.8436,1147.04,967.64,415,"High Risk, Lower Value",Automated retention campaign or targeted offer
7928-VJYAB,0.8436,1147.0,967.61,416,"High Risk, Lower Value",Automated retention campaign or targeted offer
0133-BMFZO,0.8436,1146.62,967.29,417,"High Risk, Lower Value",Automated retention campaign or targeted offer
9430-FRQOC,0.8436,1146.33,967.04,418,"High Risk, Lower Value",Automated retention campaign or targeted offer
7901-TBKJX,0.7294,1325.8,967.04,419,Critical Priority,Immediate personal call from customer-success team
5644-PDMZC,0.8436,1145.02,965.94,420,"High Risk, Lower Value",Automated retention campaign or targeted offer
3629-ZNKXA,0.7294,1323.4,965.29,421,Critical Priority,Immediate personal call from customer-success team
3914-FDRHP,0.8436,1143.98,965.06,422,"High Risk, Lower Value",Automated retention campaign or targeted offer
5429-LWCMV,0.8436,1143.23,964.43,423,"High Risk, Lower Value",Automated retention campaign or targeted offer
2107-FBPTK,0.7294,1321.8,964.12,424,Critical Priority,Immediate personal call from customer-success team
7233-DRTRF,0.7294,1321.48,963.89,425,Critical Priority,Immediate personal call from customer-success team
0139-IVFJG,0.8436,1142.52,963.83,426,"High Risk, Lower Value",Automated retention campaign or targeted offer
6086-ESGRL,0.9422,1022.77,963.65,427,"High Risk, Lower Value",Automated retention campaign or targeted offer
3167-SNQPL,0.7294,1321.03,963.56,428,Critical Priority,Immediate personal call from customer-success team
8903-WMRNW,0.7294,1320.88,963.45,429,Critical Priority,Immediate personal call from customer-success team
0135-NMXAP,0.8436,1141.97,963.37,430,"High Risk, Lower Value",Automated retention campaign or targeted offer
8821-XNHVZ,0.9422,1022.39,963.3,431,"High Risk, Lower Value",Automated retention campaign or targeted offer
2867-UIMSS,0.9422,1022.39,963.3,432,"High Risk, Lower Value",Automated retention campaign or targeted offer
0365-BZUWY,0.7294,1320.41,963.11,433,Critical Priority,Immediate personal call from customer-success team
8761-NSOBC,0.7294,1320.05,962.84,434,Critical Priority,Immediate personal call from customer-success team
3071-VBYPO,0.8436,1141.19,962.71,435,"High Risk, Lower Value",Automated retention campaign or targeted offer
0886-QGENL,0.7294,1319.37,962.35,436,Critical Priority,Immediate personal call from customer-success team
0318-QUUOB,0.9422,1021.06,962.04,437,"High Risk, Lower Value",Automated retention campaign or targeted offer
6372-RFVNS,0.9422,1021.0,961.99,438,"High Risk, Lower Value",Automated retention campaign or targeted offer
8313-NDOIA,0.7294,1318.81,961.94,439,Critical Priority,Immediate personal call from customer-success team
1579-KLYDT,0.8436,1140.02,961.72,440,"High Risk, Lower Value",Automated retention campaign or targeted offer
7748-UMTRK,0.7294,1318.14,961.45,441,Critical Priority,Immediate personal call from customer-success team
3398-FSHON,0.8436,1139.54,961.32,442,"High Risk, Lower Value",Automated retention campaign or targeted offer
4847-TAJYI,0.8436,1139.51,961.29,443,"High Risk, Lower Value",Automated retention campaign or targeted offer
1173-XZPYF,0.8436,1139.25,961.07,444,"High Risk, Lower Value",Automated retention campaign or targeted offer
4298-OYIFC,0.7294,1317.53,961.01,445,Critical Priority,Immediate personal call from customer-success team
7641-EUYET,0.7294,1316.95,960.58,446,Critical Priority,Immediate personal call from customer-success team
7439-DKZTW,0.9422,1019.12,960.21,447,"High Risk, Lower Value",Automated retention campaign or targeted offer
2603-HVKCG,0.7294,1315.87,959.8,448,Critical Priority,Immediate personal call from customer-success team
0137-OCGAB,0.9422,1018.23,959.38,449,"High Risk, Lower Value",Automated retention campaign or targeted offer
4115-NZRKS,0.8436,1137.22,959.36,450,"High Risk, Lower Value",Automated retention campaign or targeted offer
5956-YHHRX,0.7294,1314.85,959.05,451,Critical Priority,Immediate personal call from customer-success team
9221-OTIVJ,0.7294,1314.12,958.52,452,Critical Priority,Immediate personal call from customer-success team
4958-XCBDQ,0.7294,1313.67,958.19,453,Critical Priority,Immediate personal call from customer-success team
0258-NOKBL,0.8436,1135.8,958.16,454,"High Risk, Lower Value",Automated retention campaign or targeted offer
6969-MVBAI,0.8436,1135.66,958.04,455,"High Risk, Lower Value",Automated retention campaign or targeted offer
8019-ENHXU,0.7294,1313.33,957.94,456,Critical Priority,Immediate personal call from customer-success team
7587-AOVVU,0.7294,1313.26,957.89,457,Critical Priority,Immediate personal call from customer-success team
0320-JDNQG,0.7294,1312.81,957.56,458,Critical Priority,Immediate personal call from customer-success team
7479-NITWS,0.8436,1134.55,957.11,459,"High Risk, Lower Value",Automated retention campaign or targeted offer
6845-RGTYS,0.7294,1312.15,957.08,460,Critical Priority,Immediate personal call from customer-success team
4228-ZGYUW,0.8436,1134.27,956.87,461,"High Risk, Lower Value",Automated retention campaign or targeted offer
1724-BQUHA,0.8436,1132.99,955.79,462,"High Risk, Lower Value",Automated retention campaign or targeted offer
5494-HECPR,0.9422,1014.23,955.61,463,"High Risk, Lower Value",Automated retention campaign or targeted offer
5348-CAGXB,0.8436,1132.4,955.29,464,"High Risk, Lower Value",Automated retention campaign or targeted offer
8337-UPOAQ,0.8436,1132.09,955.03,465,"High Risk, Lower Value",Automated retention campaign or targeted offer
4123-DVHPH,0.8436,1131.68,954.69,466,"High Risk, Lower Value",Automated retention campaign or targeted offer
3934-HXCFZ,0.7294,1308.66,954.54,467,Critical Priority,Immediate personal call from customer-success team
8374-XGEJJ,0.7294,1308.29,954.27,468,Critical Priority,Immediate personal call from customer-success team
3143-JQEGI,0.8436,1130.8,953.94,469,"High Risk, Lower Value",Automated retention campaign or targeted offer
0345-HKJVM,0.8436,1130.54,953.72,470,"High Risk, Lower Value",Automated retention campaign or targeted offer
4803-AXVYP,0.7294,1306.75,953.14,471,Critical Priority,Immediate personal call from customer-success team
7903-CMPEY,0.9422,1011.58,953.11,472,"High Risk, Lower Value",Automated retention campaign or targeted offer
4128-ETESU,0.7294,1306.62,953.05,473,Critical Priority,Immediate personal call from customer-success team
2800-QQUSO,0.7294,1306.36,952.86,474,Critical Priority,Immediate personal call from customer-success team
1866-RZZQS,0.7294,1305.78,952.44,475,Critical Priority,Immediate personal call from customer-success team
3588-WSTTJ,0.7294,1305.17,951.99,476,Critical Priority,Immediate personal call from customer-success team
5393-RXQSZ,0.9422,1010.33,951.93,477,"High Risk, Lower Value",Automated retention campaign or targeted offer
1285-OKIPP,0.9422,1010.28,951.89,478,"High Risk, Lower Value",Automated retention campaign or targeted offer
3898-GUYTS,0.7294,1304.82,951.74,479,Critical Priority,Immediate personal call from customer-success team
9019-QVLZD,0.9422,1010.12,951.74,480,"High Risk, Lower Value",Automated retention campaign or targeted offer
2990-HWIML,0.8436,1128.07,951.64,481,"High Risk, Lower Value",Automated retention campaign or targeted offer
2254-DLXRI,0.9422,1009.94,951.57,482,"High Risk, Lower Value",Automated retention campaign or targeted offer
0324-BRPCJ,0.7294,1304.56,951.55,483,Critical Priority,Immediate personal call from customer-success team
7493-TPUWZ,0.9422,1009.65,951.29,484,"High Risk, Lower Value",Automated retention campaign or targeted offer
6300-BWMJX,0.7294,1304.04,951.17,485,Critical Priority,Immediate personal call from customer-success team
4633-MKHYU,0.8436,1127.26,950.96,486,"High Risk, Lower Value",Automated retention campaign or targeted offer
2657-VPXTA,0.8436,1127.12,950.84,487,"High Risk, Lower Value",Automated retention campaign or targeted offer
7228-OMTPN,0.8436,1126.91,950.66,488,"High Risk, Lower Value",Automated retention campaign or targeted offer
0354-WYROK,0.7294,1302.6,950.12,489,Critical Priority,Immediate personal call from customer-success team
7394-FKDNK,0.8436,1126.19,950.05,490,"High Risk, Lower Value",Automated retention campaign or targeted offer
0125-LZQXK,0.7294,1302.37,949.95,491,Critical Priority,Immediate personal call from customer-success team
1013-QCWAM,0.7294,1302.26,949.87,492,Critical Priority,Immediate personal call from customer-success team
7780-OTDSO,0.7294,1301.15,949.06,493,Critical Priority,Immediate personal call from customer-success team
8740-CRYFY,0.9422,1006.63,948.45,494,"High Risk, Lower Value",Automated retention campaign or targeted offer
9058-HRZSV,0.7294,1300.02,948.23,495,Critical Priority,Immediate personal call from customer-success team
1624-NALOJ,0.8436,1123.95,948.16,496,"High Risk, Lower Value",Automated retention campaign or targeted offer
5919-TMRGD,0.9422,1006.3,948.14,497,"High Risk, Lower Value",Automated retention campaign or targeted offer
9507-EXLTT,0.9422,1006.2,948.04,498,"High Risk, Lower Value",Automated retention campaign or targeted offer
5590-BYNII,0.7294,1299.55,947.89,499,Critical Priority,Immediate personal call from customer-success team
6618-RYATB,0.9422,1005.62,947.5,500,"High Risk, Lower Value",Automated retention campaign or targeted offer
8780-IXSTS,0.8436,1123.13,947.47,501,"High Risk, Lower Value",Automated retention campaign or targeted offer
0187-QSXOE,0.8436,1122.66,947.08,502,"High Risk, Lower Value",Automated retention campaign or targeted offer
8945-GRKHX,0.9422,1004.9,946.82,503,"High Risk, Lower Value",Automated retention campaign or targeted offer
1641-RQDAY,0.7294,1297.57,946.45,504,Critical Priority,Immediate personal call from customer-success team
4597-NUCQV,0.7294,1297.56,946.44,505,Critical Priority,Immediate personal call from customer-success team
4433-JCGCG,0.7294,1297.16,946.15,506,Critical Priority,Immediate personal call from customer-success team
2514-GINMM,0.9422,1003.76,945.74,507,"High Risk, Lower Value",Automated retention campaign or targeted offer
3462-BJQQA,0.8436,1120.9,945.59,508,"High Risk, Lower Value",Automated retention campaign or targeted offer
5960-WPXQM,0.9422,1003.2,945.22,509,"High Risk, Lower Value",Automated retention campaign or targeted offer
6457-USBER,0.9422,1003.18,945.2,510,"High Risk, Lower Value",Automated retention campaign or targeted offer
5275-SQEIZ,0.9422,1002.73,944.77,511,"High Risk, Lower Value",Automated retention campaign or targeted offer
7392-YYPYJ,0.7294,1295.22,944.73,512,Critical Priority,Immediate personal call from customer-success team
6029-WTIPC,0.7294,1295.15,944.68,513,Critical Priority,Immediate personal call from customer-success team
6851-WEFYX,0.7294,1295.07,944.62,514,Critical Priority,Immediate personal call from customer-success team
0899-LIIBW,0.7294,1295.05,944.61,515,Critical Priority,Immediate personal call from customer-success team
3473-XIIIT,0.7294,1294.98,944.56,516,Critical Priority,Immediate personal call from customer-success team
2845-AFFTX,0.7294,1294.98,944.56,517,Critical Priority,Immediate personal call from customer-success team
4112-LUEIZ,0.8436,1119.46,944.38,518,"High Risk, Lower Value",Automated retention campaign or targeted offer
4989-LIXVT,0.7294,1294.15,943.95,519,Critical Priority,Immediate personal call from customer-success team
2809-ZMYOQ,0.7294,1294.01,943.85,520,Critical Priority,Immediate personal call from customer-success team
0420-HLGXF,0.7294,1293.99,943.84,521,Critical Priority,Immediate personal call from customer-success team
2568-OIADY,0.7294,1293.64,943.58,522,Critical Priority,Immediate personal call from customer-success team
0407-BDJKB,0.7294,1293.59,943.54,523,Critical Priority,Immediate personal call from customer-success team
2430-USGXP,0.7294,1293.55,943.52,524,Critical Priority,Immediate personal call from customer-success team
9134-CEQMF,0.8436,1118.39,943.47,525,"High Risk, Lower Value",Automated retention campaign or targeted offer
9300-RENDD,0.9422,1000.97,943.11,526,"High Risk, Lower Value",Automated retention campaign or targeted offer
8634-MPHTR,0.7294,1292.82,942.98,527,Critical Priority,Immediate personal call from customer-success team
0434-CSFON,0.7294,1292.55,942.79,528,Critical Priority,Immediate personal call from customer-success team
6467-CHFZW,0.7294,1292.52,942.76,529,Critical Priority,Immediate personal call from customer-success team
6088-BXMRG,0.7294,1292.46,942.72,530,Critical Priority,Immediate personal call from customer-success team
4902-OHLSK,0.7294,1292.43,942.7,531,Critical Priority,Immediate personal call from customer-success team
6559-PDZLR,0.7294,1292.41,942.68,532,Critical Priority,Immediate personal call from customer-success team
1075-BGWOH,0.7294,1292.12,942.47,533,Critical Priority,Immediate personal call from customer-success team
6567-HOOPW,0.9422,999.98,942.18,534,"High Risk, Lower Value",Automated retention campaign or targeted offer
0129-KPTWJ,0.7294,1291.34,941.9,535,Critical Priority,Immediate personal call from customer-success team
8631-WUXGY,0.7294,1291.31,941.88,536,Critical Priority,Immediate personal call from customer-success team
2386-OWURY,0.7294,1291.2,941.8,537,Critical Priority,Immediate personal call from customer-success team
3663-MITLP,0.7294,1291.18,941.79,538,Critical Priority,Immediate personal call from customer-success team
9647-ERGBE,0.7294,1290.74,941.47,539,Critical Priority,Immediate personal call from customer-success team
8709-KRDVL,0.7294,1290.59,941.36,540,Critical Priority,Immediate personal call from customer-success team
1751-NCDLI,0.7294,1290.43,941.24,541,Critical Priority,Immediate personal call from customer-success team
4439-JMPMT,0.8436,1115.65,941.16,542,"High Risk, Lower Value",Automated retention campaign or targeted offer
1666-JXLKU,0.7294,1290.27,941.12,543,Critical Priority,Immediate personal call from customer-success team
8580-AECUZ,0.9422,998.84,941.11,544,"High Risk, Lower Value",Automated retention campaign or targeted offer
1761-AEZZR,0.9422,998.76,941.03,545,"High Risk, Lower Value",Automated retention campaign or targeted offer
6116-RFVHN,0.7294,1290.11,941.01,546,Critical Priority,Immediate personal call from customer-success team
6907-NZZIJ,0.7294,1290.1,941.0,547,Critical Priority,Immediate personal call from customer-success team
9885-CSMWE,0.9422,998.41,940.7,548,"High Risk, Lower Value",Automated retention campaign or targeted offer
4998-IKFSE,0.7294,1289.34,940.44,549,Critical Priority,Immediate personal call from customer-success team
4369-HTUIF,0.8436,1114.66,940.33,550,"High Risk, Lower Value",Automated retention campaign or targeted offer
5883-GTGVD,0.7294,1289.1,940.27,551,Critical Priority,Immediate personal call from customer-success team
4884-ZTHVF,0.8436,1114.57,940.25,552,"High Risk, Lower Value",Automated retention campaign or targeted offer
1254-IZEYF,0.7294,1289.06,940.24,553,Critical Priority,Immediate personal call from customer-success team
5318-IXUZF,0.8436,1114.51,940.2,554,"High Risk, Lower Value",Automated retention campaign or targeted offer
6215-NQCPY,0.7294,1288.92,940.14,555,Critical Priority,Immediate personal call from customer-success team
6543-XRMYR,0.7294,1288.76,940.02,556,Critical Priority,Immediate personal call from customer-success team
4009-ALQFH,0.7294,1288.54,939.86,557,Critical Priority,Immediate personal call from customer-success team
4817-VYYWS,0.7294,1288.43,939.78,558,Critical Priority,Immediate personal call from customer-success team
6432-TWQLB,0.8436,1113.93,939.71,559,"High Risk, Lower Value",Automated retention campaign or targeted offer
8058-INTPH,0.9422,996.99,939.36,560,"High Risk, Lower Value",Automated retention campaign or targeted offer
6979-ZNSFF,0.8436,1113.33,939.21,561,"High Risk, Lower Value",Automated retention campaign or targeted offer
2777-PHDEI,0.9422,996.79,939.18,562,"High Risk, Lower Value",Automated retention campaign or targeted offer
8837-VVWLQ,0.8436,1113.14,939.04,563,"High Risk, Lower Value",Automated retention campaign or targeted offer
4021-RQSNY,0.7294,1287.21,938.89,564,Critical Priority,Immediate personal call from customer-success team
8397-MVTAZ,0.7294,1287.2,938.88,565,Critical Priority,Immediate personal call from customer-success team
4598-XLKNJ,0.7294,1286.9,938.66,566,Critical Priority,Immediate personal call from customer-success team
7028-DVOIQ,0.7294,1285.3,937.5,567,Critical Priority,Immediate personal call from customer-success team
6683-VLCTZ,0.7294,1285.27,937.48,568,Critical Priority,Immediate personal call from customer-success team
3393-FMZPV,0.7294,1284.72,937.07,569,Critical Priority,Immediate personal call from customer-success team
4724-WXVWF,0.7294,1284.42,936.86,570,Critical Priority,Immediate personal call from customer-success team
0060-FUALY,0.7294,1284.27,936.75,571,Critical Priority,Immediate personal call from customer-success team
4140-MUHUG,0.8436,1110.41,936.74,572,"High Risk, Lower Value",Automated retention campaign or targeted offer
0378-TOVMS,0.8436,1109.85,936.27,573,"High Risk, Lower Value",Automated retention campaign or targeted offer
7079-QRCBC,0.7294,1283.5,936.18,574,Critical Priority,Immediate personal call from customer-success team
0680-DFNNY,0.7294,1283.32,936.05,575,Critical Priority,Immediate personal call from customer-success team
2609-IAICY,0.9422,993.01,935.61,576,"High Risk, Lower Value",Automated retention campaign or targeted offer
7594-RQHXR,0.9422,992.26,934.91,577,"High Risk, Lower Value",Automated retention campaign or targeted offer
0637-UBJRP,0.8436,1107.83,934.57,578,"High Risk, Lower Value",Automated retention campaign or targeted offer
2868-MZAGQ,0.9422,991.83,934.5,579,"High Risk, Lower Value",Automated retention campaign or targeted offer
0939-YAPAF,0.7294,1280.52,934.01,580,Critical Priority,Immediate personal call from customer-success team
2507-QZPQS,0.7294,1280.23,933.8,581,Critical Priority,Immediate personal call from customer-success team
6615-NGGZJ,0.7294,1277.79,932.02,582,Critical Priority,Immediate personal call from customer-success team
3097-NQYSN,0.8436,1104.75,931.97,583,"High Risk, Lower Value",Automated retention campaign or targeted offer
9094-AZPHK,0.7294,1277.54,931.84,584,Critical Priority,Immediate personal call from customer-success team
3296-SILRA,0.9422,988.55,931.41,585,"High Risk, Lower Value",Automated retention campaign or targeted offer
3621-CEOVK,0.7294,1276.72,931.24,586,Critical Priority,Immediate personal call from customer-success team
1728-CXQBE,0.7294,1276.65,931.19,587,Critical Priority,Immediate personal call from customer-success team
1095-JUDTC,0.7294,1274.53,929.64,588,Critical Priority,Immediate personal call from customer-success team
1212-GLHMD,0.8436,1101.03,928.83,589,"High Risk, Lower Value",Automated retention campaign or targeted offer
6393-WRYZE,0.7294,1273.02,928.54,590,Critical Priority,Immediate personal call from customer-success team
0495-RVCBF,0.9422,985.46,928.5,591,"High Risk, Lower Value",Automated retention campaign or targeted offer
0231-LXVAP,0.9422,985.05,928.11,592,"High Risk, Lower Value",Automated retention campaign or targeted offer
1200-TUZHR,0.8436,1099.98,927.94,593,"High Risk, Lower Value",Automated retention campaign or targeted offer
7969-AULMZ,0.7294,1271.93,927.75,594,Critical Priority,Immediate personal call from customer-success team
9444-JTXHZ,0.9422,984.53,927.62,595,"High Risk, Lower Value",Automated retention campaign or targeted offer
3627-FHKBK,0.9422,984.35,927.45,596,"High Risk, Lower Value",Automated retention campaign or targeted offer
0876-WDUUZ,0.8436,1099.2,927.29,597,"High Risk, Lower Value",Automated retention campaign or targeted offer
3143-ILDAL,0.7294,1270.98,927.05,598,Critical Priority,Immediate personal call from customer-success team
4285-GYRQC,0.8436,1098.72,926.88,599,"High Risk, Lower Value",Automated retention campaign or targeted offer
4250-WAROZ,0.7294,1269.76,926.16,600,Critical Priority,Immediate personal call from customer-success team
3797-FKOGQ,0.8436,1097.47,925.83,601,"High Risk, Lower Value",Automated retention campaign or targeted offer
1925-TIBLE,0.8436,1097.04,925.46,602,"High Risk, Lower Value",Automated retention campaign or targeted offer
6910-HADCM,0.9422,982.19,925.42,603,"High Risk, Lower Value",Automated retention campaign or targeted offer
4385-GZQXV,0.7294,1268.72,925.4,604,Critical Priority,Immediate personal call from customer-success team
7595-EUIVN,0.9422,982.16,925.39,605,"High Risk, Lower Value",Automated retention campaign or targeted offer
1342-JPNKI,0.8436,1096.39,924.91,606,"High Risk, Lower Value",Automated retention campaign or targeted offer
9248-OJYKK,0.9422,981.41,924.68,607,"High Risk, Lower Value",Automated retention campaign or targeted offer
5980-NOPLP,0.7294,1267.34,924.4,608,Critical Priority,Immediate personal call from customer-success team
6894-LFHLY,0.9422,980.93,924.23,609,"High Risk, Lower Value",Automated retention campaign or targeted offer
4735-ASGMA,0.7294,1267.07,924.2,610,Critical Priority,Immediate personal call from customer-success team
7779-LGOVN,0.8436,1095.51,924.17,611,"High Risk, Lower Value",Automated retention campaign or targeted offer
8861-HGGKB,0.8436,1095.44,924.11,612,"High Risk, Lower Value",Automated retention campaign or targeted offer
1319-YLZJG,0.8436,1095.27,923.97,613,"High Risk, Lower Value",Automated retention campaign or targeted offer
2604-IJPDU,0.7294,1266.67,923.91,614,Critical Priority,Immediate personal call from customer-success team
5043-TRZWM,0.9422,980.44,923.77,615,"High Risk, Lower Value",Automated retention campaign or targeted offer
0082-OQIQY,0.7294,1265.93,923.37,616,Critical Priority,Immediate personal call from customer-success team
5655-JSMZM,0.7294,1265.79,923.27,617,Critical Priority,Immediate personal call from customer-success team
0486-HECZI,0.7294,1265.6,923.13,618,Critical Priority,Immediate personal call from customer-success team
3276-HDUEG,0.9422,979.08,922.49,619,"High Risk, Lower Value",Automated retention campaign or targeted offer
1264-BYWMS,0.7294,1264.43,922.28,620,Critical Priority,Immediate personal call from customer-success team
5196-SGOAK,0.9422,978.55,921.99,621,"High Risk, Lower Value",Automated retention campaign or targeted offer
5302-BDJNT,0.7294,1263.38,921.51,622,Critical Priority,Immediate personal call from customer-success team
6212-ATMLK,0.7294,1262.78,921.07,623,Critical Priority,Immediate personal call from customer-success team
4690-PKDQG,0.7294,1261.74,920.31,624,Critical Priority,Immediate personal call from customer-success team
4919-IKATY,0.8436,1090.67,920.09,625,"High Risk, Lower Value",Automated retention campaign or targeted offer
3247-ZVOUO,0.8436,1090.52,919.96,626,"High Risk, Lower Value",Automated retention campaign or targeted offer
6435-SRWBJ,0.8436,1090.39,919.85,627,"High Risk, Lower Value",Automated retention campaign or targeted offer
4307-KTUMW,0.7294,1261.04,919.8,628,Critical Priority,Immediate personal call from customer-success team
4548-SDBKE,0.8436,1089.92,919.46,629,"High Risk, Lower Value",Automated retention campaign or targeted offer
2038-OEQZH,0.8436,1089.87,919.41,630,"High Risk, Lower Value",Automated retention campaign or targeted offer
9451-LPGOO,0.8436,1089.73,919.3,631,"High Risk, Lower Value",Automated retention campaign or targeted offer
7488-MXJIV,0.8436,1089.6,919.19,632,"High Risk, Lower Value",Automated retention campaign or targeted offer
5564-NEMQO,0.9422,975.54,919.15,633,"High Risk, Lower Value",Automated retention campaign or targeted offer
4659-NZRUF,0.7294,1259.92,918.99,634,Critical Priority,Immediate personal call from customer-success team
5277-ZLOOR,0.8436,1089.23,918.87,635,"High Risk, Lower Value",Automated retention campaign or targeted offer
5834-ASPWA,0.9422,975.09,918.73,636,"High Risk, Lower Value",Automated retention campaign or targeted offer
8734-DKSTZ,0.8436,1088.84,918.55,637,"High Risk, Lower Value",Automated retention campaign or targeted offer
9508-ILZDG,0.7294,1259.23,918.48,638,Critical Priority,Immediate personal call from customer-success team
4988-IQIGL,0.9422,974.66,918.32,639,"High Risk, Lower Value",Automated retention campaign or targeted offer
1624-WOIWJ,0.8436,1088.56,918.31,640,"High Risk, Lower Value",Automated retention campaign or targeted offer
0963-ZBDRN,0.7294,1258.93,918.26,641,Critical Priority,Immediate personal call from customer-success team
5899-OUVKV,0.7294,1258.88,918.23,642,Critical Priority,Immediate personal call from customer-success team
7858-GTZSP,0.8436,1087.8,917.67,643,"High Risk, Lower Value",Automated retention campaign or targeted offer
9940-RHLFB,0.9422,973.95,917.66,644,"High Risk, Lower Value",Automated retention campaign or targeted offer
2215-ZAFGX,0.8436,1087.69,917.58,645,"High Risk, Lower Value",Automated retention campaign or targeted offer
0259-GBZSH,0.8436,1087.25,917.2,646,"High Risk, Lower Value",Automated retention campaign or targeted offer
6275-YDUVO,0.8436,1087.1,917.08,647,"High Risk, Lower Value",Automated retention campaign or targeted offer
2691-NZETQ,0.8436,1086.78,916.81,648,"High Risk, Lower Value",Automated retention campaign or targeted offer
3138-BKYAV,0.8436,1086.55,916.61,649,"High Risk, Lower Value",Automated retention campaign or targeted offer
6365-MTGZX,0.7294,1256.42,916.43,650,Critical Priority,Immediate personal call from customer-success team
5229-PRWKT,0.8436,1086.08,916.22,651,"High Risk, Lower Value",Automated retention campaign or targeted offer
8393-DLHGA,0.7294,1256.05,916.16,652,Critical Priority,Immediate personal call from customer-success team
2952-QAYZF,0.8436,1085.94,916.1,653,"High Risk, Lower Value",Automated retention campaign or targeted offer
7249-WBIYX,0.8436,1085.86,916.03,654,"High Risk, Lower Value",Automated retention campaign or targeted offer
6960-HVYXR,0.9422,972.16,915.97,655,"High Risk, Lower Value",Automated retention campaign or targeted offer
4395-PZMSN,0.8436,1085.55,915.77,656,"High Risk, Lower Value",Automated retention campaign or targeted offer
5054-IEXZT,0.9422,971.93,915.75,657,"High Risk, Lower Value",Automated retention campaign or targeted offer
0315-LVCRK,0.8436,1084.79,915.13,658,"High Risk, Lower Value",Automated retention campaign or targeted offer
2135-DQWAQ,0.8436,1084.76,915.1,659,"High Risk, Lower Value",Automated retention campaign or targeted offer
7480-QNVZJ,0.7294,1254.57,915.08,660,Critical Priority,Immediate personal call from customer-success team
1746-TGTWV,0.9422,971.16,915.03,661,"High Risk, Lower Value",Automated retention campaign or targeted offer
2642-DTVCO,0.8436,1084.28,914.7,662,"High Risk, Lower Value",Automated retention campaign or targeted offer
2876-GZYZC,0.8436,1084.16,914.6,663,"High Risk, Lower Value",Automated retention campaign or targeted offer
6474-FVJLC,0.8436,1083.61,914.13,664,"High Risk, Lower Value",Automated retention campaign or targeted offer
3003-CMDUU,0.7294,1253.22,914.1,665,Critical Priority,Immediate personal call from customer-success team
5569-KGJHX,0.8436,1082.96,913.59,666,"High Risk, Lower Value",Automated retention campaign or targeted offer
9787-XVQIU,0.9422,969.49,913.45,667,"High Risk, Lower Value",Automated retention campaign or targeted offer
1658-BYGOY,0.7294,1251.85,913.1,668,Critical Priority,Immediate personal call from customer-success team
5701-YVSVF,0.8436,1081.82,912.62,669,"High Risk, Lower Value",Automated retention campaign or targeted offer
4039-HEUNW,0.7294,1251.1,912.55,670,Critical Priority,Immediate personal call from customer-success team
0225-ZORZP,0.8436,1081.67,912.5,671,"High Risk, Lower Value",Automated retention campaign or targeted offer
1472-TNCWL,0.7294,1250.96,912.45,672,Critical Priority,Immediate personal call from customer-success team
6899-PPEEA,0.7294,1250.59,912.18,673,Critical Priority,Immediate personal call from customer-success team
3318-OSATS,0.7294,1249.25,911.2,674,Critical Priority,Immediate personal call from customer-success team
0697-ZMSWS,0.8436,1079.64,910.78,675,"High Risk, Lower Value",Automated retention campaign or targeted offer
1597-LHYNC,0.7294,1248.28,910.5,676,Critical Priority,Immediate personal call from customer-success team
4536-PLEQY,0.8436,1079.27,910.47,677,"High Risk, Lower Value",Automated retention campaign or targeted offer
3916-NRPAP,0.8436,1078.83,910.1,678,"High Risk, Lower Value",Automated retention campaign or targeted offer
3062-ICYZQ,0.7294,1247.67,910.05,679,Critical Priority,Immediate personal call from customer-success team
9809-IMGCQ,0.7294,1247.62,910.01,680,Critical Priority,Immediate personal call from customer-success team
3834-XUIFC,0.8436,1078.41,909.75,681,"High Risk, Lower Value",Automated retention campaign or targeted offer
5889-JTMUL,0.7294,1246.89,909.48,682,Critical Priority,Immediate personal call from customer-success team
8132-YPVBX,0.8436,1077.95,909.36,683,"High Risk, Lower Value",Automated retention campaign or targeted offer
1143-NMNQJ,0.8436,1077.78,909.22,684,"High Risk, Lower Value",Automated retention campaign or targeted offer
0220-EBGCE,0.8436,1077.64,909.1,685,"High Risk, Lower Value",Automated retention campaign or targeted offer
5382-SOYZL,0.7294,1246.02,908.85,686,Critical Priority,Immediate personal call from customer-success team
8593-WHYHV,0.8436,1076.46,908.1,687,"High Risk, Lower Value",Automated retention campaign or targeted offer
8017-LXHFA,0.7294,1244.89,908.02,688,Critical Priority,Immediate personal call from customer-success team
8687-BAFGU,0.9422,963.43,907.74,689,"High Risk, Lower Value",Automated retention campaign or targeted offer
5685-IIXLY,0.8436,1075.97,907.69,690,"High Risk, Lower Value",Automated retention campaign or targeted offer
2468-SJFLM,0.9422,963.3,907.62,691,"High Risk, Lower Value",Automated retention campaign or targeted offer
2719-BDAQO,0.7294,1244.13,907.47,692,Critical Priority,Immediate personal call from customer-success team
8816-VXNZD,0.9422,963.13,907.46,693,"High Risk, Lower Value",Automated retention campaign or targeted offer
3951-NJCVI,0.7294,1244.07,907.42,694,Critical Priority,Immediate personal call from customer-success team
1565-RHDJD,0.8436,1075.58,907.36,695,"High Risk, Lower Value",Automated retention campaign or targeted offer
8610-WFCJF,0.7294,1243.93,907.32,696,Critical Priority,Immediate personal call from customer-success team
1452-VOQCH,0.9422,962.97,907.31,697,"High Risk, Lower Value",Automated retention campaign or targeted offer
3320-VEOYC,0.7294,1243.74,907.18,698,Critical Priority,Immediate personal call from customer-success team
3908-BLSYF,0.8436,1075.33,907.15,699,"High Risk, Lower Value",Automated retention campaign or targeted offer
8800-JOOCF,0.8436,1075.1,906.95,700,"High Risk, Lower Value",Automated retention campaign or targeted offer
0689-NKYLF,0.8436,1074.99,906.86,701,"High Risk, Lower Value",Automated retention campaign or targeted offer
1866-OBPNR,0.9422,962.38,906.75,702,"High Risk, Lower Value",Automated retention campaign or targeted offer
9058-MJLZC,0.7294,1242.91,906.58,703,Critical Priority,Immediate personal call from customer-success team
8063-RJYNF,0.7294,1242.86,906.54,704,Critical Priority,Immediate personal call from customer-success team
2959-FENLU,0.8436,1074.55,906.49,705,"High Risk, Lower Value",Automated retention campaign or targeted offer
0196-VULGZ,0.8436,1074.46,906.41,706,"High Risk, Lower Value",Automated retention campaign or targeted offer
2379-ENZGV,0.8436,1074.4,906.36,707,"High Risk, Lower Value",Automated retention campaign or targeted offer
0219-YTZUE,0.8436,1074.07,906.09,708,"High Risk, Lower Value",Automated retention campaign or targeted offer
8739-XNIKG,0.8436,1074.04,906.06,709,"High Risk, Lower Value",Automated retention campaign or targeted offer
4706-AXVKM,0.8436,1073.94,905.98,710,"High Risk, Lower Value",Automated retention campaign or targeted offer
5868-YWPDW,0.8436,1073.79,905.85,711,"High Risk, Lower Value",Automated retention campaign or targeted offer
8417-FMLZI,0.8436,1073.49,905.6,712,"High Risk, Lower Value",Automated retention campaign or targeted offer
2424-WVHPL,0.9422,960.99,905.44,713,"High Risk, Lower Value",Automated retention campaign or targeted offer
5889-LFOLL,0.8436,1073.21,905.36,714,"High Risk, Lower Value",Automated retention campaign or targeted offer
4822-NGOCH,0.8436,1073.04,905.22,715,"High Risk, Lower Value",Automated retention campaign or targeted offer
8242-SOQUO,0.8436,1072.97,905.16,716,"High Risk, Lower Value",Automated retention campaign or targeted offer
2979-SXESE,0.7294,1240.91,905.12,717,Critical Priority,Immediate personal call from customer-success team
5565-FILXA,0.7294,1240.85,905.08,718,Critical Priority,Immediate personal call from customer-success team
2024-BASKD,0.9422,960.41,904.9,719,"High Risk, Lower Value",Automated retention campaign or targeted offer
0923-PNFUB,0.8436,1072.54,904.79,720,"High Risk, Lower Value",Automated retention campaign or targeted offer
8802-UNOJF,0.8436,1072.48,904.74,721,"High Risk, Lower Value",Automated retention campaign or targeted offer
6060-DRTNL,0.8436,1072.31,904.6,722,"High Risk, Lower Value",Automated retention campaign or targeted offer
5520-FVEWJ,0.8436,1072.29,904.58,723,"High Risk, Lower Value",Automated retention campaign or targeted offer
7005-CCBKV,0.8436,1072.09,904.42,724,"High Risk, Lower Value",Automated retention campaign or targeted offer
9399-APLBT,0.9422,959.75,904.28,725,"High Risk, Lower Value",Automated retention campaign or targeted offer
8245-UMPYT,0.7294,1239.72,904.25,726,Critical Priority,Immediate personal call from customer-success team
4952-YSOGZ,0.8436,1071.75,904.13,727,"High Risk, Lower Value",Automated retention campaign or targeted offer
0641-EVBOJ,0.8436,1071.67,904.06,728,"High Risk, Lower Value",Automated retention campaign or targeted offer
9658-WYUFB,0.7294,1239.17,903.85,729,Critical Priority,Immediate personal call from customer-success team
2205-YMZZJ,0.8436,1070.96,903.46,730,"High Risk, Lower Value",Automated retention campaign or targeted offer
9840-EFJQB,0.9422,958.78,903.36,731,"High Risk, Lower Value",Automated retention campaign or targeted offer
9894-EZEWG,0.9422,958.56,903.16,732,"High Risk, Lower Value",Automated retention campaign or targeted offer
2123-AGEEN,0.8436,1070.44,903.02,733,"High Risk, Lower Value",Automated retention campaign or targeted offer
0396-YCHWO,0.7294,1237.98,902.98,734,Critical Priority,Immediate personal call from customer-success team
3489-HHPFY,0.8436,1070.31,902.91,735,"High Risk, Lower Value",Automated retention campaign or targeted offer
3106-ULWFW,0.8436,1070.2,902.82,736,"High Risk, Lower Value",Automated retention campaign or targeted offer
7180-PISOG,0.9422,958.07,902.69,737,"High Risk, Lower Value",Automated retention campaign or targeted offer
0195-IESCP,0.8436,1069.96,902.62,738,"High Risk, Lower Value",Automated retention campaign or targeted offer
5982-FPVQN,0.7294,1237.41,902.57,739,Critical Priority,Immediate personal call from customer-success team
6390-DSAZX,0.9422,957.53,902.18,740,"High Risk, Lower Value",Automated retention campaign or targeted offer
4299-SIMNS,0.8436,1069.43,902.17,741,"High Risk, Lower Value",Automated retention campaign or targeted offer
8775-ERLNB,0.9422,957.48,902.14,742,"High Risk, Lower Value",Automated retention campaign or targeted offer
6015-VVHHE,0.8436,1069.14,901.93,743,"High Risk, Lower Value",Automated retention campaign or targeted offer
7994-UYIVZ,0.8436,1069.13,901.92,744,"High Risk, Lower Value",Automated retention campaign or targeted offer
5144-TVGLP,0.7294,1236.25,901.72,745,Critical Priority,Immediate personal call from customer-success team
5364-XYIRR,0.7294,1235.7,901.32,746,Critical Priority,Immediate personal call from customer-success team
8372-JUXUI,0.9422,956.45,901.17,747,"High Risk, Lower Value",Automated retention campaign or targeted offer
4274-OWWYO,0.9422,956.16,900.89,748,"High Risk, Lower Value",Automated retention campaign or targeted offer
7517-LDMPS,0.8436,1067.85,900.84,749,"High Risk, Lower Value",Automated retention campaign or targeted offer
0576-WNXXC,0.7294,1234.94,900.77,750,Critical Priority,Immediate personal call from customer-success team
0013-EXCHZ,0.8436,1067.77,900.77,751,"High Risk, Lower Value",Automated retention campaign or targeted offer
3727-RJMEO,0.8436,1067.57,900.6,752,"High Risk, Lower Value",Automated retention campaign or targeted offer
5935-FCCNB,0.7294,1234.71,900.6,753,Critical Priority,Immediate personal call from customer-success team
8914-RBTSB,0.7294,1234.61,900.52,754,Critical Priority,Immediate personal call from customer-success team
8714-CTZJW,0.8436,1067.19,900.28,755,"High Risk, Lower Value",Automated retention campaign or targeted offer
9692-TUSXH,0.7294,1233.86,899.98,756,Critical Priority,Immediate personal call from customer-success team
0376-OIWME,0.7294,1233.84,899.96,757,Critical Priority,Immediate personal call from customer-success team
4143-OOBWZ,0.8436,1066.6,899.78,758,"High Risk, Lower Value",Automated retention campaign or targeted offer
8382-SHQEH,0.8436,1066.37,899.59,759,"High Risk, Lower Value",Automated retention campaign or targeted offer
4102-OQUPX,0.9422,954.65,899.47,760,"High Risk, Lower Value",Automated retention campaign or targeted offer
3198-VELRD,0.8436,1066.15,899.4,761,"High Risk, Lower Value",Automated retention campaign or targeted offer
3018-TFTSU,0.8436,1065.73,899.05,762,"High Risk, Lower Value",Automated retention campaign or targeted offer
3746-EUBYR,0.9422,954.1,898.95,763,"High Risk, Lower Value",Automated retention campaign or targeted offer
2982-IHMFT,0.9422,953.96,898.82,764,"High Risk, Lower Value",Automated retention campaign or targeted offer
1771-OADNZ,0.7294,1231.73,898.42,765,Critical Priority,Immediate personal call from customer-success team
8931-GJJIQ,0.8436,1064.94,898.38,766,"High Risk, Lower Value",Automated retention campaign or targeted offer
3765-JXVKY,0.9422,953.41,898.3,767,"High Risk, Lower Value",Automated retention campaign or targeted offer
5949-XIKAE,0.8436,1064.75,898.22,768,"High Risk, Lower Value",Automated retention campaign or targeted offer
6996-KNSML,0.9422,953.22,898.12,769,"High Risk, Lower Value",Automated retention campaign or targeted offer
3707-GNWHM,0.9422,953.14,898.05,770,"High Risk, Lower Value",Automated retention campaign or targeted offer
3551-HUAZH,0.9422,952.89,897.81,771,"High Risk, Lower Value",Automated retention campaign or targeted offer
0723-DRCLG,0.9422,952.82,897.75,772,"High Risk, Lower Value",Automated retention campaign or targeted offer
7314-OXENN,0.8436,1063.8,897.42,773,"High Risk, Lower Value",Automated retention campaign or targeted offer
2824-MYYBN,0.7294,1230.18,897.29,774,Critical Priority,Immediate personal call from customer-success team
1157-BQCUW,0.9422,951.89,896.87,775,"High Risk, Lower Value",Automated retention campaign or targeted offer
5439-WIKXB,0.7294,1229.18,896.56,776,Critical Priority,Immediate personal call from customer-success team
2545-EBUPK,0.8436,1062.65,896.45,777,"High Risk, Lower Value",Automated retention campaign or targeted offer
6358-LYNGM,0.9422,951.37,896.38,778,"High Risk, Lower Value",Automated retention campaign or targeted offer
7613-LLQFO,0.8436,1062.26,896.12,779,"High Risk, Lower Value",Automated retention campaign or targeted offer
6198-RTPMF,0.7294,1228.55,896.1,780,Critical Priority,Immediate personal call from customer-success team
9699-UBQFS,0.7294,1228.53,896.09,781,Critical Priority,Immediate personal call from customer-success team
6407-UTSLV,0.8436,1062.21,896.08,782,"High Risk, Lower Value",Automated retention campaign or targeted offer
4415-IJZTP,0.9422,950.97,896.0,783,"High Risk, Lower Value",Automated retention campaign or targeted offer
6513-EECDB,0.9422,950.86,895.9,784,"High Risk, Lower Value",Automated retention campaign or targeted offer
1930-WNXSB,0.7294,1227.96,895.67,785,Critical Priority,Immediate personal call from customer-success team
3162-ZJZFU,0.7294,1227.81,895.56,786,Critical Priority,Immediate personal call from customer-success team
5240-IJOQT,0.9422,950.37,895.44,787,"High Risk, Lower Value",Automated retention campaign or targeted offer
6630-UJZMY,0.8436,1061.12,895.16,788,"High Risk, Lower Value",Automated retention campaign or targeted offer
1833-VGRUM,0.9422,949.97,895.06,789,"High Risk, Lower Value",Automated retention campaign or targeted offer
3452-GWUIN,0.7294,1226.99,894.97,790,Critical Priority,Immediate personal call from customer-success team
5937-EORGB,0.7294,1225.93,894.19,791,Critical Priority,Immediate personal call from customer-success team
8708-XPXHZ,0.7294,1225.87,894.15,792,Critical Priority,Immediate personal call from customer-success team
9367-WXLCH,0.8436,1059.47,893.77,793,"High Risk, Lower Value",Automated retention campaign or targeted offer
8972-HJWNV,0.8436,1059.46,893.76,794,"High Risk, Lower Value",Automated retention campaign or targeted offer
8473-VUVJN,0.9422,948.43,893.61,795,"High Risk, Lower Value",Automated retention campaign or targeted offer
0875-CABNR,0.8436,1058.96,893.34,796,"High Risk, Lower Value",Automated retention campaign or targeted offer
5357-TZHPP,0.8436,1058.9,893.29,797,"High Risk, Lower Value",Automated retention campaign or targeted offer
5461-QKNTN,0.7294,1224.68,893.28,798,Critical Priority,Immediate personal call from customer-success team
4750-ZRXIU,0.8436,1058.3,892.78,799,"High Risk, Lower Value",Automated retention campaign or targeted offer
6242-MBHPK,0.7294,1223.78,892.63,800,Critical Priority,Immediate personal call from customer-success team
5955-ERIHD,0.7294,1223.63,892.52,801,Critical Priority,Immediate personal call from customer-success team
3096-GKWEB,0.7294,1223.64,892.52,802,Critical Priority,Immediate personal call from customer-success team
9050-IKDZA,0.8436,1057.71,892.28,803,"High Risk, Lower Value",Automated retention campaign or targeted offer
8178-EYZUO,0.7294,1222.7,891.84,804,Critical Priority,Immediate personal call from customer-success team
0620-DLSLK,0.8436,1057.12,891.79,805,"High Risk, Lower Value",Automated retention campaign or targeted offer
7225-CBZPL,0.7294,1222.6,891.76,806,Critical Priority,Immediate personal call from customer-success team
9919-KNPOO,0.7294,1222.47,891.67,807,Critical Priority,Immediate personal call from customer-success team
4094-NSEDU,0.7294,1222.22,891.49,808,Critical Priority,Immediate personal call from customer-success team
5383-MMTWC,0.8436,1056.37,891.15,809,"High Risk, Lower Value",Automated retention campaign or targeted offer
1020-JPQOW,0.7294,1221.64,891.06,810,Critical Priority,Immediate personal call from customer-success team
0595-ITUDF,0.7294,1221.59,891.03,811,Critical Priority,Immediate personal call from customer-success team
9747-DDZOS,0.9422,945.47,890.82,812,"High Risk, Lower Value",Automated retention campaign or targeted offer
7030-NJVDP,0.7294,1221.19,890.74,813,Critical Priority,Immediate personal call from customer-success team
4918-FYJNT,0.7294,1220.9,890.52,814,Critical Priority,Immediate personal call from customer-success team
2347-WKKAE,0.7294,1220.53,890.25,815,Critical Priority,Immediate personal call from customer-success team
0334-GDDSO,0.8436,1055.14,890.12,816,"High Risk, Lower Value",Automated retention campaign or targeted offer
9965-YOKZB,0.8436,1054.77,889.8,817,"High Risk, Lower Value",Automated retention campaign or targeted offer
0480-BIXDE,0.7294,1219.81,889.73,818,Critical Priority,Immediate personal call from customer-success team
9625-QSTYE,0.8436,1053.89,889.06,819,"High Risk, Lower Value",Automated retention campaign or targeted offer
8058-JMEQO,0.8436,1053.27,888.54,820,"High Risk, Lower Value",Automated retention campaign or targeted offer
5609-CEBID,0.7294,1217.48,888.03,821,Critical Priority,Immediate personal call from customer-success team
4760-THGOT,0.7294,1216.64,887.42,822,Critical Priority,Immediate personal call from customer-success team
7277-OZCGZ,0.7294,1216.5,887.32,823,Critical Priority,Immediate personal call from customer-success team
7422-WNBTY,0.7294,1215.83,886.83,824,Critical Priority,Immediate personal call from customer-success team
2037-SGXHH,0.7294,1215.84,886.83,825,Critical Priority,Immediate personal call from customer-success team
8808-ELEHO,0.8436,1051.09,886.7,826,"High Risk, Lower Value",Automated retention campaign or targeted offer
9360-OMDZZ,0.7294,1215.62,886.67,827,Critical Priority,Immediate personal call from customer-success team
6067-NGCEU,0.5823,1522.62,886.62,828,Critical Priority,Immediate personal call from customer-success team
0916-QOFDP,0.7294,1215.14,886.32,829,Critical Priority,Immediate personal call from customer-success team
1508-DFXCU,0.8436,1050.39,886.11,830,"High Risk, Lower Value",Automated retention campaign or targeted offer
1564-NTYXF,0.8436,1050.28,886.02,831,"High Risk, Lower Value",Automated retention campaign or targeted offer
5445-UTODQ,0.8436,1050.12,885.88,832,"High Risk, Lower Value",Automated retention campaign or targeted offer
6917-YACBP,0.7294,1214.05,885.53,833,Critical Priority,Immediate personal call from customer-success team
6583-KQJLK,0.7294,1213.52,885.14,834,Critical Priority,Immediate personal call from customer-success team
7483-IQWIB,0.7294,1212.5,884.4,835,Critical Priority,Immediate personal call from customer-success team
1626-ERCMM,0.7294,1211.94,883.99,836,Critical Priority,Immediate personal call from customer-success team
8189-HBVRW,0.7294,1211.85,883.92,837,Critical Priority,Immediate personal call from customer-success team
9574-RKJIF,0.7294,1211.72,883.83,838,Critical Priority,Immediate personal call from customer-success team
5898-IGSLP,0.7294,1210.14,882.68,839,Critical Priority,Immediate personal call from customer-success team
1977-STDKI,0.9422,936.63,882.49,840,"High Risk, Lower Value",Automated retention campaign or targeted offer
2371-JQHZZ,0.7294,1209.83,882.45,841,Critical Priority,Immediate personal call from customer-success team
2985-FMWYF,0.7294,1209.36,882.11,842,Critical Priority,Immediate personal call from customer-success team
5828-DWPIL,0.7294,1208.9,881.77,843,Critical Priority,Immediate personal call from customer-success team
5973-EJGDP,0.7294,1207.71,880.9,844,Critical Priority,Immediate personal call from customer-success team
5244-IRFIH,0.7294,1207.44,880.71,845,Critical Priority,Immediate personal call from customer-success team
6522-YRBXD,0.7294,1206.77,880.22,846,Critical Priority,Immediate personal call from customer-success team
2840-XANRC,0.7294,1206.34,879.9,847,Critical Priority,Immediate personal call from customer-success team
9095-HFAFX,0.8436,1042.86,879.76,848,"High Risk, Lower Value",Automated retention campaign or targeted offer
4879-GZLFH,0.7294,1206.12,879.74,849,Critical Priority,Immediate personal call from customer-success team
6100-QQHEB,0.7294,1205.7,879.44,850,Critical Priority,Immediate personal call from customer-success team
4558-FANTW,0.7294,1205.42,879.23,851,Critical Priority,Immediate personal call from customer-success team
8621-MNIHH,0.7294,1205.17,879.05,852,Critical Priority,Immediate personal call from customer-success team
7693-LCKZL,0.8436,1041.67,878.75,853,"High Risk, Lower Value",Automated retention campaign or targeted offer
9469-WEJBT,0.7294,1204.21,878.35,854,Critical Priority,Immediate personal call from customer-success team
9878-TNQGW,0.8436,1041.07,878.25,855,"High Risk, Lower Value",Automated retention campaign or targeted offer
9524-EGPJC,0.7294,1203.7,877.98,856,Critical Priority,Immediate personal call from customer-success team
7668-XCFYV,0.7294,1203.69,877.97,857,Critical Priority,Immediate personal call from customer-success team
2612-RRIDN,0.8436,1040.37,877.66,858,"High Risk, Lower Value",Automated retention campaign or targeted offer
9253-QXKBE,0.7294,1202.77,877.3,859,Critical Priority,Immediate personal call from customer-success team
5222-IMUKT,0.7294,1201.81,876.6,860,Critical Priority,Immediate personal call from customer-success team
4361-BKAXE,0.5823,1505.32,876.55,861,Critical Priority,Immediate personal call from customer-success team
0236-HFWSV,0.7294,1201.4,876.3,862,Critical Priority,Immediate personal call from customer-success team
9696-RMYBA,0.8436,1038.57,876.14,863,"High Risk, Lower Value",Automated retention campaign or targeted offer
9840-DVNDC,0.8436,1038.44,876.03,864,"High Risk, Lower Value",Automated retention campaign or targeted offer
4636-QRJKY,0.8436,1038.26,875.88,865,"High Risk, Lower Value",Automated retention campaign or targeted offer
7563-BIUPC,0.8436,1038.26,875.88,866,"High Risk, Lower Value",Automated retention campaign or targeted offer
1346-UFHAX,0.8436,1037.97,875.63,867,"High Risk, Lower Value",Automated retention campaign or targeted offer
8849-AYPTR,0.7294,1200.12,875.37,868,Critical Priority,Immediate personal call from customer-success team
2951-QOQTK,0.8436,1037.5,875.24,869,"High Risk, Lower Value",Automated retention campaign or targeted offer
6204-IEUXJ,0.8436,1037.42,875.17,870,"High Risk, Lower Value",Automated retention campaign or targeted offer
9189-JWSHV,0.7294,1199.43,874.86,871,"High Risk, Lower Value",Automated retention campaign or targeted offer
2868-SNELZ,0.8436,1037.06,874.86,872,"High Risk, Lower Value",Automated retention campaign or targeted offer
4001-TSBTV,0.7294,1199.21,874.7,873,"High Risk, Lower Value",Automated retention campaign or targeted offer
9436-ZBZCT,0.7294,1199.08,874.61,874,"High Risk, Lower Value",Automated retention campaign or targeted offer
5666-CYCYZ,0.7294,1199.03,874.57,875,"High Risk, Lower Value",Automated retention campaign or targeted offer
3130-ICDUP,0.8436,1036.26,874.19,876,"High Risk, Lower Value",Automated retention campaign or targeted offer
9912-GVSEQ,0.7294,1198.43,874.13,877,"High Risk, Lower Value",Automated retention campaign or targeted offer
6918-UMQCG,0.8436,1036.03,873.99,878,"High Risk, Lower Value",Automated retention campaign or targeted offer
4583-PARNH,0.7294,1197.92,873.76,879,"High Risk, Lower Value",Automated retention campaign or targeted offer
0793-TWELN,0.8436,1035.5,873.55,880,"High Risk, Lower Value",Automated retention campaign or targeted offer
9643-AVVWI,0.8436,1035.22,873.31,881,"High Risk, Lower Value",Automated retention campaign or targeted offer
7130-YXBRO,0.5823,1499.6,873.22,882,Critical Priority,Immediate personal call from customer-success team
1818-ESQMW,0.7294,1197.17,873.22,883,"High Risk, Lower Value",Automated retention campaign or targeted offer
2207-QPJED,0.7294,1197.01,873.1,884,"High Risk, Lower Value",Automated retention campaign or targeted offer
9576-SYUHJ,0.7294,1196.96,873.06,885,"High Risk, Lower Value",Automated retention campaign or targeted offer
3671-SHRSP,0.8436,1034.65,872.83,886,"High Risk, Lower Value",Automated retention campaign or targeted offer
3904-UKFRE,0.8436,1034.58,872.77,887,"High Risk, Lower Value",Automated retention campaign or targeted offer
6496-JDSSB,0.8436,1034.47,872.68,888,"High Risk, Lower Value",Automated retention campaign or targeted offer
4817-QRJSX,0.8436,1034.45,872.66,889,"High Risk, Lower Value",Automated retention campaign or targeted offer
3154-CFSZG,0.7294,1195.92,872.3,890,"High Risk, Lower Value",Automated retention campaign or targeted offer
0674-DGMAQ,0.7294,1195.65,872.11,891,"High Risk, Lower Value",Automated retention campaign or targeted offer
4277-PVRAN,0.8436,1033.74,872.06,892,"High Risk, Lower Value",Automated retention campaign or targeted offer
9158-VCTQB,0.5823,1497.53,872.01,893,Critical Priority,Immediate personal call from customer-success team
6357-JJPQT,0.8436,1033.03,871.46,894,"High Risk, Lower Value",Automated retention campaign or targeted offer
6692-UDPJC,0.7294,1194.69,871.41,895,"High Risk, Lower Value",Automated retention campaign or targeted offer
4741-WWJQZ,0.8436,1032.81,871.28,896,"High Risk, Lower Value",Automated retention campaign or targeted offer
2495-KZNFB,0.7294,1193.89,870.82,897,"High Risk, Lower Value",Automated retention campaign or targeted offer
7402-EYFXX,0.7294,1193.76,870.73,898,"High Risk, Lower Value",Automated retention campaign or targeted offer
6711-VTNRE,0.7294,1193.73,870.71,899,"High Risk, Lower Value",Automated retention campaign or targeted offer
3191-CSNMG,0.8436,1032.1,870.68,900,"High Risk, Lower Value",Automated retention campaign or targeted offer
4821-SJHJV,0.7294,1193.35,870.43,901,"High Risk, Lower Value",Automated retention campaign or targeted offer
1110-KYLGQ,0.5823,1494.8,870.42,902,Critical Priority,Immediate personal call from customer-success team
0947-IDHRQ,0.8436,1031.53,870.2,903,"High Risk, Lower Value",Automated retention campaign or targeted offer
7270-BDIOA,0.7294,1192.8,870.03,904,"High Risk, Lower Value",Automated retention campaign or targeted offer
0924-BJCRC,0.7294,1192.56,869.85,905,"High Risk, Lower Value",Automated retention campaign or targeted offer
9281-OFDMF,0.7294,1192.44,869.77,906,"High Risk, Lower Value",Automated retention campaign or targeted offer
3990-QYKBE,0.7294,1192.38,869.72,907,"High Risk, Lower Value",Automated retention campaign or targeted offer
8183-ONMXC,0.8436,1030.68,869.48,908,"High Risk, Lower Value",Automated retention campaign or targeted offer
8290-YWKHZ,0.7294,1191.99,869.44,909,"High Risk, Lower Value",Automated retention campaign or targeted offer
7760-OYPDY,0.8436,1030.52,869.35,910,"High Risk, Lower Value",Automated retention campaign or targeted offer
4795-KTRTH,0.8436,1030.45,869.29,911,"High Risk, Lower Value",Automated retention campaign or targeted offer
2674-MIAHT,0.8436,1030.43,869.27,912,"High Risk, Lower Value",Automated retention campaign or targeted offer
6786-OBWQR,0.8436,1030.29,869.15,913,"High Risk, Lower Value",Automated retention campaign or targeted offer
5712-AHQNN,0.7294,1191.59,869.15,914,"High Risk, Lower Value",Automated retention campaign or targeted offer
6330-JKLPC,0.8436,1030.08,868.98,915,"High Risk, Lower Value",Automated retention campaign or targeted offer
5281-BUZGT,0.7294,1191.21,868.87,916,"High Risk, Lower Value",Automated retention campaign or targeted offer
8058-DMYRU,0.7294,1191.08,868.77,917,"High Risk, Lower Value",Automated retention campaign or targeted offer
4529-CKBCL,0.8436,1029.55,868.53,918,"High Risk, Lower Value",Automated retention campaign or targeted offer
2959-MJHIC,0.8436,1029.23,868.26,919,"High Risk, Lower Value",Automated retention campaign or targeted offer
8714-EUHJO,0.7294,1190.33,868.23,920,"High Risk, Lower Value",Automated retention campaign or targeted offer
2675-OTVVJ,0.7294,1190.32,868.22,921,"High Risk, Lower Value",Automated retention campaign or targeted offer
5213-TWWJU,0.7294,1189.96,867.96,922,"High Risk, Lower Value",Automated retention campaign or targeted offer
9481-IEBZY,0.5823,1489.08,867.09,923,Critical Priority,Immediate personal call from customer-success team
4547-KQRTM,0.8436,1027.58,866.87,924,"High Risk, Lower Value",Automated retention campaign or targeted offer
4673-KKSLS,0.7294,1188.04,866.56,925,"High Risk, Lower Value",Automated retention campaign or targeted offer
0940-OUQEC,0.8436,1026.88,866.28,926,"High Risk, Lower Value",Automated retention campaign or targeted offer
2322-VCZHZ,0.7294,1187.38,866.07,927,"High Risk, Lower Value",Automated retention campaign or targeted offer
2737-YNGYW,0.8436,1026.49,865.95,928,"High Risk, Lower Value",Automated retention campaign or targeted offer
5729-KLZAR,0.8436,1026.44,865.9,929,"High Risk, Lower Value",Automated retention campaign or targeted offer
9957-YODKZ,0.8436,1026.35,865.83,930,"High Risk, Lower Value",Automated retention campaign or targeted offer
7495-OOKFY,0.8436,1025.68,865.26,931,"High Risk, Lower Value",Automated retention campaign or targeted offer
2988-GBIVW,0.7294,1186.14,865.17,932,"High Risk, Lower Value",Automated retention campaign or targeted offer
6986-IXNDM,0.7294,1185.99,865.06,933,"High Risk, Lower Value",Automated retention campaign or targeted offer
8189-XRIKE,0.7294,1185.34,864.59,934,"High Risk, Lower Value",Automated retention campaign or targeted offer
0376-YMCJC,0.7294,1185.26,864.53,935,"High Risk, Lower Value",Automated retention campaign or targeted offer
9689-PTNPG,0.8436,1023.36,863.31,936,"High Risk, Lower Value",Automated retention campaign or targeted offer
0577-WHMEV,0.7294,1183.32,863.11,937,"High Risk, Lower Value",Automated retention campaign or targeted offer
9526-JAWYF,0.7294,1183.08,862.94,938,"High Risk, Lower Value",Automated retention campaign or targeted offer
6458-CYIDZ,0.8436,1022.85,862.88,939,"High Risk, Lower Value",Automated retention campaign or targeted offer
6908-VVYHM,0.7294,1182.83,862.76,940,"High Risk, Lower Value",Automated retention campaign or targeted offer
0093-EXYQL,0.7294,1182.55,862.55,941,"High Risk, Lower Value",Automated retention campaign or targeted offer
1251-STYSZ,0.8436,1022.01,862.17,942,"High Risk, Lower Value",Automated retention campaign or targeted offer
9052-VKDUW,0.5823,1480.51,862.1,943,Critical Priority,Immediate personal call from customer-success team
1061-PNTHC,0.5823,1479.92,861.76,944,Critical Priority,Immediate personal call from customer-success team
9681-KYGYB,0.7294,1181.07,861.47,945,"High Risk, Lower Value",Automated retention campaign or targeted offer
5692-ICXLW,0.7294,1180.33,860.93,946,"High Risk, Lower Value",Automated retention campaign or targeted offer
6712-OAWRH,0.7294,1180.03,860.71,947,"High Risk, Lower Value",Automated retention campaign or targeted offer
2144-BFDSO,0.5823,1477.88,860.57,948,Critical Priority,Immediate personal call from customer-success team
0237-YFUTL,0.5823,1477.48,860.34,949,Critical Priority,Immediate personal call from customer-success team
5228-EXCET,0.8436,1019.83,860.33,950,"High Risk, Lower Value",Automated retention campaign or targeted offer
7018-WBJNK,0.8436,1019.74,860.25,951,"High Risk, Lower Value",Automated retention campaign or targeted offer
2397-BRLOM,0.8436,1019.63,860.16,952,"High Risk, Lower Value",Automated retention campaign or targeted offer
0021-IKXGC,0.9422,912.83,860.07,953,"High Risk, Lower Value",Automated retention campaign or targeted offer
0570-BFQHT,0.8436,1019.22,859.81,954,"High Risk, Lower Value",Automated retention campaign or targeted offer
1656-DRSMG,0.5823,1476.46,859.74,955,Critical Priority,Immediate personal call from customer-success team
1871-MOWRM,0.8436,1019.12,859.73,956,"High Risk, Lower Value",Automated retention campaign or targeted offer
9172-JITSM,0.7294,1178.55,859.63,957,"High Risk, Lower Value",Automated retention campaign or targeted offer
1918-ZBFQJ,0.8436,1018.93,859.57,958,"High Risk, Lower Value",Automated retention campaign or targeted offer
8495-LJDFO,0.5823,1476.15,859.56,959,Critical Priority,Immediate personal call from customer-success team
1074-AMIOH,0.5823,1475.38,859.11,960,Critical Priority,Immediate personal call from customer-success team
6413-XKKPU,0.7294,1177.45,858.83,961,"High Risk, Lower Value",Automated retention campaign or targeted offer
6032-KRXXO,0.7294,1177.33,858.74,962,"High Risk, Lower Value",Automated retention campaign or targeted offer
8012-SOUDQ,0.7294,1177.29,858.72,963,"High Risk, Lower Value",Automated retention campaign or targeted offer
4086-YQSNZ,0.8436,1017.91,858.71,964,"High Risk, Lower Value",Automated retention campaign or targeted offer
6923-JHPMP,0.8436,1017.76,858.58,965,"High Risk, Lower Value",Automated retention campaign or targeted offer
1891-UAWWU,0.7294,1176.67,858.26,966,"High Risk, Lower Value",Automated retention campaign or targeted offer
3420-YJLQT,0.8436,1017.29,858.19,967,"High Risk, Lower Value",Automated retention campaign or targeted offer
9402-ORRAH,0.7294,1176.38,858.05,968,"High Risk, Lower Value",Automated retention campaign or targeted offer
0928-XUTSN,0.8436,1016.74,857.72,969,"High Risk, Lower Value",Automated retention campaign or targeted offer
2522-AHJXR,0.5823,1472.9,857.67,970,Critical Priority,Immediate personal call from customer-success team
6941-PMGEP,0.8436,1016.27,857.33,971,"High Risk, Lower Value",Automated retention campaign or targeted offer
3422-GALYP,0.8436,1016.18,857.25,972,"High Risk, Lower Value",Automated retention campaign or targeted offer
3761-FLYZI,0.5823,1471.4,856.8,973,Critical Priority,Immediate personal call from customer-success team
7529-ZDFXI,0.7294,1173.78,856.16,974,"High Risk, Lower Value",Automated retention campaign or targeted offer
4910-AQFFX,0.8436,1014.66,855.97,975,"High Risk, Lower Value",Automated retention campaign or targeted offer
6319-IEJWJ,0.7294,1173.3,855.81,976,"High Risk, Lower Value",Automated retention campaign or targeted offer
7682-AZNDK,0.7294,1173.26,855.78,977,"High Risk, Lower Value",Automated retention campaign or targeted offer
4325-NFSKC,0.7294,1172.97,855.56,978,"High Risk, Lower Value",Automated retention campaign or targeted offer
1891-FZYSA,0.7294,1172.95,855.55,979,"High Risk, Lower Value",Automated retention campaign or targeted offer
3640-PHQXK,0.7294,1172.59,855.29,980,"High Risk, Lower Value",Automated retention campaign or targeted offer
1569-TTNYJ,0.8436,1013.85,855.28,981,"High Risk, Lower Value",Automated retention campaign or targeted offer
6110-OHIHY,0.8436,1013.64,855.11,982,"High Risk, Lower Value",Automated retention campaign or targeted offer
6267-DCFFZ,0.7294,1172.08,854.92,983,"High Risk, Lower Value",Automated retention campaign or targeted offer
6507-ZJSUR,0.7294,1172.03,854.88,984,"High Risk, Lower Value",Automated retention campaign or targeted offer
1307-ATKGB,0.7294,1171.78,854.7,985,"High Risk, Lower Value",Automated retention campaign or targeted offer
1112-CUNAO,0.7294,1171.62,854.58,986,"High Risk, Lower Value",Automated retention campaign or targeted offer
1704-NRWYE,0.8436,1012.95,854.52,987,"High Risk, Lower Value",Automated retention campaign or targeted offer
4183-MYFRB,0.7294,1171.39,854.41,988,"High Risk, Lower Value",Automated retention campaign or targeted offer
8644-XLFBW,0.9422,906.81,854.4,989,"High Risk, Lower Value",Automated retention campaign or targeted offer
4873-ILOLJ,0.7294,1171.27,854.32,990,"High Risk, Lower Value",Automated retention campaign or targeted offer
8922-LIEGH,0.7294,1171.19,854.27,991,"High Risk, Lower Value",Automated retention campaign or targeted offer
2931-SVLTV,0.5823,1466.66,854.04,992,Critical Priority,Immediate personal call from customer-success team
3878-AVSOQ,0.9422,906.41,854.02,993,"High Risk, Lower Value",Automated retention campaign or targeted offer
4290-BSXUX,0.8436,1012.32,853.99,994,"High Risk, Lower Value",Automated retention campaign or targeted offer
1902-XBTFB,0.7294,1170.8,853.98,995,"High Risk, Lower Value",Automated retention campaign or targeted offer
7198-GLXTC,0.8436,1012.15,853.85,996,"High Risk, Lower Value",Automated retention campaign or targeted offer
8182-BJDSI,0.7294,1170.29,853.61,997,"High Risk, Lower Value",Automated retention campaign or targeted offer
1379-FRVEB,0.7294,1170.05,853.43,998,"High Risk, Lower Value",Automated retention campaign or targeted offer
1302-UHBDD,0.7294,1170.03,853.42,999,"High Risk, Lower Value",Automated retention campaign or targeted offer
5760-FXFVO,0.8436,1010.67,852.6,1000,"High Risk, Lower Value",Automated retention campaign or targeted offer
3419-SNJJD,0.5823,1463.58,852.24,1001,Critical Priority,Immediate personal call from customer-success team
6400-BWQKW,0.8436,1010.2,852.2,1002,"High Risk, Lower Value",Automated retention campaign or targeted offer
6689-TCZHQ,0.8436,1010.04,852.07,1003,"High Risk, Lower Value",Automated retention campaign or targeted offer
5364-EVNIB,0.8436,1009.94,851.99,1004,"High Risk, Lower Value",Automated retention campaign or targeted offer
7074-IEVOJ,0.8436,1009.67,851.76,1005,"High Risk, Lower Value",Automated retention campaign or targeted offer
9897-KXHCM,0.8436,1009.63,851.72,1006,"High Risk, Lower Value",Automated retention campaign or targeted offer
6140-QNRQQ,0.9422,903.82,851.58,1007,"High Risk, Lower Value",Automated retention campaign or targeted offer
3177-LASXD,0.9422,903.73,851.49,1008,"High Risk, Lower Value",Automated retention campaign or targeted offer
8380-PEFPE,0.9422,903.57,851.34,1009,"High Risk, Lower Value",Automated retention campaign or targeted offer
3855-ONCAR,0.8436,1009.07,851.25,1010,"High Risk, Lower Value",Automated retention campaign or targeted offer
5442-XSDCW,0.8436,1008.9,851.11,1011,"High Risk, Lower Value",Automated retention campaign or targeted offer
8739-WWKDU,0.7294,1166.76,851.03,1012,"High Risk, Lower Value",Automated retention campaign or targeted offer
5561-NWEVX,0.8436,1008.78,851.01,1013,"High Risk, Lower Value",Automated retention campaign or targeted offer
4587-NUKOX,0.8436,1008.66,850.91,1014,"High Risk, Lower Value",Automated retention campaign or targeted offer
6416-YJTTB,0.8436,1008.6,850.85,1015,"High Risk, Lower Value",Automated retention campaign or targeted offer
8642-GVWRF,0.8436,1008.57,850.83,1016,"High Risk, Lower Value",Automated retention campaign or targeted offer
6005-OBZPH,0.7294,1166.06,850.52,1017,"High Risk, Lower Value",Automated retention campaign or targeted offer
9231-ZJYAM,0.8436,1008.14,850.47,1018,"High Risk, Lower Value",Automated retention campaign or targeted offer
8086-OVPWV,0.8436,1007.93,850.29,1019,"High Risk, Lower Value",Automated retention campaign or targeted offer
2694-CIUMO,0.8436,1007.46,849.89,1020,"High Risk, Lower Value",Automated retention campaign or targeted offer
6175-IRFIT,0.8436,1007.38,849.83,1021,"High Risk, Lower Value",Automated retention campaign or targeted offer
9488-HGMJH,0.9422,901.75,849.63,1022,"High Risk, Lower Value",Automated retention campaign or targeted offer
8042-JVNFH,0.9422,901.74,849.62,1023,"High Risk, Lower Value",Automated retention campaign or targeted offer
6583-QGCSI,0.7294,1164.66,849.5,1024,"High Risk, Lower Value",Automated retention campaign or targeted offer
2789-HQBOU,0.8436,1006.98,849.49,1025,"High Risk, Lower Value",Automated retention campaign or targeted offer
8128-YVJRG,0.8436,1006.91,849.43,1026,"High Risk, Lower Value",Automated retention campaign or targeted offer
3657-COGMW,0.5823,1458.54,849.31,1027,Critical Priority,Immediate personal call from customer-success team
3088-LHEFH,0.8436,1006.22,848.85,1028,"High Risk, Lower Value",Automated retention campaign or targeted offer
1678-FYZOW,0.8436,1006.04,848.7,1029,"High Risk, Lower Value",Automated retention campaign or targeted offer
5712-PTIWW,0.8436,1005.88,848.56,1030,"High Risk, Lower Value",Automated retention campaign or targeted offer
3249-ZPQRG,0.8436,1005.88,848.56,1031,"High Risk, Lower Value",Automated retention campaign or targeted offer
1580-BMCMR,0.7294,1163.24,848.47,1032,"High Risk, Lower Value",Automated retention campaign or targeted offer
4234-XTNEA,0.8436,1005.75,848.45,1033,"High Risk, Lower Value",Automated retention campaign or targeted offer
1894-IGFSG,0.7294,1163.08,848.35,1034,"High Risk, Lower Value",Automated retention campaign or targeted offer
0495-ZBNGW,0.8436,1005.37,848.13,1035,"High Risk, Lower Value",Automated retention campaign or targeted offer
9773-PEQBZ,0.8436,1005.25,848.03,1036,"High Risk, Lower Value",Automated retention campaign or targeted offer
8752-STIVR,0.8436,1005.03,847.84,1037,"High Risk, Lower Value",Automated retention campaign or targeted offer
5857-TYBCJ,0.7294,1162.35,847.82,1038,"High Risk, Lower Value",Automated retention campaign or targeted offer
4521-YEEHE,0.7294,1162.06,847.61,1039,"High Risk, Lower Value",Automated retention campaign or targeted offer
3422-LYEPQ,0.9422,899.54,847.55,1040,"High Risk, Lower Value",Automated retention campaign or targeted offer
6000-APYLU,0.8436,1004.58,847.46,1041,"High Risk, Lower Value",Automated retention campaign or targeted offer
3170-GWYKC,0.5823,1455.1,847.3,1042,Critical Priority,Immediate personal call from customer-success team
2082-OJVTK,0.7294,1161.45,847.16,1043,"High Risk, Lower Value",Automated retention campaign or targeted offer
6595-YGXIT,0.7294,1161.11,846.91,1044,"High Risk, Lower Value",Automated retention campaign or targeted offer
6439-GTPCA,0.7294,1160.89,846.75,1045,"High Risk, Lower Value",Automated retention campaign or targeted offer
2685-SREOM,0.7294,1160.86,846.73,1046,"High Risk, Lower Value",Automated retention campaign or targeted offer
8104-OSKWT,0.8436,1003.7,846.72,1047,"High Risk, Lower Value",Automated retention campaign or targeted offer
9053-EJUNL,0.7294,1160.8,846.69,1048,"High Risk, Lower Value",Automated retention campaign or targeted offer
2260-USTRB,0.9422,898.53,846.59,1049,"High Risk, Lower Value",Automated retention campaign or targeted offer
8637-XJIVR,0.8436,1003.33,846.41,1050,"High Risk, Lower Value",Automated retention campaign or targeted offer
7638-QVMVY,0.8436,1002.98,846.11,1051,"High Risk, Lower Value",Automated retention campaign or targeted offer
8943-URTMR,0.8436,1002.49,845.7,1052,"High Risk, Lower Value",Automated retention campaign or targeted offer
5099-BAILX,0.5823,1452.06,845.53,1053,Critical Priority,Immediate personal call from customer-success team
6353-BRMMA,0.5823,1451.44,845.17,1054,Critical Priority,Immediate personal call from customer-success team
9415-DPEWS,0.7294,1158.57,845.06,1055,"High Risk, Lower Value",Automated retention campaign or targeted offer
7410-OIEDU,0.8436,1001.65,844.99,1056,"High Risk, Lower Value",Automated retention campaign or targeted offer
1031-IIDEO,0.9422,896.71,844.88,1057,"High Risk, Lower Value",Automated retention campaign or targeted offer
3331-HQDTW,0.5823,1450.33,844.53,1058,Critical Priority,Immediate personal call from customer-success team
2883-ILGWO,0.5823,1450.07,844.38,1059,Critical Priority,Immediate personal call from customer-success team
1981-INRFU,0.8436,1000.85,844.32,1060,"High Risk, Lower Value",Automated retention campaign or targeted offer
7409-KIUTL,0.9422,895.98,844.19,1061,"High Risk, Lower Value",Automated retention campaign or targeted offer
0727-IWKVK,0.8436,1000.44,843.97,1062,"High Risk, Lower Value",Automated retention campaign or targeted offer
0899-WZRSD,0.5823,1449.1,843.81,1063,Critical Priority,Immediate personal call from customer-success team
9837-BMCLM,0.8436,999.94,843.55,1064,"High Risk, Lower Value",Automated retention campaign or targeted offer
8051-HJRLT,0.9422,894.44,842.74,1065,"High Risk, Lower Value",Automated retention campaign or targeted offer
6161-UUUTA,0.8436,998.79,842.58,1066,"High Risk, Lower Value",Automated retention campaign or targeted offer
0968-GSIKN,0.9422,893.48,841.84,1067,"High Risk, Lower Value",Automated retention campaign or targeted offer
4572-DVCGN,0.8436,997.83,841.77,1068,"High Risk, Lower Value",Automated retention campaign or targeted offer
5522-NYKPB,0.7294,1153.96,841.7,1069,"High Risk, Lower Value",Automated retention campaign or targeted offer
4059-IIEBK,0.8436,997.39,841.4,1070,"High Risk, Lower Value",Automated retention campaign or targeted offer
7460-ITWWP,0.7294,1153.3,841.22,1071,"High Risk, Lower Value",Automated retention campaign or targeted offer
4010-YLMVT,0.5823,1444.63,841.21,1072,Critical Priority,Immediate personal call from customer-success team
6437-UKHMV,0.8436,997.13,841.18,1073,"High Risk, Lower Value",Automated retention campaign or targeted offer
5376-DEQCP,0.9422,892.6,841.01,1074,"High Risk, Lower Value",Automated retention campaign or targeted offer
1184-PJVDB,0.8436,996.9,840.98,1075,"High Risk, Lower Value",Automated retention campaign or targeted offer
1122-JWTJW,0.9422,892.43,840.85,1076,"High Risk, Lower Value",Automated retention campaign or targeted offer
2672-TGEFF,0.7294,1152.67,840.76,1077,"High Risk, Lower Value",Automated retention campaign or targeted offer
0511-JTEOY,0.9422,892.29,840.72,1078,"High Risk, Lower Value",Automated retention campaign or targeted offer
8040-MNRTF,0.9422,892.29,840.72,1079,"High Risk, Lower Value",Automated retention campaign or targeted offer
5835-BEQEU,0.8436,996.4,840.56,1080,"High Risk, Lower Value",Automated retention campaign or targeted offer
5035-BVCXS,0.8436,996.39,840.55,1081,"High Risk, Lower Value",Automated retention campaign or targeted offer
5652-MSDEY,0.8436,996.16,840.36,1082,"High Risk, Lower Value",Automated retention campaign or targeted offer
1304-NECVQ,0.8436,995.89,840.13,1083,"High Risk, Lower Value",Automated retention campaign or targeted offer
6769-DYBQN,0.7294,1151.74,840.08,1084,"High Risk, Lower Value",Automated retention campaign or targeted offer
2516-VQRRV,0.8436,995.35,839.68,1085,"High Risk, Lower Value",Automated retention campaign or targeted offer
6034-YMTOB,0.8436,995.28,839.62,1086,"High Risk, Lower Value",Automated retention campaign or targeted offer
6087-MVHJH,0.7294,1151.04,839.57,1087,"High Risk, Lower Value",Automated retention campaign or targeted offer
7537-CBQUZ,0.5823,1441.62,839.46,1088,Critical Priority,Immediate personal call from customer-success team
6376-GAHQE,0.8436,994.98,839.37,1089,"High Risk, Lower Value",Automated retention campaign or targeted offer
9391-EOYLI,0.8436,994.5,838.96,1090,"High Risk, Lower Value",Automated retention campaign or targeted offer
0812-WUPTB,0.9422,889.9,838.46,1091,"High Risk, Lower Value",Automated retention campaign or targeted offer
7410-YTJIK,0.8436,993.9,838.45,1092,"High Risk, Lower Value",Automated retention campaign or targeted offer
0151-ONTOV,0.9422,889.83,838.4,1093,"High Risk, Lower Value",Automated retention campaign or targeted offer
5032-MIYKT,0.9422,889.78,838.35,1094,"High Risk, Lower Value",Automated retention campaign or targeted offer
4759-TRPLW,0.9422,889.42,838.01,1095,"High Risk, Lower Value",Automated retention campaign or targeted offer
0519-XUZJU,0.9422,889.28,837.88,1096,"High Risk, Lower Value",Automated retention campaign or targeted offer
1216-BGTSP,0.5823,1438.85,837.84,1097,Critical Priority,Immediate personal call from customer-success team
6229-LSCKB,0.8436,993.07,837.75,1098,"High Risk, Lower Value",Automated retention campaign or targeted offer
2026-TGDHM,0.8436,992.9,837.61,1099,"High Risk, Lower Value",Automated retention campaign or targeted offer
3086-RUCRN,0.5823,1438.38,837.57,1100,Critical Priority,Immediate personal call from customer-success team
7465-ZZRVX,0.9422,888.83,837.46,1101,"High Risk, Lower Value",Automated retention campaign or targeted offer
7927-AUXBZ,0.7294,1148.0,837.35,1102,"High Risk, Lower Value",Automated retention campaign or targeted offer
4210-QFJMF,0.8436,992.51,837.28,1103,"High Risk, Lower Value",Automated retention campaign or targeted offer
1915-IOFGU,0.9422,888.58,837.22,1104,"High Risk, Lower Value",Automated retention campaign or targeted offer
4806-KEXQR,0.8436,992.21,837.03,1105,"High Risk, Lower Value",Automated retention campaign or targeted offer
0533-BNWKF,0.7294,1147.37,836.89,1106,"High Risk, Lower Value",Automated retention campaign or targeted offer
4713-LZDRV,0.8436,991.32,836.28,1107,"High Risk, Lower Value",Automated retention campaign or targeted offer
1853-UDXBW,0.9422,887.48,836.18,1108,"High Risk, Lower Value",Automated retention campaign or targeted offer
1846-XWOQN,0.9422,887.26,835.98,1109,"High Risk, Lower Value",Automated retention campaign or targeted offer
5583-SXDAG,0.9422,886.75,835.5,1110,"High Risk, Lower Value",Automated retention campaign or targeted offer
2187-PKZAY,0.8436,990.38,835.48,1111,"High Risk, Lower Value",Automated retention campaign or targeted offer
2619-WFQWU,0.9422,886.72,835.47,1112,"High Risk, Lower Value",Automated retention campaign or targeted offer
9985-MWVIX,0.9422,886.72,835.47,1113,"High Risk, Lower Value",Automated retention campaign or targeted offer
6179-GJPSO,0.5823,1434.74,835.45,1114,Critical Priority,Immediate personal call from customer-success team
4702-IOQDC,0.9422,886.51,835.27,1115,"High Risk, Lower Value",Automated retention campaign or targeted offer
0328-GRPMV,0.9422,886.51,835.27,1116,"High Risk, Lower Value",Automated retention campaign or targeted offer
8000-REIQB,0.9422,886.38,835.15,1117,"High Risk, Lower Value",Automated retention campaign or targeted offer
9605-WGJVW,0.9422,886.36,835.13,1118,"High Risk, Lower Value",Automated retention campaign or targeted offer
8309-IEYJD,0.9422,886.22,835.0,1119,"High Risk, Lower Value",Automated retention campaign or targeted offer
1394-SUIUH,0.7294,1144.45,834.76,1120,"High Risk, Lower Value",Automated retention campaign or targeted offer
4329-YPDDQ,0.5823,1433.47,834.71,1121,Critical Priority,Immediate personal call from customer-success team
5498-TXHLF,0.7294,1143.82,834.3,1122,"High Risk, Lower Value",Automated retention campaign or targeted offer
7786-WBJYI,0.8436,988.71,834.08,1123,"High Risk, Lower Value",Automated retention campaign or targeted offer
2834-SPCJV,0.7294,1143.31,833.93,1124,"High Risk, Lower Value",Automated retention campaign or targeted offer
8258-GSTJK,0.8436,988.5,833.9,1125,"High Risk, Lower Value",Automated retention campaign or targeted offer
1785-BPHTP,0.7294,1143.17,833.83,1126,"High Risk, Lower Value",Automated retention campaign or targeted offer
2262-SLNVK,0.9422,884.76,833.62,1127,"High Risk, Lower Value",Automated retention campaign or targeted offer
7426-GSWPO,0.5823,1431.59,833.61,1128,Critical Priority,Immediate personal call from customer-success team
9317-WZPGV,0.8436,988.01,833.49,1129,"High Risk, Lower Value",Automated retention campaign or targeted offer
3066-RRJIO,0.9422,884.58,833.45,1130,"High Risk, Lower Value",Automated retention campaign or targeted offer
1792-UXAFY,0.7294,1142.62,833.43,1131,"High Risk, Lower Value",Automated retention campaign or targeted offer
9617-INGJY,0.9422,884.27,833.16,1132,"High Risk, Lower Value",Automated retention campaign or targeted offer
9552-TGUZV,0.8436,987.5,833.06,1133,"High Risk, Lower Value",Automated retention campaign or targeted offer
7598-UAASY,0.8436,987.36,832.94,1134,"High Risk, Lower Value",Automated retention campaign or targeted offer
1640-PLFMP,0.9422,883.86,832.77,1135,"High Risk, Lower Value",Automated retention campaign or targeted offer
3244-DCJWY,0.9422,883.86,832.77,1136,"High Risk, Lower Value",Automated retention campaign or targeted offer
0637-KVDLV,0.8436,987.15,832.76,1137,"High Risk, Lower Value",Automated retention campaign or targeted offer
8981-FJGLA,0.8436,987.15,832.76,1138,"High Risk, Lower Value",Automated retention campaign or targeted offer
7153-OANIO,0.9422,883.63,832.56,1139,"High Risk, Lower Value",Automated retention campaign or targeted offer
5899-MQZZL,0.8436,986.82,832.48,1140,"High Risk, Lower Value",Automated retention campaign or targeted offer
6771-XWBDM,0.5823,1429.17,832.21,1141,Critical Priority,Immediate personal call from customer-success team
9603-OAIHC,0.9422,883.21,832.16,1142,"High Risk, Lower Value",Automated retention campaign or targeted offer
3427-GGZZI,0.7294,1140.77,832.08,1143,"High Risk, Lower Value",Automated retention campaign or targeted offer
0390-DCFDQ,0.9422,883.1,832.06,1144,"High Risk, Lower Value",Automated retention campaign or targeted offer
3966-HRMZA,0.8436,985.95,831.75,1145,"High Risk, Lower Value",Automated retention campaign or targeted offer
3494-JCHRQ,0.9422,882.73,831.71,1146,"High Risk, Lower Value",Automated retention campaign or targeted offer
2920-RNCEZ,0.9422,882.6,831.59,1147,"High Risk, Lower Value",Automated retention campaign or targeted offer
7137-RYLPP,0.7294,1139.96,831.49,1148,"High Risk, Lower Value",Automated retention campaign or targeted offer
9804-ICWBG,0.9422,882.47,831.46,1149,"High Risk, Lower Value",Automated retention campaign or targeted offer
5542-TBBWB,0.9422,882.47,831.46,1150,"High Risk, Lower Value",Automated retention campaign or targeted offer
5875-YPQFJ,0.9422,882.47,831.46,1151,"High Risk, Lower Value",Automated retention campaign or targeted offer
2960-NKRSO,0.7294,1139.92,831.46,1152,"High Risk, Lower Value",Automated retention campaign or targeted offer
5940-AHUHD,0.9422,881.94,830.96,1153,"High Risk, Lower Value",Automated retention campaign or targeted offer
0363-QJVFX,0.5823,1426.82,830.84,1154,Critical Priority,Immediate personal call from customer-success team
5287-QWLKY,0.5823,1426.38,830.58,1155,Critical Priority,Immediate personal call from customer-success team
1062-LHZOD,0.9422,881.4,830.46,1156,"High Risk, Lower Value",Automated retention campaign or targeted offer
4143-HHPMK,0.7294,1138.29,830.27,1157,"High Risk, Lower Value",Automated retention campaign or targeted offer
2919-HBCJO,0.8436,984.18,830.25,1158,"High Risk, Lower Value",Automated retention campaign or targeted offer
1552-AAGRX,0.5823,1425.75,830.21,1159,Critical Priority,Immediate personal call from customer-success team
8063-GBATB,0.7294,1138.21,830.21,1160,"High Risk, Lower Value",Automated retention campaign or targeted offer
0872-NXJYS,0.8436,984.03,830.13,1161,"High Risk, Lower Value",Automated retention campaign or targeted offer
8676-TRMJS,0.8436,983.87,829.99,1162,"High Risk, Lower Value",Automated retention campaign or targeted offer
8225-BTJAU,0.8436,983.53,829.71,1163,"High Risk, Lower Value",Automated retention campaign or targeted offer
7993-PYKOF,0.8436,983.2,829.43,1164,"High Risk, Lower Value",Automated retention campaign or targeted offer
0880-FVFWF,0.7294,1137.11,829.41,1165,"High Risk, Lower Value",Automated retention campaign or targeted offer
5550-VFRLC,0.9422,880.22,829.34,1166,"High Risk, Lower Value",Automated retention campaign or targeted offer
5134-IKDAY,0.9422,880.18,829.31,1167,"High Risk, Lower Value",Automated retention campaign or targeted offer
9518-XXBXE,0.8436,983.06,829.31,1168,"High Risk, Lower Value",Automated retention campaign or targeted offer
3536-IQCTX,0.7294,1136.88,829.24,1169,"High Risk, Lower Value",Automated retention campaign or targeted offer
3540-RZJYU,0.7294,1136.67,829.09,1170,"High Risk, Lower Value",Automated retention campaign or targeted offer
1262-OPMFY,0.8436,982.11,828.51,1171,"High Risk, Lower Value",Automated retention campaign or targeted offer
5271-DBYSJ,0.8436,981.9,828.33,1172,"High Risk, Lower Value",Automated retention campaign or targeted offer
7363-QTBIW,0.8436,981.89,828.32,1173,"High Risk, Lower Value",Automated retention campaign or targeted offer
5366-IJEQJ,0.7294,1135.6,828.31,1174,"High Risk, Lower Value",Automated retention campaign or targeted offer
4603-JANFB,0.9422,879.02,828.21,1175,"High Risk, Lower Value",Automated retention campaign or targeted offer
5022-JNQEQ,0.8436,981.63,828.1,1176,"High Risk, Lower Value",Automated retention campaign or targeted offer
6178-KFNHS,0.8436,981.53,828.02,1177,"High Risk, Lower Value",Automated retention campaign or targeted offer
3982-DQLUS,0.7294,1135.17,827.99,1178,"High Risk, Lower Value",Automated retention campaign or targeted offer
2688-BHGOG,0.8436,981.34,827.86,1179,"High Risk, Lower Value",Automated retention campaign or targeted offer
8123-QBNAZ,0.5823,1421.45,827.71,1180,Critical Priority,Immediate personal call from customer-success team
3254-YRILK,0.7294,1134.09,827.21,1181,"High Risk, Lower Value",Automated retention campaign or targeted offer
3370-GQEAL,0.7294,1134.06,827.18,1182,"High Risk, Lower Value",Automated retention campaign or targeted offer
0515-YPMCW,0.9422,877.76,827.03,1183,"High Risk, Lower Value",Automated retention campaign or targeted offer
5606-AMZBO,0.8436,980.32,827.0,1184,"High Risk, Lower Value",Automated retention campaign or targeted offer
3519-ZKXGG,0.8436,980.15,826.85,1185,"High Risk, Lower Value",Automated retention campaign or targeted offer
6653-CBBOM,0.9422,877.49,826.77,1186,"High Risk, Lower Value",Automated retention campaign or targeted offer
9054-FOWNV,0.7294,1133.12,826.5,1187,"High Risk, Lower Value",Automated retention campaign or targeted offer
6993-OHLXR,0.9422,877.13,826.43,1188,"High Risk, Lower Value",Automated retention campaign or targeted offer
4550-EVXNY,0.9422,877.08,826.38,1189,"High Risk, Lower Value",Automated retention campaign or targeted offer
1363-TXLSL,0.9422,876.88,826.2,1190,"High Risk, Lower Value",Automated retention campaign or targeted offer
4510-HIMLV,0.9422,876.86,826.18,1191,"High Risk, Lower Value",Automated retention campaign or targeted offer
3370-HXOPH,0.8436,979.14,826.0,1192,"High Risk, Lower Value",Automated retention campaign or targeted offer
2070-FNEXE,0.8436,979.14,826.0,1193,"High Risk, Lower Value",Automated retention campaign or targeted offer
8677-HDZEE,0.5823,1418.39,825.93,1194,Critical Priority,Immediate personal call from customer-success team
5371-VYLSX,0.7294,1132.32,825.91,1195,"High Risk, Lower Value",Automated retention campaign or targeted offer
4871-JTKJF,0.9422,876.47,825.81,1196,"High Risk, Lower Value",Automated retention campaign or targeted offer
2195-ZRVAX,0.7294,1131.74,825.49,1197,"High Risk, Lower Value",Automated retention campaign or targeted offer
0487-RPVUM,0.5823,1417.48,825.4,1198,Critical Priority,Immediate personal call from customer-success team
5226-NOZFC,0.7294,1131.02,824.97,1199,"High Risk, Lower Value",Automated retention campaign or targeted offer
8185-UPYBR,0.8436,977.85,824.91,1200,"High Risk, Lower Value",Automated retention campaign or targeted offer
2504-DSHIH,0.7294,1130.9,824.88,1201,"High Risk, Lower Value",Automated retention campaign or targeted offer
4501-EQDRN,0.9422,875.43,824.83,1202,"High Risk, Lower Value",Automated retention campaign or targeted offer
0221-WMXNQ,0.8436,977.68,824.77,1203,"High Risk, Lower Value",Automated retention campaign or targeted offer
7254-IQWOZ,0.9422,875.37,824.77,1204,"High Risk, Lower Value",Automated retention campaign or targeted offer
6627-CFOSN,0.5823,1416.37,824.75,1205,Critical Priority,Immediate personal call from customer-success team
9710-ZUSHQ,0.5823,1416.32,824.72,1206,Critical Priority,Immediate personal call from customer-success team
2506-TNFCO,0.9422,875.25,824.66,1207,"High Risk, Lower Value",Automated retention campaign or targeted offer
8584-KMVXD,0.8436,977.52,824.64,1208,"High Risk, Lower Value",Automated retention campaign or targeted offer
3753-TSEMP,0.7294,1130.48,824.57,1209,"High Risk, Lower Value",Automated retention campaign or targeted offer
2077-MPJQO,0.8436,977.43,824.56,1210,"High Risk, Lower Value",Automated retention campaign or targeted offer
5159-YFPKQ,0.8436,977.42,824.55,1211,"High Risk, Lower Value",Automated retention campaign or targeted offer
8062-YBDOE,0.9422,875.13,824.55,1212,"High Risk, Lower Value",Automated retention campaign or targeted offer
3969-GYXEL,0.8436,977.4,824.53,1213,"High Risk, Lower Value",Automated retention campaign or targeted offer
0506-LVNGN,0.8436,977.31,824.46,1214,"High Risk, Lower Value",Automated retention campaign or targeted offer
2446-PLQVO,0.9422,874.45,823.91,1215,"High Risk, Lower Value",Automated retention campaign or targeted offer
2657-ALMWY,0.7294,1129.5,823.86,1216,"High Risk, Lower Value",Automated retention campaign or targeted offer
5539-TMZLF,0.9422,874.35,823.81,1217,"High Risk, Lower Value",Automated retention campaign or targeted offer
1084-UQCHV,0.9422,874.27,823.74,1218,"High Risk, Lower Value",Automated retention campaign or targeted offer
5651-YLPRD,0.7294,1129.12,823.58,1219,"High Risk, Lower Value",Automated retention campaign or targeted offer
0378-NHQXU,0.7294,1129.0,823.49,1220,"High Risk, Lower Value",Automated retention campaign or targeted offer
9250-WYPLL,0.8436,975.98,823.34,1221,"High Risk, Lower Value",Automated retention campaign or targeted offer
7020-OZKXZ,0.8436,975.91,823.28,1222,"High Risk, Lower Value",Automated retention campaign or targeted offer
1618-CFHME,0.8436,975.9,823.27,1223,"High Risk, Lower Value",Automated retention campaign or targeted offer
1219-NNDDO,0.8436,975.68,823.08,1224,"High Risk, Lower Value",Automated retention campaign or targeted offer
4472-VESGY,0.5823,1413.43,823.04,1225,Critical Priority,Immediate personal call from customer-success team
7130-VTEWQ,0.8436,975.52,822.95,1226,"High Risk, Lower Value",Automated retention campaign or targeted offer
7072-MBHEV,0.8436,975.43,822.87,1227,"High Risk, Lower Value",Automated retention campaign or targeted offer
2636-ALXXZ,0.9422,873.32,822.84,1228,"High Risk, Lower Value",Automated retention campaign or targeted offer
8375-DKEBR,0.9422,873.32,822.84,1229,"High Risk, Lower Value",Automated retention campaign or targeted offer
0177-PXBAT,0.5823,1413.03,822.81,1230,Critical Priority,Immediate personal call from customer-success team
4581-SSPWD,0.8436,975.29,822.75,1231,"High Risk, Lower Value",Automated retention campaign or targeted offer
3987-KQDDU,0.8436,975.03,822.54,1232,"High Risk, Lower Value",Automated retention campaign or targeted offer
9191-MYQKX,0.8436,974.89,822.42,1233,"High Risk, Lower Value",Automated retention campaign or targeted offer
6198-ZFIOJ,0.8436,974.83,822.37,1234,"High Risk, Lower Value",Automated retention campaign or targeted offer
3541-ZNUHK,0.7294,1127.44,822.35,1235,"High Risk, Lower Value",Automated retention campaign or targeted offer
1320-HTRDR,0.8436,974.58,822.16,1236,"High Risk, Lower Value",Automated retention campaign or targeted offer
8433-WXGNA,0.8436,974.57,822.15,1237,"High Risk, Lower Value",Automated retention campaign or targeted offer
7665-TOALD,0.9422,872.5,822.07,1238,"High Risk, Lower Value",Automated retention campaign or targeted offer
7354-OIJLX,0.8436,974.32,821.94,1239,"High Risk, Lower Value",Automated retention campaign or targeted offer
6502-MJQAE,0.9422,872.29,821.87,1240,"High Risk, Lower Value",Automated retention campaign or targeted offer
3569-EDBPQ,0.7294,1126.71,821.82,1241,"High Risk, Lower Value",Automated retention campaign or targeted offer
1820-TQVEV,0.9422,872.09,821.68,1242,"High Risk, Lower Value",Automated retention campaign or targeted offer
1689-YQBYY,0.8436,973.6,821.33,1243,"High Risk, Lower Value",Automated retention campaign or targeted offer
5914-DVBWJ,0.7294,1125.92,821.25,1244,"High Risk, Lower Value",Automated retention campaign or targeted offer
7625-XCQRH,0.8436,973.45,821.2,1245,"High Risk, Lower Value",Automated retention campaign or targeted offer
3074-GQWYX,0.8436,973.37,821.13,1246,"High Risk, Lower Value",Automated retention campaign or targeted offer
2249-YPRNG,0.5823,1409.67,820.85,1247,Critical Priority,Immediate personal call from customer-success team
5153-RTHKF,0.7294,1125.1,820.65,1248,"High Risk, Lower Value",Automated retention campaign or targeted offer
1228-FZFRV,0.5823,1409.15,820.55,1249,Critical Priority,Immediate personal call from customer-success team
3372-KWFBM,0.7294,1124.57,820.26,1250,"High Risk, Lower Value",Automated retention campaign or targeted offer
7817-BOQPW,0.8436,971.98,819.96,1251,"High Risk, Lower Value",Automated retention campaign or targeted offer
4110-PFEUZ,0.9422,869.94,819.66,1252,"High Risk, Lower Value",Automated retention campaign or targeted offer
8325-QRPZR,0.8436,971.48,819.54,1253,"High Risk, Lower Value",Automated retention campaign or targeted offer
4749-OJKQU,0.8436,971.44,819.51,1254,"High Risk, Lower Value",Automated retention campaign or targeted offer
6591-QGOYB,0.5823,1407.02,819.31,1255,Critical Priority,Immediate personal call from customer-success team
6891-JPYFF,0.5823,1406.88,819.23,1256,Critical Priority,Immediate personal call from customer-success team
9606-PBKBQ,0.7294,1122.97,819.09,1257,"High Risk, Lower Value",Automated retention campaign or targeted offer
0639-TSIQW,0.5823,1406.63,819.08,1258,Critical Priority,Immediate personal call from customer-success team
3838-OZURD,0.5823,1406.51,819.01,1259,Critical Priority,Immediate personal call from customer-success team
0488-GSLFR,0.9422,869.13,818.89,1260,"High Risk, Lower Value",Automated retention campaign or targeted offer
5288-AHOUP,0.8436,970.28,818.53,1261,"High Risk, Lower Value",Automated retention campaign or targeted offer
2873-ZLIWT,0.7294,1121.96,818.36,1262,"High Risk, Lower Value",Automated retention campaign or targeted offer
1980-KXVPM,0.8436,969.87,818.18,1263,"High Risk, Lower Value",Automated retention campaign or targeted offer
1833-TCXKK,0.5823,1404.71,817.96,1264,Critical Priority,Immediate personal call from customer-success team
5186-SAMNZ,0.9422,868.05,817.88,1265,"High Risk, Lower Value",Automated retention campaign or targeted offer
2754-XBHTB,0.8436,969.45,817.83,1266,"High Risk, Lower Value",Automated retention campaign or targeted offer
9885-AIBVB,0.7294,1121.17,817.78,1267,"High Risk, Lower Value",Automated retention campaign or targeted offer
5928-QLDHB,0.8436,969.25,817.66,1268,"High Risk, Lower Value",Automated retention campaign or targeted offer
0178-SZBHO,0.7294,1120.77,817.49,1269,"High Risk, Lower Value",Automated retention campaign or targeted offer
0840-DFEZH,0.8436,969.05,817.49,1270,"High Risk, Lower Value",Automated retention campaign or targeted offer
0925-VYDLG,0.8436,968.79,817.27,1271,"High Risk, Lower Value",Automated retention campaign or targeted offer
7576-OYWBN,0.8436,968.6,817.11,1272,"High Risk, Lower Value",Automated retention campaign or targeted offer
1602-IJQQE,0.8436,968.58,817.09,1273,"High Risk, Lower Value",Automated retention campaign or targeted offer
3199-XGZCY,0.8436,967.44,816.13,1274,"High Risk, Lower Value",Automated retention campaign or targeted offer
3413-DHLPB,0.5823,1400.88,815.73,1275,Critical Priority,Immediate personal call from customer-success team
7912-SYRQT,0.8436,965.33,814.35,1276,"High Risk, Lower Value",Automated retention campaign or targeted offer
2276-YDAVZ,0.8436,964.91,814.0,1277,"High Risk, Lower Value",Automated retention campaign or targeted offer
2460-NGXBJ,0.8436,964.41,813.58,1278,"High Risk, Lower Value",Automated retention campaign or targeted offer
8443-ZRDBZ,0.8436,964.29,813.48,1279,"High Risk, Lower Value",Automated retention campaign or targeted offer
1421-HCERK,0.5823,1396.98,813.46,1280,Critical Priority,Immediate personal call from customer-success team
0682-USIXD,0.7294,1114.94,813.24,1281,"High Risk, Lower Value",Automated retention campaign or targeted offer
0524-IAVZO,0.7294,1114.5,812.92,1282,"High Risk, Lower Value",Automated retention campaign or targeted offer
5570-PTWEH,0.8436,963.6,812.89,1283,"High Risk, Lower Value",Automated retention campaign or targeted offer
7892-QVYKW,0.7294,1114.43,812.87,1284,"High Risk, Lower Value",Automated retention campaign or targeted offer
9412-GHEEC,0.5823,1395.75,812.75,1285,Critical Priority,Immediate personal call from customer-success team
0461-CVKMU,0.7294,1113.9,812.48,1286,"High Risk, Lower Value",Automated retention campaign or targeted offer
4566-GOLUK,0.5823,1395.1,812.37,1287,Critical Priority,Immediate personal call from customer-success team
2916-BQZLN,0.7294,1113.6,812.26,1288,"High Risk, Lower Value",Automated retention campaign or targeted offer
9494-MRNYX,0.8436,962.75,812.18,1289,"High Risk, Lower Value",Automated retention campaign or targeted offer
6352-TWCAU,0.7294,1112.73,811.63,1290,"High Risk, Lower Value",Automated retention campaign or targeted offer
4854-CIDCF,0.8436,962.06,811.59,1291,"High Risk, Lower Value",Automated retention campaign or targeted offer
3871-IKPYH,0.9422,861.32,811.54,1292,"High Risk, Lower Value",Automated retention campaign or targeted offer
4343-EJVQB,0.8436,961.93,811.48,1293,"High Risk, Lower Value",Automated retention campaign or targeted offer
3096-JRDSO,0.5823,1393.26,811.3,1294,Critical Priority,Immediate personal call from customer-success team
4585-HETAI,0.8436,961.66,811.26,1295,"High Risk, Lower Value",Automated retention campaign or targeted offer
7599-FKVXZ,0.5823,1392.61,810.92,1296,Critical Priority,Immediate personal call from customer-success team
3096-IZETN,0.8436,960.87,810.59,1297,"High Risk, Lower Value",Automated retention campaign or targeted offer
0927-LCSMG,0.8436,960.86,810.58,1298,"High Risk, Lower Value",Automated retention campaign or targeted offer
7831-QGOXH,0.7294,1111.27,810.56,1299,"High Risk, Lower Value",Automated retention campaign or targeted offer
4505-EXZHB,0.8436,960.84,810.56,1300,"High Risk, Lower Value",Automated retention campaign or targeted offer
5628-RKIFK,0.5823,1391.7,810.39,1301,Critical Priority,Immediate personal call from customer-success team
6719-OXYBR,0.7294,1110.96,810.33,1302,"High Risk, Lower Value",Automated retention campaign or targeted offer
2880-FPNAE,0.8436,960.51,810.29,1303,"High Risk, Lower Value",Automated retention campaign or targeted offer
0196-JTUQI,0.8436,960.46,810.24,1304,"High Risk, Lower Value",Automated retention campaign or targeted offer
0168-XZKBB,0.7294,1110.63,810.09,1305,"High Risk, Lower Value",Automated retention campaign or targeted offer
4423-YLHDV,0.5823,1390.58,809.73,1306,Critical Priority,Immediate personal call from customer-success team
6416-TVAIH,0.9422,859.36,809.69,1307,"High Risk, Lower Value",Automated retention campaign or targeted offer
5879-SESNB,0.8436,959.73,809.63,1308,"High Risk, Lower Value",Automated retention campaign or targeted offer
1447-GIQMR,0.9422,859.21,809.55,1309,"High Risk, Lower Value",Automated retention campaign or targeted offer
0867-MKZVY,0.7294,1109.83,809.51,1310,"High Risk, Lower Value",Automated retention campaign or targeted offer
2080-GKCWQ,0.8436,959.48,809.42,1311,"High Risk, Lower Value",Automated retention campaign or targeted offer
6394-MFYNG,0.5823,1389.94,809.36,1312,Critical Priority,Immediate personal call from customer-success team
2683-BPJSO,0.7294,1109.62,809.36,1313,"High Risk, Lower Value",Automated retention campaign or targeted offer
7426-WEIJX,0.7294,1109.61,809.35,1314,"High Risk, Lower Value",Automated retention campaign or targeted offer
3757-NJYBX,0.5823,1389.78,809.27,1315,Critical Priority,Immediate personal call from customer-success team
1323-OOEPC,0.5823,1389.73,809.24,1316,Critical Priority,Immediate personal call from customer-success team
3716-BDVDB,0.9422,858.84,809.2,1317,"High Risk, Lower Value",Automated retention campaign or targeted offer
5130-IEKQT,0.5823,1389.29,808.98,1318,Critical Priority,Immediate personal call from customer-success team
6331-EWIEB,0.7294,1108.66,808.66,1319,"High Risk, Lower Value",Automated retention campaign or targeted offer
6127-ISGTU,0.7294,1108.63,808.63,1320,"High Risk, Lower Value",Automated retention campaign or targeted offer
4441-NIHPT,0.8436,958.41,808.51,1321,"High Risk, Lower Value",Automated retention campaign or targeted offer
9398-MMQTO,0.8436,958.17,808.31,1322,"High Risk, Lower Value",Automated retention campaign or targeted offer
0388-EOPEX,0.8436,958.11,808.26,1323,"High Risk, Lower Value",Automated retention campaign or targeted offer
2696-NARTR,0.8436,957.86,808.05,1324,"High Risk, Lower Value",Automated retention campaign or targeted offer
7346-MEDWM,0.7294,1107.61,807.89,1325,"High Risk, Lower Value",Automated retention campaign or targeted offer
4480-QQRHC,0.8436,957.41,807.67,1326,"High Risk, Lower Value",Automated retention campaign or targeted offer
2800-VEQXM,0.8436,957.17,807.47,1327,"High Risk, Lower Value",Automated retention campaign or targeted offer
3235-ETOOB,0.8436,957.03,807.35,1328,"High Risk, Lower Value",Automated retention campaign or targeted offer
4503-BDXBD,0.8436,956.98,807.31,1329,"High Risk, Lower Value",Automated retention campaign or targeted offer
9274-CNFMO,0.8436,956.82,807.17,1330,"High Risk, Lower Value",Automated retention campaign or targeted offer
1475-VWVDO,0.8436,956.75,807.11,1331,"High Risk, Lower Value",Automated retention campaign or targeted offer
9334-GWGOW,0.8436,956.7,807.07,1332,"High Risk, Lower Value",Automated retention campaign or targeted offer
8778-LMWTJ,0.8436,956.66,807.04,1333,"High Risk, Lower Value",Automated retention campaign or targeted offer
4098-NAUKP,0.7294,1105.98,806.7,1334,"High Risk, Lower Value",Automated retention campaign or targeted offer
9601-BRXPO,0.5823,1384.95,806.46,1335,Critical Priority,Immediate personal call from customer-success team
2133-TSRRM,0.5823,1384.84,806.39,1336,Critical Priority,Immediate personal call from customer-success team
7508-MYBOG,0.7294,1105.4,806.28,1337,"High Risk, Lower Value",Automated retention campaign or targeted offer
0004-TLHLJ,0.8436,955.72,806.25,1338,"High Risk, Lower Value",Automated retention campaign or targeted offer
7235-NXZCP,0.8436,955.68,806.21,1339,"High Risk, Lower Value",Automated retention campaign or targeted offer
2040-VZIKE,0.5823,1384.26,806.05,1340,Critical Priority,Immediate personal call from customer-success team
2984-MIIZL,0.8436,955.04,805.67,1341,"High Risk, Lower Value",Automated retention campaign or targeted offer
2983-ZANRP,0.8436,954.96,805.6,1342,"High Risk, Lower Value",Automated retention campaign or targeted offer
3488-PGMQJ,0.8436,954.66,805.35,1343,"High Risk, Lower Value",Automated retention campaign or targeted offer
9208-OLGAQ,0.7294,1104.13,805.35,1344,"High Risk, Lower Value",Automated retention campaign or targeted offer
1658-TJVOA,0.8436,954.63,805.33,1345,"High Risk, Lower Value",Automated retention campaign or targeted offer
3411-WLRSQ,0.8436,954.27,805.02,1346,"High Risk, Lower Value",Automated retention campaign or targeted offer
4770-UEZOX,0.8436,954.2,804.96,1347,"High Risk, Lower Value",Automated retention campaign or targeted offer
6457-GIRWB,0.9422,854.34,804.96,1348,"High Risk, Lower Value",Automated retention campaign or targeted offer
3428-XZMAZ,0.9422,854.34,804.96,1349,"High Risk, Lower Value",Automated retention campaign or targeted offer
4116-TZAQJ,0.8436,954.19,804.95,1350,"High Risk, Lower Value",Automated retention campaign or targeted offer
2325-NBPZG,0.8436,954.17,804.94,1351,"High Risk, Lower Value",Automated retention campaign or targeted offer
2761-OCIAX,0.8436,954.12,804.9,1352,"High Risk, Lower Value",Automated retention campaign or targeted offer
1766-GKNMI,0.7294,1103.07,804.58,1353,"High Risk, Lower Value",Automated retention campaign or targeted offer
6856-RAURS,0.8436,953.67,804.52,1354,"High Risk, Lower Value",Automated retention campaign or targeted offer
9283-LZQOH,0.8436,953.66,804.51,1355,"High Risk, Lower Value",Automated retention campaign or targeted offer
5399-ZIMKF,0.8436,953.64,804.49,1356,"High Risk, Lower Value",Automated retention campaign or targeted offer
6339-YPSAH,0.8436,953.52,804.39,1357,"High Risk, Lower Value",Automated retention campaign or targeted offer
8617-ENBDS,0.8436,953.46,804.34,1358,"High Risk, Lower Value",Automated retention campaign or targeted offer
0578-SKVMF,0.7294,1102.69,804.3,1359,"High Risk, Lower Value",Automated retention campaign or targeted offer
0362-ZBZWJ,0.7294,1102.38,804.08,1360,"High Risk, Lower Value",Automated retention campaign or targeted offer
5989-PGKJB,0.7294,1102.36,804.06,1361,"High Risk, Lower Value",Automated retention campaign or targeted offer
4229-CZMLL,0.8436,952.98,803.93,1362,"High Risk, Lower Value",Automated retention campaign or targeted offer
1024-VRZHF,0.8436,952.88,803.85,1363,"High Risk, Lower Value",Automated retention campaign or targeted offer
5016-IBERQ,0.7294,1101.95,803.76,1364,"High Risk, Lower Value",Automated retention campaign or targeted offer
9992-RRAMN,0.7294,1101.65,803.54,1365,"High Risk, Lower Value",Automated retention campaign or targeted offer
1428-GTBJJ,0.8436,952.49,803.52,1366,"High Risk, Lower Value",Automated retention campaign or targeted offer
5216-WASFJ,0.7294,1101.52,803.45,1367,"High Risk, Lower Value",Automated retention campaign or targeted offer
8699-ASUFO,0.8436,952.35,803.4,1368,"High Risk, Lower Value",Automated retention campaign or targeted offer
1867-BDVFH,0.8436,952.19,803.27,1369,"High Risk, Lower Value",Automated retention campaign or targeted offer
2362-IBOOY,0.7294,1101.15,803.18,1370,"High Risk, Lower Value",Automated retention campaign or targeted offer
5884-GCYMI,0.9422,852.31,803.05,1371,"High Risk, Lower Value",Automated retention campaign or targeted offer
7823-JSOAG,0.8436,951.84,802.97,1372,"High Risk, Lower Value",Automated retention campaign or targeted offer
8361-LTMKD,0.8436,951.32,802.53,1373,"High Risk, Lower Value",Automated retention campaign or targeted offer
3030-YDNRM,0.8436,951.25,802.47,1374,"High Risk, Lower Value",Automated retention campaign or targeted offer
0093-XWZFY,0.5823,1378.03,802.43,1375,Critical Priority,Immediate personal call from customer-success team
4822-YCXMX,0.7294,1100.09,802.41,1376,"High Risk, Lower Value",Automated retention campaign or targeted offer
2845-HSJCY,0.7294,1099.94,802.3,1377,"High Risk, Lower Value",Automated retention campaign or targeted offer
7571-YXDAD,0.8436,950.98,802.25,1378,"High Risk, Lower Value",Automated retention campaign or targeted offer
6680-WKXRZ,0.8436,950.43,801.78,1379,"High Risk, Lower Value",Automated retention campaign or targeted offer
3714-NTNFO,0.7294,1098.96,801.58,1380,"High Risk, Lower Value",Automated retention campaign or targeted offer
0722-TROQR,0.8436,950.17,801.56,1381,"High Risk, Lower Value",Automated retention campaign or targeted offer
7341-LXCAF,0.8436,950.15,801.55,1382,"High Risk, Lower Value",Automated retention campaign or targeted offer
4090-KPJIP,0.8436,950.02,801.44,1383,"High Risk, Lower Value",Automated retention campaign or targeted offer
4860-IJUDE,0.8436,949.97,801.39,1384,"High Risk, Lower Value",Automated retention campaign or targeted offer
0027-KWYKW,0.7294,1098.55,801.28,1385,"High Risk, Lower Value",Automated retention campaign or targeted offer
6711-FLDFB,0.8436,949.68,801.15,1386,"High Risk, Lower Value",Automated retention campaign or targeted offer
8873-GLDMH,0.8436,949.67,801.14,1387,"High Risk, Lower Value",Automated retention campaign or targeted offer
9079-LWTFD,0.5823,1375.82,801.14,1388,Critical Priority,Immediate personal call from customer-success team
5956-VKDTT,0.8436,949.52,801.02,1389,"High Risk, Lower Value",Automated retention campaign or targeted offer
0404-SWRVG,0.8436,949.19,800.74,1390,"High Risk, Lower Value",Automated retention campaign or targeted offer
8083-YTZES,0.8436,948.97,800.55,1391,"High Risk, Lower Value",Automated retention campaign or targeted offer
3005-TYFRD,0.5823,1374.76,800.52,1392,Critical Priority,Immediate personal call from customer-success team
2921-XWDJH,0.7294,1097.42,800.46,1393,"High Risk, Lower Value",Automated retention campaign or targeted offer
8436-BJUMM,0.7294,1096.31,799.65,1394,"High Risk, Lower Value",Automated retention campaign or targeted offer
4514-GFCFI,0.7294,1096.31,799.65,1395,"High Risk, Lower Value",Automated retention campaign or targeted offer
4471-KXAUH,0.7294,1096.06,799.47,1396,"High Risk, Lower Value",Automated retention campaign or targeted offer
9850-OWRHQ,0.8436,947.37,799.2,1397,"High Risk, Lower Value",Automated retention campaign or targeted offer
1197-BVMVG,0.8436,947.36,799.19,1398,"High Risk, Lower Value",Automated retention campaign or targeted offer
0122-OAHPZ,0.8436,947.18,799.04,1399,"High Risk, Lower Value",Automated retention campaign or targeted offer
8623-TMRBY,0.7294,1095.33,798.93,1400,"High Risk, Lower Value",Automated retention campaign or targeted offer
6424-ELEYH,0.8436,946.77,798.7,1401,"High Risk, Lower Value",Automated retention campaign or targeted offer
5405-ZMYXQ,0.8436,946.77,798.7,1402,"High Risk, Lower Value",Automated retention campaign or targeted offer
2057-ZBLPD,0.7294,1094.64,798.43,1403,"High Risk, Lower Value",Automated retention campaign or targeted offer
6847-KJLTS,0.5823,1370.92,798.29,1404,Critical Priority,Immediate personal call from customer-success team
3804-RVTGV,0.5823,1370.86,798.25,1405,Critical Priority,Immediate personal call from customer-success team
0921-OHLVP,0.7294,1094.02,797.98,1406,"High Risk, Lower Value",Automated retention campaign or targeted offer
8065-YKXKD,0.8436,945.92,797.98,1407,"High Risk, Lower Value",Automated retention campaign or targeted offer
9306-CPCBC,0.8436,945.83,797.9,1408,"High Risk, Lower Value",Automated retention campaign or targeted offer
2027-CWDNU,0.7294,1093.89,797.88,1409,"High Risk, Lower Value",Automated retention campaign or targeted offer
0709-TVGUR,0.8436,945.59,797.7,1410,"High Risk, Lower Value",Automated retention campaign or targeted offer
9102-IAYHT,0.7294,1093.61,797.68,1411,"High Risk, Lower Value",Automated retention campaign or targeted offer
6347-DCUIK,0.8436,945.54,797.66,1412,"High Risk, Lower Value",Automated retention campaign or targeted offer
2250-IVBWA,0.7294,1093.54,797.63,1413,"High Risk, Lower Value",Automated retention campaign or targeted offer
1196-AMORA,0.8436,945.22,797.39,1414,"High Risk, Lower Value",Automated retention campaign or targeted offer
4282-YMKNA,0.8436,945.22,797.39,1415,"High Risk, Lower Value",Automated retention campaign or targeted offer
6860-YRJZP,0.8436,945.09,797.28,1416,"High Risk, Lower Value",Automated retention campaign or targeted offer
5934-RMPOV,0.7294,1092.73,797.04,1417,"High Risk, Lower Value",Automated retention campaign or targeted offer
7586-ZATGZ,0.7294,1092.57,796.92,1418,"High Risk, Lower Value",Automated retention campaign or targeted offer
5740-YHGTW,0.5823,1368.25,796.73,1419,Critical Priority,Immediate personal call from customer-success team
1086-LXKFY,0.9422,845.52,796.65,1420,"High Risk, Lower Value",Automated retention campaign or targeted offer
6661-HBGWL,0.5823,1367.75,796.44,1421,Critical Priority,Immediate personal call from customer-success team
3070-DVEYC,0.8436,944.1,796.44,1422,"High Risk, Lower Value",Automated retention campaign or targeted offer
3932-IJWDZ,0.5823,1367.42,796.25,1423,Critical Priority,Immediate personal call from customer-success team
5118-MUEYH,0.5823,1366.43,795.67,1424,Critical Priority,Immediate personal call from customer-success team
5940-NFXKV,0.7294,1090.64,795.51,1425,"High Risk, Lower Value",Automated retention campaign or targeted offer
7603-USHJS,0.8436,942.81,795.35,1426,"High Risk, Lower Value",Automated retention campaign or targeted offer
8337-MSSXB,0.7294,1090.34,795.29,1427,"High Risk, Lower Value",Automated retention campaign or targeted offer
2208-NQBCT,0.7294,1089.9,794.97,1428,"High Risk, Lower Value",Automated retention campaign or targeted offer
4806-HIPDW,0.9422,843.54,794.78,1429,"High Risk, Lower Value",Automated retention campaign or targeted offer
0679-IDSTG,0.9422,843.24,794.5,1430,"High Risk, Lower Value",Automated retention campaign or targeted offer
1391-UBDAR,0.8436,941.59,794.33,1431,"High Risk, Lower Value",Automated retention campaign or targeted offer
9450-TRJUU,0.7294,1088.83,794.19,1432,"High Risk, Lower Value",Automated retention campaign or targeted offer
3223-WZWJM,0.7294,1088.24,793.76,1433,"High Risk, Lower Value",Automated retention campaign or targeted offer
2774-LVQUS,0.7294,1088.14,793.69,1434,"High Risk, Lower Value",Automated retention campaign or targeted offer
7908-QCBCA,0.9422,842.32,793.63,1435,"High Risk, Lower Value",Automated retention campaign or targeted offer
5117-IFGPS,0.7294,1087.5,793.22,1436,"High Risk, Lower Value",Automated retention campaign or targeted offer
9314-IJWSQ,0.7294,1087.34,793.11,1437,"High Risk, Lower Value",Automated retention campaign or targeted offer
5947-SGKCL,0.5823,1361.85,793.01,1438,Critical Priority,Immediate personal call from customer-success team
2856-HYAPG,0.9422,841.57,792.93,1439,"High Risk, Lower Value",Automated retention campaign or targeted offer
4238-HFHSN,0.7294,1086.95,792.82,1440,"High Risk, Lower Value",Automated retention campaign or targeted offer
5827-MWCZK,0.5823,1361.44,792.77,1441,Critical Priority,Immediate personal call from customer-success team
4824-GUCBY,0.7294,1086.75,792.68,1442,"High Risk, Lower Value",Automated retention campaign or targeted offer
7206-GZCDC,0.9422,841.26,792.64,1443,"High Risk, Lower Value",Automated retention campaign or targeted offer
7861-UVUFT,0.7294,1086.35,792.38,1444,"High Risk, Lower Value",Automated retention campaign or targeted offer
3550-SAHFP,0.7294,1085.91,792.06,1445,"High Risk, Lower Value",Automated retention campaign or targeted offer
9185-TQCVP,0.7294,1085.86,792.03,1446,"High Risk, Lower Value",Automated retention campaign or targeted offer
8875-AKBYH,0.7294,1085.67,791.89,1447,"High Risk, Lower Value",Automated retention campaign or targeted offer
5628-FCGYG,0.7294,1085.59,791.83,1448,"High Risk, Lower Value",Automated retention campaign or targeted offer
5019-GQVCR,0.7294,1085.45,791.73,1449,"High Risk, Lower Value",Automated retention campaign or targeted offer
9728-FTTVZ,0.9422,840.2,791.64,1450,"High Risk, Lower Value",Automated retention campaign or targeted offer
7660-HDPJV,0.9422,840.2,791.64,1451,"High Risk, Lower Value",Automated retention campaign or targeted offer
6172-FECYY,0.7294,1085.3,791.62,1452,"High Risk, Lower Value",Automated retention campaign or targeted offer
4983-CLMLV,0.5823,1358.94,791.31,1453,Critical Priority,Immediate personal call from customer-success team
3365-SAIGS,0.7294,1084.08,790.73,1454,"High Risk, Lower Value",Automated retention campaign or targeted offer
3791-LGQCY,0.5823,1356.13,789.67,1455,Critical Priority,Immediate personal call from customer-success team
3404-JNXAX,0.7294,1081.93,789.16,1456,"High Risk, Lower Value",Automated retention campaign or targeted offer
8059-UDZFY,0.5823,1354.54,788.75,1457,Critical Priority,Immediate personal call from customer-success team
0348-SDKOL,0.5823,1354.48,788.71,1458,Critical Priority,Immediate personal call from customer-success team
5108-ADXWO,0.8436,933.94,787.87,1459,"High Risk, Lower Value",Automated retention campaign or targeted offer
9919-YLNNG,0.5823,1352.99,787.85,1460,Critical Priority,Immediate personal call from customer-success team
3197-ARFOY,0.5823,1352.54,787.58,1461,Critical Priority,Immediate personal call from customer-success team
6968-GMKPR,0.7294,1078.44,786.61,1462,"High Risk, Lower Value",Automated retention campaign or targeted offer
6221-AVQYL,0.8436,931.64,785.93,1463,"High Risk, Lower Value",Automated retention campaign or targeted offer
9490-DFPMD,0.7294,1077.26,785.75,1464,"High Risk, Lower Value",Automated retention campaign or targeted offer
4238-JSSWH,0.5823,1349.27,785.68,1465,Critical Priority,Immediate personal call from customer-success team
8541-QVFKM,0.8436,930.8,785.22,1466,"High Risk, Lower Value",Automated retention campaign or targeted offer
4559-UWIHT,0.7294,1075.6,784.54,1467,"High Risk, Lower Value",Automated retention campaign or targeted offer
0280-XJGEX,0.5823,1347.26,784.51,1468,Critical Priority,Immediate personal call from customer-success team
4868-AADLV,0.4567,1716.2,783.79,1469,Valuable but Stable,Monitor and maintain relationship
8224-DWCKX,0.8436,928.81,783.54,1470,"High Risk, Lower Value",Automated retention campaign or targeted offer
9974-JFBHQ,0.5823,1343.4,782.26,1471,Critical Priority,Immediate personal call from customer-success team
0979-PHULV,0.5823,1342.56,781.77,1472,Critical Priority,Immediate personal call from customer-success team
9776-CLUJA,0.7294,1070.53,780.84,1473,"High Risk, Lower Value",Automated retention campaign or targeted offer
3672-YITQD,0.7294,1070.43,780.77,1474,"High Risk, Lower Value",Automated retention campaign or targeted offer
1587-FKLZB,0.5823,1340.28,780.45,1475,Critical Priority,Immediate personal call from customer-success team
0201-OAMXR,0.4567,1708.86,780.44,1476,Valuable but Stable,Monitor and maintain relationship
2674-MLXMN,0.5823,1339.58,780.04,1477,Critical Priority,Immediate personal call from customer-success team
0052-DCKON,0.4567,1707.3,779.72,1478,Valuable but Stable,Monitor and maintain relationship
5536-RTPWK,0.5823,1338.91,779.65,1479,Critical Priority,Immediate personal call from customer-success team
5734-EJKXG,0.4567,1706.37,779.3,1480,Valuable but Stable,Monitor and maintain relationship
3744-ZRRDZ,0.7294,1068.32,779.23,1481,"High Risk, Lower Value",Automated retention campaign or targeted offer
2669-OIDSD,0.5823,1338.04,779.14,1482,Critical Priority,Immediate personal call from customer-success team
2632-UCGVD,0.5823,1337.89,779.05,1483,Critical Priority,Immediate personal call from customer-success team
2889-FPWRM,0.4567,1705.03,778.69,1484,Valuable but Stable,Monitor and maintain relationship
1444-VVSGW,0.4567,1705.01,778.68,1485,Valuable but Stable,Monitor and maintain relationship
8840-DQLGN,0.5823,1336.49,778.24,1486,Critical Priority,Immediate personal call from customer-success team
4391-RESHN,0.5823,1336.48,778.23,1487,Critical Priority,Immediate personal call from customer-success team
7181-OQCUT,0.5823,1336.46,778.22,1488,Critical Priority,Immediate personal call from customer-success team
0643-OKLRP,0.7294,1066.44,777.86,1489,"High Risk, Lower Value",Automated retention campaign or targeted offer
3750-CKVKH,0.9422,825.26,777.56,1490,"High Risk, Lower Value",Automated retention campaign or targeted offer
8199-ZLLSA,0.4567,1702.33,777.45,1491,Valuable but Stable,Monitor and maintain relationship
8378-LKJAF,0.5823,1334.5,777.08,1492,Critical Priority,Immediate personal call from customer-success team
0442-ZXKVS,0.4567,1701.07,776.88,1493,Valuable but Stable,Monitor and maintain relationship
5331-RGMTT,0.5823,1333.62,776.57,1494,Critical Priority,Immediate personal call from customer-success team
0186-CAERR,0.4567,1700.36,776.55,1495,Valuable but Stable,Monitor and maintain relationship
6987-XQSJT,0.7294,1063.73,775.88,1496,"High Risk, Lower Value",Automated retention campaign or targeted offer
9544-PYPSJ,0.5823,1332.02,775.64,1497,Critical Priority,Immediate personal call from customer-success team
2452-KDRRH,0.5823,1331.9,775.57,1498,Critical Priority,Immediate personal call from customer-success team
4282-MSACW,0.4567,1696.62,774.85,1499,Valuable but Stable,Monitor and maintain relationship
3642-GKTCT,0.4567,1696.19,774.65,1500,Valuable but Stable,Monitor and maintain relationship
0089-IIQKO,0.5823,1330.19,774.57,1501,Critical Priority,Immediate personal call from customer-success team
5650-YLIBA,0.7294,1061.73,774.43,1502,"High Risk, Lower Value",Automated retention campaign or targeted offer
7703-ZEKEF,0.7294,1061.68,774.39,1503,"High Risk, Lower Value",Automated retention campaign or targeted offer
0265-PSUAE,0.5823,1329.26,774.03,1504,Critical Priority,Immediate personal call from customer-success team
7881-INRLC,0.5823,1328.81,773.77,1505,Critical Priority,Immediate personal call from customer-success team
9129-UXERG,0.5823,1328.62,773.66,1506,Critical Priority,Immediate personal call from customer-success team
1907-UBQFC,0.8436,916.79,773.4,1507,"High Risk, Lower Value",Automated retention campaign or targeted offer
3352-ALMCK,0.5823,1327.93,773.25,1508,Critical Priority,Immediate personal call from customer-success team
7148-XZPHA,0.7294,1059.65,772.91,1509,"High Risk, Lower Value",Automated retention campaign or targeted offer
2055-PDADH,0.8436,916.16,772.87,1510,"High Risk, Lower Value",Automated retention campaign or targeted offer
3680-CTHUH,0.4567,1691.77,772.63,1511,Valuable but Stable,Monitor and maintain relationship
8818-XYFCQ,0.5823,1326.76,772.57,1512,Critical Priority,Immediate personal call from customer-success team
2905-KFQUV,0.8436,915.05,771.94,1513,"High Risk, Lower Value",Automated retention campaign or targeted offer
3481-JHUZH,0.7294,1058.23,771.87,1514,"High Risk, Lower Value",Automated retention campaign or targeted offer
0585-EGDDA,0.7294,1057.72,771.5,1515,"High Risk, Lower Value",Automated retention campaign or targeted offer
5569-OUICF,0.5823,1324.86,771.47,1516,Critical Priority,Immediate personal call from customer-success team
4194-WHFCB,0.5823,1324.83,771.45,1517,Critical Priority,Immediate personal call from customer-success team
3295-YVUSR,0.8436,914.29,771.3,1518,"High Risk, Lower Value",Automated retention campaign or targeted offer
0256-LTHVJ,0.7294,1057.18,771.11,1519,"High Risk, Lower Value",Automated retention campaign or targeted offer
5022-KVDQT,0.7294,1056.8,770.83,1520,"High Risk, Lower Value",Automated retention campaign or targeted offer
3503-TYDAY,0.7294,1056.48,770.6,1521,"High Risk, Lower Value",Automated retention campaign or targeted offer
6402-ZFPPI,0.5823,1323.12,770.45,1522,Critical Priority,Immediate personal call from customer-success team
0365-GXEZS,0.7294,1056.22,770.41,1523,"High Risk, Lower Value",Automated retention campaign or targeted offer
0581-BXBUB,0.8436,912.9,770.12,1524,"High Risk, Lower Value",Automated retention campaign or targeted offer
5536-SLHPM,0.7294,1055.74,770.06,1525,"High Risk, Lower Value",Automated retention campaign or targeted offer
2692-BUCFV,0.5823,1322.4,770.03,1526,Critical Priority,Immediate personal call from customer-success team
3955-JBZZM,0.7294,1055.18,769.65,1527,"High Risk, Lower Value",Automated retention campaign or targeted offer
6078-VESFR,0.8436,912.21,769.54,1528,"High Risk, Lower Value",Automated retention campaign or targeted offer
9560-ARGQJ,0.7294,1054.62,769.24,1529,"High Risk, Lower Value",Automated retention campaign or targeted offer
4374-YMUSQ,0.4567,1683.93,769.05,1530,Valuable but Stable,Monitor and maintain relationship
3524-WQDSG,0.5823,1320.7,769.04,1531,Critical Priority,Immediate personal call from customer-success team
8111-RKSPX,0.8436,911.06,768.57,1532,"High Risk, Lower Value",Automated retention campaign or targeted offer
2227-JRSJX,0.5823,1319.61,768.41,1533,Critical Priority,Immediate personal call from customer-success team
2519-FAKOD,0.5823,1319.36,768.26,1534,Critical Priority,Immediate personal call from customer-success team
4629-NRXKX,0.8436,910.63,768.21,1535,"High Risk, Lower Value",Automated retention campaign or targeted offer
9776-OJUZI,0.5823,1319.11,768.12,1536,Critical Priority,Immediate personal call from customer-success team
7240-FQLHE,0.5823,1319.06,768.09,1537,Critical Priority,Immediate personal call from customer-success team
0402-CQAJN,0.5823,1318.75,767.91,1538,Critical Priority,Immediate personal call from customer-success team
7321-VGNKU,0.8436,910.08,767.74,1539,"High Risk, Lower Value",Automated retention campaign or targeted offer
4450-DLLMH,0.8436,909.89,767.58,1540,"High Risk, Lower Value",Automated retention campaign or targeted offer
6080-TCMYC,0.7294,1052.31,767.55,1541,"High Risk, Lower Value",Automated retention campaign or targeted offer
5312-UXESG,0.5823,1318.0,767.47,1542,Critical Priority,Immediate personal call from customer-success team
8784-CGILN,0.5823,1317.93,767.43,1543,Critical Priority,Immediate personal call from customer-success team
0818-OCPZO,0.7294,1051.56,767.01,1544,"High Risk, Lower Value",Automated retention campaign or targeted offer
1482-OXZSY,0.5823,1316.84,766.8,1545,Critical Priority,Immediate personal call from customer-success team
4947-DSMXK,0.5823,1315.93,766.27,1546,Critical Priority,Immediate personal call from customer-success team
8065-BVEPF,0.5823,1315.64,766.1,1547,Critical Priority,Immediate personal call from customer-success team
5394-SVGJV,0.5823,1315.39,765.95,1548,Critical Priority,Immediate personal call from customer-success team
2955-BJZHG,0.7294,1050.04,765.9,1549,"High Risk, Lower Value",Automated retention campaign or targeted offer
5804-LEPIM,0.8436,907.56,765.62,1550,"High Risk, Lower Value",Automated retention campaign or targeted offer
4763-PGDPO,0.8436,907.32,765.42,1551,"High Risk, Lower Value",Automated retention campaign or targeted offer
3420-ZDBMA,0.8436,907.24,765.35,1552,"High Risk, Lower Value",Automated retention campaign or targeted offer
3376-BMGFE,0.8436,907.01,765.15,1553,"High Risk, Lower Value",Automated retention campaign or targeted offer
2640-PMGFL,0.7294,1048.23,764.58,1554,"High Risk, Lower Value",Automated retention campaign or targeted offer
2034-CGRHZ,0.5823,1312.67,764.37,1555,Critical Priority,Immediate personal call from customer-success team
0508-OOLTO,0.8436,905.95,764.26,1556,"High Risk, Lower Value",Automated retention campaign or targeted offer
5816-QVHRX,0.5823,1312.16,764.07,1557,Critical Priority,Immediate personal call from customer-success team
2398-YPMUR,0.8436,905.57,763.94,1558,"High Risk, Lower Value",Automated retention campaign or targeted offer
7964-VEXDG,0.7294,1047.28,763.89,1559,"High Risk, Lower Value",Automated retention campaign or targeted offer
3496-LFSZU,0.8436,905.42,763.81,1560,"High Risk, Lower Value",Automated retention campaign or targeted offer
2956-GGUCQ,0.7294,1046.91,763.62,1561,"High Risk, Lower Value",Automated retention campaign or targeted offer
8421-WZOOW,0.5823,1311.29,763.56,1562,Critical Priority,Immediate personal call from customer-success team
7206-PQBBZ,0.8436,905.04,763.49,1563,"High Risk, Lower Value",Automated retention campaign or targeted offer
9506-UXUSK,0.8436,904.95,763.42,1564,"High Risk, Lower Value",Automated retention campaign or targeted offer
8270-RKSAP,0.8436,904.78,763.27,1565,"High Risk, Lower Value",Automated retention campaign or targeted offer
5442-BHQNG,0.8436,904.62,763.14,1566,"High Risk, Lower Value",Automated retention campaign or targeted offer
6103-BOCOU,0.7294,1045.19,762.36,1567,"High Risk, Lower Value",Automated retention campaign or targeted offer
6693-FRIRW,0.5823,1309.19,762.34,1568,Critical Priority,Immediate personal call from customer-success team
8835-VSDSE,0.8436,903.51,762.2,1569,"High Risk, Lower Value",Automated retention campaign or targeted offer
5998-VVEJY,0.7294,1044.73,762.03,1570,"High Risk, Lower Value",Automated retention campaign or targeted offer
0468-YRPXN,0.5823,1308.48,761.93,1571,Critical Priority,Immediate personal call from customer-success team
1689-MRZQR,0.7294,1044.4,761.79,1572,"High Risk, Lower Value",Automated retention campaign or targeted offer
9948-YPTDG,0.7294,1044.0,761.49,1573,"High Risk, Lower Value",Automated retention campaign or targeted offer
9420-LOJKX,0.5823,1307.41,761.3,1574,Critical Priority,Immediate personal call from customer-success team
8429-XIBUM,0.5823,1307.35,761.27,1575,Critical Priority,Immediate personal call from customer-success team
4183-WCSEP,0.7294,1043.62,761.22,1576,"High Risk, Lower Value",Automated retention campaign or targeted offer
8854-CCVSQ,0.7294,1043.42,761.07,1577,"High Risk, Lower Value",Automated retention campaign or targeted offer
9620-ENEJV,0.8436,901.73,760.7,1578,"High Risk, Lower Value",Automated retention campaign or targeted offer
9237-HQITU,0.8436,901.62,760.61,1579,"High Risk, Lower Value",Automated retention campaign or targeted offer
3721-CNEYS,0.8436,901.08,760.15,1580,"High Risk, Lower Value",Automated retention campaign or targeted offer
0644-OQMDK,0.8436,900.96,760.05,1581,"High Risk, Lower Value",Automated retention campaign or targeted offer
7379-POKDZ,0.8436,900.52,759.68,1582,"High Risk, Lower Value",Automated retention campaign or targeted offer
3627-FCRDW,0.8436,900.21,759.42,1583,"High Risk, Lower Value",Automated retention campaign or targeted offer
7967-HYCDE,0.8436,900.18,759.39,1584,"High Risk, Lower Value",Automated retention campaign or targeted offer
6077-BDPXA,0.8436,900.14,759.36,1585,"High Risk, Lower Value",Automated retention campaign or targeted offer
7044-YAACC,0.8436,900.1,759.32,1586,"High Risk, Lower Value",Automated retention campaign or targeted offer
9779-DPNEJ,0.7294,1040.88,759.22,1587,"High Risk, Lower Value",Automated retention campaign or targeted offer
2359-KMGLI,0.7294,1040.83,759.18,1588,"High Risk, Lower Value",Automated retention campaign or targeted offer
8819-IMISP,0.7294,1040.67,759.06,1589,"High Risk, Lower Value",Automated retention campaign or targeted offer
4342-HENTK,0.8436,899.72,759.0,1590,"High Risk, Lower Value",Automated retention campaign or targeted offer
0685-MLYYM,0.8436,899.67,758.96,1591,"High Risk, Lower Value",Automated retention campaign or targeted offer
7562-UXTPG,0.8436,899.63,758.93,1592,"High Risk, Lower Value",Automated retention campaign or targeted offer
9445-SZLCH,0.5823,1303.25,758.88,1593,Critical Priority,Immediate personal call from customer-success team
1932-UEDCX,0.5823,1303.19,758.85,1594,Critical Priority,Immediate personal call from customer-success team
1077-HUUJM,0.8436,899.4,758.73,1595,"High Risk, Lower Value",Automated retention campaign or targeted offer
5480-TBGPH,0.5823,1302.92,758.69,1596,Critical Priority,Immediate personal call from customer-success team
3312-UUMZW,0.5823,1302.51,758.45,1597,Critical Priority,Immediate personal call from customer-success team
9408-SSNVZ,0.8436,898.84,758.26,1598,"High Risk, Lower Value",Automated retention campaign or targeted offer
0537-QYZZN,0.7294,1039.45,758.17,1599,"High Risk, Lower Value",Automated retention campaign or targeted offer
1229-RCALF,0.4567,1659.68,757.98,1600,Valuable but Stable,Monitor and maintain relationship
8755-IWJHN,0.5823,1301.67,757.96,1601,Critical Priority,Immediate personal call from customer-success team
9355-NPPFS,0.7294,1039.08,757.9,1602,"High Risk, Lower Value",Automated retention campaign or targeted offer
4013-TLDHQ,0.7294,1038.91,757.78,1603,"High Risk, Lower Value",Automated retention campaign or targeted offer
9633-XQABV,0.8436,898.18,757.7,1604,"High Risk, Lower Value",Automated retention campaign or targeted offer
2568-BRGYX,0.8436,898.15,757.68,1605,"High Risk, Lower Value",Automated retention campaign or targeted offer
3312-ZWLGF,0.7294,1038.65,757.59,1606,"High Risk, Lower Value",Automated retention campaign or targeted offer
2501-XWWTZ,0.8436,897.86,757.43,1607,"High Risk, Lower Value",Automated retention campaign or targeted offer
0475-RIJEP,0.7294,1038.08,757.18,1608,"High Risk, Lower Value",Automated retention campaign or targeted offer
7394-LWLYN,0.8436,897.42,757.06,1609,"High Risk, Lower Value",Automated retention campaign or targeted offer
7278-CKDNC,0.7294,1037.58,756.81,1610,"High Risk, Lower Value",Automated retention campaign or targeted offer
6168-WFVVF,0.8436,896.61,756.38,1611,"High Risk, Lower Value",Automated retention campaign or targeted offer
7029-RPUAV,0.5823,1298.89,756.34,1612,Critical Priority,Immediate personal call from customer-success team
5976-JCJRH,0.8436,896.38,756.19,1613,"High Risk, Lower Value",Automated retention campaign or targeted offer
7789-CRUVC,0.5823,1298.55,756.15,1614,Critical Priority,Immediate personal call from customer-success team
5981-ITEMU,0.5823,1298.16,755.92,1615,Critical Priority,Immediate personal call from customer-success team
3211-AAPKX,0.5823,1297.51,755.54,1616,Critical Priority,Immediate personal call from customer-success team
6664-FPDAC,0.4567,1653.99,755.38,1617,Valuable but Stable,Monitor and maintain relationship
9921-ZVRHG,0.7294,1035.44,755.25,1618,"High Risk, Lower Value",Automated retention campaign or targeted offer
4612-SSVHJ,0.7294,1035.29,755.14,1619,"High Risk, Lower Value",Automated retention campaign or targeted offer
2482-CZGBB,0.8436,894.65,754.73,1620,"High Risk, Lower Value",Automated retention campaign or targeted offer
4846-WHAFZ,0.7294,1034.71,754.72,1621,"High Risk, Lower Value",Automated retention campaign or targeted offer
3565-UNOCC,0.5823,1295.86,754.58,1622,Critical Priority,Immediate personal call from customer-success team
6646-JPPHA,0.7294,1034.26,754.39,1623,"High Risk, Lower Value",Automated retention campaign or targeted offer
4029-HPFVY,0.8436,894.2,754.35,1624,"High Risk, Lower Value",Automated retention campaign or targeted offer
6311-UEUME,0.7294,1033.94,754.16,1625,"High Risk, Lower Value",Automated retention campaign or targeted offer
9465-RWMXL,0.7294,1033.75,754.02,1626,"High Risk, Lower Value",Automated retention campaign or targeted offer
0447-RXSGD,0.5823,1294.88,754.01,1627,Critical Priority,Immediate personal call from customer-success team
8008-ESFLK,0.4567,1650.96,753.99,1628,Valuable but Stable,Monitor and maintain relationship
5028-GZLDO,0.8436,893.76,753.98,1629,"High Risk, Lower Value",Automated retention campaign or targeted offer
6862-CQUMB,0.5823,1294.73,753.92,1630,Critical Priority,Immediate personal call from customer-success team
9133-AYJZG,0.5823,1294.44,753.75,1631,Critical Priority,Immediate personal call from customer-success team
4686-UXDML,0.5823,1294.42,753.74,1632,Critical Priority,Immediate personal call from customer-success team
3956-MGXOG,0.7294,1033.36,753.73,1633,"High Risk, Lower Value",Automated retention campaign or targeted offer
6379-RXJRQ,0.8436,893.47,753.73,1634,"High Risk, Lower Value",Automated retention campaign or targeted offer
7126-RBHSD,0.7294,1033.3,753.69,1635,"High Risk, Lower Value",Automated retention campaign or targeted offer
4283-FUTGF,0.7294,1033.29,753.68,1636,"High Risk, Lower Value",Automated retention campaign or targeted offer
8949-JTMAY,0.5823,1294.13,753.57,1637,Critical Priority,Immediate personal call from customer-success team
1730-ZMAME,0.7294,1032.84,753.35,1638,"High Risk, Lower Value",Automated retention campaign or targeted offer
3870-MQAMG,0.4567,1649.19,753.19,1639,Valuable but Stable,Monitor and maintain relationship
5119-NZPTV,0.8436,892.49,752.9,1640,"High Risk, Lower Value",Automated retention campaign or targeted offer
6481-ESCNL,0.5823,1292.82,752.81,1641,Critical Priority,Immediate personal call from customer-success team
6877-LGWXO,0.7294,1032.05,752.78,1642,"High Risk, Lower Value",Automated retention campaign or targeted offer
7714-YXSMB,0.5823,1291.77,752.2,1643,Critical Priority,Immediate personal call from customer-success team
4512-ZUIYL,0.8436,891.4,751.99,1644,"High Risk, Lower Value",Automated retention campaign or targeted offer
3199-NPKCN,0.4567,1646.37,751.9,1645,Valuable but Stable,Monitor and maintain relationship
8010-EZLOU,0.7294,1030.67,751.77,1646,"High Risk, Lower Value",Automated retention campaign or targeted offer
3717-OEAUQ,0.8436,890.56,751.28,1647,"High Risk, Lower Value",Automated retention campaign or targeted offer
7245-JMTTQ,0.4567,1644.63,751.1,1648,Valuable but Stable,Monitor and maintain relationship
5931-FLJJF,0.8436,890.09,750.88,1649,"High Risk, Lower Value",Automated retention campaign or targeted offer
6961-VCPMC,0.7294,1029.39,750.84,1650,"High Risk, Lower Value",Automated retention campaign or targeted offer
9793-WECQC,0.5823,1288.95,750.56,1651,Critical Priority,Immediate personal call from customer-success team
9272-LSVYH,0.8436,889.7,750.55,1652,"High Risk, Lower Value",Automated retention campaign or targeted offer
4412-YLTKF,0.7294,1028.96,750.52,1653,"High Risk, Lower Value",Automated retention campaign or targeted offer
4465-VDKIQ,0.7294,1028.9,750.48,1654,"High Risk, Lower Value",Automated retention campaign or targeted offer
4631-OACRM,0.7294,1028.69,750.33,1655,"High Risk, Lower Value",Automated retention campaign or targeted offer
9003-CPATH,0.7294,1028.1,749.9,1656,"High Risk, Lower Value",Automated retention campaign or targeted offer
9475-NNDGC,0.4567,1641.07,749.48,1657,Valuable but Stable,Monitor and maintain relationship
2279-AXJJK,0.5823,1286.98,749.41,1658,Critical Priority,Immediate personal call from customer-success team
6298-QDFNH,0.7294,1027.41,749.39,1659,"High Risk, Lower Value",Automated retention campaign or targeted offer
3799-ISUZQ,0.8436,888.25,749.33,1660,"High Risk, Lower Value",Automated retention campaign or targeted offer
1910-FMXJM,0.7294,1027.29,749.31,1661,"High Risk, Lower Value",Automated retention campaign or targeted offer
9540-JYROE,0.8436,888.03,749.14,1662,"High Risk, Lower Value",Automated retention campaign or targeted offer
9717-QEBGU,0.8436,887.99,749.11,1663,"High Risk, Lower Value",Automated retention campaign or targeted offer
6705-LXORM,0.8436,887.71,748.87,1664,"High Risk, Lower Value",Automated retention campaign or targeted offer
3207-OYBWH,0.5823,1285.99,748.83,1665,Critical Priority,Immediate personal call from customer-success team
4829-AUOAX,0.5823,1285.51,748.55,1666,Critical Priority,Immediate personal call from customer-success team
3584-WKTTW,0.4567,1638.82,748.45,1667,Valuable but Stable,Monitor and maintain relationship
1226-IENZN,0.7294,1025.94,748.32,1668,"High Risk, Lower Value",Automated retention campaign or targeted offer
2154-KVJFF,0.7294,1025.68,748.13,1669,"High Risk, Lower Value",Automated retention campaign or targeted offer
4818-QIUFN,0.7294,1025.47,747.98,1670,"High Risk, Lower Value",Automated retention campaign or targeted offer
7245-NIIWQ,0.8436,886.41,747.78,1671,"High Risk, Lower Value",Automated retention campaign or targeted offer
2575-GFSOE,0.8436,886.28,747.67,1672,"High Risk, Lower Value",Automated retention campaign or targeted offer
3144-KMTWZ,0.5823,1282.8,746.97,1673,Critical Priority,Immediate personal call from customer-success team
4391-LNRXK,0.5823,1282.71,746.92,1674,Critical Priority,Immediate personal call from customer-success team
5895-QSXOD,0.8436,885.19,746.75,1675,"High Risk, Lower Value",Automated retention campaign or targeted offer
9909-IDLEK,0.5823,1282.41,746.75,1676,Critical Priority,Immediate personal call from customer-success team
2608-BHKFN,0.8436,885.0,746.59,1677,"High Risk, Lower Value",Automated retention campaign or targeted offer
8894-JVDCV,0.4567,1634.67,746.55,1678,Valuable but Stable,Monitor and maintain relationship
3323-CPBWR,0.5823,1281.84,746.42,1679,Critical Priority,Immediate personal call from customer-success team
2815-CPTUL,0.8436,884.75,746.38,1680,"High Risk, Lower Value",Automated retention campaign or targeted offer
0455-XFASS,0.8436,884.65,746.29,1681,"High Risk, Lower Value",Automated retention campaign or targeted offer
0864-FVJNJ,0.4567,1633.91,746.21,1682,Valuable but Stable,Monitor and maintain relationship
1016-DJTSV,0.8436,884.53,746.19,1683,"High Risk, Lower Value",Automated retention campaign or targeted offer
9799-CAYJJ,0.8436,884.34,746.03,1684,"High Risk, Lower Value",Automated retention campaign or targeted offer
5605-IYGFG,0.8436,884.29,745.99,1685,"High Risk, Lower Value",Automated retention campaign or targeted offer
3999-QGRJH,0.8436,884.2,745.91,1686,"High Risk, Lower Value",Automated retention campaign or targeted offer
7538-GWHML,0.8436,884.15,745.87,1687,"High Risk, Lower Value",Automated retention campaign or targeted offer
1346-PJWTK,0.5823,1280.81,745.82,1688,Critical Priority,Immediate personal call from customer-success team
4482-EWFMI,0.8436,884.09,745.82,1689,"High Risk, Lower Value",Automated retention campaign or targeted offer
5600-KTXFM,0.8436,884.05,745.78,1690,"High Risk, Lower Value",Automated retention campaign or targeted offer
4919-MOAVT,0.8436,884.04,745.78,1691,"High Risk, Lower Value",Automated retention campaign or targeted offer
0701-RFGFI,0.5823,1280.45,745.61,1692,Critical Priority,Immediate personal call from customer-success team
6166-ILMNY,0.8436,883.81,745.58,1693,"High Risk, Lower Value",Automated retention campaign or targeted offer
9249-FXSCK,0.4567,1632.38,745.51,1694,Valuable but Stable,Monitor and maintain relationship
0958-YHXGP,0.8436,883.71,745.5,1695,"High Risk, Lower Value",Automated retention campaign or targeted offer
8990-ZXLSU,0.8436,883.7,745.49,1696,"High Risk, Lower Value",Automated retention campaign or targeted offer
9796-BPKIW,0.8436,883.66,745.46,1697,"High Risk, Lower Value",Automated retention campaign or targeted offer
5276-KQWHG,0.8436,883.53,745.35,1698,"High Risk, Lower Value",Automated retention campaign or targeted offer
0330-IVZHA,0.8436,883.42,745.25,1699,"High Risk, Lower Value",Automated retention campaign or targeted offer
9896-UYMIE,0.4567,1630.65,744.72,1700,Valuable but Stable,Monitor and maintain relationship
1965-AKTSX,0.7294,1020.98,744.7,1701,"High Risk, Lower Value",Automated retention campaign or targeted offer
0795-GMVQO,0.4567,1630.39,744.6,1702,Valuable but Stable,Monitor and maintain relationship
4657-FWVFY,0.5823,1278.52,744.48,1703,Critical Priority,Immediate personal call from customer-success team
2799-ARNLO,0.8436,882.45,744.43,1704,"High Risk, Lower Value",Automated retention campaign or targeted offer
2403-BCASL,0.4567,1629.58,744.23,1705,Valuable but Stable,Monitor and maintain relationship
9576-ANLXO,0.8436,882.01,744.06,1706,"High Risk, Lower Value",Automated retention campaign or targeted offer
3223-DWFIO,0.8436,881.17,743.36,1707,"High Risk, Lower Value",Automated retention campaign or targeted offer
2897-DOVND,0.8436,881.04,743.25,1708,"High Risk, Lower Value",Automated retention campaign or targeted offer
8485-GJCDN,0.8436,881.03,743.24,1709,"High Risk, Lower Value",Automated retention campaign or targeted offer
0018-NYROU,0.8436,880.88,743.11,1710,"High Risk, Lower Value",Automated retention campaign or targeted offer
7326-RIGQZ,0.8436,880.39,742.7,1711,"High Risk, Lower Value",Automated retention campaign or targeted offer
2270-CHBFN,0.5823,1275.24,742.57,1712,Critical Priority,Immediate personal call from customer-success team
2665-NPTGL,0.5823,1275.19,742.54,1713,Critical Priority,Immediate personal call from customer-success team
7547-EKNFS,0.5823,1275.08,742.48,1714,Critical Priority,Immediate personal call from customer-success team
7409-JURKQ,0.4567,1624.74,742.02,1715,Valuable but Stable,Monitor and maintain relationship
4983-CCWMC,0.8436,879.46,741.91,1716,"High Risk, Lower Value",Automated retention campaign or targeted offer
5027-YOCXN,0.4567,1624.43,741.88,1717,Valuable but Stable,Monitor and maintain relationship
7011-CVEUC,0.5823,1273.81,741.74,1718,Critical Priority,Immediate personal call from customer-success team
1092-GANHU,0.7294,1016.8,741.65,1719,"High Risk, Lower Value",Automated retention campaign or targeted offer
6047-YHPVI,0.8436,879.12,741.63,1720,"High Risk, Lower Value",Automated retention campaign or targeted offer
9512-UIBFX,0.5823,1273.53,741.58,1721,Critical Priority,Immediate personal call from customer-success team
4070-OKWVH,0.5823,1273.32,741.45,1722,Critical Priority,Immediate personal call from customer-success team
8120-JDCAM,0.8436,878.87,741.41,1723,"High Risk, Lower Value",Automated retention campaign or targeted offer
4816-LXZYW,0.7294,1016.44,741.39,1724,"High Risk, Lower Value",Automated retention campaign or targeted offer
4291-SHSBH,0.8436,878.76,741.32,1725,"High Risk, Lower Value",Automated retention campaign or targeted offer
1485-YDHMM,0.5823,1273.08,741.31,1726,Critical Priority,Immediate personal call from customer-success team
5708-EVONK,0.5823,1272.92,741.22,1727,Critical Priority,Immediate personal call from customer-success team
5027-QPKTE,0.8436,878.43,741.04,1728,"High Risk, Lower Value",Automated retention campaign or targeted offer
3453-RTHJQ,0.8436,878.18,740.83,1729,"High Risk, Lower Value",Automated retention campaign or targeted offer
2058-DCJBE,0.8436,877.81,740.52,1730,"High Risk, Lower Value",Automated retention campaign or targeted offer
9389-ACWBI,0.8436,877.67,740.4,1731,"High Risk, Lower Value",Automated retention campaign or targeted offer
3269-ATYWD,0.5823,1271.51,740.4,1732,Critical Priority,Immediate personal call from customer-success team
6173-GOLSU,0.5823,1271.13,740.18,1733,Critical Priority,Immediate personal call from customer-success team
5044-LRQAQ,0.8436,877.13,739.95,1734,"High Risk, Lower Value",Automated retention campaign or targeted offer
2673-CXQEU,0.4567,1620.18,739.94,1735,Valuable but Stable,Monitor and maintain relationship
5832-XKAES,0.8436,876.41,739.34,1736,"High Risk, Lower Value",Automated retention campaign or targeted offer
1135-HIORI,0.4567,1618.21,739.04,1737,Valuable but Stable,Monitor and maintain relationship
6198-PNNSZ,0.4567,1617.68,738.79,1738,Valuable but Stable,Monitor and maintain relationship
6655-LHBYW,0.4567,1617.61,738.76,1739,Valuable but Stable,Monitor and maintain relationship
2659-VXMWZ,0.4567,1617.3,738.62,1740,Valuable but Stable,Monitor and maintain relationship
2079-FBMZK,0.8436,874.88,738.05,1741,"High Risk, Lower Value",Automated retention campaign or targeted offer
6075-SLNIL,0.5823,1267.14,737.86,1742,Critical Priority,Immediate personal call from customer-success team
0206-TBWLC,0.4567,1614.6,737.39,1743,Valuable but Stable,Monitor and maintain relationship
7268-IGMFD,0.5823,1266.16,737.28,1744,Critical Priority,Immediate personal call from customer-success team
5334-JLAXU,0.5823,1266.08,737.24,1745,Critical Priority,Immediate personal call from customer-success team
9495-SKLKD,0.5823,1265.65,736.99,1746,Critical Priority,Immediate personal call from customer-success team
6234-PFPXL,0.5823,1264.62,736.39,1747,Critical Priority,Immediate personal call from customer-success team
8993-IZEUX,0.8436,871.95,735.58,1748,"High Risk, Lower Value",Automated retention campaign or targeted offer
3853-LYGAM,0.5823,1262.8,735.33,1749,Critical Priority,Immediate personal call from customer-success team
6480-YAGIY,0.4567,1610.06,735.31,1750,Valuable but Stable,Monitor and maintain relationship
9921-EZKBY,0.5823,1262.35,735.07,1751,Critical Priority,Immediate personal call from customer-success team
7982-VCELR,0.5823,1262.29,735.03,1752,Critical Priority,Immediate personal call from customer-success team
9835-ZIITK,0.4567,1608.58,734.64,1753,Valuable but Stable,Monitor and maintain relationship
1950-KSVVJ,0.4567,1608.43,734.57,1754,Valuable but Stable,Monitor and maintain relationship
4476-OSWTN,0.4567,1608.38,734.55,1755,Valuable but Stable,Monitor and maintain relationship
8561-NMTBD,0.4567,1608.09,734.41,1756,Valuable but Stable,Monitor and maintain relationship
9746-MDMBK,0.4567,1607.62,734.2,1757,Valuable but Stable,Monitor and maintain relationship
3316-UWXUY,0.5823,1260.49,733.98,1758,Critical Priority,Immediate personal call from customer-success team
6635-CPNUN,0.5823,1260.18,733.8,1759,Critical Priority,Immediate personal call from customer-success team
1360-XFJMR,0.4567,1606.37,733.63,1760,Valuable but Stable,Monitor and maintain relationship
9190-MFJLN,0.5823,1259.83,733.6,1761,Critical Priority,Immediate personal call from customer-success team
2475-MROZF,0.5823,1259.44,733.37,1762,Critical Priority,Immediate personal call from customer-success team
2823-LKABH,0.5823,1259.43,733.37,1763,Critical Priority,Immediate personal call from customer-success team
9356-AXGMP,0.4567,1605.67,733.31,1764,Valuable but Stable,Monitor and maintain relationship
5959-BELXA,0.5823,1259.07,733.16,1765,Critical Priority,Immediate personal call from customer-success team
8547-NSBBO,0.5823,1257.46,732.22,1766,Critical Priority,Immediate personal call from customer-success team
8543-MSDMF,0.7574,966.71,732.19,1767,"High Risk, Lower Value",Automated retention campaign or targeted offer
4789-KWMXN,0.4567,1603.15,732.16,1768,Valuable but Stable,Monitor and maintain relationship
2272-JKMSI,0.4567,1603.0,732.09,1769,Valuable but Stable,Monitor and maintain relationship
2359-KLTEK,0.5823,1257.2,732.07,1770,Critical Priority,Immediate personal call from customer-success team
3317-VLGQT,0.7294,1002.77,731.42,1771,"High Risk, Lower Value",Automated retention campaign or targeted offer
8749-JMNKX,0.5823,1255.99,731.36,1772,Critical Priority,Immediate personal call from customer-success team
9961-JBNMK,0.5823,1255.28,730.95,1773,Critical Priority,Immediate personal call from customer-success team
0397-GZBBC,0.5823,1254.39,730.43,1774,Critical Priority,Immediate personal call from customer-success team
8849-PRIQJ,0.4567,1598.78,730.16,1775,Valuable but Stable,Monitor and maintain relationship
7901-HXJVA,0.7294,1000.61,729.84,1776,"High Risk, Lower Value",Automated retention campaign or targeted offer
9279-CJEOJ,0.5823,1253.15,729.71,1777,Critical Priority,Immediate personal call from customer-success team
6647-ZEDXT,0.4567,1597.14,729.41,1778,Valuable but Stable,Monitor and maintain relationship
6578-KRMAW,0.5823,1252.43,729.29,1779,Critical Priority,Immediate personal call from customer-success team
7271-AJDTL,0.5823,1251.39,728.68,1780,Critical Priority,Immediate personal call from customer-success team
0564-MUUQK,0.5823,1251.16,728.55,1781,Critical Priority,Immediate personal call from customer-success team
4250-ZBWLV,0.4567,1594.7,728.3,1782,Valuable but Stable,Monitor and maintain relationship
2528-HFYZX,0.7294,998.4,728.23,1783,"High Risk, Lower Value",Automated retention campaign or targeted offer
6333-YDVLT,0.4567,1594.2,728.07,1784,Valuable but Stable,Monitor and maintain relationship
7813-ZGGAW,0.5823,1249.9,727.82,1785,Critical Priority,Immediate personal call from customer-success team
8920-NAVAY,0.4567,1592.32,727.21,1786,Valuable but Stable,Monitor and maintain relationship
1194-HVAIF,0.5823,1248.61,727.07,1787,Critical Priority,Immediate personal call from customer-success team
0637-YLETY,0.5823,1248.53,727.02,1788,Critical Priority,Immediate personal call from customer-success team
4827-LTQRJ,0.4567,1591.54,726.86,1789,Valuable but Stable,Monitor and maintain relationship
2267-WTPYD,0.5823,1247.93,726.67,1790,Critical Priority,Immediate personal call from customer-success team
3500-RMZLT,0.5823,1247.52,726.43,1791,Critical Priority,Immediate personal call from customer-success team
4831-EOBFE,0.5823,1247.37,726.34,1792,Critical Priority,Immediate personal call from customer-success team
3597-MVHJT,0.5823,1246.89,726.06,1793,Critical Priority,Immediate personal call from customer-success team
7632-MNYOY,0.4567,1589.29,725.83,1794,Valuable but Stable,Monitor and maintain relationship
0748-RDGGM,0.4567,1588.99,725.69,1795,Valuable but Stable,Monitor and maintain relationship
2105-PHWON,0.5823,1245.26,725.11,1796,Critical Priority,Immediate personal call from customer-success team
5002-GCQFH,0.5823,1243.49,724.08,1797,Critical Priority,Immediate personal call from customer-success team
0409-WTMPL,0.4567,1585.35,724.03,1798,Valuable but Stable,Monitor and maintain relationship
2408-TZMJL,0.4567,1585.14,723.93,1799,Valuable but Stable,Monitor and maintain relationship
8647-SDTWQ,0.7294,992.37,723.83,1800,"High Risk, Lower Value",Automated retention campaign or targeted offer
5945-AZYHT,0.4567,1584.68,723.72,1801,Valuable but Stable,Monitor and maintain relationship
6465-GSRCL,0.4567,1583.77,723.31,1802,Valuable but Stable,Monitor and maintain relationship
1481-ZUWZA,0.5823,1241.73,723.06,1803,Critical Priority,Immediate personal call from customer-success team
0730-KOAVE,0.5823,1241.19,722.74,1804,Critical Priority,Immediate personal call from customer-success team
2267-FPIMA,0.5823,1239.32,721.66,1805,Critical Priority,Immediate personal call from customer-success team
0691-IFBQW,0.4567,1579.86,721.52,1806,Valuable but Stable,Monitor and maintain relationship
5119-KEPFY,0.5823,1238.98,721.46,1807,Critical Priority,Immediate personal call from customer-success team
6833-JMZYP,0.5823,1238.55,721.21,1808,Critical Priority,Immediate personal call from customer-success team
1347-KTTTA,0.4567,1578.9,721.08,1809,Valuable but Stable,Monitor and maintain relationship
1984-FCOWB,0.4567,1577.22,720.32,1810,Valuable but Stable,Monitor and maintain relationship
4118-CEVPF,0.4567,1577.08,720.25,1811,Valuable but Stable,Monitor and maintain relationship
1989-PRJHP,0.7294,987.05,719.95,1812,"High Risk, Lower Value",Automated retention campaign or targeted offer
0943-ZQPXH,0.5823,1236.06,719.76,1813,Critical Priority,Immediate personal call from customer-success team
5274-XHAKY,0.5823,1236.0,719.72,1814,Critical Priority,Immediate personal call from customer-success team
8695-ARGXZ,0.7294,986.23,719.36,1815,"High Risk, Lower Value",Automated retention campaign or targeted offer
1685-BQULA,0.5823,1234.44,718.81,1816,Critical Priority,Immediate personal call from customer-success team
1017-FBQMM,0.4567,1573.08,718.43,1817,Valuable but Stable,Monitor and maintain relationship
3886-CERTZ,0.4567,1571.81,717.85,1818,Valuable but Stable,Monitor and maintain relationship
4124-MMETB,0.5823,1232.59,717.74,1819,Critical Priority,Immediate personal call from customer-success team
0148-DCDOS,0.5823,1232.4,717.63,1820,Critical Priority,Immediate personal call from customer-success team
1216-JWVUX,0.7294,983.86,717.63,1821,"High Risk, Lower Value",Automated retention campaign or targeted offer
3647-GMGDH,0.5823,1232.12,717.46,1822,Critical Priority,Immediate personal call from customer-success team
0529-ONKER,0.7294,983.04,717.03,1823,"High Risk, Lower Value",Automated retention campaign or targeted offer
8696-JKZNU,0.7294,982.57,716.69,1824,"High Risk, Lower Value",Automated retention campaign or targeted offer
8213-TAZPM,0.4567,1568.44,716.31,1825,Valuable but Stable,Monitor and maintain relationship
0531-ZZJWQ,0.7294,981.78,716.11,1826,"High Risk, Lower Value",Automated retention campaign or targeted offer
4647-MUZON,0.5823,1229.64,716.02,1827,Critical Priority,Immediate personal call from customer-success team
7940-UQQUG,0.4567,1565.33,714.89,1828,Valuable but Stable,Monitor and maintain relationship
1258-YMZNM,0.4567,1565.32,714.88,1829,Valuable but Stable,Monitor and maintain relationship
0103-CSITQ,0.4567,1564.47,714.49,1830,Valuable but Stable,Monitor and maintain relationship
2523-EWWZL,0.7294,979.56,714.49,1831,"High Risk, Lower Value",Automated retention campaign or targeted offer
0848-ZGQIJ,0.5823,1226.85,714.39,1832,Critical Priority,Immediate personal call from customer-success team
5168-MQQCA,0.4567,1564.18,714.36,1833,Valuable but Stable,Monitor and maintain relationship
7730-IUTDZ,0.7294,979.25,714.26,1834,"High Risk, Lower Value",Automated retention campaign or targeted offer
1608-GMEWB,0.5823,1226.42,714.14,1835,Critical Priority,Immediate personal call from customer-success team
3976-BWUCK,0.5823,1226.21,714.02,1836,Critical Priority,Immediate personal call from customer-success team
7534-BFESC,0.7294,977.77,713.19,1837,"High Risk, Lower Value",Automated retention campaign or targeted offer
1670-SVOWZ,0.5823,1224.47,713.01,1838,Critical Priority,Immediate personal call from customer-success team
2122-YWVYA,0.7294,977.07,712.67,1839,"High Risk, Lower Value",Automated retention campaign or targeted offer
1450-SKCVI,0.7294,977.05,712.66,1840,"High Risk, Lower Value",Automated retention campaign or targeted offer
5966-EMAZU,0.4567,1560.06,712.48,1841,Valuable but Stable,Monitor and maintain relationship
4971-PUYQO,0.5823,1223.25,712.3,1842,Critical Priority,Immediate personal call from customer-success team
4301-VVZKA,0.7294,975.97,711.87,1843,"High Risk, Lower Value",Automated retention campaign or targeted offer
2074-GUHPQ,0.5823,1222.31,711.75,1844,Critical Priority,Immediate personal call from customer-success team
7562-GSUHK,0.5823,1221.79,711.45,1845,Critical Priority,Immediate personal call from customer-success team
6341-AEVKX,0.4567,1557.41,711.27,1846,Valuable but Stable,Monitor and maintain relationship
9898-KZQDZ,0.5823,1221.42,711.23,1847,Critical Priority,Immediate personal call from customer-success team
2731-GJRDG,0.4567,1556.31,710.77,1848,Valuable but Stable,Monitor and maintain relationship
8519-QJGJD,0.7294,974.12,710.52,1849,"High Risk, Lower Value",Automated retention campaign or targeted offer
5240-CAOYT,0.5823,1220.05,710.44,1850,Critical Priority,Immediate personal call from customer-success team
9821-POOTN,0.7294,973.77,710.27,1851,"High Risk, Lower Value",Automated retention campaign or targeted offer
9101-BWFSS,0.4567,1555.19,710.26,1852,Valuable but Stable,Monitor and maintain relationship
9350-VLHMB,0.5823,1219.71,710.24,1853,Critical Priority,Immediate personal call from customer-success team
0786-IVLAW,0.4567,1554.83,710.09,1854,Valuable but Stable,Monitor and maintain relationship
1169-SAOCL,0.4567,1554.55,709.96,1855,Valuable but Stable,Monitor and maintain relationship
4462-CYWMH,0.5823,1219.17,709.92,1856,Critical Priority,Immediate personal call from customer-success team
9036-CSKBW,0.4567,1553.55,709.51,1857,Valuable but Stable,Monitor and maintain relationship
0058-EVZWM,0.5823,1218.42,709.49,1858,Critical Priority,Immediate personal call from customer-success team
8107-KNCIM,0.7294,972.61,709.42,1859,"High Risk, Lower Value",Automated retention campaign or targeted offer
9360-AHGNL,0.4567,1552.92,709.22,1860,Valuable but Stable,Monitor and maintain relationship
5067-XJQFU,0.4567,1552.56,709.05,1861,Valuable but Stable,Monitor and maintain relationship
2266-SJNAT,0.4567,1552.54,709.05,1862,Valuable but Stable,Monitor and maintain relationship
8486-AYEQH,0.7294,972.07,709.03,1863,"High Risk, Lower Value",Automated retention campaign or targeted offer
6794-HKIAJ,0.5823,1217.41,708.9,1864,Critical Priority,Immediate personal call from customer-success team
1060-ENTOF,0.4567,1551.2,708.43,1865,Valuable but Stable,Monitor and maintain relationship
6897-UUBNU,0.5823,1216.12,708.15,1866,Critical Priority,Immediate personal call from customer-success team
2692-AQCPF,0.4567,1549.72,707.76,1867,Valuable but Stable,Monitor and maintain relationship
2000-MPKCA,0.4567,1549.51,707.66,1868,Valuable but Stable,Monitor and maintain relationship
0929-PECLO,0.5823,1214.71,707.33,1869,Critical Priority,Immediate personal call from customer-success team
0111-KLBQG,0.5823,1214.53,707.22,1870,Critical Priority,Immediate personal call from customer-success team
3208-YPIOE,0.7294,969.47,707.13,1871,"High Risk, Lower Value",Automated retention campaign or targeted offer
9600-UDOPK,0.5823,1214.23,707.05,1872,Critical Priority,Immediate personal call from customer-success team
6689-VRRTK,0.4567,1548.0,706.97,1873,Valuable but Stable,Monitor and maintain relationship
3758-CKOQL,0.4567,1547.96,706.95,1874,Valuable but Stable,Monitor and maintain relationship
6777-TGHTM,0.4567,1547.72,706.84,1875,Valuable but Stable,Monitor and maintain relationship
4350-ZTLPI,0.4567,1547.43,706.71,1876,Valuable but Stable,Monitor and maintain relationship
1698-XFZCI,0.4567,1547.17,706.59,1877,Valuable but Stable,Monitor and maintain relationship
9659-ZTWSM,0.4567,1547.05,706.54,1878,Valuable but Stable,Monitor and maintain relationship
5482-VXSXJ,0.5823,1213.35,706.53,1879,Critical Priority,Immediate personal call from customer-success team
2722-VOJQL,0.4567,1546.55,706.31,1880,Valuable but Stable,Monitor and maintain relationship
6818-WOBHJ,0.5823,1211.11,705.23,1881,Critical Priority,Immediate personal call from customer-success team
0265-EDXBD,0.7294,966.81,705.19,1882,"High Risk, Lower Value",Automated retention campaign or targeted offer
4402-FTBXC,0.5823,1211.02,705.18,1883,Critical Priority,Immediate personal call from customer-success team
0961-ZWLVI,0.4567,1544.04,705.16,1884,Valuable but Stable,Monitor and maintain relationship
5325-UWTWJ,0.5823,1210.83,705.07,1885,Critical Priority,Immediate personal call from customer-success team
7401-RUBNK,0.7294,966.59,705.03,1886,"High Risk, Lower Value",Automated retention campaign or targeted offer
5981-ZVXOT,0.4567,1543.54,704.93,1887,Valuable but Stable,Monitor and maintain relationship
0308-GIQJT,0.4567,1543.5,704.92,1888,Valuable but Stable,Monitor and maintain relationship
0365-TRTPY,0.5823,1210.23,704.72,1889,Critical Priority,Immediate personal call from customer-success team
8565-HBFNN,0.4567,1542.63,704.52,1890,Valuable but Stable,Monitor and maintain relationship
5136-GFPMB,0.5823,1208.86,703.92,1891,Critical Priority,Immediate personal call from customer-success team
7550-WIQVA,0.4567,1541.26,703.89,1892,Valuable but Stable,Monitor and maintain relationship
8728-SKJLR,0.7294,964.96,703.84,1893,"High Risk, Lower Value",Automated retention campaign or targeted offer
5035-PGZXH,0.4567,1541.03,703.79,1894,Valuable but Stable,Monitor and maintain relationship
5140-FOMCQ,0.4567,1540.82,703.69,1895,Valuable but Stable,Monitor and maintain relationship
0947-MUGVO,0.7294,964.6,703.58,1896,"High Risk, Lower Value",Automated retention campaign or targeted offer
8979-CAMGB,0.4567,1540.49,703.54,1897,Valuable but Stable,Monitor and maintain relationship
2165-VOEGB,0.4567,1540.34,703.47,1898,Valuable but Stable,Monitor and maintain relationship
4554-YGZIH,0.5823,1208.03,703.44,1899,Critical Priority,Immediate personal call from customer-success team
3348-CFRNX,0.5823,1207.77,703.28,1900,Critical Priority,Immediate personal call from customer-success team
9947-OTFQU,0.7294,963.99,703.13,1901,"High Risk, Lower Value",Automated retention campaign or targeted offer
6362-QHAFM,0.4567,1539.14,702.93,1902,Valuable but Stable,Monitor and maintain relationship
2560-PPCHE,0.4567,1539.13,702.92,1903,Valuable but Stable,Monitor and maintain relationship
5977-CKHON,0.5823,1207.14,702.92,1904,Critical Priority,Immediate personal call from customer-success team
3786-WOVKF,0.4567,1539.03,702.88,1905,Valuable but Stable,Monitor and maintain relationship
3424-NMNBO,0.4567,1538.61,702.68,1906,Valuable but Stable,Monitor and maintain relationship
6723-WSNTY,0.4567,1538.43,702.6,1907,Valuable but Stable,Monitor and maintain relationship
0130-SXOUN,0.5823,1206.46,702.52,1908,Critical Priority,Immediate personal call from customer-success team
7978-DKUQH,0.7294,963.02,702.43,1909,"High Risk, Lower Value",Automated retention campaign or targeted offer
9685-WKZGT,0.7294,963.02,702.43,1910,"High Risk, Lower Value",Automated retention campaign or targeted offer
1502-XFCVR,0.4567,1537.54,702.19,1911,Valuable but Stable,Monitor and maintain relationship
5445-PZWGX,0.4567,1536.55,701.74,1912,Valuable but Stable,Monitor and maintain relationship
7251-XFOIL,0.5823,1204.99,701.67,1913,Critical Priority,Immediate personal call from customer-success team
6815-ABQFQ,0.4567,1535.42,701.23,1914,Valuable but Stable,Monitor and maintain relationship
6425-YQLLO,0.4567,1534.59,700.85,1915,Valuable but Stable,Monitor and maintain relationship
2056-EVGZL,0.4567,1534.53,700.82,1916,Valuable but Stable,Monitor and maintain relationship
1935-IMVBB,0.5823,1203.44,700.76,1917,Critical Priority,Immediate personal call from customer-success team
6896-SRVYQ,0.7294,960.61,700.67,1918,"High Risk, Lower Value",Automated retention campaign or targeted offer
2886-KEFUM,0.4567,1533.91,700.54,1919,Valuable but Stable,Monitor and maintain relationship
1965-DDBWU,0.5823,1202.59,700.27,1920,Critical Priority,Immediate personal call from customer-success team
5481-NTDOH,0.4567,1532.52,699.9,1921,Valuable but Stable,Monitor and maintain relationship
3858-VOBET,0.7294,959.55,699.9,1922,"High Risk, Lower Value",Automated retention campaign or targeted offer
7718-UPSKJ,0.4567,1531.65,699.5,1923,Valuable but Stable,Monitor and maintain relationship
6741-EGCBI,0.5823,1200.97,699.32,1924,Critical Priority,Immediate personal call from customer-success team
5285-MVEHD,0.4567,1531.19,699.29,1925,Valuable but Stable,Monitor and maintain relationship
8715-KKTFG,0.4567,1530.61,699.03,1926,Valuable but Stable,Monitor and maintain relationship
8152-UOBNY,0.4567,1530.55,699.0,1927,Valuable but Stable,Monitor and maintain relationship
5886-VLQVU,0.5823,1200.32,698.95,1928,Critical Priority,Immediate personal call from customer-success team
1679-JRFBR,0.4567,1530.27,698.87,1929,Valuable but Stable,Monitor and maintain relationship
2272-QAGFO,0.7294,957.99,698.76,1930,"High Risk, Lower Value",Automated retention campaign or targeted offer
8327-LZKAS,0.4567,1529.31,698.44,1931,Valuable but Stable,Monitor and maintain relationship
6022-UGGSO,0.7294,957.54,698.43,1932,"High Risk, Lower Value",Automated retention campaign or targeted offer
7481-ATQQS,0.5823,1199.27,698.33,1933,"High Risk, Lower Value",Automated retention campaign or targeted offer
3717-LNXKW,0.5823,1198.85,698.09,1934,"High Risk, Lower Value",Automated retention campaign or targeted offer
8849-GYOKR,0.4567,1528.48,698.06,1935,Valuable but Stable,Monitor and maintain relationship
0439-IFYUN,0.7294,956.91,697.97,1936,"High Risk, Lower Value",Automated retention campaign or targeted offer
7449-HVPIV,0.5823,1198.63,697.96,1937,"High Risk, Lower Value",Automated retention campaign or targeted offer
5056-FIMPT,0.4567,1527.57,697.64,1938,Valuable but Stable,Monitor and maintain relationship
1297-VQDRP,0.4567,1527.54,697.63,1939,Valuable but Stable,Monitor and maintain relationship
1784-EZDKJ,0.4567,1527.36,697.55,1940,Valuable but Stable,Monitor and maintain relationship
7134-MJPDY,0.4567,1527.33,697.53,1941,Valuable but Stable,Monitor and maintain relationship
2684-EIWEO,0.5823,1197.77,697.46,1942,"High Risk, Lower Value",Automated retention campaign or targeted offer
8651-ENBZX,0.4567,1525.99,696.92,1943,Valuable but Stable,Monitor and maintain relationship
4811-JBUVU,0.5823,1196.59,696.77,1944,"High Risk, Lower Value",Automated retention campaign or targeted offer
1173-NOEYG,0.5823,1196.5,696.72,1945,"High Risk, Lower Value",Automated retention campaign or targeted offer
6745-JEFZB,0.5823,1195.98,696.42,1946,"High Risk, Lower Value",Automated retention campaign or targeted offer
3466-RITXD,0.5823,1195.92,696.38,1947,"High Risk, Lower Value",Automated retention campaign or targeted offer
7517-SAWMO,0.7294,954.56,696.26,1948,"High Risk, Lower Value",Automated retention campaign or targeted offer
9651-GTSAQ,0.4567,1524.51,696.24,1949,Valuable but Stable,Monitor and maintain relationship
6233-HXJMX,0.5823,1195.67,696.24,1950,"High Risk, Lower Value",Automated retention campaign or targeted offer
5233-AOZUF,0.7294,954.45,696.18,1951,"High Risk, Lower Value",Automated retention campaign or targeted offer
1215-FIGMP,0.5823,1195.57,696.18,1952,"High Risk, Lower Value",Automated retention campaign or targeted offer
2573-GYRUU,0.5823,1195.49,696.13,1953,"High Risk, Lower Value",Automated retention campaign or targeted offer
4567-AKPIA,0.4567,1523.66,695.86,1954,Valuable but Stable,Monitor and maintain relationship
0193-ESZXP,0.4567,1523.09,695.6,1955,Valuable but Stable,Monitor and maintain relationship
0650-BWOZN,0.7294,953.64,695.59,1956,"High Risk, Lower Value",Automated retention campaign or targeted offer
2139-FQHLM,0.5823,1194.06,695.3,1957,"High Risk, Lower Value",Automated retention campaign or targeted offer
9614-RMGHA,0.5823,1194.03,695.28,1958,"High Risk, Lower Value",Automated retention campaign or targeted offer
5575-TPIZQ,0.5823,1193.62,695.04,1959,"High Risk, Lower Value",Automated retention campaign or targeted offer
8782-LKFPK,0.5823,1193.54,695.0,1960,"High Risk, Lower Value",Automated retention campaign or targeted offer
5336-UFNZP,0.4567,1521.65,694.94,1961,Valuable but Stable,Monitor and maintain relationship
3865-YIOTT,0.4567,1521.53,694.88,1962,Valuable but Stable,Monitor and maintain relationship
2378-HTWFW,0.5823,1193.13,694.76,1963,"High Risk, Lower Value",Automated retention campaign or targeted offer
2101-RANCD,0.7294,952.43,694.7,1964,"High Risk, Lower Value",Automated retention campaign or targeted offer
7739-LAXOG,0.5823,1192.95,694.65,1965,"High Risk, Lower Value",Automated retention campaign or targeted offer
0491-KAPQG,0.7294,952.29,694.6,1966,"High Risk, Lower Value",Automated retention campaign or targeted offer
5074-FBGHB,0.4567,1520.01,694.19,1967,Valuable but Stable,Monitor and maintain relationship
1658-XUHBX,0.5823,1192.08,694.15,1968,"High Risk, Lower Value",Automated retention campaign or targeted offer
9921-QFQUL,0.5823,1191.86,694.02,1969,"High Risk, Lower Value",Automated retention campaign or targeted offer
2830-LEWOA,0.4567,1519.42,693.92,1970,Valuable but Stable,Monitor and maintain relationship
9844-FELAJ,0.4567,1518.93,693.7,1971,Valuable but Stable,Monitor and maintain relationship
1169-WCVAK,0.5823,1190.93,693.48,1972,"High Risk, Lower Value",Automated retention campaign or targeted offer
4373-MAVJG,0.5823,1190.88,693.45,1973,"High Risk, Lower Value",Automated retention campaign or targeted offer
6728-DKUCO,0.4567,1518.15,693.34,1974,Valuable but Stable,Monitor and maintain relationship
9170-CCKOU,0.5823,1190.67,693.33,1975,"High Risk, Lower Value",Automated retention campaign or targeted offer
1236-WFCDV,0.5823,1190.57,693.27,1976,"High Risk, Lower Value",Automated retention campaign or targeted offer
8751-EDEKA,0.5823,1190.27,693.09,1977,"High Risk, Lower Value",Automated retention campaign or targeted offer
3763-GCZHZ,0.4567,1517.55,693.07,1978,Valuable but Stable,Monitor and maintain relationship
9821-BESNZ,0.4567,1517.48,693.03,1979,Valuable but Stable,Monitor and maintain relationship
4323-OHFOW,0.4567,1517.37,692.98,1980,Valuable but Stable,Monitor and maintain relationship
0471-ARVMX,0.4567,1517.37,692.98,1981,Valuable but Stable,Monitor and maintain relationship
3002-WQZWT,0.7294,949.77,692.76,1982,"High Risk, Lower Value",Automated retention campaign or targeted offer
5440-VHLUL,0.4567,1516.59,692.63,1983,Valuable but Stable,Monitor and maintain relationship
9912-OMZDS,0.4567,1516.47,692.57,1984,Valuable but Stable,Monitor and maintain relationship
4815-YOSUK,0.4567,1516.05,692.38,1985,Valuable but Stable,Monitor and maintain relationship
6284-AHOOQ,0.5823,1188.95,692.33,1986,"High Risk, Lower Value",Automated retention campaign or targeted offer
9903-LYSAB,0.7294,948.96,692.17,1987,"High Risk, Lower Value",Automated retention campaign or targeted offer
3692-JHONH,0.4567,1515.31,692.04,1988,Valuable but Stable,Monitor and maintain relationship
1899-VXWXM,0.4567,1514.79,691.8,1989,Valuable but Stable,Monitor and maintain relationship
5469-CTCWN,0.4567,1514.4,691.63,1990,Valuable but Stable,Monitor and maintain relationship
8402-EIVQS,0.4567,1514.38,691.62,1991,Valuable but Stable,Monitor and maintain relationship
5846-QFDFI,0.5823,1187.07,691.23,1992,"High Risk, Lower Value",Automated retention campaign or targeted offer
7241-AJHFS,0.5823,1186.9,691.13,1993,"High Risk, Lower Value",Automated retention campaign or targeted offer
7801-KICAO,0.7294,947.36,691.0,1994,"High Risk, Lower Value",Automated retention campaign or targeted offer
2091-RFFBA,0.7294,947.1,690.81,1995,"High Risk, Lower Value",Automated retention campaign or targeted offer
8133-ANHHJ,0.4567,1512.41,690.72,1996,Valuable but Stable,Monitor and maintain relationship
2974-GGUXS,0.5823,1185.63,690.39,1997,"High Risk, Lower Value",Automated retention campaign or targeted offer
0691-NIKRI,0.4567,1511.67,690.38,1998,Valuable but Stable,Monitor and maintain relationship
3161-GETRM,0.5823,1185.33,690.22,1999,"High Risk, Lower Value",Automated retention campaign or targeted offer
8433-WPJTV,0.4567,1510.83,690.0,2000,Valuable but Stable,Monitor and maintain relationship
5922-ABDVO,0.5823,1182.55,688.6,2001,"High Risk, Lower Value",Automated retention campaign or targeted offer
4525-VZCZG,0.4567,1506.06,687.82,2002,Valuable but Stable,Monitor and maintain relationship
9470-XCCEM,0.5823,1181.1,687.75,2003,"High Risk, Lower Value",Automated retention campaign or targeted offer
0504-HHAPI,0.5823,1180.58,687.45,2004,"High Risk, Lower Value",Automated retention campaign or targeted offer
0036-IHMOT,0.4567,1505.14,687.4,2005,Valuable but Stable,Monitor and maintain relationship
5223-UZAVK,0.4567,1505.12,687.39,2006,Valuable but Stable,Monitor and maintain relationship
3756-VNWDH,0.4567,1504.5,687.11,2007,Valuable but Stable,Monitor and maintain relationship
8563-OYMQY,0.5823,1179.6,686.88,2008,"High Risk, Lower Value",Automated retention campaign or targeted offer
2869-ADAWR,0.5823,1179.1,686.59,2009,"High Risk, Lower Value",Automated retention campaign or targeted offer
5897-ZYEKH,0.4567,1502.95,686.4,2010,Valuable but Stable,Monitor and maintain relationship
9050-QLROH,0.5823,1178.39,686.18,2011,"High Risk, Lower Value",Automated retention campaign or targeted offer
5569-IDSEY,0.4567,1500.9,685.46,2012,Valuable but Stable,Monitor and maintain relationship
7055-VKGDA,0.4567,1500.6,685.32,2013,Valuable but Stable,Monitor and maintain relationship
1448-CYWKC,0.4567,1500.02,685.06,2014,Valuable but Stable,Monitor and maintain relationship
4393-RYCRE,0.4567,1499.98,685.04,2015,Valuable but Stable,Monitor and maintain relationship
4526-ZJJTM,0.5823,1176.39,685.01,2016,"High Risk, Lower Value",Automated retention campaign or targeted offer
2311-QYMUQ,0.5823,1176.24,684.92,2017,"High Risk, Lower Value",Automated retention campaign or targeted offer
7067-KSAZT,0.4567,1498.84,684.52,2018,Valuable but Stable,Monitor and maintain relationship
3096-WPXBT,0.4567,1498.4,684.32,2019,Valuable but Stable,Monitor and maintain relationship
9402-ROUMJ,0.4567,1498.23,684.24,2020,Valuable but Stable,Monitor and maintain relationship
9904-EHEVJ,0.5823,1174.81,684.09,2021,"High Risk, Lower Value",Automated retention campaign or targeted offer
6050-IJRHS,0.4567,1497.84,684.06,2022,Valuable but Stable,Monitor and maintain relationship
7722-CVFXN,0.4567,1497.4,683.86,2023,Valuable but Stable,Monitor and maintain relationship
2172-EJXVF,0.4567,1496.51,683.46,2024,Valuable but Stable,Monitor and maintain relationship
2811-POVEX,0.5823,1173.56,683.36,2025,"High Risk, Lower Value",Automated retention campaign or targeted offer
8375-KVTHK,0.4567,1495.53,683.01,2026,Valuable but Stable,Monitor and maintain relationship
7544-ZVIKX,0.4567,1494.7,682.63,2027,Valuable but Stable,Monitor and maintain relationship
5131-PONJI,0.5823,1171.7,682.28,2028,"High Risk, Lower Value",Automated retention campaign or targeted offer
2931-XIQBR,0.4567,1493.89,682.26,2029,Valuable but Stable,Monitor and maintain relationship
3324-OIRTO,0.4567,1493.65,682.15,2030,Valuable but Stable,Monitor and maintain relationship
1754-GKYPY,0.5823,1171.36,682.08,2031,"High Risk, Lower Value",Automated retention campaign or targeted offer
0634-SZPQA,0.5823,1171.22,682.0,2032,"High Risk, Lower Value",Automated retention campaign or targeted offer
2856-NNASM,0.5823,1170.54,681.61,2033,"High Risk, Lower Value",Automated retention campaign or targeted offer
4455-BFSPD,0.4567,1492.07,681.43,2034,Valuable but Stable,Monitor and maintain relationship
9722-UJOJR,0.7294,934.22,681.42,2035,"High Risk, Lower Value",Automated retention campaign or targeted offer
5802-ADBRC,0.4567,1492.04,681.41,2036,Valuable but Stable,Monitor and maintain relationship
8634-CILSZ,0.4567,1491.63,681.23,2037,Valuable but Stable,Monitor and maintain relationship
6686-YPGHK,0.5823,1169.59,681.05,2038,"High Risk, Lower Value",Automated retention campaign or targeted offer
4753-PADAS,0.4567,1490.61,680.76,2039,Valuable but Stable,Monitor and maintain relationship
8999-XXGNS,0.4567,1490.49,680.71,2040,Valuable but Stable,Monitor and maintain relationship
6097-EQISJ,0.4567,1490.1,680.53,2041,Valuable but Stable,Monitor and maintain relationship
9365-SRSZE,0.7294,932.94,680.49,2042,"High Risk, Lower Value",Automated retention campaign or targeted offer
5419-KLXBN,0.5823,1168.61,680.48,2043,"High Risk, Lower Value",Automated retention campaign or targeted offer
0829-XXPLX,0.5823,1168.57,680.46,2044,"High Risk, Lower Value",Automated retention campaign or targeted offer
5678-VFNEQ,0.4567,1489.67,680.33,2045,Valuable but Stable,Monitor and maintain relationship
9492-TOKRI,0.5823,1168.21,680.25,2046,"High Risk, Lower Value",Automated retention campaign or targeted offer
6017-PPLPX,0.7294,932.45,680.13,2047,"High Risk, Lower Value",Automated retention campaign or targeted offer
6769-DCQLI,0.4567,1488.68,679.88,2048,Valuable but Stable,Monitor and maintain relationship
3932-CMDTD,0.4567,1488.41,679.76,2049,Valuable but Stable,Monitor and maintain relationship
6994-FGRHH,0.4567,1488.04,679.59,2050,Valuable but Stable,Monitor and maintain relationship
4816-OKWNX,0.4567,1487.9,679.52,2051,Valuable but Stable,Monitor and maintain relationship
7979-CORPM,0.5823,1166.4,679.19,2052,"High Risk, Lower Value",Automated retention campaign or targeted offer
0112-QAWRZ,0.5823,1166.31,679.14,2053,"High Risk, Lower Value",Automated retention campaign or targeted offer
1113-IUJYX,0.4567,1486.14,678.72,2054,Valuable but Stable,Monitor and maintain relationship
4088-YLDSU,0.4567,1485.21,678.3,2055,Valuable but Stable,Monitor and maintain relationship
3567-PQTSO,0.4567,1483.67,677.59,2056,Valuable but Stable,Monitor and maintain relationship
2898-MRKPI,0.4567,1483.51,677.52,2057,Valuable but Stable,Monitor and maintain relationship
8329-UTMVM,0.4567,1481.13,676.43,2058,Valuable but Stable,Monitor and maintain relationship
9688-YGXVR,0.5823,1161.61,676.41,2059,"High Risk, Lower Value",Automated retention campaign or targeted offer
3858-XHYJO,0.4567,1480.19,676.0,2060,Valuable but Stable,Monitor and maintain relationship
2750-BJLSB,0.4567,1479.18,675.54,2061,Valuable but Stable,Monitor and maintain relationship
8267-ZNYVZ,0.4567,1479.01,675.46,2062,Valuable but Stable,Monitor and maintain relationship
5732-IKGQH,0.4567,1478.97,675.45,2063,Valuable but Stable,Monitor and maintain relationship
1452-KIOVK,0.5823,1159.54,675.2,2064,"High Risk, Lower Value",Automated retention campaign or targeted offer
2806-MLNTI,0.4567,1478.0,675.0,2065,Valuable but Stable,Monitor and maintain relationship
1335-HQMKX,0.4567,1477.7,674.87,2066,Valuable but Stable,Monitor and maintain relationship
9154-QDGTH,0.4567,1477.51,674.78,2067,Valuable but Stable,Monitor and maintain relationship
5298-GSTLM,0.4567,1477.44,674.75,2068,Valuable but Stable,Monitor and maintain relationship
3771-PZOBW,0.5823,1158.69,674.71,2069,"High Risk, Lower Value",Automated retention campaign or targeted offer
4800-CZMPC,0.4567,1477.09,674.59,2070,Valuable but Stable,Monitor and maintain relationship
0581-MDMPW,0.5823,1158.45,674.57,2071,"High Risk, Lower Value",Automated retention campaign or targeted offer
3325-FUYCG,0.4567,1476.93,674.51,2072,Valuable but Stable,Monitor and maintain relationship
0311-UNPFF,0.5823,1158.26,674.45,2073,"High Risk, Lower Value",Automated retention campaign or targeted offer
2114-MGINA,0.5823,1157.97,674.29,2074,"High Risk, Lower Value",Automated retention campaign or targeted offer
4547-LYTDD,0.7294,924.01,673.97,2075,"High Risk, Lower Value",Automated retention campaign or targeted offer
9626-VFRGG,0.5823,1156.66,673.52,2076,"High Risk, Lower Value",Automated retention campaign or targeted offer
1442-OKRJE,0.4567,1474.42,673.37,2077,Valuable but Stable,Monitor and maintain relationship
5553-AOINX,0.4567,1474.36,673.34,2078,Valuable but Stable,Monitor and maintain relationship
8565-CLBZW,0.5823,1155.97,673.12,2079,"High Risk, Lower Value",Automated retention campaign or targeted offer
5149-TGWDZ,0.4567,1473.75,673.06,2080,Valuable but Stable,Monitor and maintain relationship
7508-SMHXL,0.5823,1155.58,672.89,2081,"High Risk, Lower Value",Automated retention campaign or targeted offer
4636-JGAAI,0.5823,1155.53,672.87,2082,"High Risk, Lower Value",Automated retention campaign or targeted offer
6305-YLBMM,0.4567,1473.05,672.74,2083,Valuable but Stable,Monitor and maintain relationship
0330-BGYZE,0.4567,1472.65,672.56,2084,Valuable but Stable,Monitor and maintain relationship
7975-TZMLR,0.4567,1472.37,672.43,2085,Valuable but Stable,Monitor and maintain relationship
5373-SFODM,0.5823,1154.56,672.3,2086,"High Risk, Lower Value",Automated retention campaign or targeted offer
2359-QWQUL,0.4567,1471.65,672.1,2087,Valuable but Stable,Monitor and maintain relationship
3452-ABWRL,0.5823,1154.22,672.1,2088,"High Risk, Lower Value",Automated retention campaign or targeted offer
5985-BEHZK,0.4567,1471.56,672.06,2089,Valuable but Stable,Monitor and maintain relationship
5370-IIVVL,0.4567,1471.26,671.92,2090,Valuable but Stable,Monitor and maintain relationship
9432-VOFYX,0.7294,921.1,671.85,2091,"High Risk, Lower Value",Automated retention campaign or targeted offer
7124-UGSUR,0.4567,1470.63,671.64,2092,Valuable but Stable,Monitor and maintain relationship
0118-JPNOY,0.5823,1152.93,671.35,2093,"High Risk, Lower Value",Automated retention campaign or targeted offer
7248-VZQLC,0.5823,1152.9,671.33,2094,"High Risk, Lower Value",Automated retention campaign or targeted offer
8564-LDKFL,0.4567,1469.64,671.18,2095,Valuable but Stable,Monitor and maintain relationship
8033-VCZGH,0.4567,1469.41,671.08,2096,Valuable but Stable,Monitor and maintain relationship
7789-HKSBS,0.4567,1469.31,671.03,2097,Valuable but Stable,Monitor and maintain relationship
3923-CSIHK,0.7294,919.8,670.9,2098,"High Risk, Lower Value",Automated retention campaign or targeted offer
7251-LJBQN,0.4567,1468.53,670.68,2099,Valuable but Stable,Monitor and maintain relationship
3866-MDTUB,0.7574,885.45,670.64,2100,"High Risk, Lower Value",Automated retention campaign or targeted offer
6797-UCJHZ,0.4567,1467.99,670.43,2101,Valuable but Stable,Monitor and maintain relationship
4612-THJBS,0.4567,1467.59,670.25,2102,Valuable but Stable,Monitor and maintain relationship
0218-QNVAS,0.4567,1467.41,670.17,2103,Valuable but Stable,Monitor and maintain relationship
0877-SDMBN,0.4567,1467.16,670.05,2104,Valuable but Stable,Monitor and maintain relationship
5201-USSQZ,0.5823,1150.04,669.67,2105,"High Risk, Lower Value",Automated retention campaign or targeted offer
3685-YLCMQ,0.4567,1465.87,669.46,2106,Valuable but Stable,Monitor and maintain relationship
2623-DRYAM,0.4567,1465.75,669.41,2107,Valuable but Stable,Monitor and maintain relationship
5174-ITUMV,0.4567,1464.87,669.01,2108,Valuable but Stable,Monitor and maintain relationship
9777-WJJPR,0.5823,1148.88,668.99,2109,"High Risk, Lower Value",Automated retention campaign or targeted offer
6563-VNPMN,0.5823,1148.6,668.83,2110,"High Risk, Lower Value",Automated retention campaign or targeted offer
1769-GRUIK,0.7294,916.66,668.61,2111,"High Risk, Lower Value",Automated retention campaign or targeted offer
1131-SUEKT,0.4567,1463.86,668.54,2112,Valuable but Stable,Monitor and maintain relationship
5018-GWURO,0.5823,1148.11,668.54,2113,"High Risk, Lower Value",Automated retention campaign or targeted offer
9112-WSNPU,0.7294,916.44,668.45,2114,"High Risk, Lower Value",Automated retention campaign or targeted offer
2252-JHJGE,0.4567,1463.23,668.26,2115,Valuable but Stable,Monitor and maintain relationship
1845-CSBRZ,0.5823,1147.29,668.07,2116,"High Risk, Lower Value",Automated retention campaign or targeted offer
3865-ZYKAD,0.5823,1147.3,668.07,2117,"High Risk, Lower Value",Automated retention campaign or targeted offer
8952-WCVCD,0.4567,1462.63,667.98,2118,Valuable but Stable,Monitor and maintain relationship
9445-ZUEQE,0.5823,1147.06,667.93,2119,"High Risk, Lower Value",Automated retention campaign or targeted offer
5307-DZCVC,0.5823,1146.73,667.74,2120,"High Risk, Lower Value",Automated retention campaign or targeted offer
0843-WTBXE,0.5823,1146.05,667.34,2121,"High Risk, Lower Value",Automated retention campaign or targeted offer
4913-EHYUI,0.4567,1460.67,667.09,2122,Valuable but Stable,Monitor and maintain relationship
4488-KQFDT,0.4567,1460.66,667.08,2123,Valuable but Stable,Monitor and maintain relationship
2239-JALAW,0.4567,1458.13,665.93,2124,Valuable but Stable,Monitor and maintain relationship
0666-UXTJO,0.5823,1143.51,665.87,2125,"High Risk, Lower Value",Automated retention campaign or targeted offer
3058-HJCUY,0.4567,1457.99,665.86,2126,Valuable but Stable,Monitor and maintain relationship
7203-OYKCT,0.4567,1457.71,665.74,2127,Valuable but Stable,Monitor and maintain relationship
7047-FWEYA,0.4567,1457.54,665.66,2128,Valuable but Stable,Monitor and maintain relationship
1170-SASML,0.5823,1142.88,665.5,2129,"High Risk, Lower Value",Automated retention campaign or targeted offer
6807-SIWJI,0.4567,1456.86,665.35,2130,Valuable but Stable,Monitor and maintain relationship
0419-YAAPX,0.5823,1141.94,664.95,2131,"High Risk, Lower Value",Automated retention campaign or targeted offer
2519-LBNQL,0.4567,1455.81,664.87,2132,Valuable but Stable,Monitor and maintain relationship
4832-VRBMR,0.4567,1455.21,664.59,2133,Valuable but Stable,Monitor and maintain relationship
0100-DUVFC,0.4567,1454.59,664.31,2134,Valuable but Stable,Monitor and maintain relationship
2234-XADUH,0.4567,1454.54,664.29,2135,Valuable but Stable,Monitor and maintain relationship
5294-DMSFH,0.5823,1140.67,664.21,2136,"High Risk, Lower Value",Automated retention campaign or targeted offer
5376-PCKNB,0.4567,1451.58,662.94,2137,Valuable but Stable,Monitor and maintain relationship
2293-IJWPS,0.4567,1451.51,662.9,2138,Valuable but Stable,Monitor and maintain relationship
5811-IWXYM,0.4567,1451.27,662.8,2139,Valuable but Stable,Monitor and maintain relationship
5716-LIBJC,0.4567,1450.99,662.67,2140,Valuable but Stable,Monitor and maintain relationship
0575-CUQOV,0.4567,1450.44,662.42,2141,Valuable but Stable,Monitor and maintain relationship
5626-MGTUK,0.5823,1137.28,662.24,2142,"High Risk, Lower Value",Automated retention campaign or targeted offer
3842-IYKUE,0.5823,1137.28,662.24,2143,"High Risk, Lower Value",Automated retention campaign or targeted offer
9402-CXWPL,0.4567,1449.63,662.05,2144,Valuable but Stable,Monitor and maintain relationship
5433-KYGHE,0.5823,1136.71,661.91,2145,"High Risk, Lower Value",Automated retention campaign or targeted offer
2805-EDJPQ,0.4567,1448.36,661.47,2146,Valuable but Stable,Monitor and maintain relationship
0869-PAPRP,0.5823,1135.67,661.3,2147,"High Risk, Lower Value",Automated retention campaign or targeted offer
0141-YEAYS,0.5823,1135.44,661.17,2148,"High Risk, Lower Value",Automated retention campaign or targeted offer
2929-QNSRW,0.4567,1446.14,660.45,2149,Valuable but Stable,Monitor and maintain relationship
2924-KHUVI,0.4567,1445.53,660.17,2150,Valuable but Stable,Monitor and maintain relationship
2884-GBPFB,0.7294,904.66,659.86,2151,"High Risk, Lower Value",Automated retention campaign or targeted offer
0689-DSXGL,0.5823,1132.91,659.69,2152,"High Risk, Lower Value",Automated retention campaign or targeted offer
4833-QTJNO,0.5823,1132.73,659.59,2153,"High Risk, Lower Value",Automated retention campaign or targeted offer
0512-FLFDW,0.4567,1444.03,659.49,2154,Valuable but Stable,Monitor and maintain relationship
8404-FYDIB,0.5823,1132.28,659.33,2155,"High Risk, Lower Value",Automated retention campaign or targeted offer
7296-PIXQY,0.7294,903.85,659.27,2156,"High Risk, Lower Value",Automated retention campaign or targeted offer
5671-UUNXD,0.4567,1443.32,659.16,2157,Valuable but Stable,Monitor and maintain relationship
9825-YCXWZ,0.4567,1442.28,658.69,2158,Valuable but Stable,Monitor and maintain relationship
0611-DFXKO,0.5823,1131.07,658.62,2159,"High Risk, Lower Value",Automated retention campaign or targeted offer
4660-IRIBM,0.5823,1130.92,658.53,2160,"High Risk, Lower Value",Automated retention campaign or targeted offer
7159-FVYPK,0.7574,869.36,658.45,2161,"High Risk, Lower Value",Automated retention campaign or targeted offer
6646-QVXLR,0.4567,1441.66,658.41,2162,Valuable but Stable,Monitor and maintain relationship
7694-VLBWQ,0.4567,1441.48,658.32,2163,Valuable but Stable,Monitor and maintain relationship
2696-ECXKC,0.4567,1441.08,658.14,2164,Valuable but Stable,Monitor and maintain relationship
6715-OFDBP,0.7574,868.59,657.87,2165,"High Risk, Lower Value",Automated retention campaign or targeted offer
4480-MBMLB,0.4567,1440.46,657.86,2166,Valuable but Stable,Monitor and maintain relationship
4097-YODCF,0.4567,1440.35,657.81,2167,Valuable but Stable,Monitor and maintain relationship
6986-IJDHX,0.5823,1129.36,657.63,2168,"High Risk, Lower Value",Automated retention campaign or targeted offer
0913-XWSCN,0.5823,1129.03,657.43,2169,"High Risk, Lower Value",Automated retention campaign or targeted offer
9529-OFXHY,0.5823,1128.8,657.3,2170,"High Risk, Lower Value",Automated retention campaign or targeted offer
3023-GFLBR,0.5823,1128.58,657.17,2171,"High Risk, Lower Value",Automated retention campaign or targeted offer
3884-HCSWG,0.7294,900.85,657.08,2172,"High Risk, Lower Value",Automated retention campaign or targeted offer
0481-SUMCB,0.4567,1438.62,657.02,2173,Valuable but Stable,Monitor and maintain relationship
5136-KCKGI,0.4567,1438.03,656.75,2174,Valuable but Stable,Monitor and maintain relationship
0744-GKNGE,0.5823,1127.63,656.62,2175,"High Risk, Lower Value",Automated retention campaign or targeted offer
4248-QPAVC,0.5823,1127.29,656.42,2176,"High Risk, Lower Value",Automated retention campaign or targeted offer
5916-QEWPT,0.7574,866.19,656.05,2177,"High Risk, Lower Value",Automated retention campaign or targeted offer
7774-OJSXI,0.4567,1436.47,656.04,2178,Valuable but Stable,Monitor and maintain relationship
7803-XOCCZ,0.5823,1126.33,655.86,2179,"High Risk, Lower Value",Automated retention campaign or targeted offer
1268-ASBGA,0.5823,1126.16,655.76,2180,"High Risk, Lower Value",Automated retention campaign or targeted offer
2325-WINES,0.4567,1435.85,655.75,2181,Valuable but Stable,Monitor and maintain relationship
7879-CGSFV,0.4567,1435.33,655.52,2182,Valuable but Stable,Monitor and maintain relationship
0520-FDVVT,0.4567,1435.05,655.39,2183,Valuable but Stable,Monitor and maintain relationship
9254-RBFON,0.4567,1434.12,654.96,2184,Valuable but Stable,Monitor and maintain relationship
0580-PIQHM,0.4567,1433.99,654.9,2185,Valuable but Stable,Monitor and maintain relationship
0670-ANMUU,0.4567,1433.28,654.58,2186,Valuable but Stable,Monitor and maintain relationship
3398-ZOUAA,0.7294,896.95,654.24,2187,"High Risk, Lower Value",Automated retention campaign or targeted offer
3572-UOLYZ,0.5823,1122.6,653.69,2188,"High Risk, Lower Value",Automated retention campaign or targeted offer
2716-GFZOR,0.5823,1122.6,653.69,2189,"High Risk, Lower Value",Automated retention campaign or targeted offer
9121-PHQSR,0.5823,1122.58,653.68,2190,"High Risk, Lower Value",Automated retention campaign or targeted offer
9705-IOVQQ,0.4567,1430.77,653.43,2191,Valuable but Stable,Monitor and maintain relationship
9824-BEMCV,0.7294,895.73,653.35,2192,"High Risk, Lower Value",Automated retention campaign or targeted offer
7398-LXGYX,0.5823,1121.89,653.28,2193,"High Risk, Lower Value",Automated retention campaign or targeted offer
7621-VPNET,0.5823,1121.68,653.15,2194,"High Risk, Lower Value",Automated retention campaign or targeted offer
0422-UXFAP,0.4567,1429.51,652.86,2195,Valuable but Stable,Monitor and maintain relationship
2455-USLMV,0.5823,1120.64,652.55,2196,"High Risk, Lower Value",Automated retention campaign or targeted offer
2748-MYRVK,0.4567,1428.15,652.24,2197,Valuable but Stable,Monitor and maintain relationship
1360-JYXKQ,0.4567,1428.06,652.2,2198,Valuable but Stable,Monitor and maintain relationship
9944-AEXBM,0.5823,1119.97,652.16,2199,"High Risk, Lower Value",Automated retention campaign or targeted offer
7112-OPOTK,0.7294,894.03,652.11,2200,"High Risk, Lower Value",Automated retention campaign or targeted offer
2480-EJWYP,0.4567,1427.64,652.0,2201,Valuable but Stable,Monitor and maintain relationship
2141-RRYGO,0.7574,860.8,651.97,2202,"High Risk, Lower Value",Automated retention campaign or targeted offer
4911-BANWH,0.5823,1119.22,651.72,2203,"High Risk, Lower Value",Automated retention campaign or targeted offer
6284-KMNUF,0.4567,1427.0,651.71,2204,Valuable but Stable,Monitor and maintain relationship
9571-EDEBV,0.4567,1426.89,651.66,2205,Valuable but Stable,Monitor and maintain relationship
6227-FBDXH,0.4567,1426.69,651.57,2206,Valuable but Stable,Monitor and maintain relationship
1217-VASWC,0.4567,1426.64,651.55,2207,Valuable but Stable,Monitor and maintain relationship
2860-RANUS,0.5823,1118.56,651.34,2208,"High Risk, Lower Value",Automated retention campaign or targeted offer
3253-HKOKL,0.4567,1426.0,651.25,2209,Valuable but Stable,Monitor and maintain relationship
2014-MKGMH,0.4567,1425.97,651.24,2210,Valuable but Stable,Monitor and maintain relationship
5578-NKCXI,0.4567,1425.76,651.14,2211,Valuable but Stable,Monitor and maintain relationship
9233-PSYHO,0.4567,1425.35,650.96,2212,Valuable but Stable,Monitor and maintain relationship
6557-BZXLQ,0.7294,892.35,650.88,2213,"High Risk, Lower Value",Automated retention campaign or targeted offer
7924-GJZFI,0.7294,892.01,650.63,2214,"High Risk, Lower Value",Automated retention campaign or targeted offer
0428-IKYCP,0.5823,1116.81,650.32,2215,"High Risk, Lower Value",Automated retention campaign or targeted offer
7504-UWHNB,0.7294,891.18,650.03,2216,"High Risk, Lower Value",Automated retention campaign or targeted offer
4704-ERYFC,0.7294,891.03,649.92,2217,"High Risk, Lower Value",Automated retention campaign or targeted offer
7658-UYUQS,0.5823,1115.63,649.63,2218,"High Risk, Lower Value",Automated retention campaign or targeted offer
8091-TTVAX,0.4567,1422.4,649.61,2219,Valuable but Stable,Monitor and maintain relationship
2382-BCKQJ,0.4567,1422.38,649.6,2220,Valuable but Stable,Monitor and maintain relationship
4720-VSTSI,0.5823,1115.41,649.5,2221,"High Risk, Lower Value",Automated retention campaign or targeted offer
8630-FJLIB,0.7294,890.06,649.21,2222,"High Risk, Lower Value",Automated retention campaign or targeted offer
3190-XFANI,0.4567,1421.43,649.17,2223,Valuable but Stable,Monitor and maintain relationship
4791-QRGMF,0.4567,1421.22,649.07,2224,Valuable but Stable,Monitor and maintain relationship
8705-DWKTI,0.5823,1114.57,649.01,2225,"High Risk, Lower Value",Automated retention campaign or targeted offer
2371-KFUOG,0.4567,1419.93,648.48,2226,Valuable but Stable,Monitor and maintain relationship
8982-NHAVY,0.4567,1419.45,648.26,2227,Valuable but Stable,Monitor and maintain relationship
3587-PMCOY,0.4567,1419.36,648.22,2228,Valuable but Stable,Monitor and maintain relationship
7299-GNVPL,0.5823,1112.72,647.94,2229,"High Risk, Lower Value",Automated retention campaign or targeted offer
3162-KKZXO,0.4567,1417.04,647.16,2230,Valuable but Stable,Monitor and maintain relationship
0215-BQKGS,0.5823,1111.25,647.08,2231,"High Risk, Lower Value",Automated retention campaign or targeted offer
4710-FDUIZ,0.4567,1416.67,646.99,2232,Valuable but Stable,Monitor and maintain relationship
3349-ANQNH,0.4567,1416.55,646.94,2233,Valuable but Stable,Monitor and maintain relationship
1357-BIJKI,0.4567,1416.33,646.84,2234,Valuable but Stable,Monitor and maintain relationship
9323-HGFWY,0.4567,1415.72,646.56,2235,Valuable but Stable,Monitor and maintain relationship
7855-DIWPO,0.7294,886.37,646.52,2236,"High Risk, Lower Value",Automated retention campaign or targeted offer
3737-XBQDD,0.5823,1110.18,646.46,2237,"High Risk, Lower Value",Automated retention campaign or targeted offer
0239-OXEXL,0.5823,1109.77,646.22,2238,"High Risk, Lower Value",Automated retention campaign or targeted offer
7663-ZTEGJ,0.4567,1414.26,645.89,2239,Valuable but Stable,Monitor and maintain relationship
8519-IMDHU,0.5823,1108.79,645.65,2240,"High Risk, Lower Value",Automated retention campaign or targeted offer
0406-BPDVR,0.4567,1413.42,645.51,2241,Valuable but Stable,Monitor and maintain relationship
5447-WZAFP,0.4567,1413.42,645.51,2242,Valuable but Stable,Monitor and maintain relationship
6559-RAKOZ,0.4567,1412.86,645.25,2243,Valuable but Stable,Monitor and maintain relationship
8769-KKTPH,0.4567,1412.25,644.97,2244,Valuable but Stable,Monitor and maintain relationship
5076-YVXCM,0.5823,1106.5,644.31,2245,"High Risk, Lower Value",Automated retention campaign or targeted offer
0080-OROZO,0.4567,1410.06,643.97,2246,Valuable but Stable,Monitor and maintain relationship
1091-SOZGA,0.4567,1409.76,643.84,2247,Valuable but Stable,Monitor and maintain relationship
4937-QPZPO,0.4567,1408.77,643.39,2248,Valuable but Stable,Monitor and maintain relationship
2153-MREFK,0.4567,1408.17,643.11,2249,Valuable but Stable,Monitor and maintain relationship
2284-VFLKH,0.4567,1407.8,642.94,2250,Valuable but Stable,Monitor and maintain relationship
0727-BMPLR,0.4567,1407.67,642.88,2251,Valuable but Stable,Monitor and maintain relationship
9139-WQQDY,0.4567,1407.31,642.72,2252,Valuable but Stable,Monitor and maintain relationship
6633-SYEUS,0.5823,1103.18,642.38,2253,"High Risk, Lower Value",Automated retention campaign or targeted offer
7103-IPXPJ,0.4567,1404.83,641.59,2254,Valuable but Stable,Monitor and maintain relationship
6967-QIQRV,0.4567,1404.39,641.38,2255,Valuable but Stable,Monitor and maintain relationship
9866-QEVEE,0.5823,1100.92,641.07,2256,"High Risk, Lower Value",Automated retention campaign or targeted offer
6199-IWKGC,0.4567,1403.19,640.84,2257,Valuable but Stable,Monitor and maintain relationship
7530-HDYDS,0.5823,1100.45,640.79,2258,"High Risk, Lower Value",Automated retention campaign or targeted offer
5828-AVIPD,0.4567,1401.22,639.94,2259,Valuable but Stable,Monitor and maintain relationship
3194-ORPIK,0.5823,1098.8,639.83,2260,"High Risk, Lower Value",Automated retention campaign or targeted offer
1545-ACTAS,0.4567,1400.56,639.64,2261,Valuable but Stable,Monitor and maintain relationship
1193-RTSLK,0.5823,1098.28,639.53,2262,"High Risk, Lower Value",Automated retention campaign or targeted offer
9518-RWHZL,0.4567,1400.17,639.46,2263,Valuable but Stable,Monitor and maintain relationship
5060-TQUQN,0.5823,1097.88,639.3,2264,"High Risk, Lower Value",Automated retention campaign or targeted offer
0516-OOHAR,0.4567,1399.56,639.18,2265,Valuable but Stable,Monitor and maintain relationship
3511-APPBJ,0.4567,1399.09,638.96,2266,Valuable but Stable,Monitor and maintain relationship
0959-WHOKV,0.4567,1397.94,638.44,2267,Valuable but Stable,Monitor and maintain relationship
5609-IMCGG,0.5823,1096.28,638.36,2268,"High Risk, Lower Value",Automated retention campaign or targeted offer
6173-ITPWD,0.5823,1095.52,637.92,2269,"High Risk, Lower Value",Automated retention campaign or targeted offer
4993-JCRGJ,0.5823,1094.38,637.26,2270,"High Risk, Lower Value",Automated retention campaign or targeted offer
5950-AAAGJ,0.5823,1093.6,636.8,2271,"High Risk, Lower Value",Automated retention campaign or targeted offer
5572-ZDXHY,0.5823,1091.09,635.34,2272,"High Risk, Lower Value",Automated retention campaign or targeted offer
1867-TJHTS,0.5823,1090.69,635.11,2273,"High Risk, Lower Value",Automated retention campaign or targeted offer
2479-BRAMR,0.5823,1090.43,634.96,2274,"High Risk, Lower Value",Automated retention campaign or targeted offer
3327-YBAKM,0.4567,1390.17,634.89,2275,Valuable but Stable,Monitor and maintain relationship
9167-APMXZ,0.5823,1089.9,634.65,2276,"High Risk, Lower Value",Automated retention campaign or targeted offer
1550-LOAHA,0.5823,1089.67,634.51,2277,"High Risk, Lower Value",Automated retention campaign or targeted offer
0327-WFZSY,0.4567,1389.03,634.37,2278,Valuable but Stable,Monitor and maintain relationship
0380-NEAVX,0.4567,1388.25,634.01,2279,Valuable but Stable,Monitor and maintain relationship
6849-OYAMU,0.4567,1388.03,633.91,2280,Valuable but Stable,Monitor and maintain relationship
2739-CACDQ,0.5823,1087.73,633.39,2281,"High Risk, Lower Value",Automated retention campaign or targeted offer
0326-VDYXE,0.4567,1386.88,633.39,2282,Valuable but Stable,Monitor and maintain relationship
0853-NWIFK,0.4567,1386.78,633.34,2283,Valuable but Stable,Monitor and maintain relationship
2189-WWOEW,0.5823,1086.31,632.56,2284,"High Risk, Lower Value",Automated retention campaign or targeted offer
1956-YIFGE,0.4567,1384.47,632.29,2285,Valuable but Stable,Monitor and maintain relationship
0410-IPFTY,0.5823,1085.65,632.17,2286,"High Risk, Lower Value",Automated retention campaign or targeted offer
3339-EAQNV,0.4567,1384.22,632.17,2287,Valuable but Stable,Monitor and maintain relationship
4654-DLAMQ,0.4567,1384.08,632.11,2288,Valuable but Stable,Monitor and maintain relationship
3192-LNKRK,0.5823,1083.97,631.2,2289,"High Risk, Lower Value",Automated retention campaign or targeted offer
6383-ZTSIW,0.4567,1381.47,630.92,2290,Valuable but Stable,Monitor and maintain relationship
5294-IMHHT,0.4567,1380.71,630.57,2291,Valuable but Stable,Monitor and maintain relationship
3128-YOVTD,0.5823,1082.2,630.17,2292,"High Risk, Lower Value",Automated retention campaign or targeted offer
2995-UPRYS,0.4567,1376.27,628.54,2293,Valuable but Stable,Monitor and maintain relationship
5813-UECBU,0.5823,1079.16,628.39,2294,"High Risk, Lower Value",Automated retention campaign or targeted offer
0621-HJWXJ,0.5823,1077.65,627.52,2295,"High Risk, Lower Value",Automated retention campaign or targeted offer
1573-LGXBA,0.4567,1373.61,627.33,2296,Valuable but Stable,Monitor and maintain relationship
4767-HZZHQ,0.5823,1077.24,627.28,2297,"High Risk, Lower Value",Automated retention campaign or targeted offer
0931-MHTEM,0.4567,1373.28,627.18,2298,Valuable but Stable,Monitor and maintain relationship
8868-GAGIO,0.5823,1075.79,626.43,2299,"High Risk, Lower Value",Automated retention campaign or targeted offer
3351-NQLDI,0.4567,1371.57,626.4,2300,Valuable but Stable,Monitor and maintain relationship
7824-PANSQ,0.5823,1074.39,625.62,2301,"High Risk, Lower Value",Automated retention campaign or targeted offer
8444-WRIDW,0.5823,1074.11,625.45,2302,"High Risk, Lower Value",Automated retention campaign or targeted offer
9812-GHVRI,0.5823,1073.99,625.38,2303,"High Risk, Lower Value",Automated retention campaign or targeted offer
7486-KSRVI,0.4567,1368.77,625.12,2304,Valuable but Stable,Monitor and maintain relationship
1265-XTECC,0.4567,1368.39,624.94,2305,Valuable but Stable,Monitor and maintain relationship
4138-NAXED,0.5823,1073.1,624.87,2306,"High Risk, Lower Value",Automated retention campaign or targeted offer
2972-YDYUW,0.4567,1367.21,624.4,2307,Valuable but Stable,Monitor and maintain relationship
3196-NVXLZ,0.5823,1072.16,624.32,2308,"High Risk, Lower Value",Automated retention campaign or targeted offer
2826-UWHIS,0.5823,1071.84,624.13,2309,"High Risk, Lower Value",Automated retention campaign or targeted offer
9274-UARKJ,0.5823,1070.88,623.57,2310,"High Risk, Lower Value",Automated retention campaign or targeted offer
5195-KPUNQ,0.4567,1364.88,623.34,2311,Valuable but Stable,Monitor and maintain relationship
7272-QDCKA,0.4567,1363.42,622.67,2312,Valuable but Stable,Monitor and maintain relationship
7356-IWLFW,0.5823,1068.92,622.43,2313,"High Risk, Lower Value",Automated retention campaign or targeted offer
2796-UUZZO,0.5823,1068.5,622.19,2314,"High Risk, Lower Value",Automated retention campaign or targeted offer
6952-OMNWB,0.5823,1068.39,622.12,2315,"High Risk, Lower Value",Automated retention campaign or targeted offer
8905-IAZPF,0.4567,1361.28,621.7,2316,Valuable but Stable,Monitor and maintain relationship
6728-VOIFY,0.4567,1360.68,621.42,2317,Valuable but Stable,Monitor and maintain relationship
0440-UEDAI,0.4567,1360.19,621.2,2318,Valuable but Stable,Monitor and maintain relationship
1591-NFNLQ,0.5823,1066.64,621.1,2319,"High Risk, Lower Value",Automated retention campaign or targeted offer
6821-JPCDC,0.4567,1359.25,620.77,2320,Valuable but Stable,Monitor and maintain relationship
3807-BPOMJ,0.4567,1358.9,620.61,2321,Valuable but Stable,Monitor and maintain relationship
7064-FRRSW,0.4567,1357.02,619.75,2322,Valuable but Stable,Monitor and maintain relationship
1810-BOHSY,0.4567,1356.37,619.45,2323,Valuable but Stable,Monitor and maintain relationship
3009-JWMPU,0.4567,1355.86,619.22,2324,Valuable but Stable,Monitor and maintain relationship
6874-SGLHU,0.4567,1355.54,619.08,2325,Valuable but Stable,Monitor and maintain relationship
2240-HSJQD,0.5823,1062.76,618.85,2326,"High Risk, Lower Value",Automated retention campaign or targeted offer
5443-SCMKX,0.4567,1354.57,618.63,2327,Valuable but Stable,Monitor and maintain relationship
5206-XZZQI,0.5823,1061.48,618.1,2328,"High Risk, Lower Value",Automated retention campaign or targeted offer
3537-HPKQT,0.5823,1061.46,618.09,2329,"High Risk, Lower Value",Automated retention campaign or targeted offer
6259-WJQLC,0.5823,1059.75,617.09,2330,"High Risk, Lower Value",Automated retention campaign or targeted offer
9391-LMANN,0.4567,1350.57,616.81,2331,Valuable but Stable,Monitor and maintain relationship
5243-SAOTC,0.5823,1058.71,616.49,2332,"High Risk, Lower Value",Automated retention campaign or targeted offer
6270-OMFIW,0.4567,1347.68,615.49,2333,Valuable but Stable,Monitor and maintain relationship
2085-BOJKI,0.4567,1347.66,615.48,2334,Valuable but Stable,Monitor and maintain relationship
7776-QGYJC,0.5823,1056.14,614.99,2335,"High Risk, Lower Value",Automated retention campaign or targeted offer
8212-CRQXP,0.5823,1055.4,614.56,2336,"High Risk, Lower Value",Automated retention campaign or targeted offer
0956-ACVZC,0.4567,1344.63,614.09,2337,Valuable but Stable,Monitor and maintain relationship
9494-BDNNC,0.4567,1344.56,614.06,2338,Valuable but Stable,Monitor and maintain relationship
8961-QDZZJ,0.4567,1343.57,613.61,2339,Valuable but Stable,Monitor and maintain relationship
7921-LMDFQ,0.4567,1343.51,613.58,2340,Valuable but Stable,Monitor and maintain relationship
0691-JVSYA,0.4567,1343.25,613.46,2341,Valuable but Stable,Monitor and maintain relationship
7929-DMBCV,0.5823,1052.91,613.11,2342,"High Risk, Lower Value",Automated retention campaign or targeted offer
9114-VEPUF,0.4567,1341.98,612.88,2343,Valuable but Stable,Monitor and maintain relationship
3927-NLNRY,0.4567,1341.84,612.82,2344,Valuable but Stable,Monitor and maintain relationship
2669-QVCRG,0.5823,1052.32,612.77,2345,"High Risk, Lower Value",Automated retention campaign or targeted offer
5419-JKZNQ,0.5823,1052.0,612.58,2346,"High Risk, Lower Value",Automated retention campaign or targeted offer
2858-EIMXH,0.4567,1341.18,612.52,2347,Valuable but Stable,Monitor and maintain relationship
2190-BCXEC,0.5823,1051.8,612.46,2348,"High Risk, Lower Value",Automated retention campaign or targeted offer
8023-QHAIO,0.5823,1051.11,612.06,2349,"High Risk, Lower Value",Automated retention campaign or targeted offer
3842-QTGDL,0.5823,1050.89,611.93,2350,"High Risk, Lower Value",Automated retention campaign or targeted offer
8456-QDAVC,0.5823,1050.51,611.71,2351,"High Risk, Lower Value",Automated retention campaign or targeted offer
5485-WUYWF,0.7574,807.35,611.49,2352,"High Risk, Lower Value",Automated retention campaign or targeted offer
1004-NOZNR,0.4567,1337.59,610.88,2353,Valuable but Stable,Monitor and maintain relationship
6729-GDNGC,0.5823,1048.14,610.33,2354,"High Risk, Lower Value",Automated retention campaign or targeted offer
0824-VWDPO,0.4567,1336.26,610.27,2355,Valuable but Stable,Monitor and maintain relationship
4818-DRBQT,0.5823,1047.7,610.08,2356,"High Risk, Lower Value",Automated retention campaign or targeted offer
9833-TGFHX,0.4567,1335.66,610.0,2357,Valuable but Stable,Monitor and maintain relationship
9500-LTVBP,0.5823,1047.34,609.87,2358,"High Risk, Lower Value",Automated retention campaign or targeted offer
8387-MOJJT,0.5823,1047.06,609.7,2359,"High Risk, Lower Value",Automated retention campaign or targeted offer
8544-GOQSH,0.5823,1046.93,609.63,2360,"High Risk, Lower Value",Automated retention campaign or targeted offer
1307-TVUFB,0.5823,1046.85,609.58,2361,"High Risk, Lower Value",Automated retention campaign or targeted offer
3865-QBWSJ,0.5823,1045.33,608.7,2362,"High Risk, Lower Value",Automated retention campaign or targeted offer
7395-IGJOS,0.5823,1043.82,607.82,2363,"High Risk, Lower Value",Automated retention campaign or targeted offer
5301-GAUUY,0.5823,1043.82,607.82,2364,"High Risk, Lower Value",Automated retention campaign or targeted offer
2305-MRGLV,0.5823,1043.55,607.66,2365,"High Risk, Lower Value",Automated retention campaign or targeted offer
5453-AXEPF,0.5823,1042.67,607.15,2366,"High Risk, Lower Value",Automated retention campaign or targeted offer
7129-CAKJW,0.5823,1042.62,607.12,2367,"High Risk, Lower Value",Automated retention campaign or targeted offer
0898-XCGTF,0.4567,1328.57,606.76,2368,Valuable but Stable,Monitor and maintain relationship
2911-WDXMV,0.5823,1041.48,606.45,2369,"High Risk, Lower Value",Automated retention campaign or targeted offer
7133-VBDCG,0.5823,1038.85,604.92,2370,"High Risk, Lower Value",Automated retention campaign or targeted offer
7567-ECMCM,0.5823,1038.23,604.56,2371,"High Risk, Lower Value",Automated retention campaign or targeted offer
3814-MLAXC,0.5823,1038.14,604.51,2372,"High Risk, Lower Value",Automated retention campaign or targeted offer
4248-HCETZ,0.5823,1037.5,604.14,2373,"High Risk, Lower Value",Automated retention campaign or targeted offer
8490-BXHEO,0.5823,1036.73,603.69,2374,"High Risk, Lower Value",Automated retention campaign or targeted offer
1384-RCUXW,0.5823,1036.2,603.38,2375,"High Risk, Lower Value",Automated retention campaign or targeted offer
9369-XFEHK,0.5823,1035.85,603.18,2376,"High Risk, Lower Value",Automated retention campaign or targeted offer
8988-ECPJR,0.5823,1035.06,602.72,2377,"High Risk, Lower Value",Automated retention campaign or targeted offer
4828-FAZPK,0.5823,1034.97,602.66,2378,"High Risk, Lower Value",Automated retention campaign or targeted offer
6288-LBEAR,0.5823,1034.19,602.21,2379,"High Risk, Lower Value",Automated retention campaign or targeted offer
9391-YZEJW,0.4567,1318.2,602.02,2380,Valuable but Stable,Monitor and maintain relationship
8404-GFGCZ,0.7574,794.38,601.66,2381,"High Risk, Lower Value",Automated retention campaign or targeted offer
5175-WLYXL,0.5823,1032.56,601.26,2382,"High Risk, Lower Value",Automated retention campaign or targeted offer
5599-HVLTW,0.5823,1032.5,601.22,2383,"High Risk, Lower Value",Automated retention campaign or targeted offer
2041-JIJCI,0.7574,793.56,601.04,2384,"High Risk, Lower Value",Automated retention campaign or targeted offer
2203-GHNWN,0.5823,1032.08,600.98,2385,"High Risk, Lower Value",Automated retention campaign or targeted offer
6538-POCHL,0.5823,1031.87,600.86,2386,"High Risk, Lower Value",Automated retention campaign or targeted offer
7627-JKIAZ,0.5823,1031.52,600.65,2387,"High Risk, Lower Value",Automated retention campaign or targeted offer
3946-JEWRQ,0.4567,1314.18,600.19,2388,Valuable but Stable,Monitor and maintain relationship
3214-IYUUQ,0.4567,1313.13,599.71,2389,Valuable but Stable,Monitor and maintain relationship
3415-TAILE,0.7574,790.93,599.05,2390,"High Risk, Lower Value",Automated retention campaign or targeted offer
2070-XYMFH,0.5823,1028.48,598.88,2391,"High Risk, Lower Value",Automated retention campaign or targeted offer
5389-FFVKB,0.5823,1027.85,598.52,2392,"High Risk, Lower Value",Automated retention campaign or targeted offer
6551-GNYDG,0.5823,1026.88,597.95,2393,"High Risk, Lower Value",Automated retention campaign or targeted offer
7957-RYHQD,0.5823,1026.81,597.91,2394,"High Risk, Lower Value",Automated retention campaign or targeted offer
6985-HAYWX,0.5823,1024.12,596.35,2395,"High Risk, Lower Value",Automated retention campaign or targeted offer
4187-CINZD,0.4567,1302.99,595.08,2396,Valuable but Stable,Monitor and maintain relationship
9029-FEGVJ,0.5823,1021.16,594.62,2397,"High Risk, Lower Value",Automated retention campaign or targeted offer
1370-GGAWX,0.4567,1299.28,593.38,2398,Valuable but Stable,Monitor and maintain relationship
9943-VSZUV,0.5823,1014.88,590.96,2399,"High Risk, Lower Value",Automated retention campaign or targeted offer
5014-WUQMG,0.4567,1293.83,590.89,2400,Valuable but Stable,Monitor and maintain relationship
8597-CWYHH,0.4567,1293.05,590.54,2401,Valuable but Stable,Monitor and maintain relationship
2037-XJFUP,0.4567,1291.28,589.73,2402,Valuable but Stable,Monitor and maintain relationship
8294-UIMBA,0.4567,1289.13,588.75,2403,Valuable but Stable,Monitor and maintain relationship
6260-ONULR,0.7574,773.05,585.51,2404,"High Risk, Lower Value",Automated retention campaign or targeted offer
7607-QKKTJ,0.4567,1280.74,584.91,2405,Valuable but Stable,Monitor and maintain relationship
1644-IRKSF,0.4567,1280.46,584.79,2406,Valuable but Stable,Monitor and maintain relationship
1855-AGAWH,0.4567,1279.21,584.22,2407,Valuable but Stable,Monitor and maintain relationship
3410-MHHUM,0.4567,1278.87,584.06,2408,Valuable but Stable,Monitor and maintain relationship
8947-YRTDV,0.4567,1274.09,581.88,2409,Valuable but Stable,Monitor and maintain relationship
4332-MUOEZ,0.4567,1274.06,581.86,2410,Valuable but Stable,Monitor and maintain relationship
3583-KRKMD,0.5823,993.58,578.56,2411,"High Risk, Lower Value",Automated retention campaign or targeted offer
4083-BFNYK,0.4567,1266.71,578.51,2412,Valuable but Stable,Monitor and maintain relationship
3315-TOTBP,0.5823,992.86,578.14,2413,"High Risk, Lower Value",Automated retention campaign or targeted offer
3522-CDKHF,0.5823,989.62,576.26,2414,"High Risk, Lower Value",Automated retention campaign or targeted offer
0064-YIJGF,0.5823,987.92,575.27,2415,"High Risk, Lower Value",Automated retention campaign or targeted offer
4450-MDZFX,0.5823,987.78,575.18,2416,"High Risk, Lower Value",Automated retention campaign or targeted offer
5649-VUKMC,0.4567,1258.45,574.73,2417,Valuable but Stable,Monitor and maintain relationship
9800-ONTFE,0.5823,986.4,574.38,2418,"High Risk, Lower Value",Automated retention campaign or targeted offer
9909-DFRJA,0.4567,1257.04,574.09,2419,Valuable but Stable,Monitor and maintain relationship
7993-NQLJE,0.5823,985.32,573.75,2420,"High Risk, Lower Value",Automated retention campaign or targeted offer
3956-CJUST,0.5823,985.02,573.58,2421,"High Risk, Lower Value",Automated retention campaign or targeted offer
2452-SNHFZ,0.5823,984.92,573.52,2422,"High Risk, Lower Value",Automated retention campaign or targeted offer
1228-ZLNBX,0.5823,984.57,573.32,2423,"High Risk, Lower Value",Automated retention campaign or targeted offer
4360-PNRQB,0.5823,984.47,573.26,2424,"High Risk, Lower Value",Automated retention campaign or targeted offer
3090-LETTY,0.7574,756.84,573.23,2425,"High Risk, Lower Value",Automated retention campaign or targeted offer
6825-UYPFK,0.5823,984.32,573.17,2426,"High Risk, Lower Value",Automated retention campaign or targeted offer
1928-BXYIV,0.7574,755.34,572.09,2427,"High Risk, Lower Value",Automated retention campaign or targeted offer
0541-FITGH,0.7574,755.14,571.94,2428,"High Risk, Lower Value",Automated retention campaign or targeted offer
8272-ONJLV,0.4567,1251.65,571.63,2429,Valuable but Stable,Monitor and maintain relationship
7611-YKYTC,0.5823,980.27,570.81,2430,"High Risk, Lower Value",Automated retention campaign or targeted offer
5921-NGYRH,0.5823,979.91,570.6,2431,"High Risk, Lower Value",Automated retention campaign or targeted offer
0257-ZESQC,0.5823,979.66,570.46,2432,"High Risk, Lower Value",Automated retention campaign or targeted offer
2842-BCQGE,0.5823,979.15,570.16,2433,"High Risk, Lower Value",Automated retention campaign or targeted offer
7850-VWJUU,0.5823,976.34,568.52,2434,"High Risk, Lower Value",Automated retention campaign or targeted offer
3714-JTVOV,0.5823,976.28,568.49,2435,"High Risk, Lower Value",Automated retention campaign or targeted offer
3733-LSYCE,0.5823,976.1,568.38,2436,"High Risk, Lower Value",Automated retention campaign or targeted offer
8155-IBNHG,0.5823,975.56,568.07,2437,"High Risk, Lower Value",Automated retention campaign or targeted offer
3452-SRFEG,0.5823,974.76,567.6,2438,"High Risk, Lower Value",Automated retention campaign or targeted offer
8020-BWHYL,0.5823,974.74,567.59,2439,"High Risk, Lower Value",Automated retention campaign or targeted offer
5188-HGMLP,0.5823,974.15,567.25,2440,"High Risk, Lower Value",Automated retention campaign or targeted offer
0617-FHSGK,0.5823,973.62,566.94,2441,"High Risk, Lower Value",Automated retention campaign or targeted offer
2476-YGEFM,0.5823,973.15,566.67,2442,"High Risk, Lower Value",Automated retention campaign or targeted offer
9979-RGMZT,0.4567,1240.09,566.35,2443,Valuable but Stable,Monitor and maintain relationship
3055-OYMSE,0.5823,972.01,566.0,2444,"High Risk, Lower Value",Automated retention campaign or targeted offer
5934-TSSAU,0.5823,971.59,565.76,2445,"High Risk, Lower Value",Automated retention campaign or targeted offer
0187-WZNAB,0.5823,971.21,565.54,2446,"High Risk, Lower Value",Automated retention campaign or targeted offer
6572-ADKRS,0.5823,970.89,565.35,2447,"High Risk, Lower Value",Automated retention campaign or targeted offer
6906-ANDWJ,0.5823,970.16,564.92,2448,"High Risk, Lower Value",Automated retention campaign or targeted offer
5146-CBVOE,0.5823,969.4,564.48,2449,"High Risk, Lower Value",Automated retention campaign or targeted offer
5201-FRKKS,0.5823,969.26,564.4,2450,"High Risk, Lower Value",Automated retention campaign or targeted offer
3014-WJKSM,0.5823,969.08,564.3,2451,"High Risk, Lower Value",Automated retention campaign or targeted offer
1596-BBVTG,0.5823,968.92,564.2,2452,"High Risk, Lower Value",Automated retention campaign or targeted offer
0618-XWMSS,0.5823,966.83,562.99,2453,"High Risk, Lower Value",Automated retention campaign or targeted offer
5839-SUYVZ,0.5823,965.87,562.43,2454,"High Risk, Lower Value",Automated retention campaign or targeted offer
1396-QWFBJ,0.5823,965.65,562.3,2455,"High Risk, Lower Value",Automated retention campaign or targeted offer
7503-QQRVF,0.5823,964.4,561.57,2456,"High Risk, Lower Value",Automated retention campaign or targeted offer
6599-CEBNN,0.5823,963.65,561.13,2457,"High Risk, Lower Value",Automated retention campaign or targeted offer
4662-EKDPQ,0.7574,740.16,560.6,2458,"High Risk, Lower Value",Automated retention campaign or targeted offer
1791-PQHBB,0.7574,738.68,559.48,2459,"High Risk, Lower Value",Automated retention campaign or targeted offer
3703-KBKZP,0.5823,960.8,559.47,2460,"High Risk, Lower Value",Automated retention campaign or targeted offer
9286-DOJGF,0.5823,960.77,559.46,2461,"High Risk, Lower Value",Automated retention campaign or targeted offer
4652-NNHNY,0.5823,960.57,559.34,2462,"High Risk, Lower Value",Automated retention campaign or targeted offer
4826-TZEVA,0.5823,960.19,559.12,2463,"High Risk, Lower Value",Automated retention campaign or targeted offer
8496-EJAUI,0.5823,959.02,558.44,2464,"High Risk, Lower Value",Automated retention campaign or targeted offer
2656-FMOKZ,0.5823,958.23,557.98,2465,"High Risk, Lower Value",Automated retention campaign or targeted offer
5908-QMGOE,0.5823,957.65,557.64,2466,"High Risk, Lower Value",Automated retention campaign or targeted offer
6360-SVNWV,0.5823,957.04,557.28,2467,"High Risk, Lower Value",Automated retention campaign or targeted offer
4948-WBBKL,0.5823,955.13,556.17,2468,"High Risk, Lower Value",Automated retention campaign or targeted offer
4546-FOKWR,0.5823,954.74,555.95,2469,"High Risk, Lower Value",Automated retention campaign or targeted offer
3943-KDREE,0.5823,954.23,555.65,2470,"High Risk, Lower Value",Automated retention campaign or targeted offer
8685-WHQPW,0.5823,954.08,555.56,2471,"High Risk, Lower Value",Automated retention campaign or targeted offer
3094-JOJAI,0.5823,953.2,555.05,2472,"High Risk, Lower Value",Automated retention campaign or targeted offer
7693-QPEFS,0.5823,952.36,554.56,2473,"High Risk, Lower Value",Automated retention campaign or targeted offer
9842-EFSYY,0.7574,729.96,552.87,2474,"High Risk, Lower Value",Automated retention campaign or targeted offer
0319-QZTCO,0.7574,728.35,551.65,2475,"High Risk, Lower Value",Automated retention campaign or targeted offer
3995-WFCSM,0.7574,727.01,550.64,2476,"High Risk, Lower Value",Automated retention campaign or targeted offer
8149-AIQCG,0.5823,942.71,548.94,2477,"High Risk, Lower Value",Automated retention campaign or targeted offer
7916-VCCPB,0.5823,942.12,548.6,2478,"High Risk, Lower Value",Automated retention campaign or targeted offer
6778-YSNIH,0.7574,722.19,546.99,2479,"High Risk, Lower Value",Automated retention campaign or targeted offer
5673-FSSMF,0.7574,719.2,544.72,2480,"High Risk, Lower Value",Automated retention campaign or targeted offer
3211-ILJTT,0.5823,933.09,543.34,2481,"High Risk, Lower Value",Automated retention campaign or targeted offer
9819-FBNSV,0.5823,929.95,541.51,2482,"High Risk, Lower Value",Automated retention campaign or targeted offer
7147-AYBAA,0.5823,927.11,539.86,2483,"High Risk, Lower Value",Automated retention campaign or targeted offer
3755-JBMNH,0.5823,926.45,539.47,2484,"High Risk, Lower Value",Automated retention campaign or targeted offer
8910-LEDAG,0.5823,925.82,539.1,2485,"High Risk, Lower Value",Automated retention campaign or targeted offer
7128-GGCNO,0.5823,925.43,538.88,2486,"High Risk, Lower Value",Automated retention campaign or targeted offer
1996-DBMUS,0.5823,924.34,538.24,2487,"High Risk, Lower Value",Automated retention campaign or targeted offer
4067-HLYQI,0.5823,923.89,537.98,2488,"High Risk, Lower Value",Automated retention campaign or targeted offer
0411-EZJZE,0.7574,710.17,537.88,2489,"High Risk, Lower Value",Automated retention campaign or targeted offer
1047-NNCBF,0.5823,923.32,537.65,2490,"High Risk, Lower Value",Automated retention campaign or targeted offer
1732-VHUBQ,0.5823,919.74,535.56,2491,"High Risk, Lower Value",Automated retention campaign or targeted offer
6927-WTFIV,0.5823,919.5,535.42,2492,"High Risk, Lower Value",Automated retention campaign or targeted offer
3877-JRJIP,0.7574,705.58,534.41,2493,"High Risk, Lower Value",Automated retention campaign or targeted offer
9584-EXCDZ,0.5823,915.23,532.94,2494,"High Risk, Lower Value",Automated retention campaign or targeted offer
7404-JLKQG,0.7574,702.94,532.41,2495,"High Risk, Lower Value",Automated retention campaign or targeted offer
3891-PUQOD,0.7574,702.46,532.04,2496,"High Risk, Lower Value",Automated retention campaign or targeted offer
2115-BFTIW,0.5823,908.84,529.22,2497,"High Risk, Lower Value",Automated retention campaign or targeted offer
3677-TNKIO,0.5823,904.3,526.57,2498,"High Risk, Lower Value",Automated retention campaign or targeted offer
8388-FYNPZ,0.7574,695.14,526.5,2499,"High Risk, Lower Value",Automated retention campaign or targeted offer
3113-IWHLC,0.7574,694.68,526.15,2500,"High Risk, Lower Value",Automated retention campaign or targeted offer
8824-RWFXJ,0.7574,693.81,525.49,2501,"High Risk, Lower Value",Automated retention campaign or targeted offer
3509-GWQGF,0.5823,902.42,525.48,2502,"High Risk, Lower Value",Automated retention campaign or targeted offer
1041-RXHRA,0.5823,900.32,524.26,2503,"High Risk, Lower Value",Automated retention campaign or targeted offer
4324-AHJKS,0.7574,690.98,523.35,2504,"High Risk, Lower Value",Automated retention campaign or targeted offer
8450-JOVAH,0.7574,690.28,522.82,2505,"High Risk, Lower Value",Automated retention campaign or targeted offer
6692-YQHXC,0.5823,897.45,522.59,2506,"High Risk, Lower Value",Automated retention campaign or targeted offer
6641-XRPSU,0.5823,896.85,522.24,2507,"High Risk, Lower Value",Automated retention campaign or targeted offer
8725-JEDFD,0.5823,896.65,522.12,2508,"High Risk, Lower Value",Automated retention campaign or targeted offer
4883-QICIH,0.5823,896.13,521.82,2509,"High Risk, Lower Value",Automated retention campaign or targeted offer
8329-GWVPJ,0.5823,894.98,521.15,2510,"High Risk, Lower Value",Automated retention campaign or targeted offer
0599-XNYDO,0.5823,893.89,520.51,2511,"High Risk, Lower Value",Automated retention campaign or targeted offer
2178-PMGCJ,0.5823,892.6,519.76,2512,"High Risk, Lower Value",Automated retention campaign or targeted offer
8963-JLGJT,0.7574,686.21,519.74,2513,"High Risk, Lower Value",Automated retention campaign or targeted offer
7718-RXDGG,0.5823,891.89,519.35,2514,"High Risk, Lower Value",Automated retention campaign or targeted offer
7594-LZNWR,0.5823,890.39,518.47,2515,"High Risk, Lower Value",Automated retention campaign or targeted offer
1025-FALIX,0.5823,888.87,517.59,2516,"High Risk, Lower Value",Automated retention campaign or targeted offer
6227-HWPWX,0.5823,886.61,516.27,2517,"High Risk, Lower Value",Automated retention campaign or targeted offer
9701-CDXHR,0.5823,886.54,516.23,2518,"High Risk, Lower Value",Automated retention campaign or targeted offer
6048-QBXKL,0.7574,679.83,514.9,2519,"High Risk, Lower Value",Automated retention campaign or targeted offer
9767-FFLEM,0.5823,881.84,513.5,2520,"High Risk, Lower Value",Automated retention campaign or targeted offer
9142-KZXOP,0.5823,881.32,513.19,2521,"High Risk, Lower Value",Automated retention campaign or targeted offer
5909-ECHUI,0.7574,677.56,513.18,2522,"High Risk, Lower Value",Automated retention campaign or targeted offer
7129-ACFOG,0.7574,676.61,512.46,2523,"High Risk, Lower Value",Automated retention campaign or targeted offer
6994-KERXL,0.7574,676.5,512.38,2524,"High Risk, Lower Value",Automated retention campaign or targeted offer
5493-SDRDQ,0.7574,675.59,511.69,2525,"High Risk, Lower Value",Automated retention campaign or targeted offer
4201-JMNGR,0.7574,673.79,510.33,2526,"High Risk, Lower Value",Automated retention campaign or targeted offer
6629-CZTTH,0.7574,672.43,509.3,2527,"High Risk, Lower Value",Automated retention campaign or targeted offer
2043-WVTQJ,0.7574,669.39,507.0,2528,"High Risk, Lower Value",Automated retention campaign or targeted offer
4727-MCYZG,0.7574,667.07,505.24,2529,"High Risk, Lower Value",Automated retention campaign or targeted offer
1251-KRREG,0.7574,666.61,504.89,2530,"High Risk, Lower Value",Automated retention campaign or targeted offer
9822-OAOVB,0.7574,666.27,504.63,2531,"High Risk, Lower Value",Automated retention campaign or targeted offer
6402-EJMWF,0.7574,665.74,504.23,2532,"High Risk, Lower Value",Automated retention campaign or targeted offer
8903-XEBGX,0.7574,665.04,503.7,2533,"High Risk, Lower Value",Automated retention campaign or targeted offer
5543-QDCRY,0.7574,664.18,503.05,2534,"High Risk, Lower Value",Automated retention campaign or targeted offer
3668-QPYBK,0.7574,661.41,500.95,2535,"High Risk, Lower Value",Automated retention campaign or targeted offer
4349-GFQHK,0.7574,661.3,500.87,2536,"High Risk, Lower Value",Automated retention campaign or targeted offer
3063-QFSZL,0.7574,660.72,500.43,2537,"High Risk, Lower Value",Automated retention campaign or targeted offer
4484-CGXFK,0.7574,659.84,499.76,2538,"High Risk, Lower Value",Automated retention campaign or targeted offer
6907-FLBER,0.7574,659.82,499.75,2539,"High Risk, Lower Value",Automated retention campaign or targeted offer
5501-TVMGM,0.7574,659.24,499.31,2540,"High Risk, Lower Value",Automated retention campaign or targeted offer
1260-TTRXI,0.7574,656.64,497.34,2541,"High Risk, Lower Value",Automated retention campaign or targeted offer
9261-WDCAF,0.7574,656.19,497.0,2542,"High Risk, Lower Value",Automated retention campaign or targeted offer
8806-EAGWC,0.7574,653.74,495.14,2543,"High Risk, Lower Value",Automated retention campaign or targeted offer
2181-UAESM,0.7574,653.3,494.81,2544,"High Risk, Lower Value",Automated retention campaign or targeted offer
8654-DHAOW,0.7574,652.0,493.82,2545,"High Risk, Lower Value",Automated retention campaign or targeted offer
3656-TKRVZ,0.7574,651.74,493.63,2546,"High Risk, Lower Value",Automated retention campaign or targeted offer
3446-QDSZF,0.7574,651.72,493.61,2547,"High Risk, Lower Value",Automated retention campaign or targeted offer
3583-EKAPL,0.7574,650.93,493.01,2548,"High Risk, Lower Value",Automated retention campaign or targeted offer
5542-DHSXL,0.7574,650.03,492.33,2549,"High Risk, Lower Value",Automated retention campaign or targeted offer
1575-KRZZE,0.7574,649.36,491.83,2550,"High Risk, Lower Value",Automated retention campaign or targeted offer
6923-EFPNL,0.7574,648.53,491.2,2551,"High Risk, Lower Value",Automated retention campaign or targeted offer
4074-SJFFA,0.7574,647.5,490.42,2552,"High Risk, Lower Value",Automated retention campaign or targeted offer
7580-UGXNC,0.7574,646.91,489.97,2553,"High Risk, Lower Value",Automated retention campaign or targeted offer
9269-CQOOL,0.7574,645.61,488.99,2554,"High Risk, Lower Value",Automated retention campaign or targeted offer
3658-KIBGF,0.7574,645.54,488.93,2555,"High Risk, Lower Value",Automated retention campaign or targeted offer
3518-PZXZQ,0.7574,642.87,486.91,2556,"High Risk, Lower Value",Automated retention campaign or targeted offer
9108-EJFJP,0.7574,641.18,485.63,2557,"High Risk, Lower Value",Automated retention campaign or targeted offer
7501-VTYLJ,0.7574,639.9,484.66,2558,"High Risk, Lower Value",Automated retention campaign or targeted offer
4351-QLCSU,0.7574,638.65,483.71,2559,"High Risk, Lower Value",Automated retention campaign or targeted offer
0817-HSUSE,0.5086,950.13,483.24,2560,Low Priority,No immediate intervention
2232-DMLXU,0.7574,636.92,482.4,2561,"High Risk, Lower Value",Automated retention campaign or targeted offer
1597-FZREH,0.5086,947.9,482.1,2562,Low Priority,No immediate intervention
5122-CYFXA,0.5086,943.64,479.94,2563,Low Priority,No immediate intervention
7794-JASDG,0.7574,632.77,479.26,2564,"High Risk, Lower Value",Automated retention campaign or targeted offer
0988-JRWWP,0.7574,632.42,478.99,2565,"High Risk, Lower Value",Automated retention campaign or targeted offer
6888-SBYAI,0.7574,631.66,478.42,2566,"High Risk, Lower Value",Automated retention campaign or targeted offer
2969-QWUBZ,0.7574,631.29,478.14,2567,"High Risk, Lower Value",Automated retention campaign or targeted offer
4918-QLLIW,0.7574,629.47,476.76,2568,"High Risk, Lower Value",Automated retention campaign or targeted offer
0867-LDTTC,0.5086,937.17,476.64,2569,Low Priority,No immediate intervention
8261-GWDBQ,0.2643,1799.11,475.5,2570,Valuable but Stable,Monitor and maintain relationship
0674-EYYZV,0.7574,626.4,474.44,2571,"High Risk, Lower Value",Automated retention campaign or targeted offer
3882-IYOIJ,0.2643,1793.77,474.09,2572,Valuable but Stable,Monitor and maintain relationship
8480-PPONV,0.2643,1791.47,473.49,2573,Valuable but Stable,Monitor and maintain relationship
7017-VFHAY,0.2643,1790.65,473.27,2574,Valuable but Stable,Monitor and maintain relationship
8869-LIHMK,0.2643,1788.48,472.7,2575,Valuable but Stable,Monitor and maintain relationship
2947-DOMLJ,0.7574,623.5,472.24,2576,"High Risk, Lower Value",Automated retention campaign or targeted offer
9537-VHDTA,0.7574,623.13,471.96,2577,"High Risk, Lower Value",Automated retention campaign or targeted offer
2386-LAHRK,0.7574,622.29,471.32,2578,"High Risk, Lower Value",Automated retention campaign or targeted offer
4929-BSTRX,0.7574,621.99,471.1,2579,"High Risk, Lower Value",Automated retention campaign or targeted offer
6629-LADHQ,0.7574,621.51,470.73,2580,"High Risk, Lower Value",Automated retention campaign or targeted offer
8640-SDGKB,0.5086,924.34,470.12,2581,Low Priority,No immediate intervention
7284-BUYEC,0.7574,620.44,469.92,2582,"High Risk, Lower Value",Automated retention campaign or targeted offer
0929-HYQEW,0.7574,620.38,469.88,2583,"High Risk, Lower Value",Automated retention campaign or targeted offer
8695-WDYEA,0.7574,619.96,469.56,2584,"High Risk, Lower Value",Automated retention campaign or targeted offer
7009-LGECI,0.7574,619.79,469.43,2585,"High Risk, Lower Value",Automated retention campaign or targeted offer
1741-WTPON,0.2643,1775.33,469.22,2586,Valuable but Stable,Monitor and maintain relationship
4806-DXQCE,0.2643,1774.77,469.07,2587,Valuable but Stable,Monitor and maintain relationship
9695-IDRZR,0.2643,1774.25,468.93,2588,Valuable but Stable,Monitor and maintain relationship
1636-NTNCO,0.7574,618.07,468.13,2589,"High Risk, Lower Value",Automated retention campaign or targeted offer
3669-LVWZB,0.7574,618.03,468.1,2590,"High Risk, Lower Value",Automated retention campaign or targeted offer
2103-ZRXFN,0.7574,617.91,468.01,2591,"High Risk, Lower Value",Automated retention campaign or targeted offer
8364-TRMMK,0.7574,616.97,467.29,2592,"High Risk, Lower Value",Automated retention campaign or targeted offer
9058-CBREO,0.7574,616.35,466.82,2593,"High Risk, Lower Value",Automated retention campaign or targeted offer
4317-VTEOA,0.7574,615.12,465.89,2594,"High Risk, Lower Value",Automated retention campaign or targeted offer
3946-MHCZW,0.7574,614.53,465.45,2595,"High Risk, Lower Value",Automated retention campaign or targeted offer
9053-JZFKV,0.2643,1760.45,465.29,2596,Valuable but Stable,Monitor and maintain relationship
8757-TFHHJ,0.7574,614.28,465.26,2597,"High Risk, Lower Value",Automated retention campaign or targeted offer
3329-WDIOK,0.7574,614.29,465.26,2598,"High Risk, Lower Value",Automated retention campaign or targeted offer
6905-NIQIN,0.7574,612.99,464.28,2599,"High Risk, Lower Value",Automated retention campaign or targeted offer
1555-DJEQW,0.2643,1754.0,463.58,2600,Valuable but Stable,Monitor and maintain relationship
5404-GGUKR,0.7574,611.38,463.06,2601,"High Risk, Lower Value",Automated retention campaign or targeted offer
2207-NHRJK,0.7574,611.08,462.83,2602,"High Risk, Lower Value",Automated retention campaign or targeted offer
7312-XSBAT,0.7574,609.83,461.89,2603,"High Risk, Lower Value",Automated retention campaign or targeted offer
8885-QSQBX,0.7574,609.8,461.86,2604,"High Risk, Lower Value",Automated retention campaign or targeted offer
7176-WRTNX,0.2643,1745.71,461.39,2605,Valuable but Stable,Monitor and maintain relationship
8601-QACRS,0.7574,609.07,461.31,2606,"High Risk, Lower Value",Automated retention campaign or targeted offer
2626-URJFX,0.7574,608.82,461.12,2607,"High Risk, Lower Value",Automated retention campaign or targeted offer
5295-PCJOO,0.7574,608.21,460.66,2608,"High Risk, Lower Value",Automated retention campaign or targeted offer
0623-GDISB,0.7574,607.75,460.31,2609,"High Risk, Lower Value",Automated retention campaign or targeted offer
2391-SOORI,0.7574,606.32,459.23,2610,"High Risk, Lower Value",Automated retention campaign or targeted offer
9992-UJOEL,0.7574,606.1,459.06,2611,"High Risk, Lower Value",Automated retention campaign or targeted offer
0067-DKWBL,0.7574,605.8,458.83,2612,"High Risk, Lower Value",Automated retention campaign or targeted offer
2235-ZGKPT,0.7574,605.78,458.82,2613,"High Risk, Lower Value",Automated retention campaign or targeted offer
1794-HBQTJ,0.7574,605.74,458.79,2614,"High Risk, Lower Value",Automated retention campaign or targeted offer
0374-AACSZ,0.7574,605.46,458.58,2615,"High Risk, Lower Value",Automated retention campaign or targeted offer
1453-RZFON,0.7574,604.91,458.16,2616,"High Risk, Lower Value",Automated retention campaign or targeted offer
0322-YINQP,0.7574,604.89,458.14,2617,"High Risk, Lower Value",Automated retention campaign or targeted offer
6689-KXGBO,0.7574,604.67,457.98,2618,"High Risk, Lower Value",Automated retention campaign or targeted offer
8280-MQRQN,0.7574,604.16,457.59,2619,"High Risk, Lower Value",Automated retention campaign or targeted offer
6608-QQLVK,0.7574,602.97,456.69,2620,"High Risk, Lower Value",Automated retention campaign or targeted offer
1660-HSOOQ,0.7574,602.76,456.53,2621,"High Risk, Lower Value",Automated retention campaign or targeted offer
5071-FBJFS,0.7574,602.72,456.5,2622,"High Risk, Lower Value",Automated retention campaign or targeted offer
4749-VFKVB,0.7574,602.67,456.46,2623,"High Risk, Lower Value",Automated retention campaign or targeted offer
2108-YKQTY,0.7574,602.57,456.39,2624,"High Risk, Lower Value",Automated retention campaign or targeted offer
5375-XLDOF,0.2643,1726.79,456.39,2625,Valuable but Stable,Monitor and maintain relationship
5047-LHVLY,0.7574,601.65,455.69,2626,"High Risk, Lower Value",Automated retention campaign or targeted offer
7377-DMMRI,0.7574,601.59,455.64,2627,"High Risk, Lower Value",Automated retention campaign or targeted offer
2722-JMONI,0.7574,601.2,455.35,2628,"High Risk, Lower Value",Automated retention campaign or targeted offer
4130-MZLCC,0.7574,601.0,455.2,2629,"High Risk, Lower Value",Automated retention campaign or targeted offer
1845-ZLLIG,0.7574,600.42,454.76,2630,"High Risk, Lower Value",Automated retention campaign or targeted offer
6876-ADESB,0.7574,599.81,454.3,2631,"High Risk, Lower Value",Automated retention campaign or targeted offer
8064-RAVOH,0.7574,599.79,454.28,2632,"High Risk, Lower Value",Automated retention campaign or targeted offer
8286-AFUYI,0.7574,599.41,453.99,2633,"High Risk, Lower Value",Automated retention campaign or targeted offer
1557-EMYVT,0.2643,1717.01,453.81,2634,Valuable but Stable,Monitor and maintain relationship
7442-YGZFK,0.7574,599.06,453.73,2635,"High Risk, Lower Value",Automated retention campaign or targeted offer
2323-ARSVR,0.2643,1712.86,452.71,2636,Valuable but Stable,Monitor and maintain relationship
1406-PUQVY,0.7574,597.34,452.43,2637,"High Risk, Lower Value",Automated retention campaign or targeted offer
2075-RMJIK,0.7574,597.16,452.29,2638,"High Risk, Lower Value",Automated retention campaign or targeted offer
3334-CTHOL,0.7574,597.1,452.24,2639,"High Risk, Lower Value",Automated retention campaign or targeted offer
8085-MSNLK,0.2643,1709.77,451.89,2640,Valuable but Stable,Monitor and maintain relationship
0248-IPDFW,0.7574,596.34,451.67,2641,"High Risk, Lower Value",Automated retention campaign or targeted offer
7663-CUXZB,0.2643,1708.24,451.49,2642,Valuable but Stable,Monitor and maintain relationship
8445-DNBAE,0.7574,596.03,451.43,2643,"High Risk, Lower Value",Automated retention campaign or targeted offer
9462-MJUAW,0.7574,595.34,450.91,2644,"High Risk, Lower Value",Automated retention campaign or targeted offer
7767-UXAGJ,0.7574,595.33,450.9,2645,"High Risk, Lower Value",Automated retention campaign or targeted offer
2740-TVLFN,0.7574,594.93,450.6,2646,"High Risk, Lower Value",Automated retention campaign or targeted offer
9026-RNUJS,0.7574,594.38,450.18,2647,"High Risk, Lower Value",Automated retention campaign or targeted offer
4223-WOZCM,0.7574,593.72,449.68,2648,"High Risk, Lower Value",Automated retention campaign or targeted offer
7740-BTPUX,0.2643,1701.33,449.66,2649,Valuable but Stable,Monitor and maintain relationship
8992-JQYUN,0.7574,593.56,449.56,2650,"High Risk, Lower Value",Automated retention campaign or targeted offer
5207-PLSTK,0.7574,593.34,449.4,2651,"High Risk, Lower Value",Automated retention campaign or targeted offer
7250-EQKIY,0.7574,593.31,449.37,2652,"High Risk, Lower Value",Automated retention campaign or targeted offer
3097-NNSPB,0.7574,592.94,449.09,2653,"High Risk, Lower Value",Automated retention campaign or targeted offer
1471-GIQKQ,0.7574,592.73,448.93,2654,"High Risk, Lower Value",Automated retention campaign or targeted offer
7339-POGZN,0.7574,592.36,448.65,2655,"High Risk, Lower Value",Automated retention campaign or targeted offer
0734-OXWBT,0.5086,882.08,448.63,2656,Low Priority,No immediate intervention
2585-KTFRE,0.5086,882.06,448.62,2657,Low Priority,No immediate intervention
8265-HKSOW,0.2643,1697.13,448.55,2658,Valuable but Stable,Monitor and maintain relationship
4065-JJAVA,0.7574,591.28,447.84,2659,"High Risk, Lower Value",Automated retention campaign or targeted offer
9752-ZNQUT,0.7574,591.23,447.8,2660,"High Risk, Lower Value",Automated retention campaign or targeted offer
9631-XEYKE,0.7574,591.07,447.68,2661,"High Risk, Lower Value",Automated retention campaign or targeted offer
7579-OOPEC,0.7574,591.02,447.64,2662,"High Risk, Lower Value",Automated retention campaign or targeted offer
2773-OVBPK,0.2643,1692.92,447.44,2663,Valuable but Stable,Monitor and maintain relationship
2419-FSORS,0.2643,1691.81,447.15,2664,Valuable but Stable,Monitor and maintain relationship
3022-BEXHZ,0.2643,1691.78,447.14,2665,Valuable but Stable,Monitor and maintain relationship
8348-HFYIV,0.7574,589.88,446.78,2666,"High Risk, Lower Value",Automated retention campaign or targeted offer
6304-IJFSQ,0.7574,588.86,446.0,2667,"High Risk, Lower Value",Automated retention campaign or targeted offer
5896-NPFWW,0.7574,588.68,445.87,2668,"High Risk, Lower Value",Automated retention campaign or targeted offer
5968-VXZLG,0.7574,588.58,445.79,2669,"High Risk, Lower Value",Automated retention campaign or targeted offer
3234-VKACU,0.5086,875.86,445.46,2670,Low Priority,No immediate intervention
8591-TKMZH,0.2643,1684.9,445.32,2671,Valuable but Stable,Monitor and maintain relationship
6308-CQRBU,0.2643,1683.35,444.91,2672,Valuable but Stable,Monitor and maintain relationship
1163-VIPRI,0.2643,1683.28,444.89,2673,Valuable but Stable,Monitor and maintain relationship
9786-IJYDL,0.2643,1683.08,444.84,2674,Valuable but Stable,Monitor and maintain relationship
2632-IVXVF,0.2643,1682.39,444.66,2675,Valuable but Stable,Monitor and maintain relationship
1891-QRQSA,0.2643,1682.39,444.66,2676,Valuable but Stable,Monitor and maintain relationship
1226-UDFZR,0.7574,586.58,444.28,2677,"High Risk, Lower Value",Automated retention campaign or targeted offer
2277-VWCNI,0.7574,585.83,443.71,2678,"High Risk, Lower Value",Automated retention campaign or targeted offer
1150-WFARN,0.2643,1678.45,443.61,2679,Valuable but Stable,Monitor and maintain relationship
3612-YUNGG,0.2643,1677.01,443.23,2680,Valuable but Stable,Monitor and maintain relationship
0136-IFMYD,0.2643,1676.92,443.21,2681,Valuable but Stable,Monitor and maintain relationship
4056-QHXHZ,0.2643,1676.86,443.19,2682,Valuable but Stable,Monitor and maintain relationship
5514-YQENT,0.2643,1676.29,443.04,2683,Valuable but Stable,Monitor and maintain relationship
2636-OHFMN,0.7574,584.65,442.81,2684,"High Risk, Lower Value",Automated retention campaign or targeted offer
7317-GGVPB,0.2643,1674.84,442.66,2685,Valuable but Stable,Monitor and maintain relationship
8878-HMWBV,0.7574,584.26,442.52,2686,"High Risk, Lower Value",Automated retention campaign or targeted offer
6993-YCOBK,0.2643,1673.4,442.28,2687,Valuable but Stable,Monitor and maintain relationship
8071-SBTRN,0.2643,1673.25,442.24,2688,Valuable but Stable,Monitor and maintain relationship
3090-HAWSU,0.2643,1672.56,442.06,2689,Valuable but Stable,Monitor and maintain relationship
5668-MEISB,0.2643,1670.04,441.39,2690,Valuable but Stable,Monitor and maintain relationship
5948-UJZLF,0.7574,582.72,441.35,2691,"High Risk, Lower Value",Automated retention campaign or targeted offer
9734-UYXQI,0.7574,582.45,441.15,2692,"High Risk, Lower Value",Automated retention campaign or targeted offer
7593-XFKDI,0.7574,582.32,441.05,2693,"High Risk, Lower Value",Automated retention campaign or targeted offer
8805-JNRAZ,0.7574,581.94,440.76,2694,"High Risk, Lower Value",Automated retention campaign or targeted offer
9048-JVYVF,0.5086,866.22,440.56,2695,Low Priority,No immediate intervention
8707-HOEDG,0.2643,1664.34,439.89,2696,Valuable but Stable,Monitor and maintain relationship
1456-TWCGB,0.7574,580.72,439.84,2697,"High Risk, Lower Value",Automated retention campaign or targeted offer
6185-TASNN,0.7574,580.49,439.66,2698,"High Risk, Lower Value",Automated retention campaign or targeted offer
5055-BRMNE,0.2643,1661.41,439.11,2699,Valuable but Stable,Monitor and maintain relationship
4616-ULAOA,0.2643,1659.82,438.69,2700,Valuable but Stable,Monitor and maintain relationship
6297-NOOPG,0.2643,1659.64,438.64,2701,Valuable but Stable,Monitor and maintain relationship
0181-RITDD,0.2643,1658.65,438.38,2702,Valuable but Stable,Monitor and maintain relationship
4627-MIHJH,0.2643,1657.47,438.07,2703,Valuable but Stable,Monitor and maintain relationship
0224-HJAPT,0.7574,578.29,438.0,2704,"High Risk, Lower Value",Automated retention campaign or targeted offer
5236-PERKL,0.2643,1656.48,437.81,2705,Valuable but Stable,Monitor and maintain relationship
0254-FNMCI,0.2643,1656.15,437.72,2706,Valuable but Stable,Monitor and maintain relationship
2798-NYLMZ,0.2643,1654.28,437.23,2707,Valuable but Stable,Monitor and maintain relationship
1936-UAFEH,0.2643,1651.73,436.55,2708,Valuable but Stable,Monitor and maintain relationship
8819-ZBYNA,0.2643,1651.53,436.5,2709,Valuable but Stable,Monitor and maintain relationship
4778-IZARL,0.2643,1651.06,436.38,2710,Valuable but Stable,Monitor and maintain relationship
8099-MZPUJ,0.2643,1650.36,436.19,2711,Valuable but Stable,Monitor and maintain relationship
3729-OWRVL,0.2643,1650.16,436.14,2712,Valuable but Stable,Monitor and maintain relationship
5574-NXZIU,0.2643,1649.01,435.83,2713,Valuable but Stable,Monitor and maintain relationship
9330-VOFSZ,0.2643,1648.64,435.74,2714,Valuable but Stable,Monitor and maintain relationship
1409-PHXTF,0.2643,1645.66,434.95,2715,Valuable but Stable,Monitor and maintain relationship
5013-SBUIH,0.2643,1641.35,433.81,2716,Valuable but Stable,Monitor and maintain relationship
6804-GDMOI,0.2643,1640.22,433.51,2717,Valuable but Stable,Monitor and maintain relationship
3192-NQECA,0.2643,1640.0,433.45,2718,Valuable but Stable,Monitor and maintain relationship
1725-IQNIY,0.2643,1638.61,433.08,2719,Valuable but Stable,Monitor and maintain relationship
9405-GPBBG,0.2643,1636.39,432.5,2720,Valuable but Stable,Monitor and maintain relationship
2307-FYNNL,0.2643,1636.22,432.45,2721,Valuable but Stable,Monitor and maintain relationship
7868-TMWMZ,0.2643,1634.22,431.92,2722,Valuable but Stable,Monitor and maintain relationship
5161-UBZXI,0.2643,1633.79,431.81,2723,Valuable but Stable,Monitor and maintain relationship
1428-IEDPR,0.2643,1631.65,431.25,2724,Valuable but Stable,Monitor and maintain relationship
9488-FYQAU,0.2643,1629.91,430.79,2725,Valuable but Stable,Monitor and maintain relationship
2789-CZANW,0.2643,1629.27,430.62,2726,Valuable but Stable,Monitor and maintain relationship
0868-VJRDR,0.2643,1629.3,430.62,2727,Valuable but Stable,Monitor and maintain relationship
1452-UZOSF,0.2643,1627.23,430.08,2728,Valuable but Stable,Monitor and maintain relationship
8901-UPRHR,0.2643,1626.1,429.78,2729,Valuable but Stable,Monitor and maintain relationship
5440-FLBQG,0.2643,1625.35,429.58,2730,Valuable but Stable,Monitor and maintain relationship
6990-YNRIO,0.2643,1620.8,428.38,2731,Valuable but Stable,Monitor and maintain relationship
2001-MCUUW,0.2643,1620.39,428.27,2732,Valuable but Stable,Monitor and maintain relationship
2834-JRTUA,0.2643,1619.26,427.97,2733,Valuable but Stable,Monitor and maintain relationship
5153-LXKDT,0.2643,1618.16,427.68,2734,Valuable but Stable,Monitor and maintain relationship
1053-MXTTK,0.2643,1616.73,427.3,2735,Valuable but Stable,Monitor and maintain relationship
7519-JTWQH,0.2643,1615.65,427.02,2736,Valuable but Stable,Monitor and maintain relationship
0345-XMMUG,0.2643,1615.3,426.92,2737,Valuable but Stable,Monitor and maintain relationship
1400-WIVLL,0.2643,1615.26,426.91,2738,Valuable but Stable,Monitor and maintain relationship
3766-EJLFL,0.2643,1614.3,426.66,2739,Valuable but Stable,Monitor and maintain relationship
3244-CQPHU,0.2643,1613.75,426.51,2740,Valuable but Stable,Monitor and maintain relationship
7446-KQISO,0.2643,1613.24,426.38,2741,Valuable but Stable,Monitor and maintain relationship
4119-ZYPZY,0.2643,1610.56,425.67,2742,Valuable but Stable,Monitor and maintain relationship
2272-WUSPA,0.2643,1610.38,425.62,2743,Valuable but Stable,Monitor and maintain relationship
6519-ZHPXP,0.2643,1610.14,425.56,2744,Valuable but Stable,Monitor and maintain relationship
2651-ZCBXV,0.2643,1608.98,425.25,2745,Valuable but Stable,Monitor and maintain relationship
4683-WYDOU,0.2643,1607.7,424.92,2746,Valuable but Stable,Monitor and maintain relationship
4016-BJKTZ,0.2643,1607.72,424.92,2747,Valuable but Stable,Monitor and maintain relationship
2984-TBYKU,0.2643,1606.29,424.54,2748,Valuable but Stable,Monitor and maintain relationship
3096-YXENJ,0.2643,1604.79,424.15,2749,Valuable but Stable,Monitor and maintain relationship
7572-KPVKK,0.2643,1603.62,423.84,2750,Valuable but Stable,Monitor and maintain relationship
8041-TMEID,0.2643,1602.53,423.55,2751,Valuable but Stable,Monitor and maintain relationship
8024-XNAFQ,0.2643,1601.65,423.32,2752,Valuable but Stable,Monitor and maintain relationship
6048-UWKAL,0.2643,1600.68,423.06,2753,Valuable but Stable,Monitor and maintain relationship
5855-EIBDE,0.2643,1599.73,422.81,2754,Valuable but Stable,Monitor and maintain relationship
6733-LRIZX,0.2643,1599.56,422.76,2755,Valuable but Stable,Monitor and maintain relationship
2100-BDNSN,0.5086,831.1,422.7,2756,Low Priority,No immediate intervention
6257-DTAYD,0.2643,1596.72,422.01,2757,Valuable but Stable,Monitor and maintain relationship
8777-MBMTS,0.2643,1596.36,421.92,2758,Valuable but Stable,Monitor and maintain relationship
3363-DTIVD,0.2643,1594.48,421.42,2759,Valuable but Stable,Monitor and maintain relationship
0862-PRCBS,0.2643,1593.06,421.05,2760,Valuable but Stable,Monitor and maintain relationship
4389-UEFCZ,0.2643,1592.84,420.99,2761,Valuable but Stable,Monitor and maintain relationship
4853-RULSV,0.2643,1591.96,420.76,2762,Valuable but Stable,Monitor and maintain relationship
9558-IHEZX,0.2643,1591.57,420.65,2763,Valuable but Stable,Monitor and maintain relationship
3374-TTZTK,0.2643,1588.6,419.87,2764,Valuable but Stable,Monitor and maintain relationship
8984-EYLLL,0.2643,1588.39,419.81,2765,Valuable but Stable,Monitor and maintain relationship
7762-URZQH,0.2643,1587.92,419.69,2766,Valuable but Stable,Monitor and maintain relationship
5795-KTGUD,0.2643,1585.95,419.17,2767,Valuable but Stable,Monitor and maintain relationship
2988-QRAJY,0.2643,1585.02,418.92,2768,Valuable but Stable,Monitor and maintain relationship
2664-XJZNO,0.2643,1584.19,418.7,2769,Valuable but Stable,Monitor and maintain relationship
6734-FQAJX,0.2643,1582.84,418.34,2770,Valuable but Stable,Monitor and maintain relationship
6374-NTQLP,0.2643,1581.71,418.05,2771,Valuable but Stable,Monitor and maintain relationship
5748-RNCJT,0.2643,1580.45,417.71,2772,Valuable but Stable,Monitor and maintain relationship
3617-XLSGQ,0.2643,1580.06,417.61,2773,Valuable but Stable,Monitor and maintain relationship
3259-FDWOY,0.2643,1578.12,417.1,2774,Valuable but Stable,Monitor and maintain relationship
4129-LYCOI,0.2643,1577.73,416.99,2775,Valuable but Stable,Monitor and maintain relationship
3186-AJIEK,0.2643,1577.31,416.88,2776,Valuable but Stable,Monitor and maintain relationship
8107-RZLNV,0.2643,1576.94,416.79,2777,Valuable but Stable,Monitor and maintain relationship
9586-JGQKH,0.2643,1576.94,416.79,2778,Valuable but Stable,Monitor and maintain relationship
3669-OYSJI,0.7574,549.65,416.3,2779,"High Risk, Lower Value",Automated retention campaign or targeted offer
0392-BZIUW,0.2643,1573.54,415.89,2780,Valuable but Stable,Monitor and maintain relationship
9958-MEKUC,0.2643,1571.64,415.38,2781,Valuable but Stable,Monitor and maintain relationship
6386-SZZKH,0.2643,1571.53,415.36,2782,Valuable but Stable,Monitor and maintain relationship
3407-JMJQQ,0.2643,1570.28,415.03,2783,Valuable but Stable,Monitor and maintain relationship
4816-JBHOV,0.7574,547.96,415.02,2784,"High Risk, Lower Value",Automated retention campaign or targeted offer
9959-WOFKT,0.2643,1566.77,414.1,2785,Valuable but Stable,Monitor and maintain relationship
0699-NDKJM,0.5335,775.38,413.67,2786,Low Priority,No immediate intervention
0678-RLHVP,0.2643,1564.95,413.62,2787,Valuable but Stable,Monitor and maintain relationship
5089-IFSDP,0.2643,1564.72,413.56,2788,Valuable but Stable,Monitor and maintain relationship
4043-MKDTV,0.2643,1563.37,413.2,2789,Valuable but Stable,Monitor and maintain relationship
7036-TYDEC,0.2643,1561.32,412.66,2790,Valuable but Stable,Monitor and maintain relationship
4373-VVHQL,0.7574,544.78,412.62,2791,"High Risk, Lower Value",Automated retention campaign or targeted offer
2001-EWBQU,0.2643,1560.55,412.45,2792,Valuable but Stable,Monitor and maintain relationship
8660-BUETV,0.7574,544.22,412.19,2793,"High Risk, Lower Value",Automated retention campaign or targeted offer
8466-PZBLH,0.2643,1558.77,411.98,2794,Valuable but Stable,Monitor and maintain relationship
0266-CLZKZ,0.2643,1558.45,411.9,2795,Valuable but Stable,Monitor and maintain relationship
2672-OJQZP,0.7574,543.58,411.71,2796,"High Risk, Lower Value",Automated retention campaign or targeted offer
0853-TWRVK,0.2643,1557.54,411.66,2797,Valuable but Stable,Monitor and maintain relationship
9761-XUJWD,0.5086,808.55,411.23,2798,Low Priority,No immediate intervention
9076-AXYIK,0.2643,1555.88,411.22,2799,Valuable but Stable,Monitor and maintain relationship
6817-WTYHE,0.7574,542.9,411.19,2800,"High Risk, Lower Value",Automated retention campaign or targeted offer
1090-ESELR,0.2643,1555.17,411.03,2801,Valuable but Stable,Monitor and maintain relationship
7905-TVXTA,0.5086,808.14,411.02,2802,Low Priority,No immediate intervention
9570-KYEUA,0.2643,1554.75,410.92,2803,Valuable but Stable,Monitor and maintain relationship
9588-OZDMQ,0.7574,542.46,410.86,2804,"High Risk, Lower Value",Automated retention campaign or targeted offer
7675-OZCZG,0.7574,542.44,410.84,2805,"High Risk, Lower Value",Automated retention campaign or targeted offer
6127-IYJOZ,0.7574,542.44,410.84,2806,"High Risk, Lower Value",Automated retention campaign or targeted offer
4847-QNOKA,0.7574,542.33,410.76,2807,"High Risk, Lower Value",Automated retention campaign or targeted offer
9448-REEVD,0.7574,542.29,410.73,2808,"High Risk, Lower Value",Automated retention campaign or targeted offer
8705-WZCYL,0.7574,541.91,410.44,2809,"High Risk, Lower Value",Automated retention campaign or targeted offer
2737-WFVYW,0.7574,541.64,410.24,2810,"High Risk, Lower Value",Automated retention campaign or targeted offer
7825-GKXMW,0.7574,541.49,410.12,2811,"High Risk, Lower Value",Automated retention campaign or targeted offer
9828-AOQLM,0.7574,541.44,410.09,2812,"High Risk, Lower Value",Automated retention campaign or targeted offer
5133-POWUA,0.7574,541.36,410.03,2813,"High Risk, Lower Value",Automated retention campaign or targeted offer
4237-RLAQD,0.7574,541.31,409.99,2814,"High Risk, Lower Value",Automated retention campaign or targeted offer
8710-YGLWG,0.7574,541.3,409.98,2815,"High Risk, Lower Value",Automated retention campaign or targeted offer
3165-HDOEW,0.7574,541.3,409.98,2816,"High Risk, Lower Value",Automated retention campaign or targeted offer
6837-HAEVO,0.2643,1550.94,409.91,2817,Valuable but Stable,Monitor and maintain relationship
4208-UFFGW,0.7574,541.15,409.87,2818,"High Risk, Lower Value",Automated retention campaign or targeted offer
6583-SZVGP,0.2643,1550.74,409.86,2819,Valuable but Stable,Monitor and maintain relationship
6128-CZOMY,0.7574,541.04,409.78,2820,"High Risk, Lower Value",Automated retention campaign or targeted offer
1576-PFZIW,0.2643,1550.3,409.74,2821,Valuable but Stable,Monitor and maintain relationship
8356-WUAOJ,0.7574,540.98,409.74,2822,"High Risk, Lower Value",Automated retention campaign or targeted offer
6519-CFDBX,0.7574,540.85,409.64,2823,"High Risk, Lower Value",Automated retention campaign or targeted offer
3413-BMNZE,0.7574,540.84,409.63,2824,"High Risk, Lower Value",Automated retention campaign or targeted offer
1589-AGTLK,0.7574,540.74,409.56,2825,"High Risk, Lower Value",Automated retention campaign or targeted offer
5365-LLFYV,0.7574,540.72,409.54,2826,"High Risk, Lower Value",Automated retention campaign or targeted offer
4671-LXRDQ,0.7574,540.63,409.47,2827,"High Risk, Lower Value",Automated retention campaign or targeted offer
0322-CHQRU,0.7574,540.54,409.4,2828,"High Risk, Lower Value",Automated retention campaign or targeted offer
9117-SHLZX,0.7574,540.51,409.38,2829,"High Risk, Lower Value",Automated retention campaign or targeted offer
2082-CEFLT,0.7574,540.51,409.38,2830,"High Risk, Lower Value",Automated retention campaign or targeted offer
2135-RXIHG,0.7574,540.51,409.38,2831,"High Risk, Lower Value",Automated retention campaign or targeted offer
0887-HJGAR,0.7574,540.51,409.38,2832,"High Risk, Lower Value",Automated retention campaign or targeted offer
2521-NPUZR,0.2643,1548.61,409.3,2833,Valuable but Stable,Monitor and maintain relationship
6616-AALSR,0.2643,1548.62,409.3,2834,Valuable but Stable,Monitor and maintain relationship
7359-PTSXY,0.7574,540.37,409.28,2835,"High Risk, Lower Value",Automated retention campaign or targeted offer
4706-DGAHW,0.7574,540.36,409.27,2836,"High Risk, Lower Value",Automated retention campaign or targeted offer
2275-RBYQS,0.7574,540.16,409.12,2837,"High Risk, Lower Value",Automated retention campaign or targeted offer
5692-FPTAH,0.7574,540.16,409.12,2838,"High Risk, Lower Value",Automated retention campaign or targeted offer
4537-DKTAL,0.7574,540.13,409.09,2839,"High Risk, Lower Value",Automated retention campaign or targeted offer
1501-SGHBW,0.7574,540.06,409.04,2840,"High Risk, Lower Value",Automated retention campaign or targeted offer
1621-YNCJH,0.2643,1547.64,409.04,2841,Valuable but Stable,Monitor and maintain relationship
8950-MTZNV,0.7574,539.99,408.99,2842,"High Risk, Lower Value",Automated retention campaign or targeted offer
3317-HRTNN,0.7574,539.91,408.93,2843,"High Risk, Lower Value",Automated retention campaign or targeted offer
3566-HJGPK,0.7574,539.91,408.93,2844,"High Risk, Lower Value",Automated retention campaign or targeted offer
5077-DXTCG,0.7574,539.72,408.78,2845,"High Risk, Lower Value",Automated retention campaign or targeted offer
2962-XPMCQ,0.7574,539.67,408.75,2846,"High Risk, Lower Value",Automated retention campaign or targeted offer
7568-PODML,0.7574,539.64,408.72,2847,"High Risk, Lower Value",Automated retention campaign or targeted offer
8080-DDEMJ,0.7574,539.62,408.71,2848,"High Risk, Lower Value",Automated retention campaign or targeted offer
3278-FSIXX,0.7574,539.38,408.53,2849,"High Risk, Lower Value",Automated retention campaign or targeted offer
4193-ORFCL,0.7574,539.33,408.49,2850,"High Risk, Lower Value",Automated retention campaign or targeted offer
9244-ZVAPM,0.7574,539.16,408.36,2851,"High Risk, Lower Value",Automated retention campaign or targeted offer
7065-YUNRY,0.7574,539.13,408.34,2852,"High Risk, Lower Value",Automated retention campaign or targeted offer
0479-HMSWA,0.2643,1544.93,408.32,2853,Valuable but Stable,Monitor and maintain relationship
7754-IXRMC,0.7574,539.05,408.28,2854,"High Risk, Lower Value",Automated retention campaign or targeted offer
4061-UKJWL,0.7574,538.99,408.23,2855,"High Risk, Lower Value",Automated retention campaign or targeted offer
1612-EOHDH,0.7574,538.62,407.95,2856,"High Risk, Lower Value",Automated retention campaign or targeted offer
8847-GEOOQ,0.5335,764.65,407.94,2857,Low Priority,No immediate intervention
3926-CUQZX,0.7574,538.42,407.8,2858,"High Risk, Lower Value",Automated retention campaign or targeted offer
6050-FFXES,0.2643,1542.75,407.75,2859,Valuable but Stable,Monitor and maintain relationship
9625-QNLUX,0.2643,1542.59,407.71,2860,Valuable but Stable,Monitor and maintain relationship
6582-OIVSP,0.7574,538.14,407.59,2861,"High Risk, Lower Value",Automated retention campaign or targeted offer
1963-SVUCV,0.7574,537.86,407.38,2862,"High Risk, Lower Value",Automated retention campaign or targeted offer
5552-ZNFSJ,0.7574,537.86,407.38,2863,"High Risk, Lower Value",Automated retention campaign or targeted offer
7252-NTGSS,0.7574,537.77,407.31,2864,"High Risk, Lower Value",Automated retention campaign or targeted offer
5696-QURRL,0.7574,537.6,407.18,2865,"High Risk, Lower Value",Automated retention campaign or targeted offer
7615-ESMYF,0.7574,537.54,407.13,2866,"High Risk, Lower Value",Automated retention campaign or targeted offer
0295-QVKPB,0.5086,800.37,407.07,2867,Low Priority,No immediate intervention
0401-WDBXM,0.2643,1540.09,407.05,2868,Valuable but Stable,Monitor and maintain relationship
1230-QAJDW,0.5086,800.02,406.89,2869,Low Priority,No immediate intervention
2833-SLKDQ,0.7574,536.93,406.67,2870,"High Risk, Lower Value",Automated retention campaign or targeted offer
0374-IOEGQ,0.7574,536.69,406.49,2871,"High Risk, Lower Value",Automated retention campaign or targeted offer
5965-GGPRW,0.2643,1537.17,406.27,2872,Valuable but Stable,Monitor and maintain relationship
4432-ADRLB,0.7574,536.27,406.17,2873,"High Risk, Lower Value",Automated retention campaign or targeted offer
4959-JOSRX,0.7574,536.25,406.16,2874,"High Risk, Lower Value",Automated retention campaign or targeted offer
0960-HUWBM,0.2643,1536.68,406.14,2875,Valuable but Stable,Monitor and maintain relationship
2842-JTCCU,0.7574,536.16,406.09,2876,"High Risk, Lower Value",Automated retention campaign or targeted offer
7054-LGEQW,0.7574,536.15,406.08,2877,"High Risk, Lower Value",Automated retention campaign or targeted offer
5173-WXOQV,0.5086,798.43,406.08,2878,Low Priority,No immediate intervention
4710-NKCAW,0.5086,798.27,406.0,2879,Low Priority,No immediate intervention
3552-CTCYF,0.2643,1535.67,405.88,2880,Valuable but Stable,Monitor and maintain relationship
5103-MHMHY,0.7574,535.81,405.82,2881,"High Risk, Lower Value",Automated retention campaign or targeted offer
7881-EVUAD,0.7574,535.76,405.78,2882,"High Risk, Lower Value",Automated retention campaign or targeted offer
7396-VJUZB,0.7574,535.3,405.44,2883,"High Risk, Lower Value",Automated retention campaign or targeted offer
1728-BQDMA,0.7574,535.25,405.4,2884,"High Risk, Lower Value",Automated retention campaign or targeted offer
1976-CFOCS,0.7574,535.19,405.35,2885,"High Risk, Lower Value",Automated retention campaign or targeted offer
8659-IOOPU,0.2643,1533.62,405.34,2886,Valuable but Stable,Monitor and maintain relationship
6749-UTDVX,0.2643,1532.47,405.03,2887,Valuable but Stable,Monitor and maintain relationship
4146-SVFUD,0.7574,534.73,405.0,2888,"High Risk, Lower Value",Automated retention campaign or targeted offer
2637-FKFSY,0.7574,534.64,404.94,2889,"High Risk, Lower Value",Automated retention campaign or targeted offer
5193-QLVZB,0.2643,1531.52,404.78,2890,Valuable but Stable,Monitor and maintain relationship
8180-AKMJV,0.7574,534.39,404.75,2891,"High Risk, Lower Value",Automated retention campaign or targeted offer
7729-JTEEC,0.7574,534.38,404.74,2892,"High Risk, Lower Value",Automated retention campaign or targeted offer
2530-FMFXO,0.2643,1530.93,404.62,2893,Valuable but Stable,Monitor and maintain relationship
7841-TZDMQ,0.7574,534.21,404.61,2894,"High Risk, Lower Value",Automated retention campaign or targeted offer
2927-CVULT,0.2643,1530.8,404.59,2895,Valuable but Stable,Monitor and maintain relationship
3597-YASZG,0.2643,1530.68,404.56,2896,Valuable but Stable,Monitor and maintain relationship
7516-GMHUV,0.2643,1529.99,404.38,2897,Valuable but Stable,Monitor and maintain relationship
3137-LUPIX,0.5086,795.0,404.34,2898,Low Priority,No immediate intervention
4378-MYPGO,0.2643,1529.58,404.27,2899,Valuable but Stable,Monitor and maintain relationship
1564-HJUVY,0.5086,794.68,404.17,2900,Low Priority,No immediate intervention
4199-QHJNM,0.2643,1529.18,404.16,2901,Valuable but Stable,Monitor and maintain relationship
3197-NNYNB,0.2643,1529.18,404.16,2902,Valuable but Stable,Monitor and maintain relationship
4686-GEFRM,0.2643,1528.41,403.96,2903,Valuable but Stable,Monitor and maintain relationship
6595-COKXZ,0.7574,533.18,403.83,2904,"High Risk, Lower Value",Automated retention campaign or targeted offer
2480-SQIOB,0.7574,533.11,403.78,2905,"High Risk, Lower Value",Automated retention campaign or targeted offer
4398-HSCJH,0.5086,793.65,403.65,2906,Low Priority,No immediate intervention
0917-EZOLA,0.2643,1526.56,403.47,2907,Valuable but Stable,Monitor and maintain relationship
7005-CYUIL,0.2643,1525.42,403.17,2908,Valuable but Stable,Monitor and maintain relationship
2324-EFHVG,0.2643,1523.51,402.66,2909,Valuable but Stable,Monitor and maintain relationship
2878-RMWXY,0.2643,1523.47,402.65,2910,Valuable but Stable,Monitor and maintain relationship
8229-TNIQA,0.7574,531.4,402.48,2911,"High Risk, Lower Value",Automated retention campaign or targeted offer
2903-YYTBW,0.7574,531.29,402.4,2912,"High Risk, Lower Value",Automated retention campaign or targeted offer
6766-HFKLA,0.2643,1522.27,402.34,2913,Valuable but Stable,Monitor and maintain relationship
9938-TKDGL,0.2643,1522.01,402.27,2914,Valuable but Stable,Monitor and maintain relationship
7182-OVLBJ,0.2643,1521.66,402.17,2915,Valuable but Stable,Monitor and maintain relationship
6603-QWSPR,0.2643,1521.52,402.14,2916,Valuable but Stable,Monitor and maintain relationship
2495-INZWQ,0.7574,530.92,402.12,2917,"High Risk, Lower Value",Automated retention campaign or targeted offer
3859-CVCET,0.7574,530.85,402.07,2918,"High Risk, Lower Value",Automated retention campaign or targeted offer
7521-AFHAB,0.7574,530.61,401.88,2919,"High Risk, Lower Value",Automated retention campaign or targeted offer
1478-VPOAD,0.7574,530.5,401.8,2920,"High Risk, Lower Value",Automated retention campaign or targeted offer
5172-MIGPM,0.5086,789.59,401.59,2921,Low Priority,No immediate intervention
7663-YJHSN,0.2643,1519.14,401.51,2922,Valuable but Stable,Monitor and maintain relationship
9348-YVOMK,0.7574,530.12,401.51,2923,"High Risk, Lower Value",Automated retention campaign or targeted offer
2831-EBWRN,0.7574,529.85,401.31,2924,"High Risk, Lower Value",Automated retention campaign or targeted offer
8809-RIHDD,0.2643,1518.36,401.3,2925,Valuable but Stable,Monitor and maintain relationship
5858-EAFCZ,0.7574,529.54,401.07,2926,"High Risk, Lower Value",Automated retention campaign or targeted offer
0320-DWVTU,0.2643,1517.28,401.02,2927,Valuable but Stable,Monitor and maintain relationship
5696-CEIQJ,0.2643,1517.05,400.96,2928,Valuable but Stable,Monitor and maintain relationship
4957-TREIR,0.5086,788.22,400.89,2929,Low Priority,No immediate intervention
5716-EZXZN,0.2643,1516.48,400.81,2930,Valuable but Stable,Monitor and maintain relationship
5453-YBTWV,0.2643,1516.22,400.74,2931,Valuable but Stable,Monitor and maintain relationship
0742-LAFQK,0.2643,1516.13,400.71,2932,Valuable but Stable,Monitor and maintain relationship
6999-CHVCF,0.2643,1515.79,400.62,2933,Valuable but Stable,Monitor and maintain relationship
0415-MOSGF,0.7574,528.56,400.33,2934,"High Risk, Lower Value",Automated retention campaign or targeted offer
5360-LJCNJ,0.2643,1514.42,400.26,2935,Valuable but Stable,Monitor and maintain relationship
7208-PSIHR,0.2643,1514.37,400.25,2936,Valuable but Stable,Monitor and maintain relationship
7730-CLDSV,0.2643,1514.05,400.16,2937,Valuable but Stable,Monitor and maintain relationship
1809-DMJHQ,0.7574,528.16,400.03,2938,"High Risk, Lower Value",Automated retention campaign or targeted offer
6145-NNPNO,0.7574,528.05,399.95,2939,"High Risk, Lower Value",Automated retention campaign or targeted offer
2718-GAXQD,0.7574,528.01,399.91,2940,"High Risk, Lower Value",Automated retention campaign or targeted offer
3798-EPWRR,0.7574,527.79,399.75,2941,"High Risk, Lower Value",Automated retention campaign or targeted offer
8809-XKHMD,0.2643,1511.79,399.57,2942,Valuable but Stable,Monitor and maintain relationship
5175-AOBHI,0.7574,527.43,399.48,2943,"High Risk, Lower Value",Automated retention campaign or targeted offer
1635-FJFCC,0.7574,527.05,399.19,2944,"High Risk, Lower Value",Automated retention campaign or targeted offer
0201-MIBOL,0.2643,1509.42,398.94,2945,Valuable but Stable,Monitor and maintain relationship
4361-JEIVL,0.7574,526.64,398.88,2946,"High Risk, Lower Value",Automated retention campaign or targeted offer
1895-QTKDO,0.7574,526.61,398.85,2947,"High Risk, Lower Value",Automated retention campaign or targeted offer
0224-RLWWD,0.7574,526.59,398.84,2948,"High Risk, Lower Value",Automated retention campaign or targeted offer
4855-SNKMY,0.7574,526.51,398.78,2949,"High Risk, Lower Value",Automated retention campaign or targeted offer
4884-TVUQF,0.2643,1508.07,398.58,2950,Valuable but Stable,Monitor and maintain relationship
6680-NENYN,0.2643,1508.02,398.57,2951,Valuable but Stable,Monitor and maintain relationship
5286-YHCVC,0.2643,1507.95,398.55,2952,Valuable but Stable,Monitor and maintain relationship
9028-LIHRP,0.2643,1506.83,398.26,2953,Valuable but Stable,Monitor and maintain relationship
7963-GQRMY,0.7574,525.78,398.23,2954,"High Risk, Lower Value",Automated retention campaign or targeted offer
7878-JGDKK,0.7574,525.64,398.12,2955,"High Risk, Lower Value",Automated retention campaign or targeted offer
6142-VSJQO,0.7574,525.36,397.91,2956,"High Risk, Lower Value",Automated retention campaign or targeted offer
6650-VJONK,0.7574,525.05,397.67,2957,"High Risk, Lower Value",Automated retention campaign or targeted offer
6702-OHFWR,0.7574,524.71,397.42,2958,"High Risk, Lower Value",Automated retention campaign or targeted offer
6982-SSHFK,0.7574,524.4,397.18,2959,"High Risk, Lower Value",Automated retention campaign or targeted offer
3085-QUOZK,0.7574,524.03,396.9,2960,"High Risk, Lower Value",Automated retention campaign or targeted offer
3133-PZNSR,0.2643,1500.16,396.49,2961,Valuable but Stable,Monitor and maintain relationship
8089-UZWLX,0.2643,1499.96,396.44,2962,Valuable but Stable,Monitor and maintain relationship
0887-WBJVH,0.2946,1345.29,396.32,2963,Valuable but Stable,Monitor and maintain relationship
3754-DXMRT,0.7574,523.05,396.16,2964,"High Risk, Lower Value",Automated retention campaign or targeted offer
2045-BMBTJ,0.5335,741.86,395.78,2965,Low Priority,No immediate intervention
2372-HWUHI,0.7574,522.44,395.7,2966,"High Risk, Lower Value",Automated retention campaign or targeted offer
9214-EKVXR,0.7574,522.39,395.66,2967,"High Risk, Lower Value",Automated retention campaign or targeted offer
6207-WIOLX,0.5335,740.29,394.94,2968,Low Priority,No immediate intervention
3961-SXAXY,0.7574,520.58,394.29,2969,"High Risk, Lower Value",Automated retention campaign or targeted offer
9432-RUVSL,0.2643,1491.41,394.18,2970,Valuable but Stable,Monitor and maintain relationship
1942-OQFRW,0.7574,520.38,394.14,2971,"High Risk, Lower Value",Automated retention campaign or targeted offer
5522-JBWMO,0.7574,520.2,394.0,2972,"High Risk, Lower Value",Automated retention campaign or targeted offer
2019-HDCZY,0.2643,1489.62,393.71,2973,Valuable but Stable,Monitor and maintain relationship
5356-CSVSQ,0.5086,773.7,393.5,2974,Low Priority,No immediate intervention
0572-ZJKLT,0.2643,1488.47,393.4,2975,Valuable but Stable,Monitor and maintain relationship
7587-RZNME,0.7574,519.27,393.3,2976,"High Risk, Lower Value",Automated retention campaign or targeted offer
6242-FEGFD,0.2643,1487.61,393.18,2977,Valuable but Stable,Monitor and maintain relationship
8720-RQSBJ,0.7574,518.6,392.79,2978,"High Risk, Lower Value",Automated retention campaign or targeted offer
6959-UWKHF,0.7574,518.37,392.61,2979,"High Risk, Lower Value",Automated retention campaign or targeted offer
4822-LPTYJ,0.2643,1485.1,392.51,2980,Valuable but Stable,Monitor and maintain relationship
5630-AHZIL,0.5086,770.99,392.13,2981,Low Priority,No immediate intervention
6196-HBOBZ,0.2643,1481.52,391.57,2982,Valuable but Stable,Monitor and maintain relationship
7663-RGWBC,0.7574,516.03,390.84,2983,"High Risk, Lower Value",Automated retention campaign or targeted offer
1930-QPBVZ,0.2643,1478.0,390.64,2984,Valuable but Stable,Monitor and maintain relationship
5154-VEKBL,0.5335,732.22,390.64,2985,Low Priority,No immediate intervention
2277-BKJKN,0.2643,1476.6,390.27,2986,Valuable but Stable,Monitor and maintain relationship
0727-BNRLG,0.2643,1476.29,390.18,2987,Valuable but Stable,Monitor and maintain relationship
0665-XHDJU,0.2643,1476.04,390.12,2988,Valuable but Stable,Monitor and maintain relationship
1470-PSXNM,0.2946,1323.58,389.93,2989,Valuable but Stable,Monitor and maintain relationship
0082-LDZUE,0.7574,514.77,389.89,2990,"High Risk, Lower Value",Automated retention campaign or targeted offer
9644-KVCNC,0.2946,1323.34,389.86,2991,Valuable but Stable,Monitor and maintain relationship
1830-GGFNM,0.2643,1475.04,389.85,2992,Valuable but Stable,Monitor and maintain relationship
0274-JKUJR,0.5335,730.02,389.47,2993,Low Priority,No immediate intervention
5781-BKHOP,0.2643,1473.57,389.46,2994,Valuable but Stable,Monitor and maintain relationship
6234-RAAPL,0.2643,1472.07,389.07,2995,Valuable but Stable,Monitor and maintain relationship
6797-LNAQX,0.2643,1470.31,388.6,2996,Valuable but Stable,Monitor and maintain relationship
6463-HHXJR,0.2643,1469.77,388.46,2997,Valuable but Stable,Monitor and maintain relationship
1937-OTUKY,0.2643,1469.18,388.3,2998,Valuable but Stable,Monitor and maintain relationship
5312-IRCFR,0.2946,1317.53,388.14,2999,Valuable but Stable,Monitor and maintain relationship
9848-JQJTX,0.2643,1467.28,387.8,3000,Valuable but Stable,Monitor and maintain relationship
1325-USMEC,0.2643,1466.31,387.55,3001,Valuable but Stable,Monitor and maintain relationship
1545-JFUML,0.2643,1465.59,387.36,3002,Valuable but Stable,Monitor and maintain relationship
8929-KSWIH,0.2643,1465.22,387.26,3003,Valuable but Stable,Monitor and maintain relationship
7954-MLBUN,0.2643,1464.89,387.17,3004,Valuable but Stable,Monitor and maintain relationship
5663-QBGIS,0.2643,1464.38,387.04,3005,Valuable but Stable,Monitor and maintain relationship
3230-JCNZS,0.2643,1464.3,387.01,3006,Valuable but Stable,Monitor and maintain relationship
5887-IKKYO,0.2643,1462.51,386.54,3007,Valuable but Stable,Monitor and maintain relationship
3716-LRGXK,0.2643,1462.11,386.44,3008,Valuable but Stable,Monitor and maintain relationship
1095-WGNGG,0.2643,1460.23,385.94,3009,Valuable but Stable,Monitor and maintain relationship
0019-EFAEP,0.2643,1459.78,385.82,3010,Valuable but Stable,Monitor and maintain relationship
3070-BDOQC,0.2643,1459.49,385.74,3011,Valuable but Stable,Monitor and maintain relationship
8646-JCOMS,0.2946,1309.02,385.64,3012,Valuable but Stable,Monitor and maintain relationship
7273-TEFQD,0.7574,508.91,385.45,3013,"High Risk, Lower Value",Automated retention campaign or targeted offer
4419-UJMUS,0.2643,1458.14,385.39,3014,Valuable but Stable,Monitor and maintain relationship
3392-EHMNK,0.2643,1458.11,385.38,3015,Valuable but Stable,Monitor and maintain relationship
0356-OBMAC,0.2643,1458.13,385.38,3016,Valuable but Stable,Monitor and maintain relationship
6176-YJWAS,0.2643,1457.17,385.13,3017,Valuable but Stable,Monitor and maintain relationship
5229-DTFYB,0.2643,1456.81,385.03,3018,Valuable but Stable,Monitor and maintain relationship
4159-NAAIX,0.2643,1456.56,384.97,3019,Valuable but Stable,Monitor and maintain relationship
5090-EMGTC,0.2643,1454.09,384.32,3020,Valuable but Stable,Monitor and maintain relationship
3134-DSHVC,0.2643,1452.44,383.88,3021,Valuable but Stable,Monitor and maintain relationship
4049-ZPALD,0.2643,1452.02,383.77,3022,Valuable but Stable,Monitor and maintain relationship
6719-FGEDO,0.2643,1451.72,383.69,3023,Valuable but Stable,Monitor and maintain relationship
5504-WSIUR,0.2946,1301.79,383.51,3024,Valuable but Stable,Monitor and maintain relationship
3705-RHRFR,0.2643,1450.23,383.3,3025,Valuable but Stable,Monitor and maintain relationship
7733-UDMTP,0.5335,717.47,382.77,3026,Low Priority,No immediate intervention
2225-ZRGSG,0.2643,1448.18,382.75,3027,Valuable but Stable,Monitor and maintain relationship
5482-NUPNA,0.5086,752.51,382.73,3028,Low Priority,No immediate intervention
3164-YAXFY,0.5335,715.8,381.88,3029,Low Priority,No immediate intervention
5278-PNYOX,0.2643,1443.86,381.61,3030,Valuable but Stable,Monitor and maintain relationship
8250-ZNGGW,0.5086,749.1,380.99,3031,Low Priority,No immediate intervention
4797-AXPXK,0.5086,748.81,380.84,3032,Low Priority,No immediate intervention
4184-VODJZ,0.2946,1292.12,380.66,3033,Valuable but Stable,Monitor and maintain relationship
7820-ZYGNY,0.2946,1291.7,380.53,3034,Valuable but Stable,Monitor and maintain relationship
2578-JQPHZ,0.2643,1439.75,380.53,3035,Valuable but Stable,Monitor and maintain relationship
8152-VETUR,0.2643,1439.53,380.47,3036,Valuable but Stable,Monitor and maintain relationship
5327-CNLUQ,0.2643,1438.47,380.19,3037,Valuable but Stable,Monitor and maintain relationship
1582-RAFML,0.5086,746.73,379.79,3038,Low Priority,No immediate intervention
3896-RCYYE,0.5335,711.81,379.75,3039,Low Priority,No immediate intervention
7641-TQFHN,0.2643,1435.69,379.45,3040,Valuable but Stable,Monitor and maintain relationship
0716-BQNDX,0.2643,1435.63,379.44,3041,Valuable but Stable,Monitor and maintain relationship
5149-CUZUJ,0.2946,1287.7,379.36,3042,Valuable but Stable,Monitor and maintain relationship
1116-DXXDF,0.2643,1431.81,378.43,3043,Valuable but Stable,Monitor and maintain relationship
6103-LIANB,0.2643,1430.52,378.09,3044,Valuable but Stable,Monitor and maintain relationship
4713-ZBURT,0.2643,1430.37,378.05,3045,Valuable but Stable,Monitor and maintain relationship
9933-QRGTX,0.2643,1427.81,377.37,3046,Valuable but Stable,Monitor and maintain relationship
6211-WWLTF,0.2643,1427.29,377.23,3047,Valuable but Stable,Monitor and maintain relationship
4366-CTOUZ,0.2643,1423.76,376.3,3048,Valuable but Stable,Monitor and maintain relationship
2057-BOYKM,0.2643,1423.52,376.24,3049,Valuable but Stable,Monitor and maintain relationship
8216-AZUUZ,0.2643,1423.44,376.22,3050,Valuable but Stable,Monitor and maintain relationship
2190-PHBHR,0.2643,1422.88,376.07,3051,Valuable but Stable,Monitor and maintain relationship
7402-PWYJJ,0.2946,1276.03,375.92,3052,Valuable but Stable,Monitor and maintain relationship
4701-AHWMW,0.5335,704.31,375.75,3053,Low Priority,No immediate intervention
9128-CPXKI,0.2643,1421.28,375.64,3054,Valuable but Stable,Monitor and maintain relationship
9514-JDSKI,0.7574,495.77,375.5,3055,"High Risk, Lower Value",Automated retention campaign or targeted offer
3841-NFECX,0.2643,1419.97,375.3,3056,Valuable but Stable,Monitor and maintain relationship
8417-GSODA,0.2946,1273.76,375.25,3057,Valuable but Stable,Monitor and maintain relationship
6313-GIDIT,0.5335,703.22,375.17,3058,Low Priority,No immediate intervention
5693-PIPCS,0.2643,1418.5,374.91,3059,Valuable but Stable,Monitor and maintain relationship
6244-BESBM,0.2643,1415.14,374.02,3060,Valuable but Stable,Monitor and maintain relationship
4024-CSNBY,0.2643,1414.95,373.97,3061,Valuable but Stable,Monitor and maintain relationship
1527-SXDPN,0.2643,1413.97,373.71,3062,Valuable but Stable,Monitor and maintain relationship
1710-RCXUS,0.2946,1267.87,373.51,3063,Valuable but Stable,Monitor and maintain relationship
3528-HFRIQ,0.5335,699.64,373.26,3064,Low Priority,No immediate intervention
4423-JWZJN,0.2946,1266.68,373.16,3065,Valuable but Stable,Monitor and maintain relationship
7375-WMVMT,0.2643,1411.28,373.0,3066,Valuable but Stable,Monitor and maintain relationship
5949-EBSQK,0.5086,733.0,372.8,3067,Low Priority,No immediate intervention
3043-TYBNO,0.5086,732.18,372.39,3068,Low Priority,No immediate intervention
6035-RIIOM,0.2643,1408.59,372.29,3069,Valuable but Stable,Monitor and maintain relationship
9715-WZCLW,0.2643,1406.6,371.76,3070,Valuable but Stable,Monitor and maintain relationship
1304-SEGFY,0.2643,1406.08,371.63,3071,Valuable but Stable,Monitor and maintain relationship
9419-IPPBE,0.2946,1261.27,371.57,3072,Valuable but Stable,Monitor and maintain relationship
0048-LUMLS,0.2946,1260.83,371.44,3073,Valuable but Stable,Monitor and maintain relationship
6838-YAUVY,0.2643,1404.91,371.32,3074,Valuable but Stable,Monitor and maintain relationship
7395-XWZOY,0.5335,696.0,371.32,3075,Low Priority,No immediate intervention
5968-XQIVE,0.2946,1260.31,371.29,3076,Valuable but Stable,Monitor and maintain relationship
2853-CWQFQ,0.5086,730.0,371.28,3077,Low Priority,No immediate intervention
5198-EFNBM,0.2946,1260.13,371.23,3078,Valuable but Stable,Monitor and maintain relationship
8779-QRDMV,0.7574,490.02,371.14,3079,"High Risk, Lower Value",Automated retention campaign or targeted offer
8639-NHQEI,0.2643,1403.67,370.99,3080,Valuable but Stable,Monitor and maintain relationship
2533-QVMSK,0.2643,1403.46,370.93,3081,Valuable but Stable,Monitor and maintain relationship
0815-MFZGM,0.2643,1403.35,370.91,3082,Valuable but Stable,Monitor and maintain relationship
3104-OWCGK,0.2946,1258.85,370.86,3083,Valuable but Stable,Monitor and maintain relationship
8174-TBVCF,0.2643,1403.0,370.81,3084,Valuable but Stable,Monitor and maintain relationship
0020-INWCK,0.2643,1400.78,370.23,3085,Valuable but Stable,Monitor and maintain relationship
7765-LWVVH,0.2643,1398.93,369.74,3086,Valuable but Stable,Monitor and maintain relationship
1541-ETJZO,0.5086,726.28,369.39,3087,Low Priority,No immediate intervention
5998-DZLYR,0.2643,1396.82,369.18,3088,Valuable but Stable,Monitor and maintain relationship
2911-UREFD,0.5335,691.93,369.14,3089,Low Priority,No immediate intervention
3736-BLEPA,0.2946,1252.86,369.09,3090,Valuable but Stable,Monitor and maintain relationship
9505-SQFSW,0.7574,487.15,368.97,3091,"High Risk, Lower Value",Automated retention campaign or targeted offer
1548-ARAGG,0.5086,724.72,368.59,3092,Low Priority,No immediate intervention
6128-AQBMT,0.5335,690.31,368.28,3093,Low Priority,No immediate intervention
7432-FFVAR,0.2946,1250.11,368.28,3094,Valuable but Stable,Monitor and maintain relationship
5669-SRAIP,0.7574,485.53,367.74,3095,"High Risk, Lower Value",Automated retention campaign or targeted offer
8405-IGQFX,0.2946,1246.85,367.32,3096,Valuable but Stable,Monitor and maintain relationship
2434-EEVDB,0.2643,1389.28,367.19,3097,Valuable but Stable,Monitor and maintain relationship
2460-FPSYH,0.5335,687.96,367.03,3098,Low Priority,No immediate intervention
9412-ARGBX,0.2643,1388.12,366.88,3099,Valuable but Stable,Monitor and maintain relationship
9522-BNTHX,0.5335,687.46,366.76,3100,Low Priority,No immediate intervention
6397-JNZZG,0.5335,686.89,366.46,3101,Low Priority,No immediate intervention
6038-GCYEC,0.5335,686.77,366.39,3102,Low Priority,No immediate intervention
6338-AVWCY,0.7574,483.3,366.05,3103,"High Risk, Lower Value",Automated retention campaign or targeted offer
0431-APWVY,0.2946,1242.47,366.03,3104,Valuable but Stable,Monitor and maintain relationship
1492-QGCLU,0.3256,1122.33,365.43,3105,Low Priority,No immediate intervention
2519-ERQOJ,0.5335,684.8,365.34,3106,Low Priority,No immediate intervention
1447-PJGGA,0.2643,1381.33,365.09,3107,Valuable but Stable,Monitor and maintain relationship
2530-ENDWQ,0.2643,1379.75,364.67,3108,Valuable but Stable,Monitor and maintain relationship
6322-PJJDJ,0.2643,1378.48,364.33,3109,Valuable but Stable,Monitor and maintain relationship
8645-KWHJO,0.5335,682.8,364.27,3110,Low Priority,No immediate intervention
0292-WEGCH,0.3256,1118.78,364.27,3111,Low Priority,No immediate intervention
8313-KTIHG,0.5086,715.59,363.95,3112,Low Priority,No immediate intervention
8679-LZBMD,0.2946,1233.52,363.39,3113,Valuable but Stable,Monitor and maintain relationship
1174-FGIFN,0.2946,1232.76,363.17,3114,Valuable but Stable,Monitor and maintain relationship
3092-IGHWF,0.2946,1231.67,362.85,3115,Valuable but Stable,Monitor and maintain relationship
6473-ULUHT,0.3256,1113.92,362.69,3116,Low Priority,No immediate intervention
9501-UKKNL,0.5335,678.33,361.89,3117,Low Priority,No immediate intervention
9206-GVPEQ,0.5335,677.91,361.66,3118,Low Priority,No immediate intervention
7989-VCQOH,0.3256,1108.99,361.09,3119,Low Priority,No immediate intervention
4607-CHPCA,0.2946,1221.21,359.77,3120,Valuable but Stable,Monitor and maintain relationship
3694-DELSO,0.7574,474.59,359.45,3121,"High Risk, Lower Value",Automated retention campaign or targeted offer
4619-EVPHY,0.2946,1219.13,359.16,3122,Valuable but Stable,Monitor and maintain relationship
7826-VVKWT,0.2643,1358.47,359.04,3123,Valuable but Stable,Monitor and maintain relationship
5161-XEUVX,0.2643,1353.24,357.66,3124,Valuable but Stable,Monitor and maintain relationship
9774-NRNAU,0.3256,1097.49,357.34,3125,Low Priority,No immediate intervention
1707-HABPF,0.2946,1211.12,356.8,3126,Valuable but Stable,Monitor and maintain relationship
7661-CPURM,0.2946,1210.47,356.6,3127,Valuable but Stable,Monitor and maintain relationship
9831-BPFRI,0.2946,1209.6,356.35,3128,Valuable but Stable,Monitor and maintain relationship
6668-CNMFP,0.2946,1207.8,355.82,3129,Valuable but Stable,Monitor and maintain relationship
4274-DRSQT,0.2946,1206.82,355.53,3130,Valuable but Stable,Monitor and maintain relationship
1334-PDUKM,0.2946,1205.3,355.08,3131,Valuable but Stable,Monitor and maintain relationship
6906-MPARY,0.2946,1204.53,354.85,3132,Valuable but Stable,Monitor and maintain relationship
4355-CVPVS,0.2946,1204.48,354.84,3133,Valuable but Stable,Monitor and maintain relationship
4908-XAXAY,0.2946,1203.86,354.66,3134,Valuable but Stable,Monitor and maintain relationship
5198-HQAEN,0.2946,1202.58,354.28,3135,Valuable but Stable,Monitor and maintain relationship
6568-POCUI,0.2643,1339.37,354.0,3136,Valuable but Stable,Monitor and maintain relationship
3313-QKNKB,0.2946,1200.23,353.59,3137,Valuable but Stable,Monitor and maintain relationship
8465-SBRXP,0.2643,1337.08,353.39,3138,Valuable but Stable,Monitor and maintain relationship
7964-ZRKKG,0.2946,1199.3,353.31,3139,Low Priority,No immediate intervention
4685-ERGHK,0.2946,1196.63,352.53,3140,Low Priority,No immediate intervention
1142-IHLOO,0.2946,1196.07,352.36,3141,Low Priority,No immediate intervention
9391-DXGGG,0.2946,1194.73,351.97,3142,Low Priority,No immediate intervention
4482-FTFFX,0.5086,691.64,351.77,3143,Low Priority,No immediate intervention
6486-LHTMA,0.2946,1193.42,351.58,3144,Low Priority,No immediate intervention
7025-IWFHT,0.2946,1191.85,351.12,3145,Low Priority,No immediate intervention
2432-TFSMK,0.2946,1188.59,350.16,3146,Low Priority,No immediate intervention
7055-HNEOJ,0.5086,687.57,349.7,3147,Low Priority,No immediate intervention
6345-ULYRW,0.2946,1186.76,349.62,3148,Low Priority,No immediate intervention
1024-KPRBB,0.2946,1186.31,349.49,3149,Low Priority,No immediate intervention
8217-QYOHV,0.5086,686.64,349.23,3150,Low Priority,No immediate intervention
3733-UOCWF,0.2946,1184.87,349.06,3151,Low Priority,No immediate intervention
2252-ISRNH,0.2946,1184.38,348.92,3152,Low Priority,No immediate intervention
0822-QGCXA,0.3256,1070.15,348.44,3153,Low Priority,No immediate intervention
6921-OZMFH,0.5086,684.85,348.31,3154,Low Priority,No immediate intervention
3709-OIJEA,0.2946,1182.21,348.28,3155,Low Priority,No immediate intervention
4002-BQWPQ,0.3256,1069.51,348.23,3156,Low Priority,No immediate intervention
9938-EKRGF,0.3256,1069.25,348.15,3157,Low Priority,No immediate intervention
8731-WBBMB,0.3256,1067.53,347.59,3158,Low Priority,No immediate intervention
2294-SALNE,0.2946,1178.44,347.17,3159,Low Priority,No immediate intervention
2957-JIRMN,0.2946,1177.11,346.78,3160,Low Priority,No immediate intervention
8976-OQHGT,0.5086,681.41,346.57,3161,Low Priority,No immediate intervention
5686-CMAWK,0.2946,1173.42,345.69,3162,Low Priority,No immediate intervention
9711-FJTBX,0.2946,1172.55,345.43,3163,Low Priority,No immediate intervention
9978-HYCIN,0.2946,1169.97,344.67,3164,Low Priority,No immediate intervention
8812-ZRHFP,0.2946,1168.63,344.28,3165,Low Priority,No immediate intervention
2330-PQGDQ,0.2946,1168.2,344.15,3166,Low Priority,No immediate intervention
1036-GUDCL,0.3256,1056.72,344.07,3167,Low Priority,No immediate intervention
7925-PNRGI,0.3256,1055.31,343.61,3168,Low Priority,No immediate intervention
4277-UDIEF,0.3256,1054.46,343.33,3169,Low Priority,No immediate intervention
5651-CRHKQ,0.2946,1164.13,342.95,3170,Low Priority,No immediate intervention
2959-EEXWB,0.5335,640.3,341.6,3171,Low Priority,No immediate intervention
4628-WQCQQ,0.2946,1158.99,341.44,3172,Low Priority,No immediate intervention
4646-QZXTF,0.3256,1047.89,341.19,3173,Low Priority,No immediate intervention
0516-WJVXC,0.5086,670.11,340.82,3174,Low Priority,No immediate intervention
0870-VEMYL,0.5086,669.79,340.66,3175,Low Priority,No immediate intervention
3620-MWJNE,0.5086,669.1,340.3,3176,Low Priority,No immediate intervention
9677-AVKED,0.2946,1153.9,339.94,3177,Low Priority,No immediate intervention
3347-YJZZE,0.3256,1043.26,339.69,3178,Low Priority,No immediate intervention
3751-KTZEL,0.7574,448.23,339.49,3179,"High Risk, Lower Value",Automated retention campaign or targeted offer
2363-BJLSL,0.3256,1041.83,339.22,3180,Low Priority,No immediate intervention
7997-EASSD,0.2946,1150.47,338.93,3181,Low Priority,No immediate intervention
4851-BQDNX,0.2946,1149.83,338.74,3182,Low Priority,No immediate intervention
1136-XGEQU,0.2946,1148.77,338.43,3183,Low Priority,No immediate intervention
5311-IHLEI,0.5335,633.63,338.04,3184,Low Priority,No immediate intervention
9667-TKTVZ,0.5086,664.24,337.83,3185,Low Priority,No immediate intervention
0723-FDLAY,0.2946,1146.66,337.81,3186,Low Priority,No immediate intervention
0807-ZABDG,0.5086,663.87,337.64,3187,Low Priority,No immediate intervention
3621-CHYVB,0.5335,632.38,337.37,3188,Low Priority,No immediate intervention
9732-KPKBW,0.5086,662.72,337.06,3189,Low Priority,No immediate intervention
7075-BNDVQ,0.7574,444.34,336.54,3190,"High Risk, Lower Value",Automated retention campaign or targeted offer
2091-MJTFX,0.5335,630.8,336.53,3191,Low Priority,No immediate intervention
9170-GYZJC,0.3256,1031.81,335.96,3192,Low Priority,No immediate intervention
5759-RCVCB,0.7574,443.45,335.87,3193,"High Risk, Lower Value",Automated retention campaign or targeted offer
1625-JAIIY,0.2946,1140.02,335.85,3194,Low Priority,No immediate intervention
3714-XPXBW,0.3256,1030.66,335.58,3195,Low Priority,No immediate intervention
6092-QZVPP,0.3256,1030.56,335.55,3196,Low Priority,No immediate intervention
2485-ITVKB,0.7574,442.83,335.4,3197,"High Risk, Lower Value",Automated retention campaign or targeted offer
3841-CONLJ,0.7574,442.55,335.19,3198,"High Risk, Lower Value",Automated retention campaign or targeted offer
7890-VYYWG,0.7574,442.11,334.85,3199,"High Risk, Lower Value",Automated retention campaign or targeted offer
2868-LLSKM,0.2946,1136.61,334.85,3200,Low Priority,No immediate intervention
7246-ZGQDF,0.5086,658.28,334.8,3201,Low Priority,No immediate intervention
2108-XWMPY,0.7574,441.54,334.42,3202,"High Risk, Lower Value",Automated retention campaign or targeted offer
8198-RKSZG,0.3256,1026.91,334.36,3203,Low Priority,No immediate intervention
7854-FOKSF,0.7574,441.0,334.01,3204,"High Risk, Lower Value",Automated retention campaign or targeted offer
2189-UXTKY,0.3256,1025.16,333.79,3205,Low Priority,No immediate intervention
4747-LCAQL,0.3256,1025.07,333.76,3206,Low Priority,No immediate intervention
0584-BJQGZ,0.3256,1025.0,333.74,3207,Low Priority,No immediate intervention
3577-AMVUX,0.5086,655.2,333.23,3208,Low Priority,No immediate intervention
7384-GHBPI,0.7574,439.64,332.98,3209,"High Risk, Lower Value",Automated retention campaign or targeted offer
1740-CSDJP,0.7574,439.04,332.53,3210,"High Risk, Lower Value",Automated retention campaign or targeted offer
7156-MXBJE,0.2946,1127.51,332.16,3211,Low Priority,No immediate intervention
5208-HFSBT,0.5086,652.81,332.02,3212,Low Priority,No immediate intervention
0841-NULXI,0.7574,437.66,331.48,3213,"High Risk, Lower Value",Automated retention campaign or targeted offer
3091-FYHKI,0.7574,437.55,331.4,3214,"High Risk, Lower Value",Automated retention campaign or targeted offer
3050-GBUSH,0.7574,436.9,330.91,3215,"High Risk, Lower Value",Automated retention campaign or targeted offer
5378-IKEEG,0.7574,436.79,330.82,3216,"High Risk, Lower Value",Automated retention campaign or targeted offer
5307-UVGNB,0.5335,619.78,330.65,3217,Low Priority,No immediate intervention
8008-HAWED,0.5335,619.53,330.52,3218,Low Priority,No immediate intervention
3776-EKTKM,0.7574,436.37,330.51,3219,"High Risk, Lower Value",Automated retention campaign or targeted offer
8108-UXRQN,0.5335,618.02,329.71,3220,Low Priority,No immediate intervention
4450-YOOHP,0.5335,617.42,329.39,3221,Low Priority,No immediate intervention
7595-EHCDL,0.5335,616.79,329.06,3222,Low Priority,No immediate intervention
4678-DVQEO,0.5086,646.97,329.05,3223,Low Priority,No immediate intervention
3282-ZISZV,0.2946,1116.82,329.02,3224,Low Priority,No immediate intervention
5073-WXOYN,0.5335,616.48,328.89,3225,Low Priority,No immediate intervention
0523-VNGTF,0.5335,615.93,328.6,3226,Low Priority,No immediate intervention
7716-YTYHG,0.2946,1115.17,328.53,3227,Low Priority,No immediate intervention
5057-LCOUI,0.5335,615.52,328.38,3228,Low Priority,No immediate intervention
9738-QLWTP,0.2946,1113.82,328.13,3229,Low Priority,No immediate intervention
7351-MHQVU,0.5335,614.6,327.89,3230,Low Priority,No immediate intervention
4869-EPIUS,0.2946,1111.72,327.51,3231,Low Priority,No immediate intervention
9693-XMUOB,0.5335,613.79,327.46,3232,Low Priority,No immediate intervention
1853-ARAAQ,0.5335,613.5,327.3,3233,Low Priority,No immediate intervention
2582-FFFZR,0.5335,613.23,327.16,3234,Low Priority,No immediate intervention
7176-WIONM,0.5335,612.67,326.86,3235,Low Priority,No immediate intervention
2040-OBMLJ,0.2946,1109.44,326.84,3236,Low Priority,No immediate intervention
7470-MCQTK,0.5335,612.35,326.69,3237,Low Priority,No immediate intervention
2896-TBNBE,0.2946,1108.07,326.44,3238,Low Priority,No immediate intervention
0222-CNVPT,0.5335,611.69,326.34,3239,Low Priority,No immediate intervention
6869-FGJJC,0.2946,1105.49,325.68,3240,Low Priority,No immediate intervention
3160-TYXLT,0.5335,610.42,325.66,3241,Low Priority,No immediate intervention
0822-GAVAP,0.7574,429.68,325.44,3242,"High Risk, Lower Value",Automated retention campaign or targeted offer
5593-SUAOO,0.2946,1104.21,325.3,3243,Low Priority,No immediate intervention
3707-LRWZD,0.2946,1104.11,325.27,3244,Low Priority,No immediate intervention
0980-PVMRC,0.5335,609.18,325.0,3245,Low Priority,No immediate intervention
1356-MKYSK,0.3256,997.67,324.84,3246,Low Priority,No immediate intervention
0375-HVGXO,0.7574,428.43,324.49,3247,"High Risk, Lower Value",Automated retention campaign or targeted offer
6581-NQCBA,0.5335,608.01,324.37,3248,Low Priority,No immediate intervention
2027-OAQQC,0.5335,608.0,324.37,3249,Low Priority,No immediate intervention
0549-CYCQN,0.2946,1100.34,324.16,3250,Low Priority,No immediate intervention
9039-RBEEE,0.5335,606.87,323.77,3251,Low Priority,No immediate intervention
0233-FTHAV,0.2946,1098.54,323.63,3252,Low Priority,No immediate intervention
0212-ISBBF,0.5335,606.38,323.5,3253,Low Priority,No immediate intervention
1100-DDVRV,0.5335,606.1,323.35,3254,Low Priority,No immediate intervention
5343-SGUBI,0.2946,1096.31,322.97,3255,Low Priority,No immediate intervention
3806-DXQOM,0.7574,426.24,322.83,3256,"High Risk, Lower Value",Automated retention campaign or targeted offer
2054-PJOCK,0.2946,1093.68,322.2,3257,Low Priority,No immediate intervention
9762-YAQAA,0.2946,1092.66,321.9,3258,Low Priority,No immediate intervention
5448-VWNAM,0.3256,986.72,321.28,3259,Low Priority,No immediate intervention
8231-BSWXX,0.2946,1089.1,320.85,3260,Low Priority,No immediate intervention
4759-PXTAN,0.2946,1089.07,320.84,3261,Low Priority,No immediate intervention
9470-RTWDV,0.2946,1089.04,320.83,3262,Low Priority,No immediate intervention
7895-VONWT,0.5335,600.43,320.33,3263,Low Priority,No immediate intervention
4692-NNQRU,0.2946,1087.32,320.32,3264,Low Priority,No immediate intervention
3346-BRMIS,0.5335,599.68,319.93,3265,Low Priority,No immediate intervention
2971-SGAFL,0.3256,981.47,319.57,3266,Low Priority,No immediate intervention
2402-TAIRZ,0.2946,1083.8,319.29,3267,Low Priority,No immediate intervention
3999-WRNGR,0.5335,598.47,319.28,3268,Low Priority,No immediate intervention
2625-TRCZQ,0.5335,598.42,319.26,3269,Low Priority,No immediate intervention
7674-YTAFD,0.2946,1083.57,319.22,3270,Low Priority,No immediate intervention
9107-UKCKY,0.2946,1081.99,318.75,3271,Low Priority,No immediate intervention
9373-WSLOY,0.5335,597.08,318.54,3272,Low Priority,No immediate intervention
3633-CDBUW,0.2946,1080.65,318.36,3273,Low Priority,No immediate intervention
7013-PSXHK,0.2946,1079.8,318.11,3274,Low Priority,No immediate intervention
6257-RJOHI,0.5086,625.01,317.88,3275,Low Priority,No immediate intervention
9637-EIHEQ,0.5086,624.92,317.83,3276,Low Priority,No immediate intervention
8652-YHIYU,0.2946,1078.4,317.7,3277,Low Priority,No immediate intervention
6476-YHMGA,0.3256,975.13,317.5,3278,Low Priority,No immediate intervention
4626-OZDTJ,0.2946,1076.57,317.16,3279,Low Priority,No immediate intervention
0823-HSCDJ,0.5335,594.36,317.09,3280,Low Priority,No immediate intervention
3230-WYKIR,0.2946,1075.56,316.86,3281,Low Priority,No immediate intervention
4256-ZWTZI,0.5086,622.0,316.35,3282,Low Priority,No immediate intervention
4950-BDEUX,0.5335,592.73,316.22,3283,Low Priority,No immediate intervention
0601-WZHJF,0.5335,591.5,315.57,3284,Low Priority,No immediate intervention
7240-ETPTR,0.5335,591.23,315.42,3285,Low Priority,No immediate intervention
8627-ZYGSZ,0.2946,1070.68,315.42,3286,Low Priority,No immediate intervention
1309-XGFSN,0.2946,1070.46,315.36,3287,Low Priority,No immediate intervention
1422-DGUBX,0.2946,1069.15,314.97,3288,Low Priority,No immediate intervention
1480-IVEVR,0.2946,1069.1,314.96,3289,Low Priority,No immediate intervention
4581-LNWUM,0.5335,589.86,314.69,3290,Low Priority,No immediate intervention
6302-JGYRJ,0.2946,1066.96,314.33,3291,Low Priority,No immediate intervention
0440-MOGPM,0.2946,1066.62,314.23,3292,Low Priority,No immediate intervention
4431-EDMIQ,0.3256,964.99,314.2,3293,Low Priority,No immediate intervention
9564-KCLHR,0.5086,617.75,314.19,3294,Low Priority,No immediate intervention
8648-PFRMP,0.5335,588.83,314.14,3295,Low Priority,No immediate intervention
1763-WQFUK,0.5086,617.21,313.91,3296,Low Priority,No immediate intervention
4026-SKKHW,0.5086,617.13,313.87,3297,Low Priority,No immediate intervention
6844-DZKRF,0.5086,616.89,313.75,3298,Low Priority,No immediate intervention
2272-UOINI,0.3256,962.96,313.54,3299,Low Priority,No immediate intervention
2486-WYVVE,0.2946,1061.91,312.84,3300,Low Priority,No immediate intervention
9239-ZBZZV,0.5335,584.52,311.84,3301,Low Priority,No immediate intervention
1163-ONYEY,0.3256,955.82,311.21,3302,Low Priority,No immediate intervention
1215-VFYVK,0.5086,611.54,311.03,3303,Low Priority,No immediate intervention
3780-DDGSE,0.3256,951.44,309.79,3304,Low Priority,No immediate intervention
4080-IIARD,0.3256,951.38,309.77,3305,Low Priority,No immediate intervention
9138-EFSMO,0.2946,1050.49,309.47,3306,Low Priority,No immediate intervention
6959-GQEGV,0.3256,950.37,309.44,3307,Low Priority,No immediate intervention
0661-KBKPA,0.2946,1049.85,309.29,3308,Low Priority,No immediate intervention
2607-FBDFF,0.5086,606.77,308.6,3309,Low Priority,No immediate intervention
7623-TRNQN,0.5086,606.73,308.58,3310,Low Priority,No immediate intervention
6848-YLDFR,0.2946,1046.65,308.34,3311,Low Priority,No immediate intervention
5393-HJZSM,0.3256,946.36,308.13,3312,Low Priority,No immediate intervention
7129-AZJDE,0.2946,1044.74,307.78,3313,Low Priority,No immediate intervention
2273-QCKXA,0.5086,604.97,307.69,3314,Low Priority,No immediate intervention
6574-MCOEH,0.2946,1044.44,307.69,3315,Low Priority,No immediate intervention
1536-HBSWP,0.5086,604.69,307.55,3316,Low Priority,No immediate intervention
6217-TOWGS,0.3256,943.35,307.15,3317,Low Priority,No immediate intervention
4468-YDOVK,0.5086,602.97,306.67,3318,Low Priority,No immediate intervention
4000-VGMQP,0.2946,1040.21,306.45,3319,Low Priority,No immediate intervention
2985-JUUBZ,0.3256,939.76,305.99,3320,Low Priority,No immediate intervention
9591-YVTEB,0.5335,573.41,305.91,3321,Low Priority,No immediate intervention
3716-UVSPD,0.5086,601.35,305.85,3322,Low Priority,No immediate intervention
8659-HDIYE,0.3256,938.24,305.49,3323,Low Priority,No immediate intervention
7175-NTIXE,0.3256,937.81,305.35,3324,Low Priority,No immediate intervention
0068-FIGTF,0.2946,1034.53,304.77,3325,Low Priority,No immediate intervention
0607-MVMGC,0.2946,1033.19,304.38,3326,Low Priority,No immediate intervention
9661-MHUMO,0.5086,598.2,304.24,3327,Low Priority,No immediate intervention
1096-ADRUX,0.2946,1031.05,303.75,3328,Low Priority,No immediate intervention
7696-AMHOD,0.2946,1030.74,303.66,3329,Low Priority,No immediate intervention
0191-ZHSKZ,0.3256,932.08,303.49,3330,Low Priority,No immediate intervention
8591-NXRCV,0.3256,931.88,303.42,3331,Low Priority,No immediate intervention
6137-MFAJN,0.5335,568.12,303.09,3332,Low Priority,No immediate intervention
8671-KKKOS,0.5335,568.09,303.08,3333,Low Priority,No immediate intervention
7088-FBAWU,0.3256,929.33,302.59,3334,Low Priority,No immediate intervention
8097-OMULG,0.2946,1026.49,302.4,3335,Low Priority,No immediate intervention
7163-OCEQI,0.2946,1024.43,301.8,3336,Low Priority,No immediate intervention
4369-NYSCF,0.2946,1023.58,301.55,3337,Low Priority,No immediate intervention
1121-QSIVB,0.2946,1022.59,301.26,3338,Low Priority,No immediate intervention
5949-HGVJL,0.3256,925.2,301.25,3339,Low Priority,No immediate intervention
6633-MPWBS,0.5086,592.05,301.12,3340,Low Priority,No immediate intervention
2474-LCNUE,0.3256,924.16,300.91,3341,Low Priority,No immediate intervention
0260-ZDLGK,0.3256,924.1,300.89,3342,Low Priority,No immediate intervention
4322-RCYMT,0.2946,1020.81,300.73,3343,Low Priority,No immediate intervention
7077-XJMET,0.3256,922.78,300.46,3344,Low Priority,No immediate intervention
9822-BIIGN,0.3256,922.18,300.26,3345,Low Priority,No immediate intervention
0742-MOABM,0.5086,589.92,300.03,3346,Low Priority,No immediate intervention
4013-UBXWQ,0.3256,921.28,299.97,3347,Low Priority,No immediate intervention
9086-YJYXS,0.2946,1018.22,299.97,3348,Low Priority,No immediate intervention
4139-JPIAM,0.5335,561.9,299.77,3349,Low Priority,No immediate intervention
1518-VOWAV,0.3256,920.07,299.57,3350,Low Priority,No immediate intervention
8851-RAGOV,0.3256,917.42,298.71,3351,Low Priority,No immediate intervention
2294-DMMUS,0.3256,917.23,298.65,3352,Low Priority,No immediate intervention
3132-TVFDZ,0.5335,559.61,298.55,3353,Low Priority,No immediate intervention
4524-QCSSM,0.5335,559.49,298.49,3354,Low Priority,No immediate intervention
0076-LVEPS,0.5335,557.76,297.56,3355,Low Priority,No immediate intervention
2616-UUTFK,0.3256,913.44,297.42,3356,Low Priority,No immediate intervention
7471-MQPOS,0.2946,1008.85,297.21,3357,Low Priority,No immediate intervention
6128-DAFVY,0.5335,556.58,296.94,3358,Low Priority,No immediate intervention
7136-IHZJA,0.3256,911.96,296.93,3359,Low Priority,No immediate intervention
0447-BEMNG,0.5335,556.41,296.84,3360,Low Priority,No immediate intervention
3445-HXXGF,0.5335,556.31,296.79,3361,Low Priority,No immediate intervention
2817-NTQDO,0.5335,556.25,296.76,3362,Low Priority,No immediate intervention
5046-NUHWD,0.5335,556.11,296.68,3363,Low Priority,No immediate intervention
0106-GHRQR,0.3256,910.61,296.49,3364,Low Priority,No immediate intervention
9169-BSVIN,0.3256,910.53,296.47,3365,Low Priority,No immediate intervention
0128-MKWSG,0.5335,555.31,296.26,3366,Low Priority,No immediate intervention
4489-SNOJF,0.3256,906.22,295.07,3367,Low Priority,No immediate intervention
5120-ZBLAI,0.2946,1000.18,294.65,3368,Low Priority,No immediate intervention
3585-YNADK,0.2946,999.9,294.57,3369,Low Priority,No immediate intervention
7217-JYHOQ,0.3256,903.71,294.25,3370,Low Priority,No immediate intervention
5337-IIWKZ,0.5335,551.26,294.1,3371,Low Priority,No immediate intervention
1410-RSCMR,0.3256,903.08,294.04,3372,Low Priority,No immediate intervention
5136-RGMZO,0.3256,902.96,294.0,3373,Low Priority,No immediate intervention
4726-DLWQN,0.3256,902.79,293.95,3374,Low Priority,No immediate intervention
8097-VBQTZ,0.3256,901.86,293.65,3375,Low Priority,No immediate intervention
0550-DCXLH,0.3256,901.74,293.61,3376,Low Priority,No immediate intervention
6211-WHMYA,0.5335,549.82,293.33,3377,Low Priority,No immediate intervention
4080-OGPJL,0.3256,900.1,293.07,3378,Low Priority,No immediate intervention
8756-RDDLT,0.5335,549.27,293.04,3379,Low Priority,No immediate intervention
5924-IFQTT,0.3256,899.85,292.99,3380,Low Priority,No immediate intervention
2157-MXBJS,0.2946,993.39,292.65,3381,Low Priority,No immediate intervention
9518-IMLHK,0.3256,898.49,292.55,3382,Low Priority,No immediate intervention
5832-TRLPB,0.2946,992.82,292.48,3383,Low Priority,No immediate intervention
9040-KZVWO,0.2946,991.24,292.02,3384,Low Priority,No immediate intervention
0749-IRGQE,0.5335,547.36,292.02,3385,Low Priority,No immediate intervention
5176-LDKUH,0.2946,990.17,291.7,3386,Low Priority,No immediate intervention
2478-EEWWM,0.5335,546.12,291.36,3387,Low Priority,No immediate intervention
4123-FCVCB,0.2946,988.13,291.1,3388,Low Priority,No immediate intervention
6243-OZGFH,0.5335,545.61,291.08,3389,Low Priority,No immediate intervention
5999-LCXAO,0.7574,384.19,290.99,3390,"High Risk, Lower Value",Automated retention campaign or targeted offer
1768-HNVGJ,0.3256,893.62,290.96,3391,Low Priority,No immediate intervention
7511-YMXVQ,0.5335,545.29,290.91,3392,Low Priority,No immediate intervention
4459-BBGHE,0.5335,544.92,290.71,3393,Low Priority,No immediate intervention
9281-PKKZE,0.5335,544.9,290.7,3394,Low Priority,No immediate intervention
0134-XWXCE,0.2946,986.39,290.59,3395,Low Priority,No immediate intervention
6704-UTUKK,0.5335,544.6,290.54,3396,Low Priority,No immediate intervention
5760-WRAHC,0.3256,891.82,290.38,3397,Low Priority,No immediate intervention
0032-PGELS,0.7574,383.33,290.33,3398,"High Risk, Lower Value",Automated retention campaign or targeted offer
7459-IMVYU,0.3256,890.18,289.84,3399,Low Priority,No immediate intervention
6599-GZWCM,0.2946,983.3,289.68,3400,Low Priority,No immediate intervention
9013-AQORL,0.5335,542.87,289.62,3401,Low Priority,No immediate intervention
1530-ZTDOZ,0.5335,542.86,289.62,3402,Low Priority,No immediate intervention
2577-GVSIL,0.2946,982.61,289.48,3403,Low Priority,No immediate intervention
7445-WMRBW,0.2946,981.59,289.18,3404,Low Priority,No immediate intervention
7799-DSEWS,0.3256,888.07,289.16,3405,Low Priority,No immediate intervention
6289-CPNLD,0.2946,981.08,289.03,3406,Low Priority,No immediate intervention
2320-SLKMB,0.5335,541.71,289.0,3407,Low Priority,No immediate intervention
6368-NWMCE,0.3256,886.79,288.74,3408,Low Priority,No immediate intervention
5527-ACHSO,0.3256,886.45,288.63,3409,Low Priority,No immediate intervention
1352-VHKAJ,0.3256,885.34,288.27,3410,Low Priority,No immediate intervention
6637-KYRCV,0.7574,380.28,288.02,3411,"High Risk, Lower Value",Automated retention campaign or targeted offer
6202-DYYFX,0.2946,977.63,288.01,3412,Low Priority,No immediate intervention
1703-MGIAB,0.3256,884.32,287.93,3413,Low Priority,No immediate intervention
5766-XQXMQ,0.3256,884.13,287.87,3414,Low Priority,No immediate intervention
8263-OKETD,0.3256,883.37,287.63,3415,Low Priority,No immediate intervention
5269-NRGDP,0.2946,975.67,287.43,3416,Low Priority,No immediate intervention
3466-WAESX,0.3256,882.68,287.4,3417,Low Priority,No immediate intervention
4931-TRZWN,0.3256,881.56,287.04,3418,Low Priority,No immediate intervention
3466-BYAVD,0.3256,879.93,286.51,3419,Low Priority,No immediate intervention
6331-LWDTQ,0.3256,879.17,286.26,3420,Low Priority,No immediate intervention
1078-TDCRN,0.7574,377.93,286.24,3421,"High Risk, Lower Value",Automated retention campaign or targeted offer
9210-IAHGH,0.3256,879.13,286.24,3422,Low Priority,No immediate intervention
7502-BNYGS,0.3256,878.51,286.04,3423,Low Priority,No immediate intervention
4906-ZHGPK,0.2946,969.97,285.75,3424,Low Priority,No immediate intervention
6575-SUVOI,0.3256,876.99,285.55,3425,Low Priority,No immediate intervention
7798-JVXYM,0.3256,876.64,285.43,3426,Low Priority,No immediate intervention
5533-NHFRF,0.5335,534.95,285.4,3427,Low Priority,No immediate intervention
6890-PFRQX,0.3256,876.31,285.33,3428,Low Priority,No immediate intervention
8401-EMUWF,0.3256,876.19,285.29,3429,Low Priority,No immediate intervention
7721-JXEAW,0.5335,534.66,285.24,3430,Low Priority,No immediate intervention
1684-FLBGS,0.3256,875.32,285.0,3431,Low Priority,No immediate intervention
9643-YBLUR,0.3256,875.3,285.0,3432,Low Priority,No immediate intervention
5868-CZJDR,0.7574,376.09,284.85,3433,"High Risk, Lower Value",Automated retention campaign or targeted offer
3059-NGMXB,0.3256,873.95,284.56,3434,Low Priority,No immediate intervention
0603-OLQDC,0.3256,873.77,284.5,3435,Low Priority,No immediate intervention
4257-GAESD,0.5335,533.07,284.39,3436,Low Priority,No immediate intervention
6429-SHBCB,0.3256,873.31,284.35,3437,Low Priority,No immediate intervention
2235-DWLJU,0.5335,532.91,284.31,3438,Low Priority,No immediate intervention
0701-TJSEF,0.3256,871.64,283.81,3439,Low Priority,No immediate intervention
1304-BCCFO,0.3256,871.58,283.79,3440,Low Priority,No immediate intervention
6614-VBEGU,0.3256,871.29,283.69,3441,Low Priority,No immediate intervention
2453-SAFNS,0.2946,962.72,283.62,3442,Low Priority,No immediate intervention
0928-JMXNP,0.7574,374.32,283.51,3443,"High Risk, Lower Value",Automated retention campaign or targeted offer
8663-UPDGF,0.3256,870.65,283.48,3444,Low Priority,No immediate intervention
8350-NYMVI,0.5335,531.26,283.43,3445,Low Priority,No immediate intervention
3780-YVMFA,0.3256,870.48,283.43,3446,Low Priority,No immediate intervention
0471-LVHGK,0.2946,961.68,283.31,3447,Low Priority,No immediate intervention
1399-UBQIU,0.3256,869.64,283.15,3448,Low Priority,No immediate intervention
8970-ANWXO,0.2946,960.93,283.09,3449,Low Priority,No immediate intervention
9526-BIHHD,0.7574,373.16,282.63,3450,"High Risk, Lower Value",Automated retention campaign or targeted offer
7389-KBFIT,0.7574,372.77,282.34,3451,"High Risk, Lower Value",Automated retention campaign or targeted offer
6317-YPKDH,0.7574,372.42,282.07,3452,"High Risk, Lower Value",Automated retention campaign or targeted offer
8665-UTDHZ,0.7574,372.35,282.02,3453,"High Risk, Lower Value",Automated retention campaign or targeted offer
6439-LAJXL,0.3256,866.1,282.0,3454,Low Priority,No immediate intervention
3701-SFMUH,0.3256,866.1,282.0,3455,Low Priority,No immediate intervention
3893-JRNFS,0.5335,528.14,281.76,3456,Low Priority,No immediate intervention
3677-IYRBF,0.7574,371.05,281.03,3457,"High Risk, Lower Value",Automated retention campaign or targeted offer
9074-KGVOX,0.5335,526.44,280.86,3458,Low Priority,No immediate intervention
5186-EJEGL,0.3256,862.25,280.75,3459,Low Priority,No immediate intervention
0623-IIHUG,0.5335,525.97,280.6,3460,Low Priority,No immediate intervention
7074-STDCN,0.5335,525.69,280.46,3461,Low Priority,No immediate intervention
9033-EOXWV,0.2946,951.73,280.38,3462,Low Priority,No immediate intervention
0013-MHZWF,0.3256,860.64,280.22,3463,Low Priority,No immediate intervention
0635-WKOLD,0.2946,950.8,280.11,3464,Low Priority,No immediate intervention
7520-HQWJU,0.3256,859.59,279.88,3465,Low Priority,No immediate intervention
2761-XECQW,0.5335,524.33,279.73,3466,Low Priority,No immediate intervention
4592-IWTJI,0.7574,369.05,279.52,3467,"High Risk, Lower Value",Automated retention campaign or targeted offer
9839-ETQOE,0.5335,523.11,279.08,3468,Low Priority,No immediate intervention
1271-SJBGZ,0.5335,522.94,278.99,3469,Low Priority,No immediate intervention
2851-STERV,0.2946,946.5,278.84,3470,Low Priority,No immediate intervention
4981-FLTMF,0.3256,855.86,278.67,3471,Low Priority,No immediate intervention
3969-JQABI,0.3256,855.83,278.66,3472,Low Priority,No immediate intervention
8985-OOPOS,0.2946,945.85,278.65,3473,Low Priority,No immediate intervention
3038-PQIUY,0.3256,854.68,278.28,3474,Low Priority,No immediate intervention
7590-VHVEG,0.7574,367.13,278.06,3475,"High Risk, Lower Value",Automated retention campaign or targeted offer
8706-HRADD,0.5335,521.14,278.03,3476,Low Priority,No immediate intervention
9938-ZREHM,0.2946,942.34,277.61,3477,Low Priority,No immediate intervention
1810-MVMAI,0.3256,850.98,277.08,3478,Low Priority,No immediate intervention
9565-JSNFM,0.2946,940.0,276.92,3479,Low Priority,No immediate intervention
9026-LHEVG,0.5335,519.03,276.9,3480,Low Priority,No immediate intervention
8111-BKVDS,0.5335,518.91,276.84,3481,Low Priority,No immediate intervention
3082-VQXNH,0.7574,365.49,276.82,3482,"High Risk, Lower Value",Automated retention campaign or targeted offer
0369-ZGOVK,0.2946,938.88,276.59,3483,Low Priority,No immediate intervention
1697-BCSHV,0.3256,848.75,276.35,3484,Low Priority,No immediate intervention
3537-RYBHH,0.3256,848.45,276.26,3485,Low Priority,No immediate intervention
6171-ZTVYB,0.3256,847.72,276.02,3486,Low Priority,No immediate intervention
7853-OETYL,0.7574,364.3,275.92,3487,"High Risk, Lower Value",Automated retention campaign or targeted offer
4826-DXMUP,0.2946,935.41,275.57,3488,Low Priority,No immediate intervention
4186-ZBUEW,0.2946,934.78,275.39,3489,Low Priority,No immediate intervention
9289-LBQVU,0.2946,934.53,275.31,3490,Low Priority,No immediate intervention
8550-XSXUQ,0.2946,934.31,275.25,3491,Low Priority,No immediate intervention
0533-UCAAU,0.2946,934.13,275.19,3492,Low Priority,No immediate intervention
7851-FLGGQ,0.5086,540.66,274.98,3493,Low Priority,No immediate intervention
9351-LZYGF,0.3256,844.51,274.97,3494,Low Priority,No immediate intervention
4682-BLBUC,0.2946,933.16,274.91,3495,Low Priority,No immediate intervention
5397-TUPSH,0.2946,933.18,274.91,3496,Low Priority,No immediate intervention
7581-EBBOU,0.2946,932.19,274.62,3497,Low Priority,No immediate intervention
9626-WEQRM,0.7574,361.96,274.15,3498,"High Risk, Lower Value",Automated retention campaign or targeted offer
0667-NSRGI,0.2946,929.14,273.72,3499,Low Priority,No immediate intervention
2038-YSEZE,0.3256,838.9,273.15,3500,Low Priority,No immediate intervention
9381-NDKME,0.5335,511.63,272.95,3501,Low Priority,No immediate intervention
8016-ZMGMO,0.2946,926.04,272.81,3502,Low Priority,No immediate intervention
5951-AOFIH,0.3256,837.85,272.8,3503,Low Priority,No immediate intervention
7964-YESJC,0.3256,837.5,272.69,3504,Low Priority,No immediate intervention
4132-POCZS,0.5335,510.84,272.53,3505,Low Priority,No immediate intervention
8650-RHRKE,0.7574,359.53,272.31,3506,"High Risk, Lower Value",Automated retention campaign or targeted offer
1697-NVVGY,0.3256,836.29,272.3,3507,Low Priority,No immediate intervention
3301-LSLWQ,0.3256,836.21,272.27,3508,Low Priority,No immediate intervention
7108-DGVUU,0.2946,923.96,272.2,3509,Low Priority,No immediate intervention
2257-BOVXD,0.3256,835.92,272.18,3510,Low Priority,No immediate intervention
2391-IPLOP,0.2946,923.01,271.92,3511,Low Priority,No immediate intervention
7691-KGKGP,0.3256,834.74,271.79,3512,Low Priority,No immediate intervention
0820-FNRNX,0.3256,833.02,271.23,3513,Low Priority,No immediate intervention
4501-UYKBC,0.2946,920.46,271.17,3514,Low Priority,No immediate intervention
7657-DYEPJ,0.2946,920.11,271.06,3515,Low Priority,No immediate intervention
9708-HPXWZ,0.5086,532.58,270.87,3516,Low Priority,No immediate intervention
6873-UDNLD,0.3256,831.32,270.68,3517,Low Priority,No immediate intervention
8548-AWOFC,0.3256,831.29,270.67,3518,Low Priority,No immediate intervention
8100-HZZLJ,0.3256,830.92,270.55,3519,Low Priority,No immediate intervention
5018-LXQQG,0.3256,830.77,270.5,3520,Low Priority,No immediate intervention
0117-LFRMW,0.5335,507.03,270.5,3521,Low Priority,No immediate intervention
8623-ULFNQ,0.3256,830.41,270.38,3522,Low Priority,No immediate intervention
7036-ZZKBD,0.3256,830.09,270.28,3523,Low Priority,No immediate intervention
4923-ADWXJ,0.3256,829.86,270.2,3524,Low Priority,No immediate intervention
4578-PHJYZ,0.2946,917.11,270.18,3525,Low Priority,No immediate intervention
1137-DGOWI,0.2946,916.98,270.14,3526,Low Priority,No immediate intervention
9362-MWODR,0.3256,829.53,270.09,3527,Low Priority,No immediate intervention
0708-LGSMF,0.3256,829.08,269.95,3528,Low Priority,No immediate intervention
1921-KYSAY,0.2946,915.49,269.7,3529,Low Priority,No immediate intervention
7880-XSOJX,0.5086,530.07,269.59,3530,Low Priority,No immediate intervention
2930-UOTMB,0.3256,827.65,269.48,3531,Low Priority,No immediate intervention
1436-ZMJAN,0.3256,826.95,269.25,3532,Low Priority,No immediate intervention
8644-XYTSV,0.5335,504.43,269.11,3533,Low Priority,No immediate intervention
3863-QSTYI,0.3256,826.52,269.11,3534,Low Priority,No immediate intervention
6992-TKNYO,0.2946,913.17,269.02,3535,Low Priority,No immediate intervention
8740-XLHDR,0.5086,528.76,268.93,3536,Low Priority,No immediate intervention
4795-WRNVT,0.3256,825.71,268.85,3537,Low Priority,No immediate intervention
7683-CBDKJ,0.3256,825.48,268.78,3538,Low Priority,No immediate intervention
4628-CTTLA,0.5335,503.43,268.58,3539,Low Priority,No immediate intervention
4903-CNOZC,0.2946,911.63,268.57,3540,Low Priority,No immediate intervention
0975-VOOVL,0.7574,354.47,268.48,3541,"High Risk, Lower Value",Automated retention campaign or targeted offer
9378-FXTIZ,0.2946,910.53,268.24,3542,Low Priority,No immediate intervention
3703-TTEPD,0.3256,823.43,268.11,3543,Low Priority,No immediate intervention
7041-TXQJH,0.5335,502.15,267.9,3544,Low Priority,No immediate intervention
5180-UCIIQ,0.5335,502.05,267.84,3545,Low Priority,No immediate intervention
8474-UMLNT,0.3256,822.11,267.68,3546,Low Priority,No immediate intervention
1338-CECEE,0.2946,908.47,267.64,3547,Low Priority,No immediate intervention
5568-DMXZS,0.3256,821.46,267.47,3548,Low Priority,No immediate intervention
5174-RNGBH,0.3256,821.19,267.38,3549,Low Priority,No immediate intervention
4226-KKDON,0.3256,820.12,267.03,3550,Low Priority,No immediate intervention
0836-SEYLU,0.5335,500.27,266.89,3551,Low Priority,No immediate intervention
3538-WZPHD,0.7574,352.35,266.87,3552,"High Risk, Lower Value",Automated retention campaign or targeted offer
5156-UMKOW,0.7574,352.23,266.78,3553,"High Risk, Lower Value",Automated retention campaign or targeted offer
9667-EQRXU,0.5335,499.06,266.25,3554,Low Priority,No immediate intervention
4672-FOTSD,0.3256,816.89,265.98,3555,Low Priority,No immediate intervention
9609-BENEA,0.2946,902.42,265.85,3556,Low Priority,No immediate intervention
2065-MMKGR,0.2946,902.23,265.8,3557,Low Priority,No immediate intervention
9700-ISPUP,0.3256,815.03,265.37,3558,Low Priority,No immediate intervention
2778-OCLGR,0.5335,496.72,265.0,3559,Low Priority,No immediate intervention
1373-ORVIZ,0.3256,813.4,264.84,3560,Low Priority,No immediate intervention
8450-UYIBU,0.5335,496.41,264.83,3561,Low Priority,No immediate intervention
3402-XRIUO,0.3256,812.81,264.65,3562,Low Priority,No immediate intervention
6854-EXGSF,0.3256,812.59,264.58,3563,Low Priority,No immediate intervention
8807-ARQET,0.5335,495.91,264.57,3564,Low Priority,No immediate intervention
2925-MXLSX,0.2946,897.86,264.51,3565,Low Priority,No immediate intervention
0872-JCPIB,0.3256,810.95,264.05,3566,Low Priority,No immediate intervention
6507-DTJZV,0.3256,809.27,263.5,3567,Low Priority,No immediate intervention
7989-AWGEH,0.5335,493.9,263.5,3568,Low Priority,No immediate intervention
2373-NTKOD,0.3256,809.0,263.41,3569,Low Priority,No immediate intervention
9782-LGXMC,0.3256,808.29,263.18,3570,Low Priority,No immediate intervention
0774-IFUVM,0.3256,807.89,263.05,3571,Low Priority,No immediate intervention
7797-EJMDP,0.3256,807.18,262.82,3572,Low Priority,No immediate intervention
7905-NJMXS,0.3256,806.97,262.75,3573,Low Priority,No immediate intervention
1840-BIUOG,0.2946,890.53,262.35,3574,Low Priority,No immediate intervention
1907-YLNYW,0.3256,805.73,262.35,3575,Low Priority,No immediate intervention
1862-SKORY,0.5335,491.2,262.06,3576,Low Priority,No immediate intervention
7319-VENRZ,0.3256,803.85,261.73,3577,Low Priority,No immediate intervention
3523-QRQLL,0.2946,888.02,261.61,3578,Low Priority,No immediate intervention
3665-JATSN,0.5335,489.82,261.32,3579,Low Priority,No immediate intervention
5204-QZXPU,0.5335,489.79,261.3,3580,Low Priority,No immediate intervention
1465-LNTLJ,0.3256,802.39,261.26,3581,Low Priority,No immediate intervention
8257-RZAHR,0.3256,802.32,261.24,3582,Low Priority,No immediate intervention
6351-SCJKT,0.5086,513.18,261.0,3583,Low Priority,No immediate intervention
9754-CLVZW,0.5335,488.94,260.85,3584,Low Priority,No immediate intervention
0708-SJDIS,0.3256,799.68,260.38,3585,Low Priority,No immediate intervention
7361-YPXFS,0.3256,799.28,260.25,3586,Low Priority,No immediate intervention
8160-HOWOX,0.3256,798.36,259.95,3587,Low Priority,No immediate intervention
2436-QBZFP,0.5335,486.68,259.64,3588,Low Priority,No immediate intervention
3179-GBRWV,0.3256,796.26,259.26,3589,Low Priority,No immediate intervention
0096-FCPUF,0.3256,796.21,259.25,3590,Low Priority,No immediate intervention
6366-XIVKZ,0.3256,795.6,259.05,3591,Low Priority,No immediate intervention
9259-PACGQ,0.3256,795.52,259.02,3592,Low Priority,No immediate intervention
2988-PLAHS,0.2946,879.19,259.01,3593,Low Priority,No immediate intervention
4765-OXPPD,0.3256,795.4,258.98,3594,Low Priority,No immediate intervention
3629-WEAAM,0.3256,794.85,258.8,3595,Low Priority,No immediate intervention
1104-FEJAM,0.3256,794.76,258.77,3596,Low Priority,No immediate intervention
5087-SUURX,0.5335,484.21,258.33,3597,Low Priority,No immediate intervention
9578-VRMNM,0.3256,793.13,258.24,3598,Low Priority,No immediate intervention
1702-CCFNJ,0.3256,792.94,258.18,3599,Low Priority,No immediate intervention
3521-SYVOR,0.3256,792.1,257.91,3600,Low Priority,No immediate intervention
3164-AALRN,0.2946,873.8,257.42,3601,Low Priority,No immediate intervention
1852-XEMDW,0.3256,790.18,257.28,3602,Low Priority,No immediate intervention
2458-EOMRE,0.3256,790.18,257.28,3603,Low Priority,No immediate intervention
7351-KYHQH,0.3256,789.66,257.11,3604,Low Priority,No immediate intervention
0384-RVBPI,0.3256,787.84,256.52,3605,Low Priority,No immediate intervention
2187-LZGPL,0.5335,479.47,255.8,3606,Low Priority,No immediate intervention
2408-PSJVE,0.3256,785.6,255.79,3607,Low Priority,No immediate intervention
3688-FTHLT,0.3256,785.45,255.74,3608,Low Priority,No immediate intervention
4283-IVYCI,0.3256,784.87,255.55,3609,Low Priority,No immediate intervention
7459-RRWQZ,0.3256,784.33,255.38,3610,Low Priority,No immediate intervention
4174-LPGTI,0.2946,866.49,255.27,3611,Low Priority,No immediate intervention
5309-TAIKL,0.3256,783.94,255.25,3612,Low Priority,No immediate intervention
8845-LWKGE,0.2946,866.04,255.14,3613,Low Priority,No immediate intervention
7839-NUIAA,0.3256,783.4,255.08,3614,Low Priority,No immediate intervention
8773-HHUOZ,0.3256,783.21,255.01,3615,Low Priority,No immediate intervention
6652-YFFJO,0.3256,782.55,254.8,3616,Low Priority,No immediate intervention
0257-KXZGU,0.3256,782.24,254.7,3617,Low Priority,No immediate intervention
2937-FTHUR,0.3256,781.56,254.48,3618,Low Priority,No immediate intervention
5673-TIYIB,0.5086,499.48,254.04,3619,Low Priority,No immediate intervention
7707-PYBBH,0.3256,779.5,253.81,3620,Low Priority,No immediate intervention
0786-VSSUD,0.5335,475.33,253.59,3621,Low Priority,No immediate intervention
6718-BDGHG,0.2946,860.8,253.59,3622,Low Priority,No immediate intervention
8624-GIOUT,0.3256,778.18,253.38,3623,Low Priority,No immediate intervention
6235-VDHOM,0.7574,334.09,253.04,3624,"High Risk, Lower Value",Automated retention campaign or targeted offer
6537-QLGEX,0.5335,473.65,252.69,3625,Low Priority,No immediate intervention
2150-UWTFY,0.3256,774.47,252.17,3626,Low Priority,No immediate intervention
8992-OBVDG,0.3256,774.33,252.12,3627,Low Priority,No immediate intervention
8980-WQFWL,0.3256,774.08,252.04,3628,Low Priority,No immediate intervention
5446-DKWYW,0.2946,854.28,251.67,3629,Low Priority,No immediate intervention
3639-XJHKQ,0.3256,772.78,251.62,3630,Low Priority,No immediate intervention
6440-DKQGE,0.2946,852.68,251.2,3631,Low Priority,No immediate intervention
2522-WLNSF,0.2946,852.61,251.18,3632,Low Priority,No immediate intervention
2150-WLKUW,0.2946,852.13,251.04,3633,Low Priority,No immediate intervention
6253-WRFHY,0.2946,851.07,250.73,3634,Low Priority,No immediate intervention
0002-ORFBO,0.2946,850.98,250.7,3635,Low Priority,No immediate intervention
4418-LZMSV,0.3256,769.23,250.46,3636,Low Priority,No immediate intervention
7753-USQYQ,0.2946,849.98,250.4,3637,Low Priority,No immediate intervention
9114-AAFQH,0.2946,849.44,250.25,3638,Low Priority,No immediate intervention
6322-HRPFA,0.3256,768.35,250.17,3639,Low Priority,No immediate intervention
7000-WCEVQ,0.3256,766.94,249.72,3640,Low Priority,No immediate intervention
0567-GGCAC,0.3256,765.49,249.24,3641,Low Priority,No immediate intervention
7919-ZODZZ,0.2946,843.03,248.36,3642,Low Priority,No immediate intervention
0484-FFVBJ,0.2946,842.41,248.17,3643,Low Priority,No immediate intervention
7541-YLXCL,0.2946,842.02,248.06,3644,Low Priority,No immediate intervention
5756-OZRIO,0.2946,841.75,247.98,3645,Low Priority,No immediate intervention
7994-XIRTR,0.2946,841.22,247.82,3646,Low Priority,No immediate intervention
8722-NGNBH,0.5086,487.1,247.74,3647,Low Priority,No immediate intervention
5236-XMZJY,0.3256,760.59,247.65,3648,Low Priority,No immediate intervention
7734-DBOAI,0.5086,486.88,247.63,3649,Low Priority,No immediate intervention
6620-HVDUJ,0.3256,760.19,247.52,3650,Low Priority,No immediate intervention
6620-JDYNW,0.3256,759.45,247.28,3651,Low Priority,No immediate intervention
0297-RBCSG,0.2946,839.08,247.19,3652,Low Priority,No immediate intervention
7634-WSWDB,0.5335,463.26,247.15,3653,Low Priority,No immediate intervention
5061-PBXFW,0.3256,758.16,246.86,3654,Low Priority,No immediate intervention
0289-IVARM,0.3256,757.87,246.76,3655,Low Priority,No immediate intervention
4003-FUSHP,0.3256,757.43,246.62,3656,Low Priority,No immediate intervention
7143-BQIBA,0.3256,757.21,246.55,3657,Low Priority,No immediate intervention
2978-XXSOG,0.3256,757.05,246.5,3658,Low Priority,No immediate intervention
9069-LGEUL,0.3256,756.53,246.33,3659,Low Priority,No immediate intervention
8878-RYUKI,0.3256,756.4,246.28,3660,Low Priority,No immediate intervention
0851-DFJKB,0.3256,755.96,246.14,3661,Low Priority,No immediate intervention
7184-LRUUR,0.2946,834.14,245.74,3662,Low Priority,No immediate intervention
4468-KAZHE,0.3256,753.69,245.4,3663,Low Priority,No immediate intervention
2202-OUTMO,0.3256,753.63,245.38,3664,Low Priority,No immediate intervention
9633-DENPU,0.3256,753.37,245.3,3665,Low Priority,No immediate intervention
3748-FVMZZ,0.5086,482.23,245.26,3666,Low Priority,No immediate intervention
7446-YPODE,0.3256,752.6,245.05,3667,Low Priority,No immediate intervention
0228-MAUWC,0.3256,752.5,245.01,3668,Low Priority,No immediate intervention
5081-NWSUP,0.2946,831.43,244.94,3669,Low Priority,No immediate intervention
5438-QMDDL,0.3256,752.08,244.88,3670,Low Priority,No immediate intervention
7854-EDSSA,0.3256,751.88,244.81,3671,Low Priority,No immediate intervention
0377-JBKKT,0.3256,751.62,244.73,3672,Low Priority,No immediate intervention
0303-UNCIP,0.2946,830.25,244.59,3673,Low Priority,No immediate intervention
5756-JYOJT,0.2946,830.12,244.55,3674,Low Priority,No immediate intervention
8399-YNDCH,0.3256,750.82,244.47,3675,Low Priority,No immediate intervention
9504-DSHWM,0.3256,750.51,244.37,3676,Low Priority,No immediate intervention
1353-LJWEM,0.3256,750.43,244.34,3677,Low Priority,No immediate intervention
8221-EQDGL,0.3256,750.24,244.28,3678,Low Priority,No immediate intervention
0895-LMRSF,0.2946,828.84,244.18,3679,Low Priority,No immediate intervention
5478-JJVZK,0.3256,748.89,243.84,3680,Low Priority,No immediate intervention
8033-ATFAS,0.3256,748.34,243.66,3681,Low Priority,No immediate intervention
4510-PYUSH,0.3256,747.33,243.33,3682,Low Priority,No immediate intervention
0719-SYFRB,0.3256,745.79,242.83,3683,Low Priority,No immediate intervention
8201-AAXCB,0.3256,745.64,242.78,3684,Low Priority,No immediate intervention
4134-BSXLX,0.3256,745.43,242.71,3685,Low Priority,No immediate intervention
5832-EXGTT,0.3256,745.27,242.66,3686,Low Priority,No immediate intervention
8741-LQOBK,0.5335,454.18,242.31,3687,Low Priority,No immediate intervention
5649-TJHOV,0.5335,453.69,242.04,3688,Low Priority,No immediate intervention
6131-FOYAS,0.3256,742.31,241.7,3689,Low Priority,No immediate intervention
2931-FSOHN,0.3256,741.78,241.52,3690,Low Priority,No immediate intervention
6839-ITVZJ,0.3256,739.63,240.82,3691,Low Priority,No immediate intervention
9489-UTFKA,0.3256,739.59,240.81,3692,Low Priority,No immediate intervention
7470-DYNOE,0.2946,816.6,240.57,3693,Low Priority,No immediate intervention
4939-KYYPY,0.3256,738.75,240.54,3694,Low Priority,No immediate intervention
2186-QZEYA,0.3256,738.77,240.54,3695,Low Priority,No immediate intervention
0953-LGOVU,0.5335,450.7,240.45,3696,Low Priority,No immediate intervention
2782-JEEBU,0.5335,450.24,240.2,3697,Low Priority,No immediate intervention
6502-KUGLL,0.3256,737.57,240.15,3698,Low Priority,No immediate intervention
4139-SUGLD,0.5335,449.88,240.01,3699,Low Priority,No immediate intervention
1849-RJYIG,0.3256,736.73,239.88,3700,Low Priority,No immediate intervention
8400-WZICQ,0.3256,736.58,239.83,3701,Low Priority,No immediate intervention
4360-QRAVE,0.5335,449.24,239.67,3702,Low Priority,No immediate intervention
8679-JOEVF,0.3256,735.5,239.48,3703,Low Priority,No immediate intervention
4504-YOULA,0.3256,735.26,239.4,3704,Low Priority,No immediate intervention
7672-VFMXZ,0.3256,734.57,239.18,3705,Low Priority,No immediate intervention
8788-DOXSU,0.2946,811.86,239.17,3706,Low Priority,No immediate intervention
7746-AWNQW,0.5335,448.21,239.12,3707,Low Priority,No immediate intervention
6773-LQTVT,0.5335,448.17,239.1,3708,Low Priority,No immediate intervention
5697-GOMBF,0.5335,448.01,239.01,3709,Low Priority,No immediate intervention
1986-PHGZF,0.3256,733.77,238.92,3710,Low Priority,No immediate intervention
2195-VVRJF,0.3256,733.04,238.68,3711,Low Priority,No immediate intervention
3845-JHAMY,0.5335,447.25,238.61,3712,Low Priority,No immediate intervention
1049-FYSYG,0.5335,446.76,238.35,3713,Low Priority,No immediate intervention
6872-HXFNF,0.2946,808.67,238.23,3714,Low Priority,No immediate intervention
9640-ZSLDC,0.2946,808.46,238.17,3715,Low Priority,No immediate intervention
4501-VCPFK,0.5335,446.32,238.11,3716,Low Priority,No immediate intervention
7766-CLTIC,0.3256,731.12,238.05,3717,Low Priority,No immediate intervention
5424-RLQLC,0.3256,730.7,237.92,3718,Low Priority,No immediate intervention
7078-NVFAM,0.5335,445.61,237.73,3719,Low Priority,No immediate intervention
1794-SWWKL,0.3256,729.26,237.45,3720,Low Priority,No immediate intervention
4695-VADHF,0.3256,729.01,237.37,3721,Low Priority,No immediate intervention
8734-FNWVH,0.3256,728.15,237.09,3722,Low Priority,No immediate intervention
4925-LMHOK,0.3256,727.46,236.86,3723,Low Priority,No immediate intervention
6133-OZILE,0.5335,443.67,236.7,3724,Low Priority,No immediate intervention
4439-YRNVD,0.5335,443.63,236.68,3725,Low Priority,No immediate intervention
1090-PYKCI,0.1515,1561.97,236.64,3726,Valuable but Stable,Monitor and maintain relationship
9481-SFCQY,0.3256,726.71,236.62,3727,Low Priority,No immediate intervention
4307-KWMXE,0.5335,443.25,236.47,3728,Low Priority,No immediate intervention
4945-RVMTE,0.3256,725.9,236.35,3729,Low Priority,No immediate intervention
5778-BVOFB,0.3256,724.91,236.03,3730,Low Priority,No immediate intervention
3472-OAOOR,0.5335,442.28,235.96,3731,Low Priority,No immediate intervention
0856-NAOES,0.3256,724.65,235.95,3732,Low Priority,No immediate intervention
8498-XXGWA,0.3256,724.46,235.88,3733,Low Priority,No immediate intervention
1205-WNWPJ,0.3256,723.93,235.71,3734,Low Priority,No immediate intervention
9780-FKVVF,0.3256,723.78,235.66,3735,Low Priority,No immediate intervention
0565-JUPYD,0.1515,1554.46,235.5,3736,Valuable but Stable,Monitor and maintain relationship
6240-EURKS,0.5335,441.31,235.44,3737,Low Priority,No immediate intervention
3055-VTCGS,0.2946,799.1,235.41,3738,Low Priority,No immediate intervention
8158-WPEZG,0.5335,441.13,235.34,3739,Low Priority,No immediate intervention
8049-WJCLQ,0.3256,722.4,235.21,3740,Low Priority,No immediate intervention
9474-PHLYD,0.3256,722.14,235.13,3741,Low Priority,No immediate intervention
8993-PHFWD,0.7574,309.87,234.7,3742,"High Risk, Lower Value",Automated retention campaign or targeted offer
3307-TLCUD,0.5335,439.87,234.67,3743,Low Priority,No immediate intervention
1114-CENIM,0.3256,720.66,234.65,3744,Low Priority,No immediate intervention
2209-XADXF,0.7574,309.8,234.64,3745,"High Risk, Lower Value",Automated retention campaign or targeted offer
6408-OTUBZ,0.1515,1548.6,234.61,3746,Valuable but Stable,Monitor and maintain relationship
8582-KRHPJ,0.5335,439.7,234.58,3747,Low Priority,No immediate intervention
4195-NZGTA,0.7574,309.68,234.55,3748,"High Risk, Lower Value",Automated retention campaign or targeted offer
6158-HDPXZ,0.7574,309.63,234.51,3749,"High Risk, Lower Value",Automated retention campaign or targeted offer
6218-KNUBD,0.3256,719.41,234.24,3750,Low Priority,No immediate intervention
2908-ZTPNF,0.5335,438.91,234.16,3751,Low Priority,No immediate intervention
4718-DHSMV,0.5335,438.89,234.15,3752,Low Priority,No immediate intervention
0612-RTZZA,0.7574,309.01,234.04,3753,"High Risk, Lower Value",Automated retention campaign or targeted offer
4495-LHSSK,0.3256,718.29,233.88,3754,Low Priority,No immediate intervention
5480-HPRRX,0.7574,308.7,233.81,3755,"High Risk, Lower Value",Automated retention campaign or targeted offer
8260-NGFNY,0.7574,308.45,233.62,3756,"High Risk, Lower Value",Automated retention campaign or targeted offer
6907-CQGPN,0.5335,437.7,233.51,3757,Low Priority,No immediate intervention
1183-CANVH,0.2946,792.1,233.35,3758,Low Priority,No immediate intervention
9931-KGHOA,0.3256,716.61,233.33,3759,Low Priority,No immediate intervention
4636-OLWOE,0.2946,791.74,233.25,3760,Low Priority,No immediate intervention
8066-POXGX,0.5335,437.2,233.25,3761,Low Priority,No immediate intervention
6103-QCKFX,0.3256,716.24,233.21,3762,Low Priority,No immediate intervention
7869-ZYDST,0.3256,716.01,233.13,3763,Low Priority,No immediate intervention
5795-BKOYE,0.2946,791.21,233.09,3764,Low Priority,No immediate intervention
7105-MXJLL,0.2946,789.59,232.61,3765,Low Priority,No immediate intervention
0661-XEYAN,0.7574,306.87,232.42,3766,"High Risk, Lower Value",Automated retention campaign or targeted offer
1496-GGSUK,0.7574,306.86,232.42,3767,"High Risk, Lower Value",Automated retention campaign or targeted offer
1357-MVDOZ,0.3256,713.42,232.29,3768,Low Priority,No immediate intervention
7242-QZLXF,0.7574,306.66,232.26,3769,"High Risk, Lower Value",Automated retention campaign or targeted offer
8259-NFJTV,0.5335,435.35,232.26,3770,Low Priority,No immediate intervention
4580-TMHJU,0.3256,712.42,231.96,3771,Low Priority,No immediate intervention
4323-SADQS,0.5335,434.67,231.9,3772,Low Priority,No immediate intervention
9089-UOWJG,0.3256,712.03,231.84,3773,Low Priority,No immediate intervention
0003-MKNFE,0.3256,711.47,231.65,3774,Low Priority,No immediate intervention
2794-XIMMO,0.2946,785.43,231.39,3775,Low Priority,No immediate intervention
5167-GBFRE,0.7574,305.36,231.28,3776,"High Risk, Lower Value",Automated retention campaign or targeted offer
7931-PXHFC,0.2946,784.68,231.17,3777,Low Priority,No immediate intervention
4712-AUQZO,0.5335,432.77,230.88,3778,Low Priority,No immediate intervention
0993-OSGPT,0.2946,783.58,230.84,3779,Low Priority,No immediate intervention
9798-DRYDS,0.2946,783.53,230.83,3780,Low Priority,No immediate intervention
7233-IOQNP,0.5335,432.63,230.81,3781,Low Priority,No immediate intervention
8821-KVZKQ,0.2946,782.97,230.66,3782,Low Priority,No immediate intervention
1768-ZAIFU,0.7574,304.4,230.55,3783,"High Risk, Lower Value",Automated retention campaign or targeted offer
9577-WJVCQ,0.3256,707.91,230.5,3784,Low Priority,No immediate intervention
2683-JXWQQ,0.5335,432.04,230.49,3785,Low Priority,No immediate intervention
3594-KADLU,0.5086,453.17,230.48,3786,Low Priority,No immediate intervention
5619-PTMIK,0.3256,707.46,230.35,3787,Low Priority,No immediate intervention
7537-RBWEA,0.7574,303.63,229.97,3788,"High Risk, Lower Value",Automated retention campaign or targeted offer
2049-BAFNW,0.5086,452.11,229.94,3789,Low Priority,No immediate intervention
1976-AZZPJ,0.5335,430.93,229.9,3790,Low Priority,No immediate intervention
8070-AAWZP,0.5335,430.81,229.84,3791,Low Priority,No immediate intervention
2446-ZKVAF,0.3256,705.34,229.66,3792,Low Priority,No immediate intervention
2672-DZUOY,0.7574,303.07,229.55,3793,"High Risk, Lower Value",Automated retention campaign or targeted offer
2851-MMUTZ,0.3256,704.76,229.47,3794,Low Priority,No immediate intervention
7950-XWOVN,0.5335,430.12,229.47,3795,Low Priority,No immediate intervention
7872-RDDLZ,0.3256,704.12,229.26,3796,Low Priority,No immediate intervention
1097-FSPVW,0.3256,703.36,229.01,3797,Low Priority,No immediate intervention
9955-QOPOY,0.2946,777.35,229.01,3798,Low Priority,No immediate intervention
6296-DDOOR,0.2946,776.27,228.69,3799,Low Priority,No immediate intervention
4976-LNFVV,0.5335,428.56,228.64,3800,Low Priority,No immediate intervention
4929-ROART,0.3256,702.1,228.6,3801,Low Priority,No immediate intervention
0616-ATFGB,0.7574,301.69,228.5,3802,"High Risk, Lower Value",Automated retention campaign or targeted offer
5995-OIGLP,0.3256,701.39,228.37,3803,Low Priority,No immediate intervention
9308-ANMVE,0.3256,701.32,228.35,3804,Low Priority,No immediate intervention
6366-ZGQGL,0.7574,301.33,228.23,3805,"High Risk, Lower Value",Automated retention campaign or targeted offer
9227-LUNBG,0.7574,301.34,228.23,3806,"High Risk, Lower Value",Automated retention campaign or targeted offer
7781-EWARA,0.2946,773.98,228.01,3807,Low Priority,No immediate intervention
8224-IVVPA,0.3256,699.89,227.88,3808,Low Priority,No immediate intervention
4729-XKASR,0.7574,300.82,227.84,3809,"High Risk, Lower Value",Automated retention campaign or targeted offer
8495-PRWFH,0.3256,699.47,227.75,3810,Low Priority,No immediate intervention
3205-MXZRA,0.2946,773.04,227.74,3811,Low Priority,No immediate intervention
1261-FWTTE,0.5335,426.57,227.58,3812,Low Priority,No immediate intervention
1024-GUALD,0.7574,300.44,227.55,3813,"High Risk, Lower Value",Automated retention campaign or targeted offer
9907-SWKKF,0.7574,300.44,227.55,3814,"High Risk, Lower Value",Automated retention campaign or targeted offer
7932-WPTDS,0.7574,300.34,227.48,3815,"High Risk, Lower Value",Automated retention campaign or targeted offer
6752-APNJL,0.3256,698.08,227.29,3816,Low Priority,No immediate intervention
5939-XAIXZ,0.3256,697.99,227.27,3817,Low Priority,No immediate intervention
2782-LFZVW,0.3256,697.67,227.16,3818,Low Priority,No immediate intervention
5349-AZPEW,0.7574,299.62,226.93,3819,"High Risk, Lower Value",Automated retention campaign or targeted offer
4367-NHWMM,0.7574,299.59,226.91,3820,"High Risk, Lower Value",Automated retention campaign or targeted offer
6682-QJDGB,0.3256,696.86,226.9,3821,Low Priority,No immediate intervention
9638-JIQYA,0.7574,299.51,226.85,3822,"High Risk, Lower Value",Automated retention campaign or targeted offer
4881-JVQOD,0.5335,425.13,226.81,3823,Low Priority,No immediate intervention
3209-ZPKFI,0.3256,696.52,226.79,3824,Low Priority,No immediate intervention
3016-KSVCP,0.5335,425.06,226.77,3825,Low Priority,No immediate intervention
2408-WITXK,0.5335,425.06,226.77,3826,Low Priority,No immediate intervention
4815-GBTCD,0.7574,299.37,226.74,3827,"High Risk, Lower Value",Automated retention campaign or targeted offer
2592-SEIFQ,0.7574,299.23,226.64,3828,"High Risk, Lower Value",Automated retention campaign or targeted offer
2862-PFNIK,0.7574,299.24,226.64,3829,"High Risk, Lower Value",Automated retention campaign or targeted offer
0023-HGHWL,0.7574,298.91,226.39,3830,"High Risk, Lower Value",Automated retention campaign or targeted offer
9853-JFZDU,0.3256,695.25,226.37,3831,Low Priority,No immediate intervention
7619-ODSGN,0.3256,695.09,226.32,3832,Low Priority,No immediate intervention
7228-PAQPD,0.2946,767.93,226.23,3833,Low Priority,No immediate intervention
8930-XOTDP,0.3256,694.56,226.15,3834,Low Priority,No immediate intervention
7669-LCRSD,0.3256,694.25,226.05,3835,Low Priority,No immediate intervention
5482-PLVPE,0.7574,298.41,226.02,3836,"High Risk, Lower Value",Automated retention campaign or targeted offer
9103-TCIHJ,0.3256,694.02,225.97,3837,Low Priority,No immediate intervention
4177-JPDFU,0.5335,423.5,225.94,3838,Low Priority,No immediate intervention
0746-JTRFU,0.7574,298.31,225.94,3839,"High Risk, Lower Value",Automated retention campaign or targeted offer
6032-IGALN,0.7574,298.28,225.92,3840,"High Risk, Lower Value",Automated retention campaign or targeted offer
0285-INHLN,0.3256,693.86,225.92,3841,Low Priority,No immediate intervention
0733-VUNUW,0.3256,693.8,225.9,3842,Low Priority,No immediate intervention
5092-STPKP,0.3256,693.81,225.9,3843,Low Priority,No immediate intervention
6542-LWGXJ,0.7574,298.25,225.89,3844,"High Risk, Lower Value",Automated retention campaign or targeted offer
5206-HPJKM,0.3256,693.7,225.87,3845,Low Priority,No immediate intervention
2108-GLPQB,0.3256,693.66,225.86,3846,Low Priority,No immediate intervention
5151-HQRDG,0.3256,693.66,225.86,3847,Low Priority,No immediate intervention
7318-EIVKO,0.3256,693.62,225.84,3848,Low Priority,No immediate intervention
3272-VUHPV,0.3256,693.58,225.83,3849,Low Priority,No immediate intervention
9743-DQKQW,0.7574,298.1,225.78,3850,"High Risk, Lower Value",Automated retention campaign or targeted offer
0778-NELLA,0.5335,423.09,225.72,3851,Low Priority,No immediate intervention
8017-UVSZU,0.3256,693.11,225.68,3852,Low Priority,No immediate intervention
4236-UJPWO,0.7574,297.58,225.39,3853,"High Risk, Lower Value",Automated retention campaign or targeted offer
7802-EFKNY,0.7574,297.57,225.38,3854,"High Risk, Lower Value",Automated retention campaign or targeted offer
4328-VUFWD,0.2946,764.96,225.36,3855,Low Priority,No immediate intervention
5876-HZVZM,0.3256,692.03,225.32,3856,Low Priority,No immediate intervention
4837-QUSFT,0.1515,1487.22,225.31,3857,Valuable but Stable,Monitor and maintain relationship
9415-TPKRV,0.3256,691.92,225.29,3858,Low Priority,No immediate intervention
4430-UZIPO,0.5086,442.94,225.28,3859,Low Priority,No immediate intervention
7750-EYXWZ,0.2946,764.66,225.27,3860,Low Priority,No immediate intervention
9554-DFKIC,0.3256,691.35,225.1,3861,Low Priority,No immediate intervention
0463-ZSDNT,0.3256,690.78,224.92,3862,Low Priority,No immediate intervention
6500-JVEGC,0.1515,1484.07,224.84,3863,Valuable but Stable,Monitor and maintain relationship
5353-WILCI,0.3256,690.51,224.83,3864,Low Priority,No immediate intervention
1543-LLLFT,0.1515,1483.89,224.81,3865,Valuable but Stable,Monitor and maintain relationship
2538-OIMXF,0.7574,296.74,224.75,3866,"High Risk, Lower Value",Automated retention campaign or targeted offer
3413-CSSTH,0.3256,689.86,224.62,3867,Low Priority,No immediate intervention
6261-LHRTG,0.3256,689.63,224.54,3868,Low Priority,No immediate intervention
5084-OOVCJ,0.3256,689.31,224.44,3869,Low Priority,No immediate intervention
4385-ZKVNW,0.3256,689.17,224.39,3870,Low Priority,No immediate intervention
5402-HTOTQ,0.3256,689.13,224.38,3871,Low Priority,No immediate intervention
8096-LOIST,0.3256,689.12,224.38,3872,Low Priority,No immediate intervention
9342-VNIMQ,0.3256,688.97,224.33,3873,Low Priority,No immediate intervention
2433-KMEAS,0.3256,688.87,224.3,3874,Low Priority,No immediate intervention
2309-OSFEU,0.5335,420.43,224.3,3875,Low Priority,No immediate intervention
3723-BFBGR,0.3256,688.82,224.28,3876,Low Priority,No immediate intervention
3873-NFTGI,0.3256,688.79,224.27,3877,Low Priority,No immediate intervention
4250-FDVOU,0.3256,688.76,224.26,3878,Low Priority,No immediate intervention
8992-VONJD,0.3256,688.35,224.13,3879,Low Priority,No immediate intervention
9881-VCZEP,0.3256,688.3,224.11,3880,Low Priority,No immediate intervention
5261-QSHQM,0.7574,295.88,224.1,3881,"High Risk, Lower Value",Automated retention campaign or targeted offer
9314-QDMDW,0.2946,760.62,224.08,3882,Low Priority,No immediate intervention
6941-KXRRV,0.2946,759.94,223.88,3883,Low Priority,No immediate intervention
2292-XQWSV,0.2946,759.9,223.87,3884,Low Priority,No immediate intervention
6865-JZNKO,0.3256,687.46,223.84,3885,Low Priority,No immediate intervention
8292-TYSPY,0.3256,687.44,223.83,3886,Low Priority,No immediate intervention
2155-AMQRX,0.3256,687.38,223.81,3887,Low Priority,No immediate intervention
7365-BVCJH,0.7574,295.46,223.78,3888,"High Risk, Lower Value",Automated retention campaign or targeted offer
4640-UHDOS,0.3256,687.26,223.77,3889,Low Priority,No immediate intervention
9099-FTUHS,0.3256,687.22,223.76,3890,Low Priority,No immediate intervention
2894-QOJRX,0.5335,419.35,223.72,3891,Low Priority,No immediate intervention
9863-JZAIC,0.3256,686.87,223.64,3892,Low Priority,No immediate intervention
2087-QAREY,0.3256,686.69,223.59,3893,Low Priority,No immediate intervention
8467-WYNSR,0.3256,686.39,223.49,3894,Low Priority,No immediate intervention
1777-JYQPJ,0.7574,294.91,223.36,3895,"High Risk, Lower Value",Automated retention campaign or targeted offer
5012-YSPJJ,0.3256,685.83,223.31,3896,Low Priority,No immediate intervention
5837-LXSDN,0.2946,757.93,223.29,3897,Low Priority,No immediate intervention
2801-NISEI,0.3256,685.75,223.28,3898,Low Priority,No immediate intervention
5423-BHIXO,0.3256,685.0,223.04,3899,Low Priority,No immediate intervention
7382-DFJTU,0.3256,684.92,223.01,3900,Low Priority,No immediate intervention
4785-QRJHC,0.2946,756.47,222.86,3901,Low Priority,No immediate intervention
3126-WQMGH,0.3256,684.17,222.77,3902,Low Priority,No immediate intervention
9555-SAHUZ,0.3256,683.84,222.66,3903,Low Priority,No immediate intervention
4701-MLJPN,0.3256,683.46,222.53,3904,Low Priority,No immediate intervention
4680-KUTAJ,0.3256,683.33,222.49,3905,Low Priority,No immediate intervention
4338-EYCER,0.3256,683.25,222.47,3906,Low Priority,No immediate intervention
8065-QBYTO,0.1515,1468.06,222.41,3907,Valuable but Stable,Monitor and maintain relationship
2933-FILNV,0.7574,293.64,222.4,3908,"High Risk, Lower Value",Automated retention campaign or targeted offer
6180-YBIQI,0.7574,293.57,222.35,3909,"High Risk, Lower Value",Automated retention campaign or targeted offer
7966-YOTQW,0.3256,682.8,222.32,3910,Low Priority,No immediate intervention
1134-YWTYF,0.3256,681.99,222.06,3911,Low Priority,No immediate intervention
5447-VYTKW,0.3256,681.77,221.98,3912,Low Priority,No immediate intervention
8735-DCXNF,0.3256,681.58,221.92,3913,Low Priority,No immediate intervention
3351-NGXYI,0.3256,681.49,221.89,3914,Low Priority,No immediate intervention
0396-UKGAI,0.3256,680.83,221.68,3915,Low Priority,No immediate intervention
1324-NLTJE,0.3256,680.6,221.6,3916,Low Priority,No immediate intervention
2676-OXPPQ,0.3256,680.39,221.53,3917,Low Priority,No immediate intervention
8263-JQAIK,0.7574,292.45,221.5,3918,"High Risk, Lower Value",Automated retention campaign or targeted offer
9895-VFOXH,0.7574,292.4,221.46,3919,"High Risk, Lower Value",Automated retention campaign or targeted offer
7130-CTCUS,0.3256,679.88,221.37,3920,Low Priority,No immediate intervention
0156-FVPTA,0.3256,679.65,221.29,3921,Low Priority,No immediate intervention
9136-ALYBR,0.7574,291.92,221.1,3922,"High Risk, Lower Value",Automated retention campaign or targeted offer
3439-GVUSX,0.7574,291.9,221.09,3923,"High Risk, Lower Value",Automated retention campaign or targeted offer
4104-PVRPS,0.3256,678.75,221.0,3924,Low Priority,No immediate intervention
5268-DSMNQ,0.1515,1458.62,220.98,3925,Valuable but Stable,Monitor and maintain relationship
3275-RHRNE,0.2946,749.9,220.92,3926,Low Priority,No immediate intervention
3099-OONVS,0.3256,678.49,220.92,3927,Low Priority,No immediate intervention
5707-ORNDZ,0.3256,678.3,220.85,3928,Low Priority,No immediate intervention
3815-SLMEF,0.5086,434.02,220.74,3929,Low Priority,No immediate intervention
6475-VHUIZ,0.3256,677.87,220.71,3930,Low Priority,No immediate intervention
1898-JSNDC,0.2946,749.13,220.69,3931,Low Priority,No immediate intervention
2055-SIFSS,0.3256,677.73,220.67,3932,Low Priority,No immediate intervention
9060-HJJRW,0.2946,749.01,220.66,3933,Low Priority,No immediate intervention
9143-CANJF,0.3256,677.51,220.6,3934,Low Priority,No immediate intervention
9972-NKTFD,0.3256,677.38,220.55,3935,Low Priority,No immediate intervention
0743-HRVFF,0.2946,748.01,220.36,3936,Low Priority,No immediate intervention
6214-EDAKZ,0.3256,676.06,220.13,3937,Low Priority,No immediate intervention
5650-VDUDS,0.7574,290.6,220.1,3938,"High Risk, Lower Value",Automated retention campaign or targeted offer
4676-MQUEA,0.1515,1452.83,220.1,3939,Valuable but Stable,Monitor and maintain relationship
1699-HPSBG,0.2946,745.94,219.75,3940,Low Priority,No immediate intervention
6135-OZQVA,0.3256,674.22,219.53,3941,Low Priority,No immediate intervention
3173-NVMPX,0.3256,673.75,219.37,3942,Low Priority,No immediate intervention
9530-EHPOH,0.3256,673.5,219.29,3943,Low Priority,No immediate intervention
1202-KKGFU,0.3256,673.12,219.17,3944,Low Priority,No immediate intervention
6035-BXTTY,0.3256,673.03,219.14,3945,Low Priority,No immediate intervention
1334-FJSVR,0.7574,289.19,219.03,3946,"High Risk, Lower Value",Automated retention campaign or targeted offer
1264-FUHCX,0.2946,742.91,218.86,3947,Low Priority,No immediate intervention
7551-DACSP,0.3256,671.64,218.69,3948,Low Priority,No immediate intervention
6599-SFQVE,0.3256,671.55,218.66,3949,Low Priority,No immediate intervention
5882-CMAZQ,0.5086,429.58,218.48,3950,Low Priority,No immediate intervention
0696-UKTOX,0.3256,670.5,218.31,3951,Low Priority,No immediate intervention
9770-KXGQU,0.1515,1440.39,218.22,3952,Valuable but Stable,Monitor and maintain relationship
1120-BMWUB,0.3256,670.18,218.21,3953,Low Priority,No immediate intervention
4522-AKYLR,0.3256,670.02,218.16,3954,Low Priority,No immediate intervention
5515-RUGKN,0.3256,669.69,218.05,3955,Low Priority,No immediate intervention
0314-TKOSI,0.3256,669.4,217.96,3956,Low Priority,No immediate intervention
6008-NAIXK,0.2946,739.65,217.9,3957,Low Priority,No immediate intervention
4280-DLSHD,0.3256,667.76,217.42,3958,Low Priority,No immediate intervention
1089-HDMKP,0.3256,667.57,217.36,3959,Low Priority,No immediate intervention
9619-GSATL,0.2946,737.79,217.35,3960,Low Priority,No immediate intervention
5944-UGLLK,0.2946,737.76,217.34,3961,Low Priority,No immediate intervention
4324-BZCKL,0.3256,667.34,217.29,3962,Low Priority,No immediate intervention
3948-FVVRP,0.3256,666.89,217.14,3963,Low Priority,No immediate intervention
3604-WLABM,0.3256,666.51,217.02,3964,Low Priority,No immediate intervention
1803-BGNBD,0.3256,666.17,216.9,3965,Low Priority,No immediate intervention
4109-CYRBD,0.3256,666.09,216.88,3966,Low Priority,No immediate intervention
4190-MFLUW,0.3256,666.0,216.85,3967,Low Priority,No immediate intervention
5150-LJNSR,0.1515,1431.34,216.85,3968,Valuable but Stable,Monitor and maintain relationship
3797-VTIDR,0.7574,286.22,216.78,3969,"High Risk, Lower Value",Automated retention campaign or targeted offer
0939-EREMR,0.3256,664.9,216.49,3970,Low Priority,No immediate intervention
5590-ZSKRV,0.3256,664.42,216.34,3971,Low Priority,No immediate intervention
3426-NIYYL,0.3256,663.55,216.05,3972,Low Priority,No immediate intervention
5996-NRVXR,0.1515,1425.58,215.98,3973,Valuable but Stable,Monitor and maintain relationship
6859-RKMZJ,0.3256,662.98,215.87,3974,Low Priority,No immediate intervention
6898-MDLZW,0.3256,662.51,215.71,3975,Low Priority,No immediate intervention
5351-QESIO,0.7574,284.56,215.53,3976,"High Risk, Lower Value",Automated retention campaign or targeted offer
6195-MELTI,0.2946,727.17,214.22,3977,Low Priority,No immediate intervention
1750-CSKKM,0.3256,657.53,214.09,3978,Low Priority,No immediate intervention
4320-QMLLA,0.3256,657.32,214.02,3979,Low Priority,No immediate intervention
9200-NLNPD,0.2946,726.09,213.91,3980,Low Priority,No immediate intervention
5730-RIITO,0.5335,400.52,213.68,3981,Low Priority,No immediate intervention
7856-GANIL,0.1515,1409.68,213.57,3982,Valuable but Stable,Monitor and maintain relationship
9332-GYWLO,0.3256,655.32,213.37,3983,Low Priority,No immediate intervention
4827-USJHP,0.3256,655.24,213.35,3984,Low Priority,No immediate intervention
6917-IAYHD,0.5086,418.87,213.04,3985,Low Priority,No immediate intervention
6416-JNVRK,0.2946,721.24,212.48,3986,Low Priority,No immediate intervention
6981-TDRFT,0.2946,719.44,211.95,3987,Low Priority,No immediate intervention
5306-BVTKJ,0.2946,718.2,211.58,3988,Low Priority,No immediate intervention
6728-CZFEI,0.2946,716.68,211.13,3989,Low Priority,No immediate intervention
1585-MQSSU,0.3256,647.95,210.97,3990,Low Priority,No immediate intervention
6576-FBXOJ,0.2946,716.04,210.95,3991,Low Priority,No immediate intervention
0277-BKSQP,0.3256,647.74,210.9,3992,Low Priority,No immediate intervention
8409-WQJUX,0.2946,715.33,210.74,3993,Low Priority,No immediate intervention
1042-HFUCW,0.2946,714.94,210.62,3994,Low Priority,No immediate intervention
4576-CSAJH,0.2946,714.04,210.36,3995,Low Priority,No immediate intervention
5639-NTUPK,0.3256,645.92,210.31,3996,Low Priority,No immediate intervention
6933-FHBZC,0.2946,712.01,209.76,3997,Low Priority,No immediate intervention
2946-KIQSP,0.5335,393.17,209.76,3998,Low Priority,No immediate intervention
8996-ZROXE,0.2946,711.89,209.72,3999,Low Priority,No immediate intervention
2746-DIJLO,0.2946,711.69,209.66,4000,Low Priority,No immediate intervention
2511-MORQY,0.2946,710.77,209.39,4001,Low Priority,No immediate intervention
2586-CWXVV,0.5335,392.45,209.37,4002,Low Priority,No immediate intervention
9894-QMIMJ,0.2946,710.28,209.25,4003,Low Priority,No immediate intervention
7901-IIDQV,0.2946,710.19,209.22,4004,Low Priority,No immediate intervention
3181-VTHOE,0.2946,709.68,209.07,4005,Low Priority,No immediate intervention
2858-MOFSQ,0.2946,709.51,209.02,4006,Low Priority,No immediate intervention
6586-PSJOX,0.2946,707.88,208.54,4007,Low Priority,No immediate intervention
6968-URWQU,0.2946,707.84,208.53,4008,Low Priority,No immediate intervention
9931-DCEZH,0.2946,707.14,208.32,4009,Low Priority,No immediate intervention
2519-TWKFS,0.2946,706.8,208.22,4010,Low Priority,No immediate intervention
2724-FJDYW,0.2946,706.4,208.11,4011,Low Priority,No immediate intervention
5382-TEMLV,0.3256,638.93,208.04,4012,Low Priority,No immediate intervention
8945-MUQUF,0.1515,1371.08,207.72,4013,Valuable but Stable,Monitor and maintain relationship
1696-HXOWK,0.1515,1368.3,207.3,4014,Valuable but Stable,Monitor and maintain relationship
1101-SSWAG,0.3256,636.55,207.26,4015,Low Priority,No immediate intervention
2709-UQGNP,0.3256,636.45,207.23,4016,Low Priority,No immediate intervention
2011-TRQYE,0.5335,388.33,207.17,4017,Low Priority,No immediate intervention
9972-VAFJJ,0.1515,1367.29,207.14,4018,Valuable but Stable,Monitor and maintain relationship
6784-XYJAE,0.2946,702.83,207.05,4019,Low Priority,No immediate intervention
5906-CVLHP,0.2946,702.72,207.02,4020,Low Priority,No immediate intervention
7841-FCRQD,0.2946,702.52,206.96,4021,Low Priority,No immediate intervention
7740-KKCXF,0.5335,387.7,206.84,4022,Low Priority,No immediate intervention
5149-QYTTU,0.1515,1365.19,206.83,4023,Valuable but Stable,Monitor and maintain relationship
5533-RJFTJ,0.5335,387.66,206.82,4024,Low Priority,No immediate intervention
3340-QBBFM,0.2946,701.93,206.79,4025,Low Priority,No immediate intervention
6075-QMNRR,0.3256,634.98,206.75,4026,Low Priority,No immediate intervention
7629-WFGLW,0.1515,1364.22,206.68,4027,Valuable but Stable,Monitor and maintain relationship
1730-VFMWO,0.3256,634.2,206.5,4028,Low Priority,No immediate intervention
0557-ASKVU,0.2946,700.78,206.45,4029,Low Priority,No immediate intervention
6994-ORCWG,0.2946,700.51,206.37,4030,Low Priority,No immediate intervention
8627-EHGIP,0.2946,700.09,206.25,4031,Low Priority,No immediate intervention
8259-DZLIZ,0.2946,699.8,206.16,4032,Low Priority,No immediate intervention
6549-NNDYT,0.5335,386.29,206.09,4033,Low Priority,No immediate intervention
6303-KFWSL,0.2946,698.79,205.86,4034,Low Priority,No immediate intervention
1371-WEPDS,0.2946,698.66,205.83,4035,Low Priority,No immediate intervention
2931-VUVJN,0.1515,1358.57,205.82,4036,Valuable but Stable,Monitor and maintain relationship
3571-DPYUH,0.1515,1357.86,205.72,4037,Valuable but Stable,Monitor and maintain relationship
7188-CBBBA,0.1515,1357.78,205.7,4038,Valuable but Stable,Monitor and maintain relationship
9057-MSWCO,0.5335,385.32,205.57,4039,Low Priority,No immediate intervention
9115-YQHGA,0.3256,631.32,205.56,4040,Low Priority,No immediate intervention
4531-AUZNK,0.1515,1356.72,205.54,4041,Valuable but Stable,Monitor and maintain relationship
5701-ZIKJE,0.3256,630.78,205.38,4042,Low Priority,No immediate intervention
6339-DKLMK,0.5335,384.85,205.32,4043,Low Priority,No immediate intervention
3948-XHGNA,0.3256,630.34,205.24,4044,Low Priority,No immediate intervention
3689-MOZGR,0.5335,384.6,205.18,4045,Low Priority,No immediate intervention
3221-CJMSG,0.3256,630.11,205.16,4046,Low Priority,No immediate intervention
1834-ABKHQ,0.2946,696.01,205.04,4047,Low Priority,No immediate intervention
1452-XRSJV,0.3256,629.63,205.01,4048,Low Priority,No immediate intervention
1629-DQQVB,0.3256,629.19,204.86,4049,Low Priority,No immediate intervention
1432-FPAXX,0.5335,383.95,204.84,4050,Low Priority,No immediate intervention
0983-TATYJ,0.2946,694.97,204.74,4051,Low Priority,No immediate intervention
4072-IPYLT,0.3256,628.74,204.72,4052,Low Priority,No immediate intervention
8182-PNAGI,0.3256,628.69,204.7,4053,Low Priority,No immediate intervention
2450-ZKEED,0.2946,694.69,204.66,4054,Low Priority,No immediate intervention
0909-SDHNU,0.5335,383.54,204.62,4055,Low Priority,No immediate intervention
1732-FEKLD,0.1515,1350.27,204.57,4056,Valuable but Stable,Monitor and maintain relationship
7080-TNUWP,0.1515,1350.11,204.54,4057,Valuable but Stable,Monitor and maintain relationship
6242-SGYTS,0.1515,1348.18,204.25,4058,Valuable but Stable,Monitor and maintain relationship
5366-OBVMR,0.3256,627.02,204.16,4059,Low Priority,No immediate intervention
3733-ZEECP,0.3256,626.6,204.02,4060,Low Priority,No immediate intervention
6265-SXWBU,0.1515,1345.74,203.88,4061,Valuable but Stable,Monitor and maintain relationship
0655-YDGFJ,0.3256,625.97,203.82,4062,Low Priority,No immediate intervention
2558-BUOZZ,0.1515,1344.66,203.72,4063,Valuable but Stable,Monitor and maintain relationship
5202-IVJNU,0.5335,381.61,203.59,4064,Low Priority,No immediate intervention
8718-PTMEZ,0.5335,381.57,203.57,4065,Low Priority,No immediate intervention
6713-OKOMC,0.5335,381.58,203.57,4066,Low Priority,No immediate intervention
9496-IVVRP,0.3256,624.95,203.48,4067,Low Priority,No immediate intervention
8069-YQQAJ,0.5335,381.26,203.4,4068,Low Priority,No immediate intervention
8910-ICHIU,0.1515,1340.95,203.15,4069,Valuable but Stable,Monitor and maintain relationship
5473-KHBPS,0.1515,1340.34,203.06,4070,Valuable but Stable,Monitor and maintain relationship
2826-DXLQO,0.5335,380.42,202.95,4071,Low Priority,No immediate intervention
2338-BQEZT,0.3256,622.85,202.8,4072,Low Priority,No immediate intervention
4625-EWPTF,0.5335,380.08,202.77,4073,Low Priority,No immediate intervention
9828-QHFBK,0.3256,621.96,202.51,4074,Low Priority,No immediate intervention
0587-DMGBH,0.3256,621.73,202.44,4075,Low Priority,No immediate intervention
4429-WYGFR,0.3256,621.72,202.43,4076,Low Priority,No immediate intervention
6732-FZUGP,0.1515,1335.28,202.29,4077,Valuable but Stable,Monitor and maintain relationship
0811-GSDTP,0.5335,379.18,202.29,4078,Low Priority,No immediate intervention
1150-FTQGN,0.1515,1334.7,202.21,4079,Valuable but Stable,Monitor and maintain relationship
6625-UTXEW,0.3256,620.9,202.17,4080,Low Priority,No immediate intervention
1925-LFCZZ,0.2946,685.97,202.09,4081,Low Priority,No immediate intervention
7776-QWNFX,0.3256,620.07,201.89,4082,Low Priority,No immediate intervention
7605-SNLQG,0.3256,619.87,201.83,4083,Low Priority,No immediate intervention
8735-IJJEG,0.3256,619.65,201.76,4084,Low Priority,No immediate intervention
2810-FTLEM,0.3256,619.56,201.73,4085,Low Priority,No immediate intervention
2533-TIBIX,0.5335,378.06,201.7,4086,Low Priority,No immediate intervention
0311-QYWSS,0.3256,619.15,201.6,4087,Low Priority,No immediate intervention
1596-OQSPS,0.3256,618.9,201.51,4088,Low Priority,No immediate intervention
4742-DRORA,0.1515,1328.72,201.3,4089,Valuable but Stable,Monitor and maintain relationship
2207-OBZNX,0.3256,618.13,201.26,4090,Low Priority,No immediate intervention
5445-GLVOT,0.3256,617.85,201.17,4091,Low Priority,No immediate intervention
1322-AGOQM,0.5335,377.02,201.14,4092,Low Priority,No immediate intervention
8919-FYFQZ,0.5335,376.9,201.08,4093,Low Priority,No immediate intervention
7614-QVWQL,0.2946,682.32,201.01,4094,Low Priority,No immediate intervention
3863-IUBJR,0.2946,682.17,200.97,4095,Low Priority,No immediate intervention
2379-GYFLQ,0.1515,1326.1,200.9,4096,Valuable but Stable,Monitor and maintain relationship
8229-MYEJZ,0.3256,616.76,200.82,4097,Low Priority,No immediate intervention
0991-BRRFB,0.3256,616.42,200.71,4098,Low Priority,No immediate intervention
4011-ARPHK,0.3256,616.36,200.69,4099,Low Priority,No immediate intervention
2237-ZFSMY,0.1515,1324.69,200.69,4100,Valuable but Stable,Monitor and maintain relationship
1848-LBZHY,0.3256,616.03,200.58,4101,Low Priority,No immediate intervention
8205-MQUGY,0.3256,615.97,200.56,4102,Low Priority,No immediate intervention
4316-XCSLJ,0.3256,615.81,200.51,4103,Low Priority,No immediate intervention
2927-QRRQV,0.1515,1323.46,200.5,4104,Valuable but Stable,Monitor and maintain relationship
9763-GRSKD,0.3256,615.31,200.34,4105,Low Priority,No immediate intervention
3982-XWFZQ,0.3256,615.27,200.33,4106,Low Priority,No immediate intervention
9097-ZUBYC,0.3256,614.98,200.24,4107,Low Priority,No immediate intervention
3890-RTCMS,0.3256,614.75,200.16,4108,Low Priority,No immediate intervention
4189-NAKJS,0.2946,679.23,200.1,4109,Low Priority,No immediate intervention
9820-RMCQV,0.3256,614.31,200.02,4110,Low Priority,No immediate intervention
1310-QRITU,0.3256,613.88,199.88,4111,Low Priority,No immediate intervention
7639-SUPCW,0.3256,613.35,199.71,4112,Low Priority,No immediate intervention
6543-CPZMK,0.5335,374.33,199.71,4113,Low Priority,No immediate intervention
8791-GFXLZ,0.3256,613.13,199.64,4114,Low Priority,No immediate intervention
6483-OATDN,0.3256,613.15,199.64,4115,Low Priority,No immediate intervention
5062-CJJKH,0.2946,677.45,199.58,4116,Low Priority,No immediate intervention
2229-VWQJH,0.3256,611.66,199.16,4117,Low Priority,No immediate intervention
0440-QEXBZ,0.3256,611.68,199.16,4118,Low Priority,No immediate intervention
7410-KTVFV,0.3256,611.48,199.1,4119,Low Priority,No immediate intervention
3256-EZDBI,0.5335,373.06,199.03,4120,Low Priority,No immediate intervention
0104-PPXDV,0.2946,675.56,199.02,4121,Low Priority,No immediate intervention
3683-QKIUE,0.3256,610.8,198.88,4122,Low Priority,No immediate intervention
0015-UOCOJ,0.3256,610.73,198.85,4123,Low Priority,No immediate intervention
4456-RHSNB,0.3256,610.39,198.74,4124,Low Priority,No immediate intervention
1376-HHBDV,0.3256,610.2,198.68,4125,Low Priority,No immediate intervention
7743-EXURX,0.3256,610.15,198.66,4126,Low Priority,No immediate intervention
1666-JZPZT,0.3256,610.12,198.66,4127,Low Priority,No immediate intervention
7622-NXQZR,0.5335,372.15,198.54,4128,Low Priority,No immediate intervention
1360-RCYRT,0.5335,371.83,198.37,4129,Low Priority,No immediate intervention
6661-EIPZC,0.5335,371.65,198.28,4130,Low Priority,No immediate intervention
2843-CQMEG,0.3256,608.89,198.25,4131,Low Priority,No immediate intervention
3391-JSQEW,0.3256,608.69,198.19,4132,Low Priority,No immediate intervention
6624-JDRDS,0.5335,371.44,198.16,4133,Low Priority,No immediate intervention
4801-JZAZL,0.5335,371.34,198.11,4134,Low Priority,No immediate intervention
7123-WQUHX,0.1515,1307.06,198.02,4135,Valuable but Stable,Monitor and maintain relationship
1247-QBVSH,0.3256,608.17,198.02,4136,Low Priority,No immediate intervention
5133-VRSAB,0.5335,371.12,197.99,4137,Low Priority,No immediate intervention
0080-EMYVY,0.2946,671.86,197.93,4138,Low Priority,No immediate intervention
3794-NFNCH,0.3256,607.81,197.9,4139,Low Priority,No immediate intervention
0254-WWRKD,0.2946,671.7,197.88,4140,Low Priority,No immediate intervention
5197-PYEPU,0.1515,1305.75,197.82,4141,Valuable but Stable,Monitor and maintain relationship
6705-LNMDD,0.3256,607.56,197.82,4142,Low Priority,No immediate intervention
5651-WYIPH,0.3256,607.09,197.67,4143,Low Priority,No immediate intervention
5843-TTHGI,0.3256,606.82,197.58,4144,Low Priority,No immediate intervention
3920-HIHMQ,0.3256,606.34,197.42,4145,Low Priority,No immediate intervention
3521-MNKLV,0.3256,605.92,197.29,4146,Low Priority,No immediate intervention
5816-SCGFC,0.3256,605.16,197.04,4147,Low Priority,No immediate intervention
7054-ENNGU,0.3256,604.95,196.97,4148,Low Priority,No immediate intervention
6497-TILVL,0.3256,604.55,196.84,4149,Low Priority,No immediate intervention
2606-RMDHZ,0.5335,368.94,196.83,4150,Low Priority,No immediate intervention
0997-YTLNY,0.3256,604.31,196.76,4151,Low Priority,No immediate intervention
1958-RNRKS,0.3256,604.16,196.71,4152,Low Priority,No immediate intervention
8799-OXZMD,0.5335,368.49,196.59,4153,Low Priority,No immediate intervention
8190-ZTQFB,0.2946,667.02,196.5,4154,Low Priority,No immediate intervention
3097-IDVPU,0.3256,603.34,196.45,4155,Low Priority,No immediate intervention
1208-NBVFH,0.3256,603.13,196.38,4156,Low Priority,No immediate intervention
4422-QVIJA,0.3256,602.82,196.28,4157,Low Priority,No immediate intervention
4926-UMJZD,0.3256,602.6,196.21,4158,Low Priority,No immediate intervention
5155-AZQPB,0.3256,602.29,196.11,4159,Low Priority,No immediate intervention
8967-SZQAS,0.3256,601.59,195.88,4160,Low Priority,No immediate intervention
5498-IBWPI,0.2946,664.29,195.7,4161,Low Priority,No immediate intervention
4310-KEDTB,0.5335,366.82,195.7,4162,Low Priority,No immediate intervention
7811-JIVPF,0.3256,600.76,195.61,4163,Low Priority,No immediate intervention
1213-NGCUN,0.3256,600.78,195.61,4164,Low Priority,No immediate intervention
9644-UMGQA,0.3256,600.21,195.43,4165,Low Priority,No immediate intervention
4353-HYOJD,0.3256,599.94,195.34,4166,Low Priority,No immediate intervention
8344-WFMFH,0.3256,599.41,195.17,4167,Low Priority,No immediate intervention
3345-PBBFH,0.3256,599.4,195.16,4168,Low Priority,No immediate intervention
5600-PDUJF,0.3256,599.14,195.08,4169,Low Priority,No immediate intervention
6789-HJBWG,0.3256,597.98,194.7,4170,Low Priority,No immediate intervention
9375-MHRRS,0.3256,597.68,194.6,4171,Low Priority,No immediate intervention
9396-ZSFLL,0.3256,597.49,194.54,4172,Low Priority,No immediate intervention
5016-ETTFF,0.5335,364.61,194.52,4173,Low Priority,No immediate intervention
8148-BPLZQ,0.3256,597.06,194.4,4174,Low Priority,No immediate intervention
3570-YUEKJ,0.3256,596.94,194.36,4175,Low Priority,No immediate intervention
7758-XKCBS,0.5335,363.3,193.82,4176,Low Priority,No immediate intervention
5233-GEEAX,0.5335,363.09,193.71,4177,Low Priority,No immediate intervention
0423-UDIJQ,0.3256,594.86,193.69,4178,Low Priority,No immediate intervention
7876-BEUTG,0.3256,594.69,193.63,4179,Low Priority,No immediate intervention
7421-ZLUPA,0.5335,362.76,193.53,4180,Low Priority,No immediate intervention
0430-IHCDJ,0.3256,593.86,193.36,4181,Low Priority,No immediate intervention
1094-BKOSX,0.2946,656.01,193.26,4182,Low Priority,No immediate intervention
5780-INQIK,0.3256,593.26,193.17,4183,Low Priority,No immediate intervention
5315-CKEQK,0.2946,655.55,193.13,4184,Low Priority,No immediate intervention
7742-MYPGI,0.3256,592.46,192.9,4185,Low Priority,No immediate intervention
5143-EGQFK,0.5335,361.53,192.88,4186,Low Priority,No immediate intervention
0096-BXERS,0.3256,592.36,192.87,4187,Low Priority,No immediate intervention
8614-VGMMV,0.3256,592.11,192.79,4188,Low Priority,No immediate intervention
9163-GHAYE,0.3256,590.49,192.26,4189,Low Priority,No immediate intervention
0980-FEXWF,0.2946,651.74,192.0,4190,Low Priority,No immediate intervention
2720-FVBQP,0.3256,589.48,191.93,4191,Low Priority,No immediate intervention
3144-AUDBS,0.3256,589.21,191.85,4192,Low Priority,No immediate intervention
4958-GZWIY,0.3256,588.5,191.62,4193,Low Priority,No immediate intervention
0282-NVSJS,0.5335,358.75,191.39,4194,Low Priority,No immediate intervention
5777-KJIRB,0.2946,649.44,191.33,4195,Low Priority,No immediate intervention
7636-OWBPG,0.5335,358.29,191.15,4196,Low Priority,No immediate intervention
3237-AJGEH,0.5086,374.98,190.71,4197,Low Priority,No immediate intervention
1355-KUSBG,0.3256,585.66,190.69,4198,Low Priority,No immediate intervention
0799-DDIHE,0.3256,584.45,190.3,4199,Low Priority,No immediate intervention
8865-TNMNX,0.2946,645.27,190.1,4200,Low Priority,No immediate intervention
1395-OFUWC,0.5335,355.16,189.48,4201,Low Priority,No immediate intervention
3926-YZVVX,0.2946,642.17,189.18,4202,Low Priority,No immediate intervention
6537-OTKMY,0.2946,641.05,188.85,4203,Low Priority,No immediate intervention
8901-HJXTF,0.5335,353.87,188.79,4204,Low Priority,No immediate intervention
9572-WUKSB,0.5086,370.92,188.65,4205,Low Priority,No immediate intervention
8124-NZVGJ,0.2946,639.09,188.28,4206,Low Priority,No immediate intervention
6656-JWRQX,0.5086,369.66,188.01,4207,Low Priority,No immediate intervention
8672-OAUPW,0.2946,638.09,187.98,4208,Low Priority,No immediate intervention
4030-VPZBD,0.5086,369.56,187.96,4209,Low Priority,No immediate intervention
3606-SBKRY,0.2946,634.44,186.91,4210,Low Priority,No immediate intervention
0489-WMEMG,0.2946,632.79,186.42,4211,Low Priority,No immediate intervention
8676-OOQEJ,0.5086,365.8,186.05,4212,Low Priority,No immediate intervention
8167-GJLRN,0.5086,365.37,185.83,4213,Low Priority,No immediate intervention
6281-FKEWS,0.2946,629.76,185.53,4214,Low Priority,No immediate intervention
2770-NSVDG,0.5335,347.54,185.41,4215,Low Priority,No immediate intervention
1442-BQPVU,0.5335,347.04,185.15,4216,Low Priority,No immediate intervention
1208-DNHLN,0.2946,627.3,184.8,4217,Low Priority,No immediate intervention
1142-WACZW,0.5086,363.3,184.77,4218,Low Priority,No immediate intervention
5960-MVTUK,0.5086,363.19,184.72,4219,Low Priority,No immediate intervention
1337-BOZWO,0.2946,625.79,184.36,4220,Low Priority,No immediate intervention
3285-UCQVC,0.5335,345.03,184.07,4221,Low Priority,No immediate intervention
8050-WYBND,0.2946,622.55,183.4,4222,Low Priority,No immediate intervention
0668-OGMHD,0.5335,337.29,179.94,4223,Low Priority,No immediate intervention
1816-FLZDK,0.5086,352.12,179.09,4224,Low Priority,No immediate intervention
3640-JQGJG,0.3256,549.64,178.96,4225,Low Priority,No immediate intervention
3255-GRXMG,0.3256,547.64,178.31,4226,Low Priority,No immediate intervention
7883-ROJOC,0.3256,547.43,178.24,4227,Low Priority,No immediate intervention
3470-BTGQO,0.3256,546.77,178.03,4228,Low Priority,No immediate intervention
7109-MFBYV,0.3256,546.4,177.91,4229,Low Priority,No immediate intervention
4012-ZTHBR,0.3256,546.26,177.86,4230,Low Priority,No immediate intervention
4690-LLKUA,0.3256,546.01,177.78,4231,Low Priority,No immediate intervention
2828-SLQPF,0.3256,545.4,177.58,4232,Low Priority,No immediate intervention
6022-KOUQO,0.5086,349.14,177.57,4233,Low Priority,No immediate intervention
2887-JPYLU,0.3256,545.13,177.49,4234,Low Priority,No immediate intervention
0842-IWYCP,0.3256,545.12,177.49,4235,Low Priority,No immediate intervention
3450-WXOAT,0.3256,544.36,177.24,4236,Low Priority,No immediate intervention
1518-OMDIK,0.3256,543.98,177.12,4237,Low Priority,No immediate intervention
2957-LOLHO,0.3256,542.34,176.59,4238,Low Priority,No immediate intervention
1767-TGTKO,0.3256,542.24,176.55,4239,Low Priority,No immediate intervention
0621-TWIEM,0.3256,542.2,176.54,4240,Low Priority,No immediate intervention
1125-SNVCK,0.3256,541.95,176.46,4241,Low Priority,No immediate intervention
5392-AKEMH,0.3256,540.82,176.09,4242,Low Priority,No immediate intervention
6143-JQKEA,0.3256,540.74,176.06,4243,Low Priority,No immediate intervention
1919-RTPQD,0.3256,540.2,175.89,4244,Low Priority,No immediate intervention
5386-THSLQ,0.2946,596.47,175.72,4245,Low Priority,No immediate intervention
1600-DILPE,0.3256,539.67,175.72,4246,Low Priority,No immediate intervention
6410-LEFEN,0.3256,538.97,175.49,4247,Low Priority,No immediate intervention
5027-XWQHA,0.3256,538.81,175.44,4248,Low Priority,No immediate intervention
0356-ERHVT,0.3256,537.85,175.12,4249,Low Priority,No immediate intervention
3945-GFWQL,0.3256,537.78,175.1,4250,Low Priority,No immediate intervention
0999-QXNSA,0.3256,537.69,175.07,4251,Low Priority,No immediate intervention
3580-REOAC,0.3256,537.6,175.04,4252,Low Priority,No immediate intervention
9388-ZEYVT,0.2946,594.03,175.0,4253,Low Priority,No immediate intervention
3030-YZADT,0.3256,537.36,174.96,4254,Low Priority,No immediate intervention
2219-MVUSO,0.3256,537.34,174.96,4255,Low Priority,No immediate intervention
2604-XVDAM,0.3256,536.79,174.78,4256,Low Priority,No immediate intervention
8095-WANWK,0.3256,536.42,174.66,4257,Low Priority,No immediate intervention
1685-VAYJF,0.3256,536.33,174.63,4258,Low Priority,No immediate intervention
3258-SANFR,0.3256,536.14,174.57,4259,Low Priority,No immediate intervention
3566-VVORZ,0.3256,535.24,174.27,4260,Low Priority,No immediate intervention
1282-IHQAC,0.2946,591.31,174.2,4261,Low Priority,No immediate intervention
5651-CPDND,0.3256,534.95,174.18,4262,Low Priority,No immediate intervention
7269-JISCY,0.2946,590.87,174.07,4263,Low Priority,No immediate intervention
9873-MNDKV,0.3256,534.23,173.95,4264,Low Priority,No immediate intervention
8242-JSVBO,0.3256,533.61,173.74,4265,Low Priority,No immediate intervention
7554-AKDQF,0.3256,533.38,173.67,4266,Low Priority,No immediate intervention
3941-XTSKM,0.2946,589.49,173.66,4267,Low Priority,No immediate intervention
4608-LCIMN,0.3256,532.1,173.25,4268,Low Priority,No immediate intervention
8455-HIRAQ,0.3256,531.62,173.1,4269,Low Priority,No immediate intervention
3808-HFKDE,0.3256,531.58,173.08,4270,Low Priority,No immediate intervention
4647-XXZAM,0.3256,531.38,173.02,4271,Low Priority,No immediate intervention
8775-CEBBJ,0.3256,530.25,172.65,4272,Low Priority,No immediate intervention
4566-QVRRW,0.3256,530.03,172.58,4273,Low Priority,No immediate intervention
6954-OOYZZ,0.3256,530.03,172.58,4274,Low Priority,No immediate intervention
8082-GHXOP,0.3256,529.61,172.44,4275,Low Priority,No immediate intervention
7593-JNWRU,0.3256,529.03,172.25,4276,Low Priority,No immediate intervention
3589-PPVKW,0.3256,528.55,172.1,4277,Low Priority,No immediate intervention
5160-UXJED,0.2946,584.12,172.08,4278,Low Priority,No immediate intervention
2599-CZABP,0.2946,584.09,172.07,4279,Low Priority,No immediate intervention
7636-PEPNS,0.2946,583.67,171.95,4280,Low Priority,No immediate intervention
7136-RVDTZ,0.2946,583.48,171.89,4281,Low Priority,No immediate intervention
2212-LYASK,0.2946,583.32,171.85,4282,Low Priority,No immediate intervention
4570-QHXHL,0.3256,527.61,171.79,4283,Low Priority,No immediate intervention
9702-AIUJO,0.2946,582.59,171.63,4284,Low Priority,No immediate intervention
4081-DYXAV,0.2946,581.59,171.34,4285,Low Priority,No immediate intervention
8887-IPQNC,0.3256,525.07,170.96,4286,Low Priority,No immediate intervention
6968-MHOMU,0.2946,580.29,170.95,4287,Low Priority,No immediate intervention
3638-DIMPH,0.2946,577.24,170.05,4288,Low Priority,No immediate intervention
4452-QIIEB,0.3256,522.18,170.02,4289,Low Priority,No immediate intervention
8205-OTCHB,0.2946,572.04,168.52,4290,Low Priority,No immediate intervention
9327-QSDED,0.3256,516.9,168.3,4291,Low Priority,No immediate intervention
3787-TRIAL,0.5335,314.34,167.7,4292,Low Priority,No immediate intervention
6029-CSMJE,0.5335,313.77,167.4,4293,Low Priority,No immediate intervention
8904-OPDCK,0.5335,313.78,167.4,4294,Low Priority,No immediate intervention
4282-ACRXS,0.5335,313.15,167.07,4295,Low Priority,No immediate intervention
6791-YBNAK,0.5335,313.12,167.05,4296,Low Priority,No immediate intervention
0420-BWTPW,0.5335,312.75,166.85,4297,Low Priority,No immediate intervention
9862-KJTYK,0.5335,310.31,165.55,4298,Low Priority,No immediate intervention
4819-HJPIW,0.5335,309.66,165.2,4299,Low Priority,No immediate intervention
0804-XBFBV,0.5335,308.92,164.81,4300,Low Priority,No immediate intervention
6464-KEXXH,0.5335,308.88,164.79,4301,Low Priority,No immediate intervention
6743-HHQPF,0.5335,307.85,164.24,4302,Low Priority,No immediate intervention
1559-DTODC,0.5335,306.93,163.75,4303,Low Priority,No immediate intervention
6344-SFJVH,0.5335,304.81,162.62,4304,Low Priority,No immediate intervention
3058-WQDRE,0.5335,303.88,162.12,4305,Low Priority,No immediate intervention
4544-RXFMG,0.2946,549.89,162.0,4306,Low Priority,No immediate intervention
7909-FIOIY,0.5335,302.58,161.43,4307,Low Priority,No immediate intervention
4987-GQWPO,0.5335,302.49,161.38,4308,Low Priority,No immediate intervention
6447-GORXK,0.5335,301.63,160.92,4309,Low Priority,No immediate intervention
6345-HOVES,0.5335,300.97,160.57,4310,Low Priority,No immediate intervention
2346-DJQTB,0.5335,300.63,160.39,4311,Low Priority,No immediate intervention
1329-VHWNP,0.5335,300.27,160.19,4312,Low Priority,No immediate intervention
7016-BPGEU,0.5335,299.99,160.04,4313,Low Priority,No immediate intervention
1335-NTIUC,0.5335,299.43,159.75,4314,Low Priority,No immediate intervention
5590-YRFJT,0.5335,299.1,159.57,4315,Low Priority,No immediate intervention
5215-LNLDJ,0.5335,298.5,159.25,4316,Low Priority,No immediate intervention
6834-NXDCA,0.5335,295.69,157.75,4317,Low Priority,No immediate intervention
3055-MJDSB,0.5335,295.37,157.58,4318,Low Priority,No immediate intervention
2877-VDUER,0.2946,534.46,157.45,4319,Low Priority,No immediate intervention
4905-JEFDW,0.2946,532.13,156.77,4320,Low Priority,No immediate intervention
0308-IVGOK,0.2946,518.4,152.72,4321,Low Priority,No immediate intervention
5640-CAXOA,0.2946,517.86,152.56,4322,Low Priority,No immediate intervention
4291-HYEBC,0.2946,514.49,151.57,4323,Low Priority,No immediate intervention
1153-GNOLC,0.2946,512.99,151.13,4324,Low Priority,No immediate intervention
8268-YDIXR,0.1107,1353.62,149.85,4325,Valuable but Stable,Monitor and maintain relationship
8319-QBEHW,0.2946,507.01,149.37,4326,Low Priority,No immediate intervention
8752-GHJFU,0.1107,1346.15,149.02,4327,Valuable but Stable,Monitor and maintain relationship
0623-EJQEG,0.1107,1339.6,148.29,4328,Valuable but Stable,Monitor and maintain relationship
1591-MQJTP,0.1107,1333.92,147.66,4329,Valuable but Stable,Monitor and maintain relationship
0516-UXRMT,0.1107,1326.37,146.83,4330,Valuable but Stable,Monitor and maintain relationship
2080-SRCDE,0.5086,288.12,146.54,4331,Low Priority,No immediate intervention
4075-JFPGR,0.1107,1320.93,146.23,4332,Valuable but Stable,Monitor and maintain relationship
0568-ONFPC,0.5086,287.07,146.0,4333,Low Priority,No immediate intervention
1814-DKOLC,0.5086,286.71,145.82,4334,Low Priority,No immediate intervention
8746-OQQRW,0.5086,286.06,145.49,4335,Low Priority,No immediate intervention
4430-YHXGG,0.5086,285.72,145.32,4336,Low Priority,No immediate intervention
2692-PFYTJ,0.5086,285.38,145.14,4337,Low Priority,No immediate intervention
2712-SYWAY,0.5086,284.97,144.94,4338,Low Priority,No immediate intervention
2073-QBVBI,0.2946,491.42,144.77,4339,Low Priority,No immediate intervention
6481-OGDOO,0.1107,1303.73,144.32,4340,Valuable but Stable,Monitor and maintain relationship
9480-BQJEI,0.1107,1301.65,144.09,4341,Valuable but Stable,Monitor and maintain relationship
7089-XXAYG,0.2946,489.03,144.07,4342,Low Priority,No immediate intervention
9742-XOKTS,0.1107,1295.97,143.46,4343,Valuable but Stable,Monitor and maintain relationship
6481-LXPWL,0.2946,486.27,143.26,4344,Low Priority,No immediate intervention
5681-LLOEI,0.1107,1288.75,142.66,4345,Valuable but Stable,Monitor and maintain relationship
6893-ODYYE,0.1107,1286.01,142.36,4346,Valuable but Stable,Monitor and maintain relationship
6266-QHOJZ,0.1107,1280.47,141.75,4347,Valuable but Stable,Monitor and maintain relationship
3648-GZPHF,0.2946,479.88,141.37,4348,Low Priority,No immediate intervention
8896-BQTTI,0.5086,277.92,141.35,4349,Low Priority,No immediate intervention
8713-IGZSO,0.5086,277.77,141.27,4350,Low Priority,No immediate intervention
8226-BXGES,0.1107,1275.36,141.18,4351,Valuable but Stable,Monitor and maintain relationship
2205-LPVGL,0.1107,1273.78,141.01,4352,Valuable but Stable,Monitor and maintain relationship
8079-XRJRS,0.1107,1272.62,140.88,4353,Valuable but Stable,Monitor and maintain relationship
4115-UMJFQ,0.2946,477.8,140.76,4354,Low Priority,No immediate intervention
2233-FAGXV,0.5086,276.43,140.59,4355,Low Priority,No immediate intervention
8166-ORCHU,0.1107,1262.43,139.75,4356,Valuable but Stable,Monitor and maintain relationship
8898-KASCD,0.2946,472.14,139.09,4357,Low Priority,No immediate intervention
2361-FJWNO,0.2946,472.03,139.06,4358,Low Priority,No immediate intervention
9277-JOOMO,0.5086,272.81,138.75,4359,Low Priority,No immediate intervention
0750-EBAIU,0.1107,1252.39,138.64,4360,Valuable but Stable,Monitor and maintain relationship
7343-EOBEU,0.5086,272.33,138.51,4361,Low Priority,No immediate intervention
9386-LDCZR,0.1107,1250.83,138.47,4362,Valuable but Stable,Monitor and maintain relationship
2565-JSLRY,0.5086,271.71,138.19,4363,Low Priority,No immediate intervention
3224-DFQNQ,0.1107,1245.08,137.83,4364,Valuable but Stable,Monitor and maintain relationship
5701-SVCWR,0.5086,270.94,137.8,4365,Low Priority,No immediate intervention
4377-VDHYI,0.1107,1241.78,137.47,4366,Valuable but Stable,Monitor and maintain relationship
8496-DMZUK,0.1107,1239.77,137.24,4367,Valuable but Stable,Monitor and maintain relationship
7016-NVRIC,0.1107,1237.9,137.04,4368,Valuable but Stable,Monitor and maintain relationship
2911-IJORQ,0.1107,1233.25,136.52,4369,Valuable but Stable,Monitor and maintain relationship
2259-OUUSZ,0.2946,462.62,136.29,4370,Low Priority,No immediate intervention
9691-HKOVS,0.1107,1227.99,135.94,4371,Valuable but Stable,Monitor and maintain relationship
5913-INRQV,0.1107,1217.25,134.75,4372,Valuable but Stable,Monitor and maintain relationship
8707-RMEZH,0.1107,1217.16,134.74,4373,Valuable but Stable,Monitor and maintain relationship
2758-RNWXS,0.1107,1212.15,134.19,4374,Valuable but Stable,Monitor and maintain relationship
6156-UZDLF,0.1107,1207.84,133.71,4375,Valuable but Stable,Monitor and maintain relationship
6946-LMSQS,0.1107,1203.77,133.26,4376,Valuable but Stable,Monitor and maintain relationship
7472-EQOAV,0.1107,1196.32,132.43,4377,Low Priority,No immediate intervention
0975-UYDTX,0.1107,1195.44,132.34,4378,Low Priority,No immediate intervention
6352-GIGGQ,0.1107,1194.57,132.24,4379,Low Priority,No immediate intervention
0725-CXOTM,0.1107,1194.24,132.2,4380,Low Priority,No immediate intervention
3034-ZBEQN,0.2946,448.13,132.02,4381,Low Priority,No immediate intervention
2790-XUYMV,0.1107,1191.62,131.91,4382,Low Priority,No immediate intervention
6250-CGGUN,0.1107,1191.09,131.85,4383,Low Priority,No immediate intervention
9134-WYRVP,0.1107,1188.28,131.54,4384,Low Priority,No immediate intervention
6726-WEXXK,0.1107,1186.46,131.34,4385,Low Priority,No immediate intervention
2636-SJDOU,0.1107,1186.2,131.31,4386,Low Priority,No immediate intervention
0723-VSOBE,0.2946,445.68,131.3,4387,Low Priority,No immediate intervention
3301-VKTGC,0.1107,1185.14,131.19,4388,Low Priority,No immediate intervention
0112-QWPNC,0.1107,1183.78,131.04,4389,Low Priority,No immediate intervention
6161-ERDGD,0.1107,1181.28,130.77,4390,Low Priority,No immediate intervention
8034-RYTVV,0.1107,1180.43,130.67,4391,Low Priority,No immediate intervention
3696-XRIEN,0.1107,1178.16,130.42,4392,Low Priority,No immediate intervention
0197-PNKNK,0.1107,1175.46,130.12,4393,Low Priority,No immediate intervention
6736-DHUQI,0.1107,1172.92,129.84,4394,Low Priority,No immediate intervention
5204-HMGYF,0.1107,1171.2,129.65,4395,Low Priority,No immediate intervention
8822-KNBHV,0.1107,1169.7,129.49,4396,Low Priority,No immediate intervention
8406-LNMHF,0.1107,1166.81,129.17,4397,Low Priority,No immediate intervention
7711-YIJWC,0.1107,1166.02,129.08,4398,Low Priority,No immediate intervention
0840-DCNZE,0.1107,1163.45,128.79,4399,Low Priority,No immediate intervention
0254-KCJGT,0.1107,1162.03,128.64,4400,Low Priority,No immediate intervention
7596-LDUXP,0.1107,1161.27,128.55,4401,Low Priority,No immediate intervention
0310-SUCIN,0.1107,1161.17,128.54,4402,Low Priority,No immediate intervention
0756-MPZRL,0.2946,435.86,128.4,4403,Low Priority,No immediate intervention
5020-ZSTTY,0.1107,1158.16,128.21,4404,Low Priority,No immediate intervention
6121-TNHBO,0.1107,1155.23,127.88,4405,Low Priority,No immediate intervention
2055-BFOCC,0.1107,1154.61,127.82,4406,Low Priority,No immediate intervention
3594-UVONA,0.1107,1153.89,127.74,4407,Low Priority,No immediate intervention
6194-HBGQN,0.1107,1153.94,127.74,4408,Low Priority,No immediate intervention
3115-JPJDD,0.1107,1152.74,127.61,4409,Low Priority,No immediate intervention
6635-MYYYZ,0.1107,1139.06,126.09,4410,Low Priority,No immediate intervention
7951-VRDVK,0.1107,1137.97,125.97,4411,Low Priority,No immediate intervention
1599-MMYRQ,0.1107,1136.49,125.81,4412,Low Priority,No immediate intervention
5297-MDOIR,0.1107,1136.45,125.81,4413,Low Priority,No immediate intervention
8348-JLBUG,0.1107,1130.97,125.2,4414,Low Priority,No immediate intervention
0083-PIVIK,0.1107,1130.6,125.16,4415,Low Priority,No immediate intervention
7654-YWJUF,0.1107,1130.23,125.12,4416,Low Priority,No immediate intervention
2890-WFBHU,0.1107,1120.88,124.08,4417,Low Priority,No immediate intervention
6421-SZVEM,0.1107,1119.55,123.93,4418,Low Priority,No immediate intervention
1088-CNNKB,0.1107,1112.84,123.19,4419,Low Priority,No immediate intervention
5566-SOEZD,0.1107,1108.56,122.72,4420,Low Priority,No immediate intervention
6617-WLBQC,0.1107,1104.57,122.28,4421,Low Priority,No immediate intervention
1623-NLDOT,0.2946,414.73,122.18,4422,Low Priority,No immediate intervention
5073-RZGBK,0.1107,1100.58,121.83,4423,Low Priority,No immediate intervention
6840-RESVB,0.1107,1097.19,121.46,4424,Low Priority,No immediate intervention
5032-USPKF,0.1107,1094.49,121.16,4425,Low Priority,No immediate intervention
9199-PWQVC,0.1107,1093.89,121.09,4426,Low Priority,No immediate intervention
9513-DXHDA,0.1107,1092.4,120.93,4427,Low Priority,No immediate intervention
9500-IWPXQ,0.1107,1091.71,120.85,4428,Low Priority,No immediate intervention
7893-IXHRQ,0.5086,237.53,120.81,4429,Low Priority,No immediate intervention
8469-SNFFH,0.1107,1090.25,120.69,4430,Low Priority,No immediate intervention
9708-KFDBY,0.5086,236.43,120.25,4431,Low Priority,No immediate intervention
6579-JPICP,0.5086,236.26,120.16,4432,Low Priority,No immediate intervention
4745-LSPLO,0.5086,236.25,120.16,4433,Low Priority,No immediate intervention
4522-XRWWI,0.1107,1084.52,120.06,4434,Low Priority,No immediate intervention
2002-MZHWP,0.5086,235.94,120.0,4435,Low Priority,No immediate intervention
9753-OYLBX,0.5086,235.94,120.0,4436,Low Priority,No immediate intervention
3590-TCXTB,0.5086,235.82,119.94,4437,Low Priority,No immediate intervention
1963-VAUKV,0.5086,235.81,119.93,4438,Low Priority,No immediate intervention
3727-JEZTU,0.5086,235.81,119.93,4439,Low Priority,No immediate intervention
7764-BDPEE,0.5086,235.74,119.9,4440,Low Priority,No immediate intervention
0673-IGUQO,0.5086,235.71,119.88,4441,Low Priority,No immediate intervention
2668-TZSPS,0.5086,235.71,119.88,4442,Low Priority,No immediate intervention
3803-KMQFW,0.5086,235.51,119.78,4443,Low Priority,No immediate intervention
2592-YKDIF,0.5086,235.49,119.77,4444,Low Priority,No immediate intervention
7336-RLLRH,0.1107,1081.04,119.67,4445,Low Priority,No immediate intervention
8879-ZKJOF,0.1107,1080.08,119.56,4446,Low Priority,No immediate intervention
4106-HADHQ,0.1107,1079.12,119.46,4447,Low Priority,No immediate intervention
2242-MFOTG,0.1107,1077.72,119.3,4448,Low Priority,No immediate intervention
7219-TLZHO,0.5086,234.54,119.29,4449,Low Priority,No immediate intervention
3229-USWAR,0.1107,1077.05,119.23,4450,Low Priority,No immediate intervention
8782-NUUOL,0.1107,1076.06,119.12,4451,Low Priority,No immediate intervention
6341-JVQGF,0.1107,1075.22,119.03,4452,Low Priority,No immediate intervention
2111-DWYHN,0.5086,233.81,118.92,4453,Low Priority,No immediate intervention
0278-YXOOG,0.5086,233.79,118.91,4454,Low Priority,No immediate intervention
2321-OMBXY,0.1107,1074.1,118.9,4455,Low Priority,No immediate intervention
7017-VFULY,0.5086,233.5,118.76,4456,Low Priority,No immediate intervention
0946-FKYTX,0.2946,402.59,118.6,4457,Low Priority,No immediate intervention
0426-TIRNE,0.5086,233.14,118.58,4458,Low Priority,No immediate intervention
7434-SHXLS,0.5086,233.14,118.58,4459,Low Priority,No immediate intervention
2676-ISHSF,0.5086,233.14,118.58,4460,Low Priority,No immediate intervention
9122-UMROB,0.5086,233.14,118.58,4461,Low Priority,No immediate intervention
7243-LCGGZ,0.5086,233.14,118.58,4462,Low Priority,No immediate intervention
5624-BQSSA,0.5086,233.0,118.5,4463,Low Priority,No immediate intervention
9986-BONCE,0.5086,232.69,118.35,4464,Low Priority,No immediate intervention
7868-BGSZA,0.1107,1068.99,118.34,4465,Low Priority,No immediate intervention
8080-POTJR,0.1107,1069.02,118.34,4466,Low Priority,No immediate intervention
9770-LXDBK,0.5086,232.52,118.26,4467,Low Priority,No immediate intervention
8559-CIZFV,0.1107,1067.93,118.22,4468,Low Priority,No immediate intervention
8006-PYCSW,0.5086,232.36,118.18,4469,Low Priority,No immediate intervention
3090-QFUVD,0.5086,232.37,118.18,4470,Low Priority,No immediate intervention
6770-XUAGN,0.5086,232.29,118.14,4471,Low Priority,No immediate intervention
9818-XQCUV,0.5086,232.19,118.09,4472,Low Priority,No immediate intervention
3744-ZBHON,0.5086,232.18,118.09,4473,Low Priority,No immediate intervention
5088-QZLRL,0.5086,232.08,118.04,4474,Low Priority,No immediate intervention
2621-UDNLU,0.5086,232.03,118.01,4475,Low Priority,No immediate intervention
6728-WYQBC,0.5086,231.96,117.97,4476,Low Priority,No immediate intervention
2410-CIYFZ,0.5086,231.8,117.89,4477,Low Priority,No immediate intervention
3039-MJSLN,0.5086,231.8,117.89,4478,Low Priority,No immediate intervention
7049-GKVZY,0.1107,1064.86,117.88,4479,Low Priority,No immediate intervention
8739-QOTTN,0.5086,231.69,117.84,4480,Low Priority,No immediate intervention
8200-KLNYW,0.1107,1064.36,117.82,4481,Low Priority,No immediate intervention
3345-JHUEO,0.5086,231.57,117.78,4482,Low Priority,No immediate intervention
3195-TQDZX,0.5086,231.5,117.74,4483,Low Priority,No immediate intervention
9309-BZGNT,0.2946,399.36,117.65,4484,Low Priority,No immediate intervention
9758-MFWGD,0.2946,399.36,117.65,4485,Low Priority,No immediate intervention
4195-SMMNX,0.5086,231.3,117.64,4486,Low Priority,No immediate intervention
5562-YJQGT,0.5086,231.27,117.62,4487,Low Priority,No immediate intervention
5049-GLYVG,0.5086,230.92,117.45,4488,Low Priority,No immediate intervention
2342-CKIAO,0.5086,230.93,117.45,4489,Low Priority,No immediate intervention
3976-NLDEZ,0.5086,230.92,117.45,4490,Low Priority,No immediate intervention
8267-KFGYD,0.5086,230.67,117.32,4491,Low Priority,No immediate intervention
7247-XOZPB,0.1107,1059.42,117.28,4492,Low Priority,No immediate intervention
5067-DGXLL,0.5086,230.57,117.27,4493,Low Priority,No immediate intervention
2839-RFSQE,0.5086,230.49,117.23,4494,Low Priority,No immediate intervention
0565-IYCGT,0.1107,1057.51,117.07,4495,Low Priority,No immediate intervention
9294-TDIPC,0.5086,230.04,117.0,4496,Low Priority,No immediate intervention
8620-RJPZN,0.5086,230.05,117.0,4497,Low Priority,No immediate intervention
3675-EQOZA,0.5086,230.02,116.99,4498,Low Priority,No immediate intervention
9592-ERDKV,0.1107,1055.69,116.86,4499,Low Priority,No immediate intervention
1755-RMCXH,0.5086,229.72,116.84,4500,Low Priority,No immediate intervention
6469-QJKZW,0.5086,229.68,116.82,4501,Low Priority,No immediate intervention
2439-QKJUL,0.5086,229.63,116.79,4502,Low Priority,No immediate intervention
6621-YOBKI,0.5086,229.33,116.64,4503,Low Priority,No immediate intervention
5687-DKDTV,0.5086,229.21,116.58,4504,Low Priority,No immediate intervention
3148-BLQJT,0.5086,229.2,116.57,4505,Low Priority,No immediate intervention
9917-KWRBE,0.1107,1052.09,116.47,4506,Low Priority,No immediate intervention
7838-LAZFO,0.1107,1051.99,116.46,4507,Low Priority,No immediate intervention
0031-PVLZI,0.5086,228.99,116.46,4508,Low Priority,No immediate intervention
4397-FRLTA,0.5086,228.89,116.41,4509,Low Priority,No immediate intervention
3645-DEYGF,0.5086,228.83,116.38,4510,Low Priority,No immediate intervention
4211-MMAZN,0.5086,228.72,116.33,4511,Low Priority,No immediate intervention
8203-XJZRC,0.5086,228.72,116.33,4512,Low Priority,No immediate intervention
9618-LFJRU,0.5086,228.71,116.32,4513,Low Priority,No immediate intervention
2739-CCZMB,0.5086,228.6,116.27,4514,Low Priority,No immediate intervention
4013-GUXND,0.5086,228.6,116.27,4515,Low Priority,No immediate intervention
0816-TSPHQ,0.5086,228.59,116.26,4516,Low Priority,No immediate intervention
9929-PLVPA,0.5086,228.47,116.2,4517,Low Priority,No immediate intervention
4634-JLRJT,0.5086,228.45,116.19,4518,Low Priority,No immediate intervention
1925-GMVBW,0.5086,228.43,116.18,4519,Low Priority,No immediate intervention
9367-OIUXP,0.5086,228.42,116.17,4520,Low Priority,No immediate intervention
3977-QCRSL,0.5086,228.36,116.14,4521,Low Priority,No immediate intervention
7285-KLOTR,0.1107,1048.74,116.1,4522,Low Priority,No immediate intervention
4785-NKHCX,0.5086,228.25,116.09,4523,Low Priority,No immediate intervention
2732-ISEZX,0.5086,228.16,116.04,4524,Low Priority,No immediate intervention
6394-HHHZM,0.5086,227.96,115.94,4525,Low Priority,No immediate intervention
8073-IJDCM,0.5086,227.95,115.94,4526,Low Priority,No immediate intervention
5906-DVAPM,0.1107,1047.0,115.9,4527,Low Priority,No immediate intervention
1000-AJSLD,0.5086,227.74,115.83,4528,Low Priority,No immediate intervention
1240-KNSEZ,0.5086,227.74,115.83,4529,Low Priority,No immediate intervention
2700-LUEVA,0.5086,227.66,115.79,4530,Low Priority,No immediate intervention
5868-YTYKS,0.5086,227.37,115.64,4531,Low Priority,No immediate intervention
2081-KJSQF,0.5086,227.22,115.56,4532,Low Priority,No immediate intervention
4255-DDUOU,0.5086,227.18,115.54,4533,Low Priority,No immediate intervention
6982-UQZLY,0.5086,227.1,115.5,4534,Low Priority,No immediate intervention
2792-VPPET,0.5086,226.96,115.43,4535,Low Priority,No immediate intervention
2876-VBBBL,0.5086,226.91,115.41,4536,Low Priority,No immediate intervention
0670-KDOMA,0.5086,226.91,115.41,4537,Low Priority,No immediate intervention
7808-DVWEP,0.5086,226.89,115.4,4538,Low Priority,No immediate intervention
7874-ECPQJ,0.5086,226.78,115.34,4539,Low Priority,No immediate intervention
4776-XSKYQ,0.2946,391.49,115.33,4540,Low Priority,No immediate intervention
8262-COGGB,0.5086,226.68,115.29,4541,Low Priority,No immediate intervention
5996-DAOQL,0.5086,226.68,115.29,4542,Low Priority,No immediate intervention
1934-SJVJK,0.5086,226.28,115.09,4543,Low Priority,No immediate intervention
1066-JKSGK,0.5086,226.28,115.09,4544,Low Priority,No immediate intervention
8974-OVACP,0.5086,226.24,115.07,4545,Low Priority,No immediate intervention
3247-MHJKM,0.5086,226.1,114.99,4546,Low Priority,No immediate intervention
4667-QONEA,0.1107,1038.71,114.99,4547,Low Priority,No immediate intervention
4786-UKSNZ,0.5086,226.1,114.99,4548,Low Priority,No immediate intervention
8048-DSDFQ,0.5086,226.1,114.99,4549,Low Priority,No immediate intervention
6380-ARCEH,0.5086,226.1,114.99,4550,Low Priority,No immediate intervention
4999-IEZLT,0.2946,390.3,114.98,4551,Low Priority,No immediate intervention
4390-KYULV,0.5086,225.85,114.87,4552,Low Priority,No immediate intervention
5356-RHIPP,0.5086,225.74,114.81,4553,Low Priority,No immediate intervention
8305-VHZBZ,0.5086,225.74,114.81,4554,Low Priority,No immediate intervention
3442-ZHHCC,0.1107,1037.03,114.8,4555,Low Priority,No immediate intervention
7839-QRKXN,0.5086,225.7,114.79,4556,Low Priority,No immediate intervention
2480-JZOSN,0.5086,225.47,114.67,4557,Low Priority,No immediate intervention
4091-TVOCN,0.1107,1035.85,114.67,4558,Low Priority,No immediate intervention
0930-EHUZA,0.1107,1035.78,114.66,4559,Low Priority,No immediate intervention
4897-QSUYC,0.5086,225.34,114.61,4560,Low Priority,No immediate intervention
7833-PKIHD,0.1107,1034.53,114.52,4561,Low Priority,No immediate intervention
1622-HSHSF,0.5086,225.03,114.45,4562,Low Priority,No immediate intervention
6231-WFGFH,0.5086,224.82,114.34,4563,Low Priority,No immediate intervention
0679-TDGAK,0.1107,1032.67,114.32,4564,Low Priority,No immediate intervention
2866-IKBTM,0.5086,224.6,114.23,4565,Low Priority,No immediate intervention
8605-ITULD,0.5086,224.6,114.23,4566,Low Priority,No immediate intervention
3594-IVHJZ,0.5086,224.58,114.22,4567,Low Priority,No immediate intervention
6942-LBFDP,0.5086,224.57,114.22,4568,Low Priority,No immediate intervention
4877-TSOFF,0.1107,1031.55,114.19,4569,Low Priority,No immediate intervention
7673-LPRNY,0.1107,1030.86,114.12,4570,Low Priority,No immediate intervention
2546-KZAAT,0.1107,1030.78,114.11,4571,Low Priority,No immediate intervention
5712-VBOXD,0.5086,224.32,114.09,4572,Low Priority,No immediate intervention
4415-WNGVR,0.1107,1030.61,114.09,4573,Low Priority,No immediate intervention
2576-HXMPA,0.5086,224.25,114.05,4574,Low Priority,No immediate intervention
2159-TURXX,0.5086,224.23,114.04,4575,Low Priority,No immediate intervention
7814-LEEVE,0.5086,224.12,113.99,4576,Low Priority,No immediate intervention
7853-GVUDZ,0.5086,223.98,113.92,4577,Low Priority,No immediate intervention
3658-QQJYD,0.1107,1029.03,113.91,4578,Low Priority,No immediate intervention
7310-EGVHZ,0.5086,223.7,113.77,4579,Low Priority,No immediate intervention
8932-CZHRQ,0.1107,1027.59,113.75,4580,Low Priority,No immediate intervention
2303-PJYHN,0.5086,223.65,113.75,4581,Low Priority,No immediate intervention
0810-BDHAW,0.1107,1027.41,113.73,4582,Low Priority,No immediate intervention
5919-VCZYM,0.5086,223.55,113.7,4583,Low Priority,No immediate intervention
7576-ASEJU,0.1107,1026.86,113.67,4584,Low Priority,No immediate intervention
0188-GWFLE,0.5086,223.41,113.63,4585,Low Priority,No immediate intervention
1349-WXNGG,0.5086,223.31,113.58,4586,Low Priority,No immediate intervention
1855-CFULU,0.5086,223.24,113.54,4587,Low Priority,No immediate intervention
4661-NJEUX,0.5086,223.17,113.5,4588,Low Priority,No immediate intervention
6734-CKRSM,0.5086,223.14,113.49,4589,Low Priority,No immediate intervention
1336-EZFZY,0.5086,223.09,113.46,4590,Low Priority,No immediate intervention
3363-EWLGO,0.5086,223.06,113.45,4591,Low Priority,No immediate intervention
1029-QFBEN,0.5086,222.9,113.37,4592,Low Priority,No immediate intervention
7601-WFVZV,0.5086,222.9,113.37,4593,Low Priority,No immediate intervention
6663-JOCQO,0.1107,1023.83,113.34,4594,Low Priority,No immediate intervention
1032-MAELW,0.1107,1023.54,113.31,4595,Low Priority,No immediate intervention
3026-ATZYV,0.1107,1023.18,113.27,4596,Low Priority,No immediate intervention
9700-ZCLOT,0.5086,222.55,113.19,4597,Low Priority,No immediate intervention
5028-HTLJB,0.5086,222.5,113.16,4598,Low Priority,No immediate intervention
9251-WNSOD,0.1107,1021.66,113.1,4599,Low Priority,No immediate intervention
4135-FRWKJ,0.1107,1021.54,113.08,4600,Low Priority,No immediate intervention
3030-ZKIWL,0.5086,222.32,113.07,4601,Low Priority,No immediate intervention
8749-CLJXC,0.5086,222.32,113.07,4602,Low Priority,No immediate intervention
7096-UCLNH,0.5086,222.32,113.07,4603,Low Priority,No immediate intervention
7291-CDTMJ,0.5086,222.3,113.06,4604,Low Priority,No immediate intervention
5985-TBABQ,0.1107,1020.7,112.99,4605,Low Priority,No immediate intervention
4237-CLSMM,0.5086,222.12,112.97,4606,Low Priority,No immediate intervention
1492-KGETH,0.1107,1020.16,112.93,4607,Low Priority,No immediate intervention
1866-NXPSP,0.1107,1019.85,112.9,4608,Low Priority,No immediate intervention
7698-YFGEZ,0.5086,221.88,112.85,4609,Low Priority,No immediate intervention
4877-EVATK,0.5086,221.88,112.85,4610,Low Priority,No immediate intervention
4588-YBNIB,0.5086,221.78,112.8,4611,Low Priority,No immediate intervention
2654-VBVPB,0.5086,221.74,112.78,4612,Low Priority,No immediate intervention
3569-VLDHH,0.1107,1018.34,112.73,4613,Low Priority,No immediate intervention
3717-OFRTN,0.5086,221.61,112.71,4614,Low Priority,No immediate intervention
9962-BFPDU,0.5086,221.5,112.65,4615,Low Priority,No immediate intervention
2812-SFXMJ,0.5086,221.5,112.65,4616,Low Priority,No immediate intervention
1194-SPVSP,0.5086,221.48,112.64,4617,Low Priority,No immediate intervention
3407-QGWLG,0.5086,221.46,112.63,4618,Low Priority,No immediate intervention
0927-CNGRH,0.5086,221.2,112.5,4619,Low Priority,No immediate intervention
3807-XHCJH,0.5086,221.17,112.49,4620,Low Priority,No immediate intervention
7976-CICYS,0.5086,221.12,112.46,4621,Low Priority,No immediate intervention
3097-PYWXL,0.5086,220.97,112.39,4622,Low Priority,No immediate intervention
6184-DYUOB,0.5086,220.96,112.38,4623,Low Priority,No immediate intervention
4693-VWVBO,0.5086,220.9,112.35,4624,Low Priority,No immediate intervention
5524-KHNJP,0.1107,1014.71,112.33,4625,Low Priority,No immediate intervention
2955-PSXOE,0.5086,220.84,112.32,4626,Low Priority,No immediate intervention
4508-OEBEY,0.1107,1014.52,112.31,4627,Low Priority,No immediate intervention
6377-KSLXC,0.5086,220.76,112.28,4628,Low Priority,No immediate intervention
7989-CHGTL,0.5086,220.77,112.28,4629,Low Priority,No immediate intervention
2393-DIVAI,0.5086,220.76,112.28,4630,Low Priority,No immediate intervention
1493-AMTIE,0.5086,220.72,112.26,4631,Low Priority,No immediate intervention
3506-LCJDC,0.5086,220.55,112.17,4632,Low Priority,No immediate intervention
5702-SKUOB,0.5086,220.51,112.15,4633,Low Priority,No immediate intervention
7690-KPNCU,0.1107,1012.94,112.13,4634,Low Priority,No immediate intervention
0463-WZZKO,0.5086,220.46,112.13,4635,Low Priority,No immediate intervention
4973-RLZVI,0.1107,1012.06,112.04,4636,Low Priority,No immediate intervention
0871-OPBXW,0.5086,220.25,112.02,4637,Low Priority,No immediate intervention
4781-ZXYGU,0.5086,220.21,112.0,4638,Low Priority,No immediate intervention
3694-GLTJM,0.5086,220.1,111.94,4639,Low Priority,No immediate intervention
0268-QKIWO,0.5086,220.0,111.89,4640,Low Priority,No immediate intervention
2832-SCUCO,0.5086,219.93,111.86,4641,Low Priority,No immediate intervention
0178-CIIKR,0.5086,219.84,111.81,4642,Low Priority,No immediate intervention
1465-WCZVT,0.5086,219.84,111.81,4643,Low Priority,No immediate intervention
5066-GFJMM,0.5086,219.71,111.74,4644,Low Priority,No immediate intervention
4986-MXSFP,0.5086,219.66,111.72,4645,Low Priority,No immediate intervention
4140-WJAWW,0.5086,219.54,111.66,4646,Low Priority,No immediate intervention
6778-EICRF,0.1107,1008.34,111.62,4647,Low Priority,No immediate intervention
7785-RDVIG,0.5086,219.43,111.6,4648,Low Priority,No immediate intervention
0030-FNXPP,0.5086,219.32,111.55,4649,Low Priority,No immediate intervention
8329-IBCTI,0.5086,219.24,111.51,4650,Low Priority,No immediate intervention
7721-DVEKZ,0.5086,219.24,111.51,4651,Low Priority,No immediate intervention
0970-QXPXW,0.5086,219.24,111.51,4652,Low Priority,No immediate intervention
4404-HIBDJ,0.1107,1006.98,111.47,4653,Low Priority,No immediate intervention
4800-VHZKI,0.5086,219.03,111.4,4654,Low Priority,No immediate intervention
1796-JANOW,0.5086,219.03,111.4,4655,Low Priority,No immediate intervention
6124-ACRHJ,0.5086,218.98,111.37,4656,Low Priority,No immediate intervention
1087-UDSIH,0.5086,218.97,111.37,4657,Low Priority,No immediate intervention
5049-MUBWG,0.1107,1005.74,111.34,4658,Low Priority,No immediate intervention
1156-ZFYDO,0.5086,218.82,111.29,4659,Low Priority,No immediate intervention
7521-YXVZY,0.5086,218.76,111.26,4660,Low Priority,No immediate intervention
0690-SRQID,0.5086,218.75,111.26,4661,Low Priority,No immediate intervention
7526-IVLYU,0.5086,218.73,111.25,4662,Low Priority,No immediate intervention
7103-ZGVNT,0.1107,1004.93,111.25,4663,Low Priority,No immediate intervention
6654-QGBZZ,0.5086,218.67,111.22,4664,Low Priority,No immediate intervention
3900-AQPHZ,0.5086,218.67,111.22,4665,Low Priority,No immediate intervention
7878-RTCZG,0.5086,218.67,111.22,4666,Low Priority,No immediate intervention
3845-FXCYS,0.5086,218.62,111.19,4667,Low Priority,No immediate intervention
2640-LYMOV,0.5086,218.56,111.16,4668,Low Priority,No immediate intervention
2542-HYGIQ,0.5086,218.51,111.13,4669,Low Priority,No immediate intervention
1135-LMECX,0.5086,218.47,111.11,4670,Low Priority,No immediate intervention
2465-BLLEU,0.5086,218.45,111.1,4671,Low Priority,No immediate intervention
4558-CGYCZ,0.5086,218.44,111.1,4672,Low Priority,No immediate intervention
3007-FDPEA,0.5086,218.38,111.07,4673,Low Priority,No immediate intervention
4903-UYAVB,0.5086,218.35,111.05,4674,Low Priority,No immediate intervention
2369-FEVNO,0.5086,218.25,111.0,4675,Low Priority,No immediate intervention
8150-QUDFX,0.5086,218.25,111.0,4676,Low Priority,No immediate intervention
3308-MHOOC,0.5086,218.25,111.0,4677,Low Priority,No immediate intervention
1051-GEJLJ,0.5086,218.24,111.0,4678,Low Priority,No immediate intervention
0883-EIBTI,0.5086,218.14,110.95,4679,Low Priority,No immediate intervention
3373-YZZYM,0.5086,218.14,110.95,4680,Low Priority,No immediate intervention
6286-SUUWT,0.5086,218.12,110.94,4681,Low Priority,No immediate intervention
2308-STERM,0.5086,218.05,110.9,4682,Low Priority,No immediate intervention
8410-BGQXN,0.5086,218.05,110.9,4683,Low Priority,No immediate intervention
5143-WMWOG,0.5086,218.03,110.89,4684,Low Priority,No immediate intervention
6141-OOXUQ,0.5086,218.01,110.88,4685,Low Priority,No immediate intervention
3785-NRHYR,0.5086,218.01,110.88,4686,Low Priority,No immediate intervention
9629-NHXFW,0.5086,218.0,110.87,4687,Low Priority,No immediate intervention
3930-ZGWVE,0.5086,217.91,110.83,4688,Low Priority,No immediate intervention
7239-HZZCX,0.5086,217.91,110.83,4689,Low Priority,No immediate intervention
7853-WNZSY,0.5086,217.91,110.83,4690,Low Priority,No immediate intervention
8562-GHPPI,0.5086,217.9,110.82,4691,Low Priority,No immediate intervention
0137-UDEUO,0.5086,217.88,110.81,4692,Low Priority,No immediate intervention
1423-BMPBQ,0.5086,217.85,110.8,4693,Low Priority,No immediate intervention
4700-UBQMV,0.1107,1000.93,110.8,4694,Low Priority,No immediate intervention
2320-JRSDE,0.5086,217.85,110.8,4695,Low Priority,No immediate intervention
7710-JSYOA,0.0796,1391.88,110.79,4696,Valuable but Stable,Monitor and maintain relationship
5144-PQCDZ,0.5086,217.75,110.75,4697,Low Priority,No immediate intervention
6615-ZGEDR,0.5086,217.67,110.71,4698,Low Priority,No immediate intervention
0107-WESLM,0.5086,217.64,110.69,4699,Low Priority,No immediate intervention
9101-NTIXF,0.5086,217.6,110.67,4700,Low Priority,No immediate intervention
1449-XQEMT,0.5086,217.59,110.67,4701,Low Priority,No immediate intervention
7854-EKTJL,0.5086,217.51,110.63,4702,Low Priority,No immediate intervention
4892-VLANZ,0.5086,217.51,110.63,4703,Low Priority,No immediate intervention
0496-AHOOK,0.1107,999.36,110.63,4704,Low Priority,No immediate intervention
7636-XUHWW,0.5086,217.43,110.58,4705,Low Priority,No immediate intervention
9589-ABEPT,0.0796,1389.07,110.57,4706,Valuable but Stable,Monitor and maintain relationship
0396-HUJBP,0.5086,217.35,110.54,4707,Low Priority,No immediate intervention
3936-QQFLL,0.5086,217.32,110.53,4708,Low Priority,No immediate intervention
3487-EARAT,0.1107,998.12,110.49,4709,Low Priority,No immediate intervention
8566-YPRGL,0.5086,217.21,110.47,4710,Low Priority,No immediate intervention
4396-KLSEH,0.5086,217.15,110.44,4711,Low Priority,No immediate intervention
4227-OJHAL,0.1107,997.67,110.44,4712,Low Priority,No immediate intervention
6776-TLWOI,0.5086,217.12,110.43,4713,Low Priority,No immediate intervention
1257-SXUXQ,0.5086,217.0,110.37,4714,Low Priority,No immediate intervention
9103-CXVOK,0.5086,217.01,110.37,4715,Low Priority,No immediate intervention
0620-XEFWH,0.5086,216.99,110.36,4716,Low Priority,No immediate intervention
6849-WLEYG,0.5086,216.89,110.31,4717,Low Priority,No immediate intervention
5906-BFOZT,0.5086,216.83,110.28,4718,Low Priority,No immediate intervention
5515-IDEJJ,0.5086,216.79,110.26,4719,Low Priority,No immediate intervention
0366-NQSHS,0.5086,216.73,110.23,4720,Low Priority,No immediate intervention
4291-HPAXL,0.5086,216.59,110.16,4721,Low Priority,No immediate intervention
0247-SLUJI,0.5086,216.55,110.14,4722,Low Priority,No immediate intervention
4760-XOHVN,0.5086,216.55,110.14,4723,Low Priority,No immediate intervention
7551-JOHTI,0.5086,216.47,110.1,4724,Low Priority,No immediate intervention
1905-OEILC,0.5086,216.47,110.1,4725,Low Priority,No immediate intervention
3156-QLHBO,0.5086,216.35,110.04,4726,Low Priority,No immediate intervention
1724-IQWNM,0.5086,216.29,110.01,4727,Low Priority,No immediate intervention
1389-WNUIB,0.1107,992.2,109.84,4728,Low Priority,No immediate intervention
9374-YOLBJ,0.5086,215.87,109.79,4729,Low Priority,No immediate intervention
7298-IZWLY,0.5086,215.76,109.74,4730,Low Priority,No immediate intervention
1725-MIMXW,0.5086,215.59,109.65,4731,Low Priority,No immediate intervention
3679-XASPY,0.5086,215.14,109.42,4732,Low Priority,No immediate intervention
4667-OHGKG,0.5086,215.09,109.39,4733,Low Priority,No immediate intervention
5510-BOIUJ,0.5086,214.96,109.33,4734,Low Priority,No immediate intervention
2220-IAHLS,0.5086,214.8,109.25,4735,Low Priority,No immediate intervention
0303-WMMRN,0.5086,214.66,109.18,4736,Low Priority,No immediate intervention
1063-DHQJF,0.0796,1371.01,109.13,4737,Valuable but Stable,Monitor and maintain relationship
1098-TDVUQ,0.5086,214.33,109.01,4738,Low Priority,No immediate intervention
7926-IJOOU,0.5086,214.25,108.97,4739,Low Priority,No immediate intervention
5766-ZJYBB,0.5086,214.24,108.96,4740,Low Priority,No immediate intervention
9137-NOQKA,0.5086,213.77,108.72,4741,Low Priority,No immediate intervention
0810-DHDBD,0.1107,981.7,108.67,4742,Low Priority,No immediate intervention
7619-PLRLP,0.1107,981.0,108.6,4743,Low Priority,No immediate intervention
8393-JMVMB,0.5086,213.44,108.56,4744,Low Priority,No immediate intervention
0761-AETCS,0.5086,213.17,108.42,4745,Low Priority,No immediate intervention
8608-OZTLB,0.1107,979.15,108.39,4746,Low Priority,No immediate intervention
9174-FKWZE,0.5086,212.84,108.25,4747,Low Priority,No immediate intervention
8184-WMOFI,0.1107,976.2,108.07,4748,Low Priority,No immediate intervention
5222-JCXZT,0.5086,211.96,107.8,4749,Low Priority,No immediate intervention
7159-NOKYQ,0.0796,1353.92,107.77,4750,Valuable but Stable,Monitor and maintain relationship
6261-RCVNS,0.1107,972.65,107.67,4751,Low Priority,No immediate intervention
7617-EYGLW,0.5086,211.66,107.65,4752,Low Priority,No immediate intervention
7234-KMNRQ,0.5086,211.65,107.65,4753,Low Priority,No immediate intervention
6339-TBELP,0.0796,1352.14,107.63,4754,Valuable but Stable,Monitor and maintain relationship
8871-JLMHM,0.0796,1352.12,107.63,4755,Valuable but Stable,Monitor and maintain relationship
1663-MHLHE,0.5086,211.41,107.52,4756,Low Priority,No immediate intervention
5414-OFQCB,0.0796,1349.08,107.39,4757,Valuable but Stable,Monitor and maintain relationship
3915-ODIYG,0.1107,969.39,107.31,4758,Low Priority,No immediate intervention
9220-ZNKJI,0.0796,1346.51,107.18,4759,Valuable but Stable,Monitor and maintain relationship
6726-NNFWD,0.0796,1346.16,107.15,4760,Valuable but Stable,Monitor and maintain relationship
9318-NKNFC,0.5086,210.64,107.13,4761,Low Priority,No immediate intervention
5214-NLTIT,0.0796,1343.98,106.98,4762,Valuable but Stable,Monitor and maintain relationship
4232-JGKIY,0.5086,210.28,106.95,4763,Low Priority,No immediate intervention
0687-ZVTHB,0.1107,965.45,106.88,4764,Low Priority,No immediate intervention
3806-YAZOV,0.5086,209.74,106.67,4765,Low Priority,No immediate intervention
0654-PQKDW,0.1107,962.78,106.58,4766,Low Priority,No immediate intervention
9039-ZVJDC,0.5086,209.45,106.53,4767,Low Priority,No immediate intervention
9426-SXNHE,0.5086,209.39,106.5,4768,Low Priority,No immediate intervention
9548-ZMVTX,0.0796,1337.18,106.44,4769,Valuable but Stable,Monitor and maintain relationship
3898-BSJYF,0.1107,960.91,106.37,4770,Low Priority,No immediate intervention
1832-PEUTS,0.0796,1335.74,106.32,4771,Valuable but Stable,Monitor and maintain relationship
1661-CZBAU,0.1107,958.14,106.07,4772,Low Priority,No immediate intervention
9975-SKRNR,0.5086,208.54,106.06,4773,Low Priority,No immediate intervention
3428-MMGUB,0.0796,1331.87,106.02,4774,Valuable but Stable,Monitor and maintain relationship
4890-VMUAV,0.1107,957.39,105.98,4775,Low Priority,No immediate intervention
7302-ZHMHP,0.5086,208.01,105.79,4776,Low Priority,No immediate intervention
2361-UPSND,0.1107,955.33,105.76,4777,Low Priority,No immediate intervention
9359-UGBTK,0.1107,954.98,105.72,4778,Low Priority,No immediate intervention
6121-VZNQB,0.5086,207.57,105.57,4779,Low Priority,No immediate intervention
7100-FQPRV,0.1107,952.93,105.49,4780,Low Priority,No immediate intervention
1298-PHBTI,0.0796,1323.62,105.36,4781,Valuable but Stable,Monitor and maintain relationship
6900-RBKER,0.0796,1322.61,105.28,4782,Valuable but Stable,Monitor and maintain relationship
9730-DRTMJ,0.1107,950.3,105.2,4783,Low Priority,No immediate intervention
1015-OWJKI,0.5086,206.84,105.2,4784,Low Priority,No immediate intervention
8331-ZXFOE,0.1107,949.81,105.14,4785,Low Priority,No immediate intervention
9441-QHEVC,0.5086,206.54,105.05,4786,Low Priority,No immediate intervention
8992-CEUEN,0.5086,206.01,104.78,4787,Low Priority,No immediate intervention
6685-GBWJZ,0.1107,944.84,104.59,4788,Low Priority,No immediate intervention
0872-CASZJ,0.1107,943.08,104.4,4789,Low Priority,No immediate intervention
1154-HYWWO,0.1107,942.81,104.37,4790,Low Priority,No immediate intervention
6478-HRRCZ,0.1107,942.51,104.34,4791,Low Priority,No immediate intervention
6569-KTMDU,0.5086,205.12,104.32,4792,Low Priority,No immediate intervention
5915-DGNVC,0.1107,942.06,104.29,4793,Low Priority,No immediate intervention
1474-JUWSM,0.1107,941.24,104.2,4794,Low Priority,No immediate intervention
9470-YFUYI,0.1107,940.74,104.14,4795,Low Priority,No immediate intervention
7691-XVTZH,0.0796,1307.81,104.1,4796,Valuable but Stable,Monitor and maintain relationship
4560-WQAQW,0.1107,938.42,103.88,4797,Low Priority,No immediate intervention
4644-PIZRT,0.1107,937.92,103.83,4798,Low Priority,No immediate intervention
2364-UFROM,0.1107,937.16,103.74,4799,Low Priority,No immediate intervention
6252-DFGTK,0.1107,935.29,103.54,4800,Low Priority,No immediate intervention
5820-PTRYM,0.1107,935.23,103.53,4801,Low Priority,No immediate intervention
0743-HNPFG,0.1107,934.06,103.4,4802,Low Priority,No immediate intervention
3021-VLNRJ,0.1107,931.37,103.1,4803,Low Priority,No immediate intervention
8883-ANODQ,0.0796,1293.88,102.99,4804,Valuable but Stable,Monitor and maintain relationship
6332-FBZRI,0.1107,928.33,102.77,4805,Low Priority,No immediate intervention
4342-HFXWS,0.1107,925.56,102.46,4806,Low Priority,No immediate intervention
6061-GWWAV,0.1107,923.12,102.19,4807,Low Priority,No immediate intervention
3654-ARMGP,0.0796,1282.65,102.1,4808,Valuable but Stable,Monitor and maintain relationship
1544-JJMYL,0.1107,922.08,102.07,4809,Low Priority,No immediate intervention
5791-KAJFD,0.1107,920.48,101.9,4810,Low Priority,No immediate intervention
5829-NVSQN,0.1107,920.13,101.86,4811,Low Priority,No immediate intervention
8060-HIWJJ,0.0796,1279.44,101.84,4812,Valuable but Stable,Monitor and maintain relationship
8738-JOKAR,0.1107,918.2,101.64,4813,Low Priority,No immediate intervention
4114-QMKVN,0.1107,918.11,101.63,4814,Low Priority,No immediate intervention
2325-ZUSFD,0.1107,916.73,101.48,4815,Low Priority,No immediate intervention
8690-UPCZI,0.1107,915.94,101.39,4816,Low Priority,No immediate intervention
9968-FFVVH,0.1107,915.81,101.38,4817,Low Priority,No immediate intervention
1171-TYKUR,0.3256,310.34,101.05,4818,Low Priority,No immediate intervention
2990-OGYTD,0.0796,1262.33,100.48,4819,Valuable but Stable,Monitor and maintain relationship
8597-CTXVJ,0.1107,907.43,100.45,4820,Low Priority,No immediate intervention
3649-JPUGY,0.0796,1260.34,100.32,4821,Valuable but Stable,Monitor and maintain relationship
1177-XZBJL,0.1107,906.17,100.31,4822,Low Priority,No immediate intervention
8760-ZRHKE,0.1107,906.16,100.31,4823,Low Priority,No immediate intervention
9207-ZPANB,0.1107,905.19,100.2,4824,Low Priority,No immediate intervention
4872-VXRIL,0.1107,904.87,100.17,4825,Low Priority,No immediate intervention
6732-VAILE,0.0796,1257.48,100.1,4826,Valuable but Stable,Monitor and maintain relationship
0484-JPBRU,0.3256,306.94,99.94,4827,Low Priority,No immediate intervention
4137-JOPHL,0.0796,1253.0,99.74,4828,Valuable but Stable,Monitor and maintain relationship
6509-TSGWN,0.3256,306.23,99.71,4829,Low Priority,No immediate intervention
5825-XJOCM,0.1107,900.57,99.69,4830,Low Priority,No immediate intervention
2129-ALKBS,0.3256,305.96,99.62,4831,Low Priority,No immediate intervention
3161-ONRWK,0.1107,899.43,99.57,4832,Low Priority,No immediate intervention
2581-VKIRT,0.1107,898.93,99.51,4833,Low Priority,No immediate intervention
9055-MOJJJ,0.1107,897.18,99.32,4834,Low Priority,No immediate intervention
3468-DRVQJ,0.1107,895.78,99.16,4835,Low Priority,No immediate intervention
0866-QLSIR,0.1107,894.9,99.07,4836,Low Priority,No immediate intervention
7945-HLKEA,0.1107,894.89,99.06,4837,Low Priority,No immediate intervention
2211-RMNHO,0.0796,1237.73,98.52,4838,Valuable but Stable,Monitor and maintain relationship
9803-FTJCG,0.1107,889.38,98.45,4839,Low Priority,No immediate intervention
0628-CNQRM,0.1107,888.69,98.38,4840,Low Priority,No immediate intervention
6827-IEAUQ,0.1107,888.29,98.33,4841,Low Priority,No immediate intervention
7301-ABVAD,0.0796,1234.33,98.25,4842,Valuable but Stable,Monitor and maintain relationship
7971-HLVXI,0.0796,1233.96,98.22,4843,Valuable but Stable,Monitor and maintain relationship
0334-ZFJSR,0.1107,887.05,98.2,4844,Low Priority,No immediate intervention
1866-DIOQZ,0.1107,886.25,98.11,4845,Low Priority,No immediate intervention
5387-ASZNZ,0.1107,885.17,97.99,4846,Low Priority,No immediate intervention
9209-NWPGU,0.1107,882.42,97.68,4847,Low Priority,No immediate intervention
9330-DHBFL,0.1107,882.15,97.65,4848,Low Priority,No immediate intervention
2969-WGHQO,0.1107,882.05,97.64,4849,Low Priority,No immediate intervention
7610-TVOPG,0.3256,298.98,97.35,4850,Low Priority,No immediate intervention
3850-OKINF,0.1107,878.21,97.22,4851,Low Priority,No immediate intervention
7032-LMBHI,0.1107,877.76,97.17,4852,Low Priority,No immediate intervention
4957-TIALW,0.1107,877.76,97.17,4853,Low Priority,No immediate intervention
1222-LRYKO,0.3256,298.34,97.14,4854,Low Priority,No immediate intervention
8777-PVYGU,0.1107,877.15,97.1,4855,Low Priority,No immediate intervention
9339-FIIJL,0.0796,1219.62,97.08,4856,Valuable but Stable,Monitor and maintain relationship
5127-BZENZ,0.1107,876.87,97.07,4857,Low Priority,No immediate intervention
4057-FKCZK,0.0796,1219.1,97.04,4858,Valuable but Stable,Monitor and maintain relationship
2126-GSEGL,0.0796,1216.93,96.87,4859,Valuable but Stable,Monitor and maintain relationship
5203-XEHAX,0.1107,874.52,96.81,4860,Low Priority,No immediate intervention
1984-GPTEH,0.3256,296.41,96.51,4861,Low Priority,No immediate intervention
3137-NYQQI,0.1107,871.52,96.48,4862,Low Priority,No immediate intervention
4163-KIUHY,0.3256,295.44,96.2,4863,Low Priority,No immediate intervention
6631-HMANX,0.0796,1208.52,96.2,4864,Valuable but Stable,Monitor and maintain relationship
9530-GRMJG,0.0796,1205.57,95.96,4865,Valuable but Stable,Monitor and maintain relationship
4003-OCTMP,0.1107,866.76,95.95,4866,Low Priority,No immediate intervention
5815-HGGHV,0.1107,866.3,95.9,4867,Low Priority,No immediate intervention
8390-FESFV,0.0796,1204.75,95.9,4868,Valuable but Stable,Monitor and maintain relationship
8815-LMFLX,0.3256,294.18,95.79,4869,Low Priority,No immediate intervention
3957-HHLMR,0.1107,865.13,95.77,4870,Low Priority,No immediate intervention
4632-XJMEX,0.1107,864.47,95.7,4871,Low Priority,No immediate intervention
0078-XZMHT,0.0796,1198.49,95.4,4872,Low Priority,No immediate intervention
2541-YGPKE,0.1107,861.62,95.38,4873,Low Priority,No immediate intervention
1265-HVPZB,0.1107,861.09,95.32,4874,Low Priority,No immediate intervention
6950-TWMYB,0.0796,1196.26,95.22,4875,Low Priority,No immediate intervention
5539-HIVAK,0.3256,292.32,95.18,4876,Low Priority,No immediate intervention
9253-VIFJQ,0.1107,858.71,95.06,4877,Low Priority,No immediate intervention
7812-FZHPE,0.3256,291.86,95.03,4878,Low Priority,No immediate intervention
5442-BXVND,0.3256,291.35,94.86,4879,Low Priority,No immediate intervention
4830-FAXFM,0.3256,291.24,94.83,4880,Low Priority,No immediate intervention
7107-UBYKY,0.3256,291.06,94.77,4881,Low Priority,No immediate intervention
2302-OUZXB,0.0796,1189.68,94.7,4882,Low Priority,No immediate intervention
6286-ZHAOK,0.3256,290.49,94.58,4883,Low Priority,No immediate intervention
4942-VZZOM,0.1107,854.29,94.57,4884,Low Priority,No immediate intervention
1744-JHKYS,0.3256,290.39,94.55,4885,Low Priority,No immediate intervention
5499-ECUTN,0.1107,852.76,94.4,4886,Low Priority,No immediate intervention
9146-JRIOX,0.3256,289.9,94.39,4887,Low Priority,No immediate intervention
5975-BAICR,0.1107,852.18,94.34,4888,Low Priority,No immediate intervention
0454-OKRCT,0.0796,1183.95,94.24,4889,Low Priority,No immediate intervention
7083-YNSKY,0.3256,289.06,94.12,4890,Low Priority,No immediate intervention
4223-BKEOR,0.1107,850.08,94.1,4891,Low Priority,No immediate intervention
2040-LDIWQ,0.0796,1180.74,93.99,4892,Low Priority,No immediate intervention
9845-PEEKO,0.0796,1179.43,93.88,4893,Low Priority,No immediate intervention
8404-VLQFB,0.3256,288.29,93.87,4894,Low Priority,No immediate intervention
8645-KOMJQ,0.0796,1178.74,93.83,4895,Low Priority,No immediate intervention
9092-GDZKO,0.3256,288.18,93.83,4896,Low Priority,No immediate intervention
5197-LQXXH,0.0796,1178.42,93.8,4897,Low Priority,No immediate intervention
5003-XZWWO,0.0796,1177.73,93.75,4898,Low Priority,No immediate intervention
7105-BENQF,0.1107,845.66,93.61,4899,Low Priority,No immediate intervention
6670-MFRPK,0.0796,1173.01,93.37,4900,Low Priority,No immediate intervention
9578-FOMUK,0.3256,286.35,93.24,4901,Low Priority,No immediate intervention
1696-MZVAU,0.2946,316.47,93.23,4902,Low Priority,No immediate intervention
4737-HOBAX,0.0796,1170.24,93.15,4903,Low Priority,No immediate intervention
3486-KHMLI,0.3256,285.88,93.08,4904,Low Priority,No immediate intervention
7666-WKRON,0.0796,1167.74,92.95,4905,Low Priority,No immediate intervention
9546-KDTRB,0.3256,285.2,92.86,4906,Low Priority,No immediate intervention
6754-LZUKA,0.0796,1165.95,92.81,4907,Low Priority,No immediate intervention
5893-PYOLZ,0.0796,1163.48,92.61,4908,Low Priority,No immediate intervention
1140-UKVZG,0.3256,284.35,92.58,4909,Low Priority,No immediate intervention
6013-BHCAW,0.0796,1159.58,92.3,4910,Low Priority,No immediate intervention
3069-SSVSN,0.2946,313.09,92.24,4911,Low Priority,No immediate intervention
9817-APLHW,0.3256,282.65,92.03,4912,Low Priority,No immediate intervention
9479-HYNYL,0.0796,1155.08,91.94,4913,Low Priority,No immediate intervention
9670-BPNXF,0.1107,830.4,91.93,4914,Low Priority,No immediate intervention
3682-YEUWS,0.3256,281.64,91.7,4915,Low Priority,No immediate intervention
4808-YNLEU,0.1107,825.18,91.35,4916,Low Priority,No immediate intervention
1431-AIDJQ,0.0796,1146.28,91.24,4917,Low Priority,No immediate intervention
9027-YFHQJ,0.3256,280.16,91.22,4918,Low Priority,No immediate intervention
7876-AEHIG,0.1107,823.18,91.13,4919,Low Priority,No immediate intervention
3489-VSFRD,0.1107,823.23,91.13,4920,Low Priority,No immediate intervention
9541-PWTWO,0.0796,1144.85,91.13,4921,Low Priority,No immediate intervention
7670-ZBPOQ,0.1107,820.93,90.88,4922,Low Priority,No immediate intervention
8414-OOEEL,0.0796,1141.55,90.87,4923,Low Priority,No immediate intervention
7153-CHRBV,0.1107,820.63,90.84,4924,Low Priority,No immediate intervention
3259-KNMRR,0.0796,1140.05,90.75,4925,Low Priority,No immediate intervention
8869-TORSS,0.1107,819.77,90.75,4926,Low Priority,No immediate intervention
2200-DSAAL,0.0796,1139.43,90.7,4927,Low Priority,No immediate intervention
6339-RZCBJ,0.0796,1138.99,90.66,4928,Low Priority,No immediate intervention
0657-DOGUM,0.1107,817.4,90.49,4929,Low Priority,No immediate intervention
5394-MEITZ,0.0796,1135.97,90.42,4930,Low Priority,No immediate intervention
8766-PAFNE,0.0796,1133.95,90.26,4931,Low Priority,No immediate intervention
5018-HEKFO,0.3256,277.12,90.23,4932,Low Priority,No immediate intervention
4717-GHADL,0.0796,1131.93,90.1,4933,Low Priority,No immediate intervention
1536-YHDOE,0.1107,812.98,90.0,4934,Low Priority,No immediate intervention
3441-CGZJH,0.1107,812.59,89.95,4935,Low Priority,No immediate intervention
6898-RBTLU,0.0796,1129.96,89.94,4936,Low Priority,No immediate intervention
8220-OCUFY,0.1107,812.35,89.93,4937,Low Priority,No immediate intervention
0253-ZTEOB,0.0796,1127.74,89.77,4938,Low Priority,No immediate intervention
0022-TCJCI,0.1107,810.5,89.72,4939,Low Priority,No immediate intervention
5321-NTRKC,0.0796,1126.84,89.7,4940,Low Priority,No immediate intervention
2580-ATZSQ,0.1107,809.83,89.65,4941,Low Priority,No immediate intervention
4293-ETKAP,0.0796,1125.61,89.6,4942,Low Priority,No immediate intervention
6933-VLYFX,0.1107,809.09,89.57,4943,Low Priority,No immediate intervention
2239-CGBUZ,0.1107,809.08,89.57,4944,Low Priority,No immediate intervention
9052-DHNKM,0.1107,809.11,89.57,4945,Low Priority,No immediate intervention
4730-AWNAU,0.1107,807.86,89.43,4946,Low Priority,No immediate intervention
4549-ZDQYY,0.1107,807.77,89.42,4947,Low Priority,No immediate intervention
2969-VAPYH,0.1107,807.5,89.39,4948,Low Priority,No immediate intervention
2634-HCZGT,0.1107,807.33,89.37,4949,Low Priority,No immediate intervention
0020-JDNXP,0.1107,807.06,89.34,4950,Low Priority,No immediate intervention
3417-TSCIC,0.2946,303.18,89.32,4951,Low Priority,No immediate intervention
8166-ZZTFS,0.0796,1120.99,89.23,4952,Low Priority,No immediate intervention
5555-RNPGT,0.3256,273.97,89.2,4953,Low Priority,No immediate intervention
6152-ONASV,0.1107,805.2,89.14,4954,Low Priority,No immediate intervention
6727-IOTLZ,0.0796,1115.11,88.76,4955,Low Priority,No immediate intervention
5329-KRDTM,0.0796,1114.24,88.69,4956,Low Priority,No immediate intervention
3410-YOQBQ,0.0796,1113.29,88.62,4957,Low Priority,No immediate intervention
9357-UJRUN,0.1107,800.44,88.61,4958,Low Priority,No immediate intervention
2740-JFBOK,0.3256,271.99,88.56,4959,Low Priority,No immediate intervention
0942-KOWSM,0.0796,1112.53,88.56,4960,Low Priority,No immediate intervention
0813-TAXXS,0.0796,1110.18,88.37,4961,Low Priority,No immediate intervention
1752-OZXFY,0.1107,798.14,88.35,4962,Low Priority,No immediate intervention
9473-CBZOP,0.1107,797.53,88.29,4963,Low Priority,No immediate intervention
2282-YGNOR,0.1107,796.89,88.22,4964,Low Priority,No immediate intervention
2348-KCJLT,0.1107,796.62,88.19,4965,Low Priority,No immediate intervention
8434-PNQZX,0.0796,1106.89,88.11,4966,Low Priority,No immediate intervention
0378-XSZPU,0.1107,795.23,88.03,4967,Low Priority,No immediate intervention
6402-SSEJG,0.1107,794.99,88.01,4968,Low Priority,No immediate intervention
2091-GPPIQ,0.0796,1105.09,87.97,4969,Low Priority,No immediate intervention
5294-CDGWY,0.1107,794.55,87.96,4970,Low Priority,No immediate intervention
5816-JMLGY,0.0796,1103.81,87.86,4971,Low Priority,No immediate intervention
6258-NGCNG,0.3256,269.63,87.79,4972,Low Priority,No immediate intervention
3950-VPYJB,0.1107,792.68,87.75,4973,Low Priority,No immediate intervention
0384-LPITE,0.1107,791.9,87.66,4974,Low Priority,No immediate intervention
2027-DNKIV,0.1107,791.02,87.57,4975,Low Priority,No immediate intervention
8383-SGHJU,0.1107,790.01,87.45,4976,Low Priority,No immediate intervention
6158-DWPZT,0.2946,296.69,87.4,4977,Low Priority,No immediate intervention
2245-ADZFJ,0.0796,1097.89,87.39,4978,Low Priority,No immediate intervention
6870-ZWMNX,0.0796,1097.74,87.38,4979,Low Priority,No immediate intervention
1265-BCFEO,0.0796,1097.36,87.35,4980,Low Priority,No immediate intervention
4547-FZJWE,0.1107,788.76,87.32,4981,Low Priority,No immediate intervention
9795-VOWON,0.2946,296.25,87.28,4982,Low Priority,No immediate intervention
3727-OWVYD,0.1107,787.87,87.22,4983,Low Priority,No immediate intervention
1353-GHZOS,0.1107,787.42,87.17,4984,Low Priority,No immediate intervention
3605-JISKB,0.1107,787.32,87.16,4985,Low Priority,No immediate intervention
3401-URHDA,0.1107,787.08,87.13,4986,Low Priority,No immediate intervention
3740-RLMVT,0.1107,786.6,87.08,4987,Low Priority,No immediate intervention
4565-EVZMJ,0.1107,786.23,87.04,4988,Low Priority,No immediate intervention
4445-KWOKW,0.1107,786.19,87.03,4989,Low Priority,No immediate intervention
6064-PUPMC,0.1107,785.79,86.99,4990,Low Priority,No immediate intervention
2661-GKBTK,0.0796,1091.99,86.92,4991,Low Priority,No immediate intervention
5671-RQRLP,0.0796,1090.27,86.79,4992,Low Priority,No immediate intervention
0074-HDKDG,0.1107,783.23,86.7,4993,Low Priority,No immediate intervention
5989-OMNJE,0.1107,781.71,86.54,4994,Low Priority,No immediate intervention
8630-QSGXK,0.0796,1086.58,86.49,4995,Low Priority,No immediate intervention
6556-DBKZF,0.0796,1082.39,86.16,4996,Low Priority,No immediate intervention
9720-JJJOR,0.1107,776.65,85.98,4997,Low Priority,No immediate intervention
4086-ATNFV,0.1107,775.84,85.89,4998,Low Priority,No immediate intervention
6543-JXSOO,0.1107,775.74,85.87,4999,Low Priority,No immediate intervention
9926-PJHDQ,0.0796,1078.77,85.87,5000,Low Priority,No immediate intervention
5196-WPYOW,0.1107,775.73,85.87,5001,Low Priority,No immediate intervention
6047-SUHPR,0.1107,775.19,85.81,5002,Low Priority,No immediate intervention
9127-QRZMH,0.1107,774.92,85.78,5003,Low Priority,No immediate intervention
0604-THJFP,0.0796,1077.24,85.75,5004,Low Priority,No immediate intervention
2612-PHGOX,0.0796,1076.49,85.69,5005,Low Priority,No immediate intervention
0707-HOVVN,0.0796,1074.03,85.49,5006,Low Priority,No immediate intervention
1402-PTHGN,0.1107,769.54,85.19,5007,Low Priority,No immediate intervention
5844-QVTAT,0.1107,769.13,85.14,5008,Low Priority,No immediate intervention
4751-ERMAN,0.0796,1065.74,84.83,5009,Low Priority,No immediate intervention
2680-XKKNJ,0.1107,762.78,84.44,5010,Low Priority,No immediate intervention
8680-CGLTP,0.1107,762.56,84.42,5011,Low Priority,No immediate intervention
7629-WIXZF,0.1107,762.02,84.36,5012,Low Priority,No immediate intervention
4115-BNPJY,0.0796,1059.7,84.35,5013,Low Priority,No immediate intervention
4079-VTGLK,0.0796,1055.47,84.02,5014,Low Priority,No immediate intervention
5753-QQWPW,0.1107,758.84,84.0,5015,Low Priority,No immediate intervention
3067-SVMTC,0.1107,757.38,83.84,5016,Low Priority,No immediate intervention
5232-NXPAY,0.0796,1053.24,83.84,5017,Low Priority,No immediate intervention
2256-YLYLP,0.0796,1051.02,83.66,5018,Low Priority,No immediate intervention
5575-GNVDE,0.1107,755.01,83.58,5019,Low Priority,No immediate intervention
7501-IWUNG,0.0796,1049.29,83.52,5020,Low Priority,No immediate intervention
0487-CRLZF,0.0796,1048.37,83.45,5021,Low Priority,No immediate intervention
5676-CFLYY,0.0796,1046.8,83.33,5022,Low Priority,No immediate intervention
2639-UGMAZ,0.1107,752.11,83.26,5023,Low Priority,No immediate intervention
1708-PBBOA,0.1107,750.63,83.09,5024,Low Priority,No immediate intervention
2725-IWWBA,0.1107,747.68,82.77,5025,Low Priority,No immediate intervention
6388-TABGU,0.1107,747.23,82.72,5026,Low Priority,No immediate intervention
5327-XOKKY,0.0796,1036.42,82.5,5027,Low Priority,No immediate intervention
3800-LYTRK,0.1107,742.94,82.24,5028,Low Priority,No immediate intervention
9987-LUTYD,0.1107,742.17,82.16,5029,Low Priority,No immediate intervention
4922-CVPDX,0.0796,1032.0,82.15,5030,Low Priority,No immediate intervention
7138-GIRSH,0.0796,1031.34,82.09,5031,Low Priority,No immediate intervention
0556-FJEGU,0.0796,1029.39,81.94,5032,Low Priority,No immediate intervention
1301-LOPVR,0.1107,740.17,81.94,5033,Low Priority,No immediate intervention
8313-AFGBW,0.0796,1026.99,81.75,5034,Low Priority,No immediate intervention
2753-JMMCV,0.0796,1026.05,81.67,5035,Low Priority,No immediate intervention
4648-YPBTM,0.0796,1024.04,81.51,5036,Low Priority,No immediate intervention
1877-HKBQX,0.1107,735.98,81.47,5037,Low Priority,No immediate intervention
6953-PBDIN,0.0796,1020.48,81.23,5038,Low Priority,No immediate intervention
0661-WCQNQ,0.1107,733.56,81.21,5039,Low Priority,No immediate intervention
3500-NSDOA,0.0796,1020.19,81.21,5040,Low Priority,No immediate intervention
4075-WKNIU,0.0796,1019.54,81.16,5041,Low Priority,No immediate intervention
6461-PPAXN,0.1107,732.62,81.1,5042,Low Priority,No immediate intervention
8785-EPNCG,0.3256,248.26,80.83,5043,Low Priority,No immediate intervention
2898-LSJGD,0.1107,729.68,80.78,5044,Low Priority,No immediate intervention
2123-VSCOT,0.0796,1012.01,80.56,5045,Low Priority,No immediate intervention
7746-QYVCO,0.1107,727.22,80.5,5046,Low Priority,No immediate intervention
7995-ZHHNZ,0.1107,725.81,80.35,5047,Low Priority,No immediate intervention
8109-YUOHE,0.1107,725.72,80.34,5048,Low Priority,No immediate intervention
5724-BIDBU,0.1107,724.35,80.19,5049,Low Priority,No immediate intervention
4598-ZADCK,0.1107,723.65,80.11,5050,Low Priority,No immediate intervention
0602-DDUML,0.0796,1006.21,80.09,5051,Low Priority,No immediate intervention
9705-ZJBCG,0.1107,723.39,80.08,5052,Low Priority,No immediate intervention
8050-XGRVL,0.1107,723.14,80.05,5053,Low Priority,No immediate intervention
3482-ABPKK,0.1107,722.59,79.99,5054,Low Priority,No immediate intervention
7508-KBIMB,0.1107,722.39,79.97,5055,Low Priority,No immediate intervention
2039-JONDJ,0.1107,722.27,79.96,5056,Low Priority,No immediate intervention
6584-VQMYT,0.1107,721.6,79.88,5057,Low Priority,No immediate intervention
6693-DJWTY,0.1107,720.45,79.75,5058,Low Priority,No immediate intervention
2430-RRYUW,0.1107,720.29,79.74,5059,Low Priority,No immediate intervention
2812-ENYMO,0.1107,719.86,79.69,5060,Low Priority,No immediate intervention
3422-WJOYD,0.1107,719.61,79.66,5061,Low Priority,No immediate intervention
8883-GRDWQ,0.1107,719.07,79.6,5062,Low Priority,No immediate intervention
1099-BTKWT,0.1107,718.85,79.58,5063,Low Priority,No immediate intervention
9411-TPQQV,0.1107,718.7,79.56,5064,Low Priority,No immediate intervention
5996-EBTKM,0.0796,998.83,79.51,5065,Low Priority,No immediate intervention
9174-IHETN,0.0796,997.8,79.42,5066,Low Priority,No immediate intervention
3354-OADJP,0.1107,716.82,79.35,5067,Low Priority,No immediate intervention
6738-ISCBM,0.1107,716.79,79.35,5068,Low Priority,No immediate intervention
2405-LBMUW,0.1107,715.2,79.17,5069,Low Priority,No immediate intervention
6094-ZIVKX,0.1107,710.72,78.68,5070,Low Priority,No immediate intervention
2188-SXWVT,0.1107,709.48,78.54,5071,Low Priority,No immediate intervention
1303-SRDOK,0.0796,984.97,78.4,5072,Low Priority,No immediate intervention
2958-NHPPS,0.3256,240.57,78.33,5073,Low Priority,No immediate intervention
9313-QOLTZ,0.3256,240.52,78.31,5074,Low Priority,No immediate intervention
2845-KDHVX,0.0796,980.28,78.03,5075,Low Priority,No immediate intervention
5546-BYZSM,0.3256,238.81,77.76,5076,Low Priority,No immediate intervention
8570-KLJYJ,0.1107,700.59,77.56,5077,Low Priority,No immediate intervention
2676-SSLTO,0.0796,974.12,77.54,5078,Low Priority,No immediate intervention
0536-BGFMZ,0.3256,238.01,77.5,5079,Low Priority,No immediate intervention
9046-DQMTP,0.3256,237.84,77.44,5080,Low Priority,No immediate intervention
1534-OULXE,0.1107,698.07,77.28,5081,Low Priority,No immediate intervention
9860-LISIZ,0.3256,237.31,77.27,5082,Low Priority,No immediate intervention
1122-YJBCS,0.1107,697.94,77.26,5083,Low Priority,No immediate intervention
7407-SUJIZ,0.3256,237.29,77.26,5084,Low Priority,No immediate intervention
8318-LCNBW,0.1107,696.44,77.1,5085,Low Priority,No immediate intervention
6229-UOLQL,0.1107,695.5,76.99,5086,Low Priority,No immediate intervention
8668-KNZTI,0.1107,695.41,76.98,5087,Low Priority,No immediate intervention
4611-ANLQC,0.1107,693.42,76.76,5088,Low Priority,No immediate intervention
9830-ECLEN,0.1107,693.45,76.76,5089,Low Priority,No immediate intervention
9184-GALIL,0.3256,235.69,76.74,5090,Low Priority,No immediate intervention
8003-EWNDZ,0.3256,235.63,76.72,5091,Low Priority,No immediate intervention
1488-SYSFC,0.3256,235.46,76.67,5092,Low Priority,No immediate intervention
4803-LBYPN,0.3256,235.14,76.56,5093,Low Priority,No immediate intervention
0142-GVYSN,0.3256,235.08,76.54,5094,Low Priority,No immediate intervention
2085-JVGAD,0.3256,235.05,76.53,5095,Low Priority,No immediate intervention
8681-ICONS,0.3256,234.99,76.51,5096,Low Priority,No immediate intervention
0547-HURJB,0.3256,234.99,76.51,5097,Low Priority,No immediate intervention
6016-LVTJQ,0.3256,234.94,76.5,5098,Low Priority,No immediate intervention
4203-QGNZA,0.3256,234.61,76.39,5099,Low Priority,No immediate intervention
3796-ENZGF,0.0796,958.69,76.31,5100,Low Priority,No immediate intervention
1552-TKMXS,0.3256,234.38,76.31,5101,Low Priority,No immediate intervention
1866-ZSLJM,0.3256,233.3,75.96,5102,Low Priority,No immediate intervention
5260-UMPWX,0.3256,233.26,75.95,5103,Low Priority,No immediate intervention
6549-YMFAW,0.3256,233.0,75.86,5104,Low Priority,No immediate intervention
8044-BGWPI,0.3256,232.38,75.66,5105,Low Priority,No immediate intervention
8963-MQVYN,0.3256,232.34,75.65,5106,Low Priority,No immediate intervention
4702-HDRKD,0.1107,683.35,75.65,5107,Low Priority,No immediate intervention
6147-CBCRA,0.3256,232.08,75.57,5108,Low Priority,No immediate intervention
3847-BAERP,0.3256,232.03,75.55,5109,Low Priority,No immediate intervention
4063-EIKNQ,0.3256,231.84,75.49,5110,Low Priority,No immediate intervention
2703-AMTUL,0.1107,681.73,75.47,5111,Low Priority,No immediate intervention
1222-KJNZD,0.3256,231.73,75.45,5112,Low Priority,No immediate intervention
2550-AEVRU,0.1107,680.99,75.39,5113,Low Priority,No immediate intervention
2164-SOQXL,0.3256,231.49,75.37,5114,Low Priority,No immediate intervention
7047-YXDMZ,0.3256,231.38,75.34,5115,Low Priority,No immediate intervention
4712-UYOOI,0.3256,231.32,75.32,5116,Low Priority,No immediate intervention
1760-CAZHT,0.3256,231.14,75.26,5117,Low Priority,No immediate intervention
3530-VWVGU,0.3256,230.92,75.19,5118,Low Priority,No immediate intervention
8246-SHFGA,0.3256,230.9,75.18,5119,Low Priority,No immediate intervention
2120-SMPEX,0.3256,230.82,75.15,5120,Low Priority,No immediate intervention
4486-EFAEB,0.3256,230.72,75.12,5121,Low Priority,No immediate intervention
5372-FBKBN,0.3256,230.69,75.11,5122,Low Priority,No immediate intervention
1784-BXEFA,0.3256,230.55,75.07,5123,Low Priority,No immediate intervention
1641-BYBTK,0.3256,230.49,75.05,5124,Low Priority,No immediate intervention
2371-JUNGC,0.3256,230.51,75.05,5125,Low Priority,No immediate intervention
9150-HEPMB,0.1107,677.61,75.01,5126,Low Priority,No immediate intervention
1038-RQOST,0.3256,230.33,75.0,5127,Low Priority,No immediate intervention
6131-IUNXN,0.3256,230.33,75.0,5128,Low Priority,No immediate intervention
3318-ISQFQ,0.3256,230.31,74.99,5129,Low Priority,No immediate intervention
7956-XQWGU,0.3256,230.27,74.98,5130,Low Priority,No immediate intervention
5616-PRTNT,0.3256,230.25,74.97,5131,Low Priority,No immediate intervention
4018-KJYUY,0.3256,230.23,74.96,5132,Low Priority,No immediate intervention
5955-EPOAZ,0.3256,230.22,74.96,5133,Low Priority,No immediate intervention
7787-BNTZM,0.3256,230.14,74.93,5134,Low Priority,No immediate intervention
0519-DRGTI,0.3256,230.02,74.89,5135,Low Priority,No immediate intervention
4054-CUMIA,0.3256,229.87,74.85,5136,Low Priority,No immediate intervention
9512-PHSMG,0.3256,229.82,74.83,5137,Low Priority,No immediate intervention
4083-EUGRJ,0.3256,229.81,74.83,5138,Low Priority,No immediate intervention
9367-TCUYN,0.3256,229.73,74.8,5139,Low Priority,No immediate intervention
3011-WQKSZ,0.3256,229.72,74.8,5140,Low Priority,No immediate intervention
1552-CZCLL,0.3256,229.68,74.78,5141,Low Priority,No immediate intervention
7777-UNYHB,0.3256,229.68,74.78,5142,Low Priority,No immediate intervention
5345-BMKWB,0.3256,229.65,74.77,5143,Low Priority,No immediate intervention
9932-WBWIK,0.3256,229.65,74.77,5144,Low Priority,No immediate intervention
3012-VFFMN,0.3256,229.6,74.76,5145,Low Priority,No immediate intervention
4732-RRJZC,0.3256,229.44,74.71,5146,Low Priority,No immediate intervention
7845-URHJN,0.3256,229.45,74.71,5147,Low Priority,No immediate intervention
4568-TTZRT,0.3256,229.35,74.68,5148,Low Priority,No immediate intervention
3530-CRZSB,0.3256,229.35,74.68,5149,Low Priority,No immediate intervention
6490-FGZAT,0.3256,229.32,74.67,5150,Low Priority,No immediate intervention
8735-NBLWT,0.3256,229.31,74.66,5151,Low Priority,No immediate intervention
4488-PSYCG,0.3256,229.24,74.64,5152,Low Priority,No immediate intervention
4797-MIWUM,0.3256,229.22,74.63,5153,Low Priority,No immediate intervention
1850-AKQEP,0.3256,229.14,74.61,5154,Low Priority,No immediate intervention
2243-FNMMI,0.3256,229.1,74.59,5155,Low Priority,No immediate intervention
7542-CYDDM,0.3256,229.06,74.58,5156,Low Priority,No immediate intervention
2171-UDMFD,0.3256,229.03,74.57,5157,Low Priority,No immediate intervention
6861-OKBCE,0.3256,229.01,74.57,5158,Low Priority,No immediate intervention
7706-DZNKK,0.3256,228.97,74.55,5159,Low Priority,No immediate intervention
1045-LTCYT,0.3256,228.95,74.55,5160,Low Priority,No immediate intervention
5850-BDWCY,0.3256,228.93,74.54,5161,Low Priority,No immediate intervention
6278-FEPBZ,0.3256,228.92,74.54,5162,Low Priority,No immediate intervention
1009-IRMNA,0.3256,228.78,74.49,5163,Low Priority,No immediate intervention
6648-INWPS,0.3256,228.72,74.47,5164,Low Priority,No immediate intervention
3752-CQSJI,0.3256,228.69,74.46,5165,Low Priority,No immediate intervention
8457-XIGKN,0.3256,228.66,74.45,5166,Low Priority,No immediate intervention
3043-SUDUA,0.3256,228.6,74.43,5167,Low Priority,No immediate intervention
1385-TQOZW,0.3256,228.56,74.42,5168,Low Priority,No immediate intervention
8204-TIFGJ,0.3256,228.55,74.42,5169,Low Priority,No immediate intervention
7140-ADSMJ,0.3256,228.55,74.42,5170,Low Priority,No immediate intervention
6671-NGWON,0.3256,228.56,74.42,5171,Low Priority,No immediate intervention
0516-QREYC,0.3256,228.35,74.35,5172,Low Priority,No immediate intervention
3280-MRDOF,0.0796,933.82,74.33,5173,Low Priority,No immediate intervention
9967-ATRFS,0.3256,228.24,74.31,5174,Low Priority,No immediate intervention
7266-GSSJX,0.3256,228.17,74.29,5175,Low Priority,No immediate intervention
6506-EYCNH,0.3256,228.03,74.25,5176,Low Priority,No immediate intervention
1577-HKTFG,0.3256,227.94,74.22,5177,Low Priority,No immediate intervention
2791-SFVEW,0.3256,227.95,74.22,5178,Low Priority,No immediate intervention
0750-EKNGL,0.3256,227.91,74.21,5179,Low Priority,No immediate intervention
6476-EPYZR,0.3256,227.89,74.2,5180,Low Priority,No immediate intervention
0357-NVCRI,0.3256,227.86,74.19,5181,Low Priority,No immediate intervention
1498-DQNRX,0.3256,227.83,74.18,5182,Low Priority,No immediate intervention
5774-XZTQC,0.3256,227.67,74.13,5183,Low Priority,No immediate intervention
4079-ULGFR,0.3256,227.65,74.12,5184,Low Priority,No immediate intervention
8942-DBMHZ,0.3256,227.57,74.1,5185,Low Priority,No immediate intervention
1159-WFSGR,0.3256,227.58,74.1,5186,Low Priority,No immediate intervention
1057-FOGLZ,0.3256,227.45,74.06,5187,Low Priority,No immediate intervention
3623-FQBOX,0.3256,227.29,74.01,5188,Low Priority,No immediate intervention
2928-HLDBA,0.3256,227.15,73.96,5189,Low Priority,No immediate intervention
4623-ZKHLY,0.3256,227.07,73.93,5190,Low Priority,No immediate intervention
6682-VCIXC,0.1107,667.5,73.89,5191,Low Priority,No immediate intervention
2061-VVFST,0.3256,226.77,73.84,5192,Low Priority,No immediate intervention
8387-UGUSU,0.3256,226.75,73.83,5193,Low Priority,No immediate intervention
2484-DGXPZ,0.3256,226.59,73.78,5194,Low Priority,No immediate intervention
1614-JBEBI,0.3256,226.55,73.76,5195,Low Priority,No immediate intervention
5384-ZTTWP,0.3256,226.52,73.75,5196,Low Priority,No immediate intervention
1539-LNKHM,0.3256,226.49,73.75,5197,Low Priority,No immediate intervention
9867-NNXLC,0.3256,226.47,73.74,5198,Low Priority,No immediate intervention
6838-HVLXG,0.3256,226.42,73.72,5199,Low Priority,No immediate intervention
6878-GGDWG,0.3256,226.37,73.71,5200,Low Priority,No immediate intervention
7531-GQHME,0.3256,226.35,73.7,5201,Low Priority,No immediate intervention
5468-BPMMO,0.3256,226.23,73.66,5202,Low Priority,No immediate intervention
9256-JTBNZ,0.3256,226.19,73.65,5203,Low Priority,No immediate intervention
9313-CDOGY,0.3256,226.14,73.63,5204,Low Priority,No immediate intervention
6131-JLWZM,0.3256,226.1,73.62,5205,Low Priority,No immediate intervention
7010-ZMVBF,0.3256,226.06,73.61,5206,Low Priority,No immediate intervention
1383-EZRWL,0.3256,226.06,73.61,5207,Low Priority,No immediate intervention
4860-YZGZM,0.3256,226.04,73.6,5208,Low Priority,No immediate intervention
5537-UXXVS,0.3256,226.02,73.59,5209,Low Priority,No immediate intervention
9391-TTOYH,0.3256,225.86,73.54,5210,Low Priority,No immediate intervention
4160-AMJTL,0.3256,225.85,73.54,5211,Low Priority,No immediate intervention
0098-BOWSO,0.3256,225.81,73.52,5212,Low Priority,No immediate intervention
1237-WIYYZ,0.3256,225.8,73.52,5213,Low Priority,No immediate intervention
2717-HVIZY,0.3256,225.53,73.43,5214,Low Priority,No immediate intervention
5688-KZTSN,0.3256,225.39,73.39,5215,Low Priority,No immediate intervention
7998-ZLXWN,0.3256,225.24,73.34,5216,Low Priority,No immediate intervention
7094-MSZAO,0.3256,225.25,73.34,5217,Low Priority,No immediate intervention
4694-PHWFW,0.3256,225.21,73.33,5218,Low Priority,No immediate intervention
1051-EQPZR,0.3256,225.11,73.3,5219,Low Priority,No immediate intervention
6778-JFCMK,0.1107,661.87,73.27,5220,Low Priority,No immediate intervention
0380-ZCSBI,0.3256,224.99,73.26,5221,Low Priority,No immediate intervention
3190-FZATL,0.3256,224.95,73.24,5222,Low Priority,No immediate intervention
3374-PZLXD,0.3256,224.66,73.15,5223,Low Priority,No immediate intervention
4182-BGSIQ,0.3256,224.55,73.11,5224,Low Priority,No immediate intervention
0114-RSRRW,0.3256,224.46,73.08,5225,Low Priority,No immediate intervention
6164-HXUGH,0.3256,224.38,73.06,5226,Low Priority,No immediate intervention
6972-SNKKW,0.3256,224.38,73.06,5227,Low Priority,No immediate intervention
3061-BCKYI,0.3256,224.17,72.99,5228,Low Priority,No immediate intervention
0594-UFTUL,0.3256,224.01,72.94,5229,Low Priority,No immediate intervention
8439-LTUGF,0.3256,223.96,72.92,5230,Low Priority,No immediate intervention
3077-RSNTJ,0.3256,223.93,72.91,5231,Low Priority,No immediate intervention
9970-QBCDA,0.3256,223.82,72.88,5232,Low Priority,No immediate intervention
5577-OTWWW,0.3256,223.61,72.81,5233,Low Priority,No immediate intervention
4615-PIVVU,0.0796,914.76,72.81,5234,Low Priority,No immediate intervention
8314-DPQHL,0.1107,657.61,72.8,5235,Low Priority,No immediate intervention
3981-QSVQI,0.3256,223.51,72.77,5236,Low Priority,No immediate intervention
3315-IKYZQ,0.1107,657.05,72.74,5237,Low Priority,No immediate intervention
0347-UBKUZ,0.3256,223.35,72.72,5238,Low Priority,No immediate intervention
9142-XMYJH,0.3256,223.19,72.67,5239,Low Priority,No immediate intervention
0310-VQXAM,0.3256,223.16,72.66,5240,Low Priority,No immediate intervention
2466-NEJOJ,0.3256,223.16,72.66,5241,Low Priority,No immediate intervention
8317-BVKSO,0.3256,223.12,72.65,5242,Low Priority,No immediate intervention
4895-TMWIR,0.3256,223.06,72.63,5243,Low Priority,No immediate intervention
4365-MSDYN,0.3256,223.0,72.61,5244,Low Priority,No immediate intervention
6036-TTFYU,0.3256,222.97,72.6,5245,Low Priority,No immediate intervention
9063-ZGTUY,0.3256,222.92,72.58,5246,Low Priority,No immediate intervention
8053-WWDRO,0.3256,222.88,72.57,5247,Low Priority,No immediate intervention
5917-HBSDW,0.3256,222.71,72.51,5248,Low Priority,No immediate intervention
0787-LHDYT,0.3256,222.63,72.49,5249,Low Priority,No immediate intervention
6040-CGACY,0.3256,222.51,72.45,5250,Low Priority,No immediate intervention
4020-KIUDI,0.3256,222.5,72.45,5251,Low Priority,No immediate intervention
7623-HKYRK,0.3256,222.5,72.45,5252,Low Priority,No immediate intervention
1345-GKDZZ,0.3256,222.35,72.4,5253,Low Priority,No immediate intervention
4719-UMSIY,0.3256,222.19,72.35,5254,Low Priority,No immediate intervention
1563-IWQEX,0.3256,222.1,72.32,5255,Low Priority,No immediate intervention
3724-UCSHY,0.3256,222.08,72.31,5256,Low Priority,No immediate intervention
8780-RSYYU,0.3256,221.86,72.24,5257,Low Priority,No immediate intervention
9018-PCIOK,0.0796,907.35,72.23,5258,Low Priority,No immediate intervention
7168-HDQHG,0.3256,221.72,72.19,5259,Low Priority,No immediate intervention
4881-GQJTW,0.3256,221.69,72.18,5260,Low Priority,No immediate intervention
4936-YPJNK,0.3256,221.65,72.17,5261,Low Priority,No immediate intervention
5396-IZEPB,0.3256,221.5,72.12,5262,Low Priority,No immediate intervention
8573-CGOCC,0.3256,221.47,72.11,5263,Low Priority,No immediate intervention
3824-RHKVR,0.3256,221.44,72.1,5264,Low Priority,No immediate intervention
8563-IIOXK,0.1107,651.15,72.08,5265,Low Priority,No immediate intervention
6806-YDEUL,0.3256,221.34,72.07,5266,Low Priority,No immediate intervention
9837-FWLCH,0.3256,221.32,72.06,5267,Low Priority,No immediate intervention
9788-YTFGE,0.3256,221.24,72.04,5268,Low Priority,No immediate intervention
6319-QSUSR,0.3256,221.16,72.01,5269,Low Priority,No immediate intervention
3181-MIZBN,0.3256,221.0,71.96,5270,Low Priority,No immediate intervention
5025-GOOKI,0.3256,220.76,71.88,5271,Low Priority,No immediate intervention
7727-SHVZV,0.3256,220.52,71.8,5272,Low Priority,No immediate intervention
3675-YDUPJ,0.3256,220.47,71.79,5273,Low Priority,No immediate intervention
7102-JJVTX,0.1107,648.5,71.79,5274,Low Priority,No immediate intervention
8138-EALND,0.3256,220.38,71.76,5275,Low Priority,No immediate intervention
5186-PEIZU,0.3256,220.09,71.66,5276,Low Priority,No immediate intervention
8944-AILEF,0.3256,219.86,71.59,5277,Low Priority,No immediate intervention
6937-GCDGQ,0.1107,646.51,71.57,5278,Low Priority,No immediate intervention
0757-WCUUZ,0.0796,898.18,71.5,5279,Low Priority,No immediate intervention
2428-ZMCTB,0.3256,219.34,71.42,5280,Low Priority,No immediate intervention
1431-CYWMH,0.3256,219.33,71.41,5281,Low Priority,No immediate intervention
9364-YKUVW,0.3256,219.29,71.4,5282,Low Priority,No immediate intervention
2223-KAGMX,0.3256,219.25,71.39,5283,Low Priority,No immediate intervention
2332-EFBJY,0.3256,218.82,71.25,5284,Low Priority,No immediate intervention
1735-XMJVH,0.3256,218.78,71.23,5285,Low Priority,No immediate intervention
4023-RTIQM,0.1107,642.78,71.16,5286,Low Priority,No immediate intervention
2096-XOTMO,0.3256,218.5,71.14,5287,Low Priority,No immediate intervention
2320-YKQBO,0.3256,218.07,71.0,5288,Low Priority,No immediate intervention
9281-CEDRU,0.0796,891.82,70.99,5289,Low Priority,No immediate intervention
0487-VVUVK,0.3256,218.02,70.99,5290,Low Priority,No immediate intervention
3750-RNQKR,0.3256,217.78,70.91,5291,Low Priority,No immediate intervention
2483-XSSMZ,0.1107,639.99,70.85,5292,Low Priority,No immediate intervention
9139-TWBAS,0.1107,639.53,70.8,5293,Low Priority,No immediate intervention
6112-KTHFQ,0.3256,217.39,70.78,5294,Low Priority,No immediate intervention
4801-KFYKL,0.3256,217.29,70.75,5295,Low Priority,No immediate intervention
1525-LNLOJ,0.0796,885.7,70.5,5296,Low Priority,No immediate intervention
0208-BPQEJ,0.3256,216.07,70.35,5297,Low Priority,No immediate intervention
7801-CEDNV,0.1107,634.4,70.23,5298,Low Priority,No immediate intervention
7771-CFQRQ,0.0796,881.68,70.18,5299,Low Priority,No immediate intervention
6979-TNDEU,0.3256,215.42,70.14,5300,Low Priority,No immediate intervention
9046-JBFWA,0.3256,215.17,70.06,5301,Low Priority,No immediate intervention
3387-PLKUI,0.3256,215.05,70.02,5302,Low Priority,No immediate intervention
3174-AKMAS,0.0796,876.97,69.81,5303,Low Priority,No immediate intervention
4770-QAZXN,0.3256,214.3,69.78,5304,Low Priority,No immediate intervention
8295-FHIVV,0.3256,214.32,69.78,5305,Low Priority,No immediate intervention
1218-VKFPE,0.3256,214.25,69.76,5306,Low Priority,No immediate intervention
3911-RSNHI,0.0796,875.68,69.7,5307,Low Priority,No immediate intervention
5624-RYAMH,0.3256,214.03,69.69,5308,Low Priority,No immediate intervention
8181-YHCMF,0.0796,874.86,69.64,5309,Low Priority,No immediate intervention
2882-DDZPG,0.3256,213.55,69.53,5310,Low Priority,No immediate intervention
2023-VQFDL,0.3256,213.47,69.51,5311,Low Priority,No immediate intervention
4541-RMRLG,0.3256,213.44,69.5,5312,Low Priority,No immediate intervention
4946-EDSEW,0.3256,213.29,69.45,5313,Low Priority,No immediate intervention
1386-ZIKUV,0.3256,212.55,69.21,5314,Low Priority,No immediate intervention
6082-GLJIX,0.3256,212.32,69.13,5315,Low Priority,No immediate intervention
9467-ROOLM,0.3256,212.17,69.08,5316,Low Priority,No immediate intervention
7968-QUXNS,0.3256,212.12,69.07,5317,Low Priority,No immediate intervention
9880-TDQAC,0.0796,864.79,68.84,5318,Low Priority,No immediate intervention
6549-BTYPG,0.0796,864.2,68.79,5319,Low Priority,No immediate intervention
4891-NLUBA,0.0796,861.3,68.56,5320,Low Priority,No immediate intervention
6023-GSSXW,0.0796,856.99,68.22,5321,Low Priority,No immediate intervention
9025-ZRPVR,0.3256,208.72,67.96,5322,Low Priority,No immediate intervention
1972-XMUWV,0.0796,852.39,67.85,5323,Low Priority,No immediate intervention
4111-BNXIF,0.0796,851.49,67.78,5324,Low Priority,No immediate intervention
0114-IGABW,0.0796,848.46,67.54,5325,Low Priority,No immediate intervention
0214-JHPFW,0.0796,847.4,67.45,5326,Low Priority,No immediate intervention
0440-EKDCF,0.0796,846.55,67.39,5327,Low Priority,No immediate intervention
3638-WEABW,0.0796,843.13,67.11,5328,Low Priority,No immediate intervention
4825-XJGDM,0.1107,605.69,67.05,5329,Low Priority,No immediate intervention
1991-VOPLL,0.3256,205.79,67.01,5330,Low Priority,No immediate intervention
5863-OOKCL,0.3256,205.62,66.95,5331,Low Priority,No immediate intervention
8510-TMWYB,0.0796,840.14,66.88,5332,Low Priority,No immediate intervention
2834-JKOOW,0.1107,603.42,66.8,5333,Low Priority,No immediate intervention
9746-YKGXB,0.1107,602.15,66.66,5334,Low Priority,No immediate intervention
7338-ERIVA,0.1107,602.16,66.66,5335,Low Priority,No immediate intervention
6681-ZSEXG,0.0796,836.29,66.57,5336,Low Priority,No immediate intervention
0234-TEVTT,0.1107,601.36,66.57,5337,Low Priority,No immediate intervention
7029-IJEJK,0.1107,598.89,66.3,5338,Low Priority,No immediate intervention
7025-WCBNE,0.0796,832.67,66.28,5339,Low Priority,No immediate intervention
7244-QWYHG,0.1107,596.86,66.07,5340,Low Priority,No immediate intervention
5872-OEQNH,0.1107,595.27,65.9,5341,Low Priority,No immediate intervention
8224-UAXBZ,0.1107,593.76,65.73,5342,Low Priority,No immediate intervention
2233-TXSIU,0.1107,593.39,65.69,5343,Low Priority,No immediate intervention
2137-DQMEV,0.1107,592.12,65.55,5344,Low Priority,No immediate intervention
8165-CBKXO,0.0796,821.7,65.41,5345,Low Priority,No immediate intervention
3474-BAFSJ,0.0796,818.94,65.19,5346,Low Priority,No immediate intervention
7795-CFOCW,0.1107,586.85,64.96,5347,Low Priority,No immediate intervention
6598-KELSS,0.1107,575.07,63.66,5348,Low Priority,No immediate intervention
4500-HKANN,0.0796,797.46,63.48,5349,Low Priority,No immediate intervention
3397-AVTKU,0.0796,796.23,63.38,5350,Low Priority,No immediate intervention
8745-PVESG,0.1107,571.89,63.31,5351,Low Priority,No immediate intervention
8035-BUYVG,0.1107,570.37,63.14,5352,Low Priority,No immediate intervention
7771-ZONAT,0.0796,787.59,62.69,5353,Low Priority,No immediate intervention
4859-ZSRDZ,0.0796,783.42,62.36,5354,Low Priority,No immediate intervention
5125-CNDSP,0.1107,563.26,62.35,5355,Low Priority,No immediate intervention
1335-MXCSE,0.0796,776.77,61.83,5356,Low Priority,No immediate intervention
3745-HRPHI,0.0796,766.46,61.01,5357,Low Priority,No immediate intervention
7253-UVNDW,0.0796,764.32,60.84,5358,Low Priority,No immediate intervention
8292-FRFZQ,0.1107,548.11,60.68,5359,Low Priority,No immediate intervention
6522-OIQSX,0.0796,762.06,60.66,5360,Low Priority,No immediate intervention
5256-SKJGO,0.0796,760.08,60.5,5361,Low Priority,No immediate intervention
6810-VCAEX,0.1107,543.05,60.12,5362,Low Priority,No immediate intervention
9906-NHHVC,0.0796,750.94,59.77,5363,Low Priority,No immediate intervention
1139-WUOAH,0.0796,750.79,59.76,5364,Low Priority,No immediate intervention
6034-ZRYCV,0.0796,750.39,59.73,5365,Low Priority,No immediate intervention
7191-ADRGF,0.0796,749.55,59.66,5366,Low Priority,No immediate intervention
3704-IEAXF,0.0796,747.17,59.47,5367,Low Priority,No immediate intervention
9102-OXKFY,0.0796,743.86,59.21,5368,Low Priority,No immediate intervention
1271-UODNO,0.0796,742.92,59.14,5369,Low Priority,No immediate intervention
2197-OMWGI,0.0796,735.5,58.55,5370,Low Priority,No immediate intervention
1929-ZCBHE,0.1107,528.11,58.46,5371,Low Priority,No immediate intervention
7325-ENZFI,0.1107,526.42,58.27,5372,Low Priority,No immediate intervention
2606-PKWJB,0.1107,526.09,58.24,5373,Low Priority,No immediate intervention
6114-TCFID,0.1107,523.16,57.91,5374,Low Priority,No immediate intervention
6967-PEJLL,0.1107,522.08,57.79,5375,Low Priority,No immediate intervention
8328-SKJNO,0.1107,519.82,57.54,5376,Low Priority,No immediate intervention
0373-AIVNJ,0.1107,518.27,57.37,5377,Low Priority,No immediate intervention
9495-REDIY,0.1107,514.85,56.99,5378,Low Priority,No immediate intervention
1729-VLAZJ,0.1107,511.99,56.68,5379,Low Priority,No immediate intervention
4654-GGUII,0.1107,511.81,56.66,5380,Low Priority,No immediate intervention
6701-DHKWQ,0.0796,707.5,56.32,5381,Low Priority,No immediate intervention
4039-PIMHX,0.0796,693.46,55.2,5382,Low Priority,No immediate intervention
0277-ORXQS,0.0796,691.47,55.04,5383,Low Priority,No immediate intervention
1936-CZAKF,0.0796,691.33,55.03,5384,Low Priority,No immediate intervention
0230-UBYPQ,0.1107,496.7,54.98,5385,Low Priority,No immediate intervention
0298-XACET,0.0796,689.84,54.91,5386,Low Priority,No immediate intervention
8587-XYZSF,0.0796,687.77,54.75,5387,Low Priority,No immediate intervention
6559-ILWKJ,0.0796,686.92,54.68,5388,Low Priority,No immediate intervention
5170-PTRKA,0.1107,493.85,54.67,5389,Low Priority,No immediate intervention
0121-SNYRK,0.1107,492.38,54.51,5390,Low Priority,No immediate intervention
9000-PLFUZ,0.0796,681.3,54.23,5391,Low Priority,No immediate intervention
5245-VDBUR,0.1107,488.14,54.04,5392,Low Priority,No immediate intervention
3566-CAAYU,0.0796,676.61,53.86,5393,Low Priority,No immediate intervention
4032-RMHCI,0.1107,483.88,53.57,5394,Low Priority,No immediate intervention
7110-BDTWG,0.0796,666.64,53.06,5395,Low Priority,No immediate intervention
3739-YBWAB,0.1107,477.66,52.88,5396,Low Priority,No immediate intervention
2144-ESWKO,0.1107,476.9,52.79,5397,Low Priority,No immediate intervention
0305-SQECB,0.1107,474.95,52.58,5398,Low Priority,No immediate intervention
4835-YSJMR,0.0796,657.12,52.31,5399,Low Priority,No immediate intervention
1430-SFQSA,0.1107,471.68,52.21,5400,Low Priority,No immediate intervention
1397-XKKWR,0.1107,469.42,51.96,5401,Low Priority,No immediate intervention
9581-GVBXT,0.1107,467.52,51.75,5402,Low Priority,No immediate intervention
5701-GUXDC,0.1107,465.58,51.54,5403,Low Priority,No immediate intervention
5199-FPUSP,0.1107,451.23,49.95,5404,Low Priority,No immediate intervention
5126-RCXYW,0.0796,624.18,49.68,5405,Low Priority,No immediate intervention
6723-CEGQI,0.0796,622.24,49.53,5406,Low Priority,No immediate intervention
4198-VFOEA,0.1107,440.77,48.79,5407,Low Priority,No immediate intervention
3249-VHRIP,0.0796,600.12,47.77,5408,Low Priority,No immediate intervention
3933-DQPWX,0.0796,569.1,45.3,5409,Low Priority,No immediate intervention
2996-XAUVF,0.0796,567.27,45.15,5410,Low Priority,No immediate intervention
2316-ESMLS,0.1107,404.29,44.75,5411,Low Priority,No immediate intervention
0248-PGHBZ,0.0323,1385.05,44.74,5412,Valuable but Stable,Monitor and maintain relationship
2162-FRZAA,0.0796,562.12,44.74,5413,Low Priority,No immediate intervention
0244-LGNFY,0.0323,1381.82,44.63,5414,Valuable but Stable,Monitor and maintain relationship
7322-OCWHC,0.0323,1378.3,44.52,5415,Valuable but Stable,Monitor and maintain relationship
1455-HFBXA,0.0323,1375.78,44.44,5416,Valuable but Stable,Monitor and maintain relationship
8197-BFWVU,0.0323,1375.4,44.43,5417,Valuable but Stable,Monitor and maintain relationship
8580-QVLOC,0.0323,1374.04,44.38,5418,Valuable but Stable,Monitor and maintain relationship
6435-VWCCY,0.0323,1373.7,44.37,5419,Valuable but Stable,Monitor and maintain relationship
3779-OSWCF,0.0323,1373.5,44.36,5420,Valuable but Stable,Monitor and maintain relationship
2167-FQSTQ,0.0323,1367.95,44.18,5421,Valuable but Stable,Monitor and maintain relationship
0979-MOZQI,0.0796,554.42,44.13,5422,Low Priority,No immediate intervention
9750-BOOHV,0.1107,398.15,44.08,5423,Low Priority,No immediate intervention
4178-EGMON,0.0323,1363.01,44.03,5424,Valuable but Stable,Monitor and maintain relationship
3967-KXAPS,0.0323,1363.11,44.03,5425,Valuable but Stable,Monitor and maintain relationship
9777-IQHWP,0.0323,1363.26,44.03,5426,Valuable but Stable,Monitor and maintain relationship
6174-NRBTZ,0.1107,397.44,44.0,5427,Low Priority,No immediate intervention
2990-IAJSV,0.0323,1361.04,43.96,5428,Valuable but Stable,Monitor and maintain relationship
3551-GAEGL,0.1107,395.58,43.79,5429,Low Priority,No immediate intervention
4718-WXBGI,0.0323,1350.62,43.63,5430,Valuable but Stable,Monitor and maintain relationship
9778-OGKQZ,0.0323,1348.41,43.55,5431,Valuable but Stable,Monitor and maintain relationship
5684-FJVYR,0.0323,1344.13,43.42,5432,Valuable but Stable,Monitor and maintain relationship
2000-DHJUY,0.0323,1338.75,43.24,5433,Valuable but Stable,Monitor and maintain relationship
3084-DOWLE,0.0323,1338.6,43.24,5434,Valuable but Stable,Monitor and maintain relationship
1642-HMARX,0.0323,1337.33,43.2,5435,Valuable but Stable,Monitor and maintain relationship
6258-PVZWJ,0.0323,1333.21,43.06,5436,Valuable but Stable,Monitor and maintain relationship
1568-LJSZU,0.0323,1331.11,42.99,5437,Valuable but Stable,Monitor and maintain relationship
8565-WUXZU,0.0323,1330.77,42.98,5438,Valuable but Stable,Monitor and maintain relationship
7973-DZRKH,0.0323,1329.79,42.95,5439,Valuable but Stable,Monitor and maintain relationship
7758-UJWYS,0.0796,539.47,42.94,5440,Low Priority,No immediate intervention
1568-BEKZM,0.0323,1327.31,42.87,5441,Valuable but Stable,Monitor and maintain relationship
7816-VGHTO,0.0796,535.33,42.61,5442,Low Priority,No immediate intervention
3508-VLHCZ,0.0323,1316.32,42.52,5443,Valuable but Stable,Monitor and maintain relationship
2176-LVPNX,0.0323,1315.55,42.49,5444,Valuable but Stable,Monitor and maintain relationship
1951-IEYXM,0.0323,1315.28,42.48,5445,Valuable but Stable,Monitor and maintain relationship
6122-LJADA,0.0323,1314.97,42.47,5446,Valuable but Stable,Monitor and maintain relationship
0730-BGQGF,0.0323,1314.19,42.45,5447,Valuable but Stable,Monitor and maintain relationship
5727-MYATE,0.0323,1313.8,42.44,5448,Valuable but Stable,Monitor and maintain relationship
2400-XIWIO,0.0323,1313.49,42.43,5449,Valuable but Stable,Monitor and maintain relationship
8413-YNHNV,0.0323,1313.4,42.42,5450,Valuable but Stable,Monitor and maintain relationship
4701-LKOZD,0.0323,1312.79,42.4,5451,Valuable but Stable,Monitor and maintain relationship
5248-KWLAR,0.0323,1312.41,42.39,5452,Valuable but Stable,Monitor and maintain relationship
5248-YGIJN,0.0323,1311.53,42.36,5453,Valuable but Stable,Monitor and maintain relationship
7570-WELNY,0.0323,1310.35,42.32,5454,Valuable but Stable,Monitor and maintain relationship
0014-BMAQU,0.0323,1309.96,42.31,5455,Valuable but Stable,Monitor and maintain relationship
8398-TBIYD,0.0323,1307.76,42.24,5456,Valuable but Stable,Monitor and maintain relationship
0238-WHBIQ,0.0323,1306.52,42.2,5457,Valuable but Stable,Monitor and maintain relationship
4622-YNKIJ,0.0323,1304.97,42.15,5458,Valuable but Stable,Monitor and maintain relationship
4674-HGNUA,0.0323,1304.27,42.13,5459,Valuable but Stable,Monitor and maintain relationship
0016-QLJIS,0.0323,1301.4,42.04,5460,Valuable but Stable,Monitor and maintain relationship
1414-YADCW,0.0323,1301.39,42.03,5461,Valuable but Stable,Monitor and maintain relationship
5377-NDTOU,0.0323,1301.23,42.03,5462,Valuable but Stable,Monitor and maintain relationship
7975-JMZNT,0.0323,1300.61,42.01,5463,Valuable but Stable,Monitor and maintain relationship
2977-CEBSX,0.0323,1300.56,42.01,5464,Valuable but Stable,Monitor and maintain relationship
7401-JIXNM,0.0323,1300.43,42.0,5465,Valuable but Stable,Monitor and maintain relationship
8670-MEFCP,0.0323,1299.65,41.98,5466,Valuable but Stable,Monitor and maintain relationship
1897-OKVMW,0.0323,1299.59,41.98,5467,Valuable but Stable,Monitor and maintain relationship
9348-ROUAI,0.0323,1299.53,41.97,5468,Valuable but Stable,Monitor and maintain relationship
1187-WILMM,0.0323,1298.89,41.95,5469,Valuable but Stable,Monitor and maintain relationship
0839-JTCUD,0.0323,1298.29,41.93,5470,Valuable but Stable,Monitor and maintain relationship
7579-KKLOE,0.0323,1297.9,41.92,5471,Valuable but Stable,Monitor and maintain relationship
4723-BEGSG,0.0323,1297.69,41.92,5472,Valuable but Stable,Monitor and maintain relationship
3398-GCPMU,0.0323,1297.53,41.91,5473,Valuable but Stable,Monitor and maintain relationship
7164-BPTUT,0.0323,1297.3,41.9,5474,Valuable but Stable,Monitor and maintain relationship
3635-JBPSG,0.0796,526.1,41.88,5475,Low Priority,No immediate intervention
8690-ZVLCL,0.0323,1295.85,41.86,5476,Valuable but Stable,Monitor and maintain relationship
6695-AMZUF,0.0323,1295.81,41.85,5477,Valuable but Stable,Monitor and maintain relationship
9224-VTYID,0.0323,1295.5,41.84,5478,Valuable but Stable,Monitor and maintain relationship
2863-IMQDR,0.0323,1295.06,41.83,5479,Valuable but Stable,Monitor and maintain relationship
2904-GGUAZ,0.0323,1294.69,41.82,5480,Valuable but Stable,Monitor and maintain relationship
7109-CQYUZ,0.0323,1293.05,41.77,5481,Valuable but Stable,Monitor and maintain relationship
8100-PNJMH,0.0323,1290.88,41.7,5482,Valuable but Stable,Monitor and maintain relationship
1498-NHTLT,0.0323,1290.75,41.69,5483,Valuable but Stable,Monitor and maintain relationship
2194-IIQOF,0.0323,1289.16,41.64,5484,Valuable but Stable,Monitor and maintain relationship
7398-HPYZQ,0.0323,1288.04,41.6,5485,Valuable but Stable,Monitor and maintain relationship
0123-CRBRT,0.0323,1287.3,41.58,5486,Valuable but Stable,Monitor and maintain relationship
3166-PNEOF,0.0323,1286.75,41.56,5487,Valuable but Stable,Monitor and maintain relationship
9297-EONCV,0.0323,1286.44,41.55,5488,Valuable but Stable,Monitor and maintain relationship
1775-KWJKQ,0.0323,1285.53,41.52,5489,Valuable but Stable,Monitor and maintain relationship
5117-ZSMHQ,0.0323,1285.02,41.51,5490,Valuable but Stable,Monitor and maintain relationship
7508-DQAKK,0.0323,1284.27,41.48,5491,Valuable but Stable,Monitor and maintain relationship
7408-OFWXJ,0.0323,1283.68,41.46,5492,Valuable but Stable,Monitor and maintain relationship
2088-IEBAU,0.0323,1282.32,41.42,5493,Valuable but Stable,Monitor and maintain relationship
6408-WHTEF,0.0323,1280.27,41.35,5494,Valuable but Stable,Monitor and maintain relationship
7609-YBPXG,0.0323,1279.35,41.32,5495,Valuable but Stable,Monitor and maintain relationship
3227-WLKLI,0.0323,1278.91,41.31,5496,Valuable but Stable,Monitor and maintain relationship
4006-HKYHO,0.0323,1277.99,41.28,5497,Valuable but Stable,Monitor and maintain relationship
6365-HITVU,0.0323,1276.59,41.23,5498,Valuable but Stable,Monitor and maintain relationship
6963-EZQEE,0.0323,1276.49,41.23,5499,Valuable but Stable,Monitor and maintain relationship
1971-DTCZB,0.0323,1276.15,41.22,5500,Valuable but Stable,Monitor and maintain relationship
9073-ZZIAY,0.0323,1276.17,41.22,5501,Valuable but Stable,Monitor and maintain relationship
8218-FFJDS,0.0323,1275.4,41.2,5502,Valuable but Stable,Monitor and maintain relationship
9435-JMLSX,0.0323,1274.15,41.16,5503,Valuable but Stable,Monitor and maintain relationship
7622-FWGEW,0.0323,1274.01,41.15,5504,Valuable but Stable,Monitor and maintain relationship
2226-ICFDO,0.0323,1273.73,41.14,5505,Valuable but Stable,Monitor and maintain relationship
9489-JMTTN,0.0323,1273.76,41.14,5506,Valuable but Stable,Monitor and maintain relationship
0795-LAFGP,0.0323,1273.11,41.12,5507,Valuable but Stable,Monitor and maintain relationship
3146-MSEGF,0.0323,1271.99,41.09,5508,Valuable but Stable,Monitor and maintain relationship
5997-OPVFA,0.0323,1271.81,41.08,5509,Valuable but Stable,Monitor and maintain relationship
3219-JQRSL,0.0323,1271.85,41.08,5510,Valuable but Stable,Monitor and maintain relationship
7503-MIOGA,0.0323,1271.5,41.07,5511,Valuable but Stable,Monitor and maintain relationship
5980-BDHPY,0.0323,1270.01,41.02,5512,Valuable but Stable,Monitor and maintain relationship
6369-MCAKO,0.0323,1269.81,41.01,5513,Valuable but Stable,Monitor and maintain relationship
3638-VBZTA,0.0323,1268.33,40.97,5514,Valuable but Stable,Monitor and maintain relationship
3259-QMXUN,0.0323,1268.09,40.96,5515,Valuable but Stable,Monitor and maintain relationship
9415-ZNBSX,0.0323,1267.31,40.93,5516,Valuable but Stable,Monitor and maintain relationship
5982-PSMKW,0.0323,1265.87,40.89,5517,Valuable but Stable,Monitor and maintain relationship
2404-JIBFC,0.0323,1265.76,40.88,5518,Valuable but Stable,Monitor and maintain relationship
6701-YVNQG,0.0323,1265.44,40.87,5519,Valuable but Stable,Monitor and maintain relationship
2885-HIJDH,0.0323,1264.29,40.84,5520,Valuable but Stable,Monitor and maintain relationship
0363-SVHYR,0.0323,1263.71,40.82,5521,Valuable but Stable,Monitor and maintain relationship
1227-UDMZR,0.0323,1262.98,40.79,5522,Valuable but Stable,Monitor and maintain relationship
0744-BIKKF,0.0323,1261.07,40.73,5523,Valuable but Stable,Monitor and maintain relationship
3569-JFODW,0.0323,1260.78,40.72,5524,Valuable but Stable,Monitor and maintain relationship
6901-GOGZG,0.0323,1259.6,40.69,5525,Valuable but Stable,Monitor and maintain relationship
1084-MNSMJ,0.0323,1259.31,40.68,5526,Valuable but Stable,Monitor and maintain relationship
5879-HMFFH,0.0323,1259.07,40.67,5527,Valuable but Stable,Monitor and maintain relationship
7873-CVMAW,0.0323,1258.56,40.65,5528,Valuable but Stable,Monitor and maintain relationship
5248-RPYWW,0.0323,1256.69,40.59,5529,Valuable but Stable,Monitor and maintain relationship
6461-SZMCV,0.0323,1255.89,40.57,5530,Valuable but Stable,Monitor and maintain relationship
5485-ITNPC,0.0323,1251.39,40.42,5531,Valuable but Stable,Monitor and maintain relationship
4077-HWUYD,0.0323,1250.0,40.38,5532,Valuable but Stable,Monitor and maintain relationship
9553-DLCLU,0.0323,1249.77,40.37,5533,Valuable but Stable,Monitor and maintain relationship
2925-VDZHY,0.0323,1249.57,40.36,5534,Valuable but Stable,Monitor and maintain relationship
6997-UVGOX,0.0323,1248.79,40.34,5535,Valuable but Stable,Monitor and maintain relationship
6885-PKOAM,0.0323,1248.58,40.33,5536,Valuable but Stable,Monitor and maintain relationship
6691-CCIHA,0.0323,1247.51,40.29,5537,Valuable but Stable,Monitor and maintain relationship
9297-FVVDH,0.0323,1246.63,40.27,5538,Valuable but Stable,Monitor and maintain relationship
5129-HHMZC,0.0323,1240.22,40.06,5539,Valuable but Stable,Monitor and maintain relationship
2378-YIZKA,0.0323,1239.16,40.02,5540,Valuable but Stable,Monitor and maintain relationship
0436-TWFFZ,0.0323,1239.14,40.02,5541,Valuable but Stable,Monitor and maintain relationship
6479-VDGRK,0.0323,1238.83,40.01,5542,Valuable but Stable,Monitor and maintain relationship
0458-HEUZG,0.0796,501.94,39.95,5543,Low Priority,No immediate intervention
0383-CLDDA,0.0323,1235.81,39.92,5544,Valuable but Stable,Monitor and maintain relationship
3071-MVJCD,0.0323,1235.75,39.91,5545,Valuable but Stable,Monitor and maintain relationship
2252-NKNSI,0.0323,1232.75,39.82,5546,Valuable but Stable,Monitor and maintain relationship
0455-ENTCR,0.0323,1232.53,39.81,5547,Valuable but Stable,Monitor and maintain relationship
3262-EIDHV,0.0323,1232.08,39.8,5548,Valuable but Stable,Monitor and maintain relationship
4827-DPADN,0.0323,1231.0,39.76,5549,Valuable but Stable,Monitor and maintain relationship
9795-NREXC,0.0323,1230.36,39.74,5550,Valuable but Stable,Monitor and maintain relationship
8200-LGKSR,0.0323,1230.0,39.73,5551,Valuable but Stable,Monitor and maintain relationship
6916-HIJSE,0.0323,1229.9,39.73,5552,Valuable but Stable,Monitor and maintain relationship
8374-UULRV,0.0323,1228.2,39.67,5553,Valuable but Stable,Monitor and maintain relationship
8727-XDPUD,0.0796,498.31,39.67,5554,Low Priority,No immediate intervention
0945-TSONX,0.0323,1227.46,39.65,5555,Valuable but Stable,Monitor and maintain relationship
4291-TPNFG,0.0323,1223.7,39.53,5556,Valuable but Stable,Monitor and maintain relationship
5702-KVQRD,0.0323,1223.14,39.51,5557,Valuable but Stable,Monitor and maintain relationship
2725-TTRIQ,0.0323,1222.52,39.49,5558,Valuable but Stable,Monitor and maintain relationship
5494-WOZRZ,0.0323,1222.23,39.48,5559,Valuable but Stable,Monitor and maintain relationship
4782-OSFXZ,0.0323,1221.92,39.47,5560,Valuable but Stable,Monitor and maintain relationship
6656-GULJQ,0.0323,1221.24,39.45,5561,Valuable but Stable,Monitor and maintain relationship
5641-DMBFJ,0.0323,1219.96,39.4,5562,Valuable but Stable,Monitor and maintain relationship
9135-MGVPY,0.0323,1216.88,39.31,5563,Valuable but Stable,Monitor and maintain relationship
9453-PATOS,0.0323,1216.94,39.31,5564,Valuable but Stable,Monitor and maintain relationship
7101-HRBLJ,0.0323,1213.18,39.19,5565,Valuable but Stable,Monitor and maintain relationship
8125-QPFJD,0.0323,1212.21,39.15,5566,Valuable but Stable,Monitor and maintain relationship
5766-FTRTS,0.0323,1210.49,39.1,5567,Valuable but Stable,Monitor and maintain relationship
9225-BZLNZ,0.0323,1209.42,39.06,5568,Valuable but Stable,Monitor and maintain relationship
3938-YFPXD,0.0323,1208.61,39.04,5569,Valuable but Stable,Monitor and maintain relationship
8661-BOYNW,0.0323,1206.18,38.96,5570,Valuable but Stable,Monitor and maintain relationship
3544-FBCAS,0.0323,1205.38,38.93,5571,Valuable but Stable,Monitor and maintain relationship
3108-PCCGG,0.0323,1204.33,38.9,5572,Valuable but Stable,Monitor and maintain relationship
1206-EHBDD,0.0323,1202.83,38.85,5573,Valuable but Stable,Monitor and maintain relationship
6437-UDQJM,0.0323,1201.97,38.82,5574,Valuable but Stable,Monitor and maintain relationship
9919-FZDED,0.0323,1200.92,38.79,5575,Valuable but Stable,Monitor and maintain relationship
4513-CXYIX,0.0323,1200.66,38.78,5576,Valuable but Stable,Monitor and maintain relationship
4973-MGTON,0.0323,1198.62,38.72,5577,Low Priority,No immediate intervention
9541-ZPSEA,0.0323,1198.66,38.72,5578,Low Priority,No immediate intervention
3889-VWBID,0.0323,1197.09,38.67,5579,Low Priority,No immediate intervention
2987-BJXIK,0.0323,1195.95,38.63,5580,Low Priority,No immediate intervention
9385-NXKDA,0.0323,1196.04,38.63,5581,Low Priority,No immediate intervention
7233-PAHHL,0.0323,1194.88,38.59,5582,Low Priority,No immediate intervention
5930-GBIWP,0.0323,1194.21,38.57,5583,Low Priority,No immediate intervention
8146-QQKZH,0.0323,1194.22,38.57,5584,Low Priority,No immediate intervention
1813-JYWTO,0.0323,1192.68,38.52,5585,Low Priority,No immediate intervention
9227-YBAXE,0.0323,1188.74,38.4,5586,Low Priority,No immediate intervention
7037-MTYVW,0.0323,1188.49,38.39,5587,Low Priority,No immediate intervention
9110-HSGTV,0.0323,1187.63,38.36,5588,Low Priority,No immediate intervention
7998-WNZEM,0.0323,1184.49,38.26,5589,Low Priority,No immediate intervention
5680-LQOGP,0.0323,1184.63,38.26,5590,Low Priority,No immediate intervention
0459-SPZHJ,0.0323,1183.83,38.24,5591,Low Priority,No immediate intervention
0988-AADSA,0.0323,1183.38,38.22,5592,Low Priority,No immediate intervention
6439-PKTRR,0.0323,1183.1,38.21,5593,Low Priority,No immediate intervention
9114-DPSIA,0.0323,1182.89,38.21,5594,Low Priority,No immediate intervention
8050-DVOJX,0.0323,1182.65,38.2,5595,Low Priority,No immediate intervention
3720-DBRWL,0.0323,1180.77,38.14,5596,Low Priority,No immediate intervention
6418-HNFED,0.0323,1179.32,38.09,5597,Low Priority,No immediate intervention
9823-EALYC,0.0323,1175.66,37.97,5598,Low Priority,No immediate intervention
0909-SELIE,0.0323,1173.66,37.91,5599,Low Priority,No immediate intervention
5788-YPOEG,0.0323,1173.13,37.89,5600,Low Priority,No immediate intervention
8999-YPYBV,0.0323,1168.9,37.76,5601,Low Priority,No immediate intervention
0379-DJQHR,0.0323,1168.84,37.75,5602,Low Priority,No immediate intervention
8144-DGHXP,0.0323,1168.88,37.75,5603,Low Priority,No immediate intervention
3050-RLLXC,0.0323,1168.01,37.73,5604,Low Priority,No immediate intervention
9675-ICXCT,0.0323,1165.59,37.65,5605,Low Priority,No immediate intervention
5457-COLHT,0.0323,1162.99,37.56,5606,Low Priority,No immediate intervention
7639-LIAYI,0.0323,1160.08,37.47,5607,Low Priority,No immediate intervention
1265-ZFOSD,0.0323,1159.7,37.46,5608,Low Priority,No immediate intervention
7564-GHCVB,0.0323,1158.93,37.43,5609,Low Priority,No immediate intervention
6418-PIQSP,0.0323,1156.41,37.35,5610,Low Priority,No immediate intervention
6120-RJKLU,0.0323,1152.71,37.23,5611,Low Priority,No immediate intervention
2251-PYLPB,0.0323,1150.4,37.16,5612,Low Priority,No immediate intervention
6248-TKCQV,0.0323,1147.16,37.05,5613,Low Priority,No immediate intervention
4671-VJLCL,0.0323,1145.16,36.99,5614,Low Priority,No immediate intervention
8631-NBHFZ,0.0323,1144.34,36.96,5615,Low Priority,No immediate intervention
7173-TETGO,0.0323,1143.93,36.95,5616,Low Priority,No immediate intervention
7898-PDWQE,0.0323,1141.0,36.85,5617,Low Priority,No immediate intervention
6741-QRLUP,0.0323,1139.44,36.8,5618,Low Priority,No immediate intervention
9194-GFVOI,0.0323,1138.12,36.76,5619,Low Priority,No immediate intervention
2234-EOFPT,0.0323,1136.02,36.69,5620,Low Priority,No immediate intervention
3486-HOOGQ,0.0323,1134.86,36.66,5621,Low Priority,No immediate intervention
7639-OPLNG,0.0323,1134.8,36.65,5622,Low Priority,No immediate intervention
9065-ZCPQX,0.0323,1134.47,36.64,5623,Low Priority,No immediate intervention
4355-HBJHH,0.0323,1133.95,36.63,5624,Low Priority,No immediate intervention
5736-YEJAX,0.0323,1133.5,36.61,5625,Low Priority,No immediate intervention
9548-LIGTA,0.0323,1132.01,36.56,5626,Low Priority,No immediate intervention
3547-LQRIK,0.1107,330.12,36.54,5627,Low Priority,No immediate intervention
8345-MVDYC,0.0323,1130.63,36.52,5628,Low Priority,No immediate intervention
9140-CZQZZ,0.0323,1129.64,36.49,5629,Low Priority,No immediate intervention
2235-EZAIK,0.0323,1128.81,36.46,5630,Low Priority,No immediate intervention
9027-TMATR,0.0323,1123.02,36.27,5631,Low Priority,No immediate intervention
5318-YKDPV,0.0323,1120.95,36.21,5632,Low Priority,No immediate intervention
5915-ANOEI,0.0323,1120.02,36.18,5633,Low Priority,No immediate intervention
9068-VPWQQ,0.0323,1119.41,36.16,5634,Low Priority,No immediate intervention
4900-MSOMT,0.0323,1119.61,36.16,5635,Low Priority,No immediate intervention
7560-QJAVJ,0.0323,1119.06,36.15,5636,Low Priority,No immediate intervention
7649-SIJJF,0.0323,1118.68,36.13,5637,Low Priority,No immediate intervention
6586-MYGKD,0.0323,1115.04,36.02,5638,Low Priority,No immediate intervention
1027-LKKQQ,0.0323,1112.66,35.94,5639,Low Priority,No immediate intervention
8205-VSLRB,0.0323,1111.28,35.89,5640,Low Priority,No immediate intervention
8336-TAVKX,0.0323,1110.22,35.86,5641,Low Priority,No immediate intervention
9477-LGWQI,0.0323,1110.36,35.86,5642,Low Priority,No immediate intervention
9488-FVZCC,0.0323,1108.17,35.79,5643,Low Priority,No immediate intervention
6516-NKQBO,0.0323,1107.06,35.76,5644,Low Priority,No immediate intervention
3429-IFLEM,0.0323,1106.22,35.73,5645,Low Priority,No immediate intervention
7779-ORAEL,0.0323,1104.16,35.66,5646,Low Priority,No immediate intervention
1960-UOTYM,0.0323,1103.33,35.64,5647,Low Priority,No immediate intervention
5320-BRKGK,0.0323,1101.88,35.59,5648,Low Priority,No immediate intervention
2933-XEUJM,0.0323,1101.53,35.58,5649,Low Priority,No immediate intervention
2649-HWLYB,0.0323,1100.41,35.54,5650,Low Priority,No immediate intervention
3902-MIVLE,0.0323,1099.38,35.51,5651,Low Priority,No immediate intervention
5751-USDBL,0.0323,1098.05,35.47,5652,Low Priority,No immediate intervention
1088-AUUZZ,0.0323,1095.52,35.39,5653,Low Priority,No immediate intervention
3230-IUALN,0.0323,1094.8,35.36,5654,Low Priority,No immediate intervention
3795-GWTRD,0.0323,1092.32,35.28,5655,Low Priority,No immediate intervention
6283-GITPX,0.0323,1091.55,35.26,5656,Low Priority,No immediate intervention
9481-WHGWY,0.0323,1090.95,35.24,5657,Low Priority,No immediate intervention
9152-AMKAK,0.0323,1090.77,35.23,5658,Low Priority,No immediate intervention
7860-UXCRM,0.0323,1089.44,35.19,5659,Low Priority,No immediate intervention
6427-FEFIG,0.0323,1086.39,35.09,5660,Low Priority,No immediate intervention
8295-KMENE,0.0323,1086.19,35.08,5661,Low Priority,No immediate intervention
2516-XSJKX,0.0323,1084.72,35.04,5662,Low Priority,No immediate intervention
9066-QRSDU,0.1107,316.46,35.03,5663,Low Priority,No immediate intervention
2351-BKRZW,0.0323,1084.4,35.03,5664,Low Priority,No immediate intervention
8722-PRFDV,0.0323,1084.1,35.02,5665,Low Priority,No immediate intervention
2809-ILCYT,0.1107,316.3,35.01,5666,Low Priority,No immediate intervention
8311-UEUAB,0.0323,1082.0,34.95,5667,Low Priority,No immediate intervention
3082-YVEKW,0.0323,1082.1,34.95,5668,Low Priority,No immediate intervention
3727-OVPRY,0.1107,315.4,34.91,5669,Low Priority,No immediate intervention
6814-ZPWFQ,0.1107,314.62,34.83,5670,Low Priority,No immediate intervention
3935-TBRZZ,0.1107,314.52,34.82,5671,Low Priority,No immediate intervention
9067-YGSCA,0.1107,314.25,34.79,5672,Low Priority,No immediate intervention
0562-FGDCR,0.0323,1076.88,34.78,5673,Low Priority,No immediate intervention
5709-LVOEQ,0.0323,1076.64,34.78,5674,Low Priority,No immediate intervention
8042-RNLKO,0.1107,313.92,34.75,5675,Low Priority,No immediate intervention
4654-ULTTN,0.0323,1075.12,34.73,5676,Low Priority,No immediate intervention
5458-CQJTA,0.0323,1075.12,34.73,5677,Low Priority,No immediate intervention
0536-ESJEP,0.0323,1074.77,34.72,5678,Low Priority,No immediate intervention
3506-OVLKD,0.1107,313.44,34.7,5679,Low Priority,No immediate intervention
4526-RMTLL,0.0323,1073.72,34.68,5680,Low Priority,No immediate intervention
4597-ELFTS,0.1107,313.08,34.66,5681,Low Priority,No immediate intervention
2882-WDTBA,0.0323,1072.87,34.65,5682,Low Priority,No immediate intervention
5512-IDZEI,0.1107,312.81,34.63,5683,Low Priority,No immediate intervention
4304-XUMGI,0.0323,1071.8,34.62,5684,Low Priority,No immediate intervention
3378-AJRAO,0.1107,312.39,34.58,5685,Low Priority,No immediate intervention
4994-OBRSZ,0.0323,1067.86,34.49,5686,Low Priority,No immediate intervention
3887-PBQAO,0.1107,311.56,34.49,5687,Low Priority,No immediate intervention
4538-WNTMJ,0.1107,311.58,34.49,5688,Low Priority,No immediate intervention
6096-EGVTU,0.1107,311.19,34.45,5689,Low Priority,No immediate intervention
0771-CHWSK,0.0323,1066.11,34.44,5690,Low Priority,No immediate intervention
0336-PIKEI,0.0323,1065.39,34.41,5691,Low Priority,No immediate intervention
1676-MQAOA,0.0323,1064.73,34.39,5692,Low Priority,No immediate intervention
0023-UYUPN,0.1107,309.56,34.27,5693,Low Priority,No immediate intervention
2332-TODQS,0.1107,309.53,34.26,5694,Low Priority,No immediate intervention
7452-FOLON,0.1107,309.07,34.21,5695,Low Priority,No immediate intervention
5148-ORICT,0.0323,1057.76,34.17,5696,Low Priority,No immediate intervention
8468-FZTOE,0.0323,1057.22,34.15,5697,Low Priority,No immediate intervention
1022-RKXDR,0.1107,307.25,34.01,5698,Low Priority,No immediate intervention
1839-UMACK,0.1107,306.94,33.98,5699,Low Priority,No immediate intervention
1023-BQXZE,0.0323,1048.32,33.86,5700,Low Priority,No immediate intervention
8332-OSJDW,0.1107,305.16,33.78,5701,Low Priority,No immediate intervention
4849-PYRLQ,0.0323,1044.64,33.74,5702,Low Priority,No immediate intervention
4295-YURET,0.0323,1042.68,33.68,5703,Low Priority,No immediate intervention
2192-OZITF,0.0323,1042.08,33.66,5704,Low Priority,No immediate intervention
3470-OBUET,0.0323,1040.67,33.61,5705,Low Priority,No immediate intervention
3557-HTYWR,0.0323,1039.85,33.59,5706,Low Priority,No immediate intervention
7524-VRLPL,0.0323,1038.28,33.54,5707,Low Priority,No immediate intervention
1506-YJTYT,0.0323,1036.01,33.46,5708,Low Priority,No immediate intervention
6463-MVYRY,0.0323,1035.86,33.46,5709,Low Priority,No immediate intervention
6384-VMJHP,0.0323,1035.48,33.45,5710,Low Priority,No immediate intervention
2498-XLDZR,0.0323,1035.28,33.44,5711,Low Priority,No immediate intervention
2662-NNTDK,0.1107,301.17,33.34,5712,Low Priority,No immediate intervention
6169-PGNCD,0.0323,1031.5,33.32,5713,Low Priority,No immediate intervention
0203-HHYIJ,0.1107,300.49,33.26,5714,Low Priority,No immediate intervention
6754-WKSHP,0.1107,300.12,33.22,5715,Low Priority,No immediate intervention
5201-CBWYG,0.1107,299.69,33.18,5716,Low Priority,No immediate intervention
4707-YNOQA,0.1107,299.73,33.18,5717,Low Priority,No immediate intervention
6546-OPBBH,0.1107,299.29,33.13,5718,Low Priority,No immediate intervention
5781-RFZRP,0.0323,1025.83,33.13,5719,Low Priority,No immediate intervention
0885-HMGPY,0.0323,1024.98,33.11,5720,Low Priority,No immediate intervention
1172-VIYBP,0.0323,1023.99,33.07,5721,Low Priority,No immediate intervention
5451-MHQOF,0.1107,298.6,33.06,5722,Low Priority,No immediate intervention
4584-LBNMK,0.1107,298.43,33.04,5723,Low Priority,No immediate intervention
0229-LFJAF,0.0323,1022.88,33.04,5724,Low Priority,No immediate intervention
0269-XFESX,0.1107,298.29,33.02,5725,Low Priority,No immediate intervention
2824-DXNKN,0.0323,1022.16,33.02,5726,Low Priority,No immediate intervention
6288-CHQJB,0.0323,1022.36,33.02,5727,Low Priority,No immediate intervention
1897-RCFUM,0.1107,298.02,32.99,5728,Low Priority,No immediate intervention
5313-FPXWG,0.1107,297.83,32.97,5729,Low Priority,No immediate intervention
4737-AQCPU,0.0323,1020.86,32.97,5730,Low Priority,No immediate intervention
6765-MBQNU,0.1107,297.79,32.97,5731,Low Priority,No immediate intervention
8592-PLTMQ,0.1107,297.62,32.95,5732,Low Priority,No immediate intervention
7471-WNSUF,0.1107,297.55,32.94,5733,Low Priority,No immediate intervention
8461-EFQYM,0.1107,297.49,32.93,5734,Low Priority,No immediate intervention
0270-THENM,0.0323,1019.03,32.91,5735,Low Priority,No immediate intervention
6551-ZCOTS,0.1107,297.13,32.89,5736,Low Priority,No immediate intervention
3533-UVMOM,0.0323,1017.41,32.86,5737,Low Priority,No immediate intervention
5846-NEQVZ,0.0323,1017.18,32.85,5738,Low Priority,No immediate intervention
3251-YMVWZ,0.1107,296.56,32.83,5739,Low Priority,No immediate intervention
0784-GTUUK,0.1107,296.51,32.82,5740,Low Priority,No immediate intervention
0973-KYVNF,0.0323,1015.48,32.8,5741,Low Priority,No immediate intervention
9229-RQABD,0.1107,296.18,32.79,5742,Low Priority,No immediate intervention
7169-YWAMK,0.0323,1014.1,32.76,5743,Low Priority,No immediate intervention
5130-YPIRV,0.0323,1012.91,32.72,5744,Low Priority,No immediate intervention
3913-FCUUW,0.0323,1012.82,32.71,5745,Low Priority,No immediate intervention
9891-NQDBD,0.1107,295.49,32.71,5746,Low Priority,No immediate intervention
3948-KXDUF,0.0323,1012.57,32.71,5747,Low Priority,No immediate intervention
7162-WPHPM,0.0323,1012.51,32.7,5748,Low Priority,No immediate intervention
0674-GCDXG,0.0323,1012.44,32.7,5749,Low Priority,No immediate intervention
2077-DDHJK,0.0323,1012.42,32.7,5750,Low Priority,No immediate intervention
8595-SIZNC,0.1107,294.75,32.63,5751,Low Priority,No immediate intervention
1599-EAHXY,0.1107,294.78,32.63,5752,Low Priority,No immediate intervention
1333-PBMXB,0.1107,294.53,32.6,5753,Low Priority,No immediate intervention
6253-GNHWH,0.0323,1007.61,32.55,5754,Low Priority,No immediate intervention
8277-RVRSV,0.1107,293.5,32.49,5755,Low Priority,No immediate intervention
3200-MNQTF,0.0323,1005.85,32.49,5756,Low Priority,No immediate intervention
5789-LDFXO,0.1107,292.97,32.43,5757,Low Priority,No immediate intervention
9361-YNQWJ,0.1107,292.96,32.43,5758,Low Priority,No immediate intervention
2296-DKZFP,0.0323,1003.45,32.41,5759,Low Priority,No immediate intervention
6510-UPNKS,0.1107,292.63,32.39,5760,Low Priority,No immediate intervention
8039-ACLPL,0.0323,1002.0,32.36,5761,Low Priority,No immediate intervention
4188-PCPIG,0.0323,1001.81,32.36,5762,Low Priority,No immediate intervention
9091-WTUUY,0.0323,1001.54,32.35,5763,Low Priority,No immediate intervention
0804-YGEQV,0.1107,292.2,32.35,5764,Low Priority,No immediate intervention
5208-FVQKB,0.0323,1000.53,32.32,5765,Low Priority,No immediate intervention
6674-KVJHG,0.1107,291.84,32.31,5766,Low Priority,No immediate intervention
6897-RWMUB,0.0323,1000.24,32.31,5767,Low Priority,No immediate intervention
4121-AGSIN,0.1107,291.5,32.27,5768,Low Priority,No immediate intervention
2324-AALNO,0.1107,291.41,32.26,5769,Low Priority,No immediate intervention
4163-NCJAK,0.1107,290.69,32.18,5770,Low Priority,No immediate intervention
1131-ALZWV,0.1107,290.73,32.18,5771,Low Priority,No immediate intervention
1371-OJCEK,0.1107,290.62,32.17,5772,Low Priority,No immediate intervention
9755-JHNMN,0.0323,995.69,32.16,5773,Low Priority,No immediate intervention
8958-JPTRR,0.1107,290.55,32.16,5774,Low Priority,No immediate intervention
5840-NVDCG,0.0323,995.4,32.15,5775,Low Priority,No immediate intervention
5803-NQJZO,0.0323,995.16,32.14,5776,Low Priority,No immediate intervention
0263-FJTQO,0.0323,994.52,32.12,5777,Low Priority,No immediate intervention
4915-BFSXL,0.0323,994.07,32.11,5778,Low Priority,No immediate intervention
7359-SSBJK,0.0323,993.6,32.09,5779,Low Priority,No immediate intervention
5707-ZMDJP,0.0323,993.08,32.08,5780,Low Priority,No immediate intervention
6087-YPWHO,0.0323,992.82,32.07,5781,Low Priority,No immediate intervention
9993-LHIEB,0.0323,989.73,31.97,5782,Low Priority,No immediate intervention
7197-VOJMM,0.0323,988.56,31.93,5783,Low Priority,No immediate intervention
5696-JVVQY,0.0323,987.26,31.89,5784,Low Priority,No immediate intervention
9489-DEDVP,0.0323,984.61,31.8,5785,Low Priority,No immediate intervention
3823-KYNQY,0.1107,287.17,31.79,5786,Low Priority,No immediate intervention
4403-BWPAY,0.1107,287.01,31.77,5787,Low Priority,No immediate intervention
5176-OLSKT,0.0323,982.77,31.74,5788,Low Priority,No immediate intervention
0916-KNFAJ,0.0323,982.42,31.73,5789,Low Priority,No immediate intervention
3372-CDXFJ,0.1107,286.48,31.71,5790,Low Priority,No immediate intervention
9565-FLVCG,0.0323,981.5,31.7,5791,Low Priority,No immediate intervention
1266-NZYUI,0.0323,980.0,31.65,5792,Low Priority,No immediate intervention
2560-QTSBS,0.1107,284.47,31.49,5793,Low Priority,No immediate intervention
5115-GZDEL,0.0323,974.52,31.48,5794,Low Priority,No immediate intervention
2999-AANRQ,0.0323,969.0,31.3,5795,Low Priority,No immediate intervention
9575-IWCAZ,0.1107,282.57,31.28,5796,Low Priority,No immediate intervention
2710-WYVXG,0.0323,967.66,31.26,5797,Low Priority,No immediate intervention
7399-QHBJS,0.0323,966.01,31.2,5798,Low Priority,No immediate intervention
8338-QIUNR,0.0323,958.66,30.96,5799,Low Priority,No immediate intervention
4334-HOWRP,0.0323,957.87,30.94,5800,Low Priority,No immediate intervention
9769-TSBZE,0.0323,954.54,30.83,5801,Low Priority,No immediate intervention
8908-NMQTX,0.0323,954.27,30.82,5802,Low Priority,No immediate intervention
8590-YFFQO,0.0323,953.0,30.78,5803,Low Priority,No immediate intervention
8990-YOZLV,0.0323,951.87,30.75,5804,Low Priority,No immediate intervention
5360-XGYAZ,0.0323,952.06,30.75,5805,Low Priority,No immediate intervention
0420-TXVSG,0.0323,949.56,30.67,5806,Low Priority,No immediate intervention
5456-ITGIC,0.0323,948.87,30.65,5807,Low Priority,No immediate intervention
4254-QPEDE,0.0323,948.02,30.62,5808,Low Priority,No immediate intervention
7089-RKVSZ,0.1107,276.42,30.6,5809,Low Priority,No immediate intervention
0769-MURVM,0.0323,944.44,30.51,5810,Low Priority,No immediate intervention
7113-HIPFI,0.0323,943.95,30.49,5811,Low Priority,No immediate intervention
2176-OSJUV,0.0323,943.92,30.49,5812,Low Priority,No immediate intervention
8221-HVAYI,0.0323,942.7,30.45,5813,Low Priority,No immediate intervention
4116-IQRFR,0.1107,274.97,30.44,5814,Low Priority,No immediate intervention
2274-XUATA,0.0323,940.88,30.39,5815,Low Priority,No immediate intervention
6374-AFWOX,0.0323,937.08,30.27,5816,Low Priority,No immediate intervention
4079-WWQQQ,0.0323,936.52,30.25,5817,Low Priority,No immediate intervention
7054-DMVAS,0.0323,935.69,30.22,5818,Low Priority,No immediate intervention
7356-AYNJP,0.1107,272.84,30.2,5819,Low Priority,No immediate intervention
9871-ELEYA,0.0323,934.8,30.19,5820,Low Priority,No immediate intervention
5275-PMFUT,0.0323,934.27,30.18,5821,Low Priority,No immediate intervention
2160-GPFXD,0.0323,933.55,30.15,5822,Low Priority,No immediate intervention
0301-FIDRB,0.0323,931.37,30.08,5823,Low Priority,No immediate intervention
6203-HBZPA,0.0323,931.11,30.07,5824,Low Priority,No immediate intervention
6166-YIPFO,0.0323,931.09,30.07,5825,Low Priority,No immediate intervention
1221-GHZEP,0.0323,928.81,30.0,5826,Low Priority,No immediate intervention
6115-ZTBFQ,0.0323,928.93,30.0,5827,Low Priority,No immediate intervention
4967-WPNCF,0.0323,928.51,29.99,5828,Low Priority,No immediate intervention
0361-HJRDX,0.0323,927.91,29.97,5829,Low Priority,No immediate intervention
5614-DNZCE,0.0323,927.61,29.96,5830,Low Priority,No immediate intervention
0531-XBKMM,0.0323,926.22,29.92,5831,Low Priority,No immediate intervention
3308-JSGML,0.0323,926.44,29.92,5832,Low Priority,No immediate intervention
7349-ALMUX,0.0323,924.97,29.88,5833,Low Priority,No immediate intervention
9242-TKFSV,0.0323,923.2,29.82,5834,Low Priority,No immediate intervention
4139-DETXS,0.0323,922.83,29.81,5835,Low Priority,No immediate intervention
8204-YJCLA,0.0323,921.64,29.77,5836,Low Priority,No immediate intervention
7860-KSUGX,0.0323,919.9,29.71,5837,Low Priority,No immediate intervention
9443-JUBUO,0.0323,919.46,29.7,5838,Low Priority,No immediate intervention
9499-XPZXM,0.0323,919.22,29.69,5839,Low Priority,No immediate intervention
4568-KNYWR,0.0323,916.69,29.61,5840,Low Priority,No immediate intervention
3512-IZIKN,0.0323,916.68,29.61,5841,Low Priority,No immediate intervention
2535-PBCGC,0.0323,916.13,29.59,5842,Low Priority,No immediate intervention
9786-YWNHU,0.0323,915.47,29.57,5843,Low Priority,No immediate intervention
6625-IUTTT,0.0323,915.13,29.56,5844,Low Priority,No immediate intervention
2451-YMUXS,0.0323,913.76,29.51,5845,Low Priority,No immediate intervention
7781-HVGMK,0.0323,913.33,29.5,5846,Low Priority,No immediate intervention
0621-JFHOL,0.0796,369.64,29.42,5847,Low Priority,No immediate intervention
4102-HLENU,0.0323,908.68,29.35,5848,Low Priority,No immediate intervention
8792-AOROI,0.0323,906.0,29.26,5849,Low Priority,No immediate intervention
8619-IJNDK,0.0323,905.22,29.24,5850,Low Priority,No immediate intervention
0731-EBJQB,0.1107,263.66,29.19,5851,Low Priority,No immediate intervention
6980-CDGFC,0.1107,263.42,29.16,5852,Low Priority,No immediate intervention
1194-BHJYC,0.0323,900.72,29.09,5853,Low Priority,No immediate intervention
7073-QETQY,0.1107,261.53,28.95,5854,Low Priority,No immediate intervention
1085-LDWAM,0.1107,261.1,28.9,5855,Low Priority,No immediate intervention
5324-KTGCG,0.1107,260.96,28.89,5856,Low Priority,No immediate intervention
0052-YNYOT,0.1107,260.93,28.88,5857,Low Priority,No immediate intervention
1074-WVEVG,0.1107,260.63,28.85,5858,Low Priority,No immediate intervention
5266-PFRQK,0.1107,260.38,28.82,5859,Low Priority,No immediate intervention
7722-VJRQD,0.0323,891.64,28.8,5860,Low Priority,No immediate intervention
3563-SVYLG,0.0323,891.14,28.78,5861,Low Priority,No immediate intervention
0774-RMNUW,0.0323,889.44,28.73,5862,Low Priority,No immediate intervention
7131-ZQZNK,0.0323,889.26,28.72,5863,Low Priority,No immediate intervention
9888-ZCUMM,0.0323,888.82,28.71,5864,Low Priority,No immediate intervention
8571-ZCMCX,0.0323,887.69,28.67,5865,Low Priority,No immediate intervention
6922-NCEDI,0.1107,259.03,28.67,5866,Low Priority,No immediate intervention
8039-EQPIM,0.0323,887.16,28.66,5867,Low Priority,No immediate intervention
0336-KXKFK,0.0323,887.09,28.65,5868,Low Priority,No immediate intervention
4302-ZYFEL,0.1107,258.52,28.62,5869,Low Priority,No immediate intervention
2954-PIBKO,0.0323,885.96,28.62,5870,Low Priority,No immediate intervention
8404-VIOMB,0.0323,883.28,28.53,5871,Low Priority,No immediate intervention
8316-BBQAY,0.0323,882.89,28.52,5872,Low Priority,No immediate intervention
1459-QNFQT,0.0323,882.67,28.51,5873,Low Priority,No immediate intervention
4381-MHQDC,0.0323,882.39,28.5,5874,Low Priority,No immediate intervention
9639-BUJXT,0.1107,257.0,28.45,5875,Low Priority,No immediate intervention
9220-CXRSC,0.0323,879.5,28.41,5876,Low Priority,No immediate intervention
6248-BSHKG,0.1107,256.48,28.39,5877,Low Priority,No immediate intervention
6762-QVYJO,0.0323,879.06,28.39,5878,Low Priority,No immediate intervention
6505-OZNPG,0.0323,878.25,28.37,5879,Low Priority,No immediate intervention
8626-PTQGE,0.0323,877.44,28.34,5880,Low Priority,No immediate intervention
3712-PKXZA,0.1107,255.7,28.31,5881,Low Priority,No immediate intervention
5317-FLPJF,0.0323,876.36,28.31,5882,Low Priority,No immediate intervention
1904-WAJAA,0.0323,875.38,28.27,5883,Low Priority,No immediate intervention
8232-CTLKO,0.0323,874.68,28.25,5884,Low Priority,No immediate intervention
6371-NZYEG,0.0323,872.17,28.17,5885,Low Priority,No immediate intervention
3452-FLHYD,0.1107,254.17,28.14,5886,Low Priority,No immediate intervention
7306-YDSOI,0.0323,871.24,28.14,5887,Low Priority,No immediate intervention
6614-YOLAC,0.0323,870.93,28.13,5888,Low Priority,No immediate intervention
8430-TWCBX,0.1107,253.76,28.09,5889,Low Priority,No immediate intervention
6695-FRVEC,0.0323,868.97,28.07,5890,Low Priority,No immediate intervention
5181-OABFK,0.0323,868.68,28.06,5891,Low Priority,No immediate intervention
0513-RBGPE,0.0323,868.12,28.04,5892,Low Priority,No immediate intervention
9746-UGFAC,0.1107,252.84,27.99,5893,Low Priority,No immediate intervention
4980-URKXC,0.1107,252.88,27.99,5894,Low Priority,No immediate intervention
7921-BEPCI,0.0323,864.95,27.94,5895,Low Priority,No immediate intervention
0835-DUUIQ,0.1107,252.22,27.92,5896,Low Priority,No immediate intervention
7139-JZFVG,0.0323,863.33,27.89,5897,Low Priority,No immediate intervention
8763-KIAFH,0.1107,251.92,27.89,5898,Low Priority,No immediate intervention
1837-YQUCE,0.0323,863.18,27.88,5899,Low Priority,No immediate intervention
6447-EGDIV,0.1107,251.81,27.88,5900,Low Priority,No immediate intervention
6527-PZFPV,0.1107,251.56,27.85,5901,Low Priority,No immediate intervention
5862-BRIXZ,0.0323,862.13,27.85,5902,Low Priority,No immediate intervention
8966-OIQHG,0.1107,251.26,27.81,5903,Low Priority,No immediate intervention
1293-HHSHJ,0.1107,251.12,27.8,5904,Low Priority,No immediate intervention
5642-MHDQT,0.1107,251.15,27.8,5905,Low Priority,No immediate intervention
5993-JSUWV,0.0323,859.94,27.78,5906,Low Priority,No immediate intervention
4194-FJARJ,0.0323,859.85,27.77,5907,Low Priority,No immediate intervention
6532-YLWSI,0.1107,250.86,27.77,5908,Low Priority,No immediate intervention
6419-ZTTLE,0.1107,250.74,27.76,5909,Low Priority,No immediate intervention
9995-HOTOH,0.0323,859.41,27.76,5910,Low Priority,No immediate intervention
3399-BMLVW,0.0323,859.32,27.76,5911,Low Priority,No immediate intervention
4636-TVXVG,0.1107,250.71,27.75,5912,Low Priority,No immediate intervention
5762-TJXGK,0.0323,858.82,27.74,5913,Low Priority,No immediate intervention
4012-YCFAI,0.0323,856.52,27.67,5914,Low Priority,No immediate intervention
9867-JCZSP,0.1107,249.46,27.62,5915,Low Priority,No immediate intervention
0422-OHQHQ,0.1107,249.41,27.61,5916,Low Priority,No immediate intervention
9795-SHUHB,0.0323,854.24,27.59,5917,Low Priority,No immediate intervention
9447-YPTBX,0.1107,249.12,27.58,5918,Low Priority,No immediate intervention
9359-JANWS,0.0323,853.56,27.57,5919,Low Priority,No immediate intervention
2812-REYAT,0.1107,248.89,27.55,5920,Low Priority,No immediate intervention
5792-JALQC,0.0323,852.49,27.54,5921,Low Priority,No immediate intervention
7446-SFAOA,0.1107,248.52,27.51,5922,Low Priority,No immediate intervention
5774-QPLTF,0.1107,248.26,27.48,5923,Low Priority,No immediate intervention
7596-ZYWBB,0.0323,850.33,27.47,5924,Low Priority,No immediate intervention
6188-UXBBR,0.1107,248.05,27.46,5925,Low Priority,No immediate intervention
5003-OKNNK,0.1107,247.95,27.45,5926,Low Priority,No immediate intervention
1776-SPBWV,0.1107,247.85,27.44,5927,Low Priority,No immediate intervention
4378-BZYFP,0.1107,247.84,27.44,5928,Low Priority,No immediate intervention
7018-FPXHH,0.0323,849.32,27.43,5929,Low Priority,No immediate intervention
9372-TXXPS,0.0323,849.0,27.42,5930,Low Priority,No immediate intervention
9621-OUPYD,0.1107,247.66,27.42,5931,Low Priority,No immediate intervention
9509-MPYOD,0.1107,247.74,27.42,5932,Low Priority,No immediate intervention
0129-QMPDR,0.1107,247.7,27.42,5933,Low Priority,No immediate intervention
4933-IKULF,0.1107,247.57,27.41,5934,Low Priority,No immediate intervention
7305-ZWMAJ,0.1107,247.55,27.4,5935,Low Priority,No immediate intervention
1763-KUAAW,0.1107,247.21,27.37,5936,Low Priority,No immediate intervention
7813-TKCVO,0.1107,247.27,27.37,5937,Low Priority,No immediate intervention
2907-ILJBN,0.1107,247.16,27.36,5938,Low Priority,No immediate intervention
7817-OMJNA,0.1107,247.13,27.36,5939,Low Priority,No immediate intervention
0048-PIHNL,0.1107,246.95,27.34,5940,Low Priority,No immediate intervention
8191-XWSZG,0.1107,246.93,27.34,5941,Low Priority,No immediate intervention
6924-TDGMT,0.1107,246.82,27.32,5942,Low Priority,No immediate intervention
9534-NSXEM,0.1107,246.77,27.32,5943,Low Priority,No immediate intervention
3556-BVQGL,0.1107,246.81,27.32,5944,Low Priority,No immediate intervention
6223-DHJGV,0.1107,246.73,27.31,5945,Low Priority,No immediate intervention
9805-FILKB,0.1107,246.71,27.31,5946,Low Priority,No immediate intervention
1722-LDZJS,0.1107,246.45,27.28,5947,Low Priority,No immediate intervention
6100-FJZDG,0.1107,245.93,27.22,5948,Low Priority,No immediate intervention
5918-VUKWP,0.1107,245.68,27.2,5949,Low Priority,No immediate intervention
6563-VRERX,0.1107,245.41,27.17,5950,Low Priority,No immediate intervention
1401-FTHFQ,0.1107,245.14,27.14,5951,Low Priority,No immediate intervention
3594-BDSOA,0.1107,245.09,27.13,5952,Low Priority,No immediate intervention
7297-DVYGA,0.1107,244.84,27.1,5953,Low Priority,No immediate intervention
1699-UOTXU,0.0323,838.48,27.08,5954,Low Priority,No immediate intervention
7706-YLMQA,0.1107,244.53,27.07,5955,Low Priority,No immediate intervention
8909-BOLNL,0.1107,244.32,27.05,5956,Low Priority,No immediate intervention
4092-OFQZS,0.1107,244.31,27.05,5957,Low Priority,No immediate intervention
8859-YSTWS,0.1107,244.2,27.03,5958,Low Priority,No immediate intervention
8746-BFOAJ,0.1107,243.95,27.01,5959,Low Priority,No immediate intervention
2387-KDZQY,0.1107,243.95,27.01,5960,Low Priority,No immediate intervention
1930-BZLHI,0.1107,243.99,27.01,5961,Low Priority,No immediate intervention
8241-JUIQO,0.1107,243.91,27.0,5962,Low Priority,No immediate intervention
8590-OHDIW,0.1107,243.9,27.0,5963,Low Priority,No immediate intervention
3724-BSCVH,0.1107,243.94,27.0,5964,Low Priority,No immediate intervention
5338-YHWYT,0.0323,835.47,26.99,5965,Low Priority,No immediate intervention
2682-KEVRP,0.1107,243.83,26.99,5966,Low Priority,No immediate intervention
4616-EWBNJ,0.1107,243.84,26.99,5967,Low Priority,No immediate intervention
9067-SQTNS,0.1107,243.73,26.98,5968,Low Priority,No immediate intervention
2351-RRBUE,0.1107,243.72,26.98,5969,Low Priority,No immediate intervention
6772-WFQRD,0.1107,243.69,26.98,5970,Low Priority,No immediate intervention
1872-EBWSC,0.1107,243.6,26.97,5971,Low Priority,No immediate intervention
3750-YHRYO,0.1107,243.55,26.96,5972,Low Priority,No immediate intervention
1813-JLKWR,0.1107,243.43,26.95,5973,Low Priority,No immediate intervention
3982-JGSFD,0.1107,243.32,26.94,5974,Low Priority,No immediate intervention
3705-PSNGL,0.1107,243.26,26.93,5975,Low Priority,No immediate intervention
3243-ZHOHY,0.1107,243.31,26.93,5976,Low Priority,No immediate intervention
9847-HNVGP,0.1107,243.16,26.92,5977,Low Priority,No immediate intervention
7279-NMVJC,0.1107,243.17,26.92,5978,Low Priority,No immediate intervention
0829-DDVLK,0.1107,243.19,26.92,5979,Low Priority,No immediate intervention
0621-TSSMU,0.1107,242.98,26.9,5980,Low Priority,No immediate intervention
8884-MRNSU,0.1107,242.88,26.89,5981,Low Priority,No immediate intervention
9620-QJREV,0.1107,242.95,26.89,5982,Low Priority,No immediate intervention
5808-TOTXO,0.1107,242.88,26.89,5983,Low Priority,No immediate intervention
2690-DVRVK,0.1107,242.85,26.88,5984,Low Priority,No immediate intervention
3778-FOAQW,0.1107,242.78,26.88,5985,Low Priority,No immediate intervention
7633-MVPUY,0.0323,832.33,26.88,5986,Low Priority,No immediate intervention
8395-ETZKQ,0.1107,242.81,26.88,5987,Low Priority,No immediate intervention
7244-KXYZN,0.1107,242.84,26.88,5988,Low Priority,No immediate intervention
1403-LKLIK,0.1107,242.85,26.88,5989,Low Priority,No immediate intervention
8884-FEEWR,0.1107,242.7,26.87,5990,Low Priority,No immediate intervention
7632-YUTXB,0.1107,242.66,26.86,5991,Low Priority,No immediate intervention
3079-BCHLN,0.1107,242.63,26.86,5992,Low Priority,No immediate intervention
5519-TEEUH,0.1107,242.61,26.86,5993,Low Priority,No immediate intervention
5924-SNGKP,0.1107,242.57,26.85,5994,Low Priority,No immediate intervention
5016-LIPDW,0.1107,242.53,26.85,5995,Low Priority,No immediate intervention
5627-TVBPP,0.1107,242.36,26.83,5996,Low Priority,No immediate intervention
4709-LKHYG,0.1107,242.35,26.83,5997,Low Priority,No immediate intervention
5876-QMYLD,0.1107,242.38,26.83,5998,Low Priority,No immediate intervention
1682-VCOIO,0.1107,242.25,26.82,5999,Low Priority,No immediate intervention
2819-GWENI,0.1107,242.31,26.82,6000,Low Priority,No immediate intervention
8512-WIWYV,0.1107,242.27,26.82,6001,Low Priority,No immediate intervention
4955-VCWBI,0.1107,242.26,26.82,6002,Low Priority,No immediate intervention
4664-NJCMS,0.0323,829.88,26.81,6003,Low Priority,No immediate intervention
0412-UCCNP,0.0323,830.01,26.81,6004,Low Priority,No immediate intervention
5177-RVZNU,0.1107,242.14,26.8,6005,Low Priority,No immediate intervention
8194-PEEBY,0.1107,242.12,26.8,6006,Low Priority,No immediate intervention
8189-DUKMV,0.1107,242.03,26.79,6007,Low Priority,No immediate intervention
0788-DXBFY,0.1107,242.01,26.79,6008,Low Priority,No immediate intervention
1757-TCATG,0.1107,241.89,26.78,6009,Low Priority,No immediate intervention
9824-QCJPK,0.1107,241.89,26.78,6010,Low Priority,No immediate intervention
9602-WCXPI,0.1107,241.8,26.77,6011,Low Priority,No immediate intervention
1269-FOYWN,0.1107,241.78,26.77,6012,Low Priority,No immediate intervention
5505-OVWQW,0.1107,241.83,26.77,6013,Low Priority,No immediate intervention
0859-YGKFW,0.1107,241.81,26.77,6014,Low Priority,No immediate intervention
1934-MKPXS,0.1107,241.77,26.76,6015,Low Priority,No immediate intervention
4359-INNWN,0.1107,241.63,26.75,6016,Low Priority,No immediate intervention
7435-ZNUYY,0.1107,241.66,26.75,6017,Low Priority,No immediate intervention
5474-LAMUQ,0.1107,241.57,26.74,6018,Low Priority,No immediate intervention
2150-OEGBV,0.1107,241.58,26.74,6019,Low Priority,No immediate intervention
1686-STUHN,0.1107,241.55,26.74,6020,Low Priority,No immediate intervention
2589-AYCRP,0.1107,241.54,26.74,6021,Low Priority,No immediate intervention
6479-OAUSD,0.1107,241.51,26.74,6022,Low Priority,No immediate intervention
5546-QUERU,0.1107,241.57,26.74,6023,Low Priority,No immediate intervention
8106-GWQOK,0.0323,827.58,26.73,6024,Low Priority,No immediate intervention
4518-FZBSX,0.1107,241.43,26.73,6025,Low Priority,No immediate intervention
7137-NAXML,0.1107,241.44,26.73,6026,Low Priority,No immediate intervention
6061-PQHMK,0.1107,241.31,26.71,6027,Low Priority,No immediate intervention
1755-FZQEC,0.1107,241.24,26.71,6028,Low Priority,No immediate intervention
1133-KXCGE,0.1107,241.3,26.71,6029,Low Priority,No immediate intervention
0902-RFHOF,0.1107,241.27,26.71,6030,Low Priority,No immediate intervention
8510-BBWMU,0.1107,241.29,26.71,6031,Low Priority,No immediate intervention
6072-NUQCB,0.1107,241.21,26.7,6032,Low Priority,No immediate intervention
5380-XPJNZ,0.1107,241.18,26.7,6033,Low Priority,No immediate intervention
4632-PAOYU,0.1107,241.17,26.7,6034,Low Priority,No immediate intervention
8748-HFWBO,0.1107,241.23,26.7,6035,Low Priority,No immediate intervention
1697-LYYYX,0.1107,241.12,26.69,6036,Low Priority,No immediate intervention
5993-BQHEA,0.1107,241.14,26.69,6037,Low Priority,No immediate intervention
2878-DHMIN,0.1107,241.14,26.69,6038,Low Priority,No immediate intervention
4716-MRVEN,0.1107,241.12,26.69,6039,Low Priority,No immediate intervention
7560-QRBXH,0.1107,241.04,26.68,6040,Low Priority,No immediate intervention
8499-BRXTD,0.1107,241.0,26.68,6041,Low Priority,No immediate intervention
0516-VRYBW,0.1107,241.05,26.68,6042,Low Priority,No immediate intervention
1069-QJOEE,0.1107,241.05,26.68,6043,Low Priority,No immediate intervention
8327-WKMIE,0.1107,240.88,26.67,6044,Low Priority,No immediate intervention
4750-UKWJK,0.1107,240.82,26.66,6045,Low Priority,No immediate intervention
2749-CTKAJ,0.1107,240.84,26.66,6046,Low Priority,No immediate intervention
3721-CNZHX,0.1107,240.85,26.66,6047,Low Priority,No immediate intervention
8902-ZEOVF,0.1107,240.76,26.65,6048,Low Priority,No immediate intervention
5039-LZRQT,0.1107,240.71,26.65,6049,Low Priority,No immediate intervention
6603-YRDCJ,0.0323,824.8,26.64,6050,Low Priority,No immediate intervention
7328-OWMOM,0.1107,240.45,26.62,6051,Low Priority,No immediate intervention
8717-VCTXJ,0.1107,240.42,26.61,6052,Low Priority,No immediate intervention
1178-PZGAB,0.1107,240.34,26.61,6053,Low Priority,No immediate intervention
3125-RAHBV,0.1107,240.37,26.61,6054,Low Priority,No immediate intervention
5847-MXBEO,0.1107,240.42,26.61,6055,Low Priority,No immediate intervention
7872-BAAZR,0.1107,240.33,26.6,6056,Low Priority,No immediate intervention
5214-CHIWJ,0.1107,240.33,26.6,6057,Low Priority,No immediate intervention
1834-WULEG,0.1107,240.31,26.6,6058,Low Priority,No immediate intervention
5849-ASHZJ,0.1107,240.19,26.59,6059,Low Priority,No immediate intervention
2239-CFOUJ,0.1107,240.16,26.59,6060,Low Priority,No immediate intervention
9170-ARBTB,0.1107,240.19,26.59,6061,Low Priority,No immediate intervention
2495-TTHBQ,0.1107,239.97,26.56,6062,Low Priority,No immediate intervention
9503-XJUME,0.1107,239.82,26.55,6063,Low Priority,No immediate intervention
5777-ZPQNC,0.1107,239.88,26.55,6064,Low Priority,No immediate intervention
4893-GYUJU,0.1107,239.62,26.53,6065,Low Priority,No immediate intervention
1209-VFFOC,0.0323,821.13,26.52,6066,Low Priority,No immediate intervention
6729-FZWSY,0.1107,239.44,26.51,6067,Low Priority,No immediate intervention
3400-ESFUW,0.0323,820.57,26.5,6068,Low Priority,No immediate intervention
2829-HYVZP,0.1107,239.38,26.5,6069,Low Priority,No immediate intervention
6974-DAFLI,0.1107,239.23,26.48,6070,Low Priority,No immediate intervention
5857-XRECV,0.1107,239.16,26.48,6071,Low Priority,No immediate intervention
4962-CHQPW,0.1107,239.07,26.47,6072,Low Priority,No immediate intervention
6504-VBLFL,0.0323,819.37,26.47,6073,Low Priority,No immediate intervention
6870-ECSHE,0.1107,239.0,26.46,6074,Low Priority,No immediate intervention
0967-BMLBD,0.1107,238.92,26.45,6075,Low Priority,No immediate intervention
9845-QOMAD,0.1107,238.79,26.43,6076,Low Priority,No immediate intervention
5871-DGTXZ,0.1107,238.3,26.38,6077,Low Priority,No immediate intervention
7665-VIGUD,0.1107,238.31,26.38,6078,Low Priority,No immediate intervention
0230-WEQUW,0.0323,816.57,26.38,6079,Low Priority,No immediate intervention
4487-ZYJZK,0.1107,238.19,26.37,6080,Low Priority,No immediate intervention
1272-ILHFG,0.1107,238.13,26.36,6081,Low Priority,No immediate intervention
8169-SAEJD,0.0323,815.88,26.35,6082,Low Priority,No immediate intervention
8779-YIQQA,0.1107,237.91,26.34,6083,Low Priority,No immediate intervention
1561-BWHIN,0.1107,237.83,26.33,6084,Low Priority,No immediate intervention
0219-QAERP,0.1107,237.63,26.31,6085,Low Priority,No immediate intervention
5917-RYRMG,0.1107,237.63,26.31,6086,Low Priority,No immediate intervention
4323-ELYYB,0.1107,237.69,26.31,6087,Low Priority,No immediate intervention
4795-UXVCJ,0.1107,237.54,26.3,6088,Low Priority,No immediate intervention
9801-NOSHQ,0.1107,237.49,26.29,6089,Low Priority,No immediate intervention
2122-SZZZD,0.1107,237.52,26.29,6090,Low Priority,No immediate intervention
4685-TFLLS,0.1107,237.34,26.27,6091,Low Priority,No immediate intervention
0969-RGKCU,0.1107,237.14,26.25,6092,Low Priority,No immediate intervention
2821-WARNZ,0.1107,237.07,26.24,6093,Low Priority,No immediate intervention
5095-ETBRJ,0.0323,812.01,26.23,6094,Low Priority,No immediate intervention
5995-WWKKG,0.1107,236.75,26.21,6095,Low Priority,No immediate intervention
9442-JTWDL,0.1107,236.69,26.2,6096,Low Priority,No immediate intervention
8008-OTEZX,0.1107,236.66,26.2,6097,Low Priority,No immediate intervention
7026-YMSBE,0.1107,236.57,26.19,6098,Low Priority,No immediate intervention
8084-OIVBS,0.1107,236.45,26.18,6099,Low Priority,No immediate intervention
6082-OQFBA,0.1107,236.41,26.17,6100,Low Priority,No immediate intervention
3082-WQRVY,0.1107,236.23,26.15,6101,Low Priority,No immediate intervention
1952-DVVSW,0.1107,236.2,26.15,6102,Low Priority,No immediate intervention
9522-ZSINC,0.1107,235.93,26.12,6103,Low Priority,No immediate intervention
3280-NMUVX,0.1107,235.8,26.1,6104,Low Priority,No immediate intervention
6469-MRVET,0.1107,235.65,26.09,6105,Low Priority,No immediate intervention
5312-TSZVC,0.1107,235.6,26.08,6106,Low Priority,No immediate intervention
4537-CIBHB,0.1107,235.46,26.07,6107,Low Priority,No immediate intervention
8022-BECSI,0.1107,235.47,26.07,6108,Low Priority,No immediate intervention
7190-XHTWJ,0.1107,235.49,26.07,6109,Low Priority,No immediate intervention
0221-NAUXK,0.1107,235.31,26.05,6110,Low Priority,No immediate intervention
1964-SVLEA,0.1107,235.34,26.05,6111,Low Priority,No immediate intervention
8631-XVRZL,0.1107,235.21,26.04,6112,Low Priority,No immediate intervention
8249-THVEC,0.1107,235.18,26.03,6113,Low Priority,No immediate intervention
7677-SJJJK,0.1107,235.16,26.03,6114,Low Priority,No immediate intervention
5986-WWXDV,0.1107,235.02,26.02,6115,Low Priority,No immediate intervention
7319-ZNRTR,0.1107,234.92,26.01,6116,Low Priority,No immediate intervention
8969-PRHFK,0.1107,234.91,26.0,6117,Low Priority,No immediate intervention
4644-OBGFZ,0.1107,234.74,25.99,6118,Low Priority,No immediate intervention
6746-WAUWT,0.1107,234.77,25.99,6119,Low Priority,No immediate intervention
2277-AXSDC,0.1107,234.76,25.99,6120,Low Priority,No immediate intervention
3486-NPGST,0.1107,234.82,25.99,6121,Low Priority,No immediate intervention
9483-GCPWE,0.1107,234.65,25.98,6122,Low Priority,No immediate intervention
0042-JVWOJ,0.1107,234.56,25.97,6123,Low Priority,No immediate intervention
9715-SBVSU,0.0323,803.91,25.97,6124,Low Priority,No immediate intervention
4451-RWASJ,0.1107,234.64,25.97,6125,Low Priority,No immediate intervention
8573-JGCZW,0.1107,234.5,25.96,6126,Low Priority,No immediate intervention
7009-PCARS,0.1107,234.32,25.94,6127,Low Priority,No immediate intervention
7061-OVMIM,0.1107,234.32,25.94,6128,Low Priority,No immediate intervention
2592-HODOV,0.1107,234.22,25.93,6129,Low Priority,No immediate intervention
2775-SEFEE,0.0323,802.81,25.93,6130,Low Priority,No immediate intervention
2926-JEJJC,0.1107,234.18,25.92,6131,Low Priority,No immediate intervention
7216-KAOID,0.1107,234.01,25.9,6132,Low Priority,No immediate intervention
8075-GXIUB,0.1107,234.0,25.9,6133,Low Priority,No immediate intervention
1038-ZAGBI,0.1107,233.8,25.88,6134,Low Priority,No immediate intervention
4163-HFTUK,0.1107,233.72,25.87,6135,Low Priority,No immediate intervention
6348-SNFUS,0.0323,800.9,25.87,6136,Low Priority,No immediate intervention
4697-LUPSU,0.1107,233.7,25.87,6137,Low Priority,No immediate intervention
8610-ZIKJJ,0.1107,233.72,25.87,6138,Low Priority,No immediate intervention
1345-ZUKID,0.1107,233.7,25.87,6139,Low Priority,No immediate intervention
2466-FCCPT,0.1107,233.62,25.86,6140,Low Priority,No immediate intervention
2314-TNDJQ,0.0323,800.55,25.86,6141,Low Priority,No immediate intervention
4992-LTJNE,0.0323,800.42,25.85,6142,Low Priority,No immediate intervention
4311-QTTAI,0.1107,233.54,25.85,6143,Low Priority,No immediate intervention
1429-UYJSV,0.1107,233.4,25.84,6144,Low Priority,No immediate intervention
7609-NRNCA,0.1107,233.31,25.83,6145,Low Priority,No immediate intervention
0428-AXXLJ,0.1107,233.24,25.82,6146,Low Priority,No immediate intervention
3131-NWVFJ,0.1107,233.28,25.82,6147,Low Priority,No immediate intervention
6051-PTVNS,0.1107,233.05,25.8,6148,Low Priority,No immediate intervention
2788-CJQAQ,0.1107,233.06,25.8,6149,Low Priority,No immediate intervention
6260-XLACS,0.1107,232.94,25.79,6150,Low Priority,No immediate intervention
9766-HGEDE,0.1107,232.92,25.78,6151,Low Priority,No immediate intervention
2923-ARZLG,0.1107,232.78,25.77,6152,Low Priority,No immediate intervention
3985-HOYPM,0.1107,232.75,25.77,6153,Low Priority,No immediate intervention
2667-WYLWJ,0.1107,232.83,25.77,6154,Low Priority,No immediate intervention
4854-SSLTN,0.0323,797.89,25.77,6155,Low Priority,No immediate intervention
3178-CIFOT,0.1107,232.71,25.76,6156,Low Priority,No immediate intervention
6202-JVYEU,0.1107,232.53,25.74,6157,Low Priority,No immediate intervention
7353-YOWFP,0.1107,232.21,25.71,6158,Low Priority,No immediate intervention
2650-GYRYL,0.1107,232.22,25.71,6159,Low Priority,No immediate intervention
5562-BETPV,0.1107,232.06,25.69,6160,Low Priority,No immediate intervention
1064-FBXNK,0.1107,231.94,25.68,6161,Low Priority,No immediate intervention
8752-IMQOS,0.1107,232.02,25.68,6162,Low Priority,No immediate intervention
0956-SYCWG,0.1107,231.86,25.67,6163,Low Priority,No immediate intervention
1680-VDCWW,0.1107,231.89,25.67,6164,Low Priority,No immediate intervention
2673-ZALNP,0.1107,231.69,25.65,6165,Low Priority,No immediate intervention
4464-JCOLN,0.1107,231.74,25.65,6166,Low Priority,No immediate intervention
9451-WLYRI,0.1107,231.6,25.64,6167,Low Priority,No immediate intervention
3653-NCRDJ,0.1107,231.65,25.64,6168,Low Priority,No immediate intervention
5602-BVFMK,0.1107,231.58,25.64,6169,Low Priority,No immediate intervention
9347-AERRL,0.1107,231.38,25.61,6170,Low Priority,No immediate intervention
3523-BRGUW,0.1107,231.19,25.59,6171,Low Priority,No immediate intervention
3423-HHXAO,0.1107,231.15,25.59,6172,Low Priority,No immediate intervention
3572-UUHRS,0.1107,231.05,25.58,6173,Low Priority,No immediate intervention
7649-PHJVR,0.1107,230.92,25.56,6174,Low Priority,No immediate intervention
8076-FEZKJ,0.1107,230.89,25.56,6175,Low Priority,No immediate intervention
1179-INLAT,0.1107,230.71,25.54,6176,Low Priority,No immediate intervention
0895-LNKRC,0.1107,230.7,25.54,6177,Low Priority,No immediate intervention
4393-OBCRR,0.1107,230.72,25.54,6178,Low Priority,No immediate intervention
7688-AWMDX,0.0323,790.49,25.53,6179,Low Priority,No immediate intervention
4530-NDRKU,0.1107,230.43,25.51,6180,Low Priority,No immediate intervention
6598-RFFVI,0.1107,230.39,25.5,6181,Low Priority,No immediate intervention
7762-ONLJY,0.1107,230.16,25.48,6182,Low Priority,No immediate intervention
9732-OUYRN,0.1107,230.17,25.48,6183,Low Priority,No immediate intervention
9531-NSBMR,0.1107,230.14,25.48,6184,Low Priority,No immediate intervention
2320-TZRRH,0.1107,230.01,25.46,6185,Low Priority,No immediate intervention
4291-YZODP,0.1107,229.78,25.44,6186,Low Priority,No immediate intervention
6837-BJYDQ,0.1107,229.33,25.39,6187,Low Priority,No immediate intervention
4318-RAJVY,0.1107,229.3,25.38,6188,Low Priority,No immediate intervention
1015-JPFYW,0.1107,229.22,25.37,6189,Low Priority,No immediate intervention
1226-JZNKR,0.1107,229.2,25.37,6190,Low Priority,No immediate intervention
5173-ZXXXL,0.1107,228.96,25.35,6191,Low Priority,No immediate intervention
3146-JTQHR,0.1107,228.88,25.34,6192,Low Priority,No immediate intervention
6016-NXBNJ,0.1107,228.93,25.34,6193,Low Priority,No immediate intervention
2550-QHZGP,0.1107,228.7,25.32,6194,Low Priority,No immediate intervention
5619-XZZKR,0.1107,228.59,25.3,6195,Low Priority,No immediate intervention
5914-GXMDA,0.1107,228.3,25.27,6196,Low Priority,No immediate intervention
1915-OAKWD,0.1107,227.8,25.22,6197,Low Priority,No immediate intervention
7311-MQJCH,0.1107,227.72,25.21,6198,Low Priority,No immediate intervention
6177-PEVRA,0.0323,779.98,25.19,6199,Low Priority,No immediate intervention
1821-BUCWY,0.0323,779.47,25.18,6200,Low Priority,No immediate intervention
7369-TRPFD,0.1107,227.16,25.15,6201,Low Priority,No immediate intervention
4425-OWHWB,0.1107,227.01,25.13,6202,Low Priority,No immediate intervention
8873-TMKGR,0.1107,227.05,25.13,6203,Low Priority,No immediate intervention
1371-DWPAZ,0.0323,777.37,25.11,6204,Low Priority,No immediate intervention
5961-VUSRV,0.1107,226.55,25.08,6205,Low Priority,No immediate intervention
6164-HAQTX,0.0323,774.89,25.03,6206,Low Priority,No immediate intervention
6508-NJYRO,0.1107,225.72,24.99,6207,Low Priority,No immediate intervention
5067-WJEUN,0.0323,773.6,24.99,6208,Low Priority,No immediate intervention
2862-JVEOY,0.1107,225.75,24.99,6209,Low Priority,No immediate intervention
6823-SIDFQ,0.1107,225.63,24.98,6210,Low Priority,No immediate intervention
1439-LCGVL,0.1107,225.65,24.98,6211,Low Priority,No immediate intervention
4815-TUMEQ,0.1107,225.36,24.95,6212,Low Priority,No immediate intervention
2967-MXRAV,0.1107,225.03,24.91,6213,Low Priority,No immediate intervention
8819-WFGGJ,0.0323,771.02,24.9,6214,Low Priority,No immediate intervention
1998-VHJHK,0.1107,224.53,24.86,6215,Low Priority,No immediate intervention
0661-KQHNK,0.1107,224.18,24.82,6216,Low Priority,No immediate intervention
3057-VJJQE,0.0323,766.68,24.76,6217,Low Priority,No immediate intervention
9617-UDPEU,0.1107,223.67,24.76,6218,Low Priority,No immediate intervention
0307-BCOPK,0.1107,223.53,24.74,6219,Low Priority,No immediate intervention
1716-LSAMB,0.0323,765.06,24.71,6220,Low Priority,No immediate intervention
8208-EUMTE,0.0323,763.89,24.67,6221,Low Priority,No immediate intervention
5110-CHOPY,0.0323,762.5,24.63,6222,Low Priority,No immediate intervention
9498-FIMXL,0.1107,222.44,24.62,6223,Low Priority,No immediate intervention
5010-IPEAQ,0.0323,762.03,24.61,6224,Low Priority,No immediate intervention
6434-TTGJP,0.0323,756.45,24.43,6225,Low Priority,No immediate intervention
6064-ZATLR,0.0323,755.97,24.42,6226,Low Priority,No immediate intervention
0739-UUAJR,0.0323,753.18,24.33,6227,Low Priority,No immediate intervention
4472-LVYGI,0.0323,751.67,24.28,6228,Low Priority,No immediate intervention
9867-XOBQA,0.0323,750.76,24.25,6229,Low Priority,No immediate intervention
5583-EJXRD,0.0323,750.01,24.23,6230,Low Priority,No immediate intervention
7284-ZZLOH,0.0323,748.68,24.18,6231,Low Priority,No immediate intervention
6867-ACCZI,0.0323,743.68,24.02,6232,Low Priority,No immediate intervention
2773-MADBQ,0.0323,740.48,23.92,6233,Low Priority,No immediate intervention
3813-DHBBB,0.0323,718.14,23.2,6234,Low Priority,No immediate intervention
5135-RDDQL,0.0323,713.6,23.05,6235,Low Priority,No immediate intervention
7599-NTMDP,0.0323,705.12,22.78,6236,Low Priority,No immediate intervention
5397-NSKQG,0.0323,697.97,22.54,6237,Low Priority,No immediate intervention
4312-GVYNH,0.0323,693.35,22.4,6238,Low Priority,No immediate intervention
4872-JCVCA,0.0323,692.36,22.36,6239,Low Priority,No immediate intervention
0848-SOMKO,0.0323,691.17,22.32,6240,Low Priority,No immediate intervention
2192-CKRLV,0.0323,686.93,22.19,6241,Low Priority,No immediate intervention
1814-WFGVS,0.0323,686.77,22.18,6242,Low Priority,No immediate intervention
5227-JSCFE,0.0323,681.09,22.0,6243,Low Priority,No immediate intervention
0617-AQNWT,0.0323,677.29,21.88,6244,Low Priority,No immediate intervention
8780-YRMTT,0.0323,672.24,21.71,6245,Low Priority,No immediate intervention
2253-KPMNB,0.0323,662.16,21.39,6246,Low Priority,No immediate intervention
9928-BZVLZ,0.0323,660.8,21.34,6247,Low Priority,No immediate intervention
7605-BDWDC,0.0323,659.69,21.31,6248,Low Priority,No immediate intervention
7021-XSNYE,0.0323,655.27,21.17,6249,Low Priority,No immediate intervention
5656-MJEFC,0.0323,652.97,21.09,6250,Low Priority,No immediate intervention
9885-MFVSU,0.0323,650.79,21.02,6251,Low Priority,No immediate intervention
4676-WLUHT,0.0323,634.13,20.48,6252,Low Priority,No immediate intervention
9286-BHDQG,0.0323,626.95,20.25,6253,Low Priority,No immediate intervention
0019-GFNTW,0.0323,625.88,20.22,6254,Low Priority,No immediate intervention
0017-DINOC,0.0323,624.88,20.18,6255,Low Priority,No immediate intervention
0562-KBDVM,0.0323,616.16,19.9,6256,Low Priority,No immediate intervention
7274-CGTOD,0.0323,611.77,19.76,6257,Low Priority,No immediate intervention
2580-ASVVY,0.0323,609.18,19.68,6258,Low Priority,No immediate intervention
9610-WCESF,0.0323,608.87,19.67,6259,Low Priority,No immediate intervention
0567-XRHCU,0.0323,604.54,19.53,6260,Low Priority,No immediate intervention
0895-UADGO,0.0323,586.24,18.94,6261,Low Priority,No immediate intervention
4837-PZTIC,0.0323,575.05,18.57,6262,Low Priority,No immediate intervention
0526-SXDJP,0.0323,571.68,18.47,6263,Low Priority,No immediate intervention
3908-MKIMJ,0.0323,569.39,18.39,6264,Low Priority,No immediate intervention
8242-PDSGJ,0.0323,568.14,18.35,6265,Low Priority,No immediate intervention
9674-EHPPG,0.0323,567.64,18.33,6266,Low Priority,No immediate intervention
8882-TLVRW,0.0323,563.48,18.2,6267,Low Priority,No immediate intervention
0343-QLUZP,0.0323,562.61,18.17,6268,Low Priority,No immediate intervention
5472-CVMDX,0.0323,562.34,18.16,6269,Low Priority,No immediate intervention
7665-NKLAV,0.0323,560.58,18.11,6270,Low Priority,No immediate intervention
1116-FRYVH,0.0323,557.87,18.02,6271,Low Priority,No immediate intervention
7963-SHNDT,0.0323,555.36,17.94,6272,Low Priority,No immediate intervention
3891-NLXJB,0.0323,551.23,17.8,6273,Low Priority,No immediate intervention
8046-DNVTL,0.0323,541.31,17.48,6274,Low Priority,No immediate intervention
7321-ZNSLA,0.0323,537.05,17.35,6275,Low Priority,No immediate intervention
0056-EPFBG,0.0323,536.77,17.34,6276,Low Priority,No immediate intervention
3511-BFTJW,0.0323,534.77,17.27,6277,Low Priority,No immediate intervention
4940-KHCWD,0.0323,529.69,17.11,6278,Low Priority,No immediate intervention
9796-MVYXX,0.0323,526.66,17.01,6279,Low Priority,No immediate intervention
2335-GSODA,0.0323,525.25,16.97,6280,Low Priority,No immediate intervention
6119-SPUDB,0.0323,524.87,16.95,6281,Low Priority,No immediate intervention
7492-TAFJD,0.0323,518.02,16.73,6282,Low Priority,No immediate intervention
3884-UEBXB,0.0323,511.38,16.52,6283,Low Priority,No immediate intervention
8069-RHUXK,0.0323,510.31,16.48,6284,Low Priority,No immediate intervention
6122-EFVKN,0.0323,505.96,16.34,6285,Low Priority,No immediate intervention
9236-NDUCW,0.0323,498.85,16.11,6286,Low Priority,No immediate intervention
0191-EQUUH,0.0323,494.74,15.98,6287,Low Priority,No immediate intervention
3298-QEICA,0.0323,454.47,14.68,6288,Low Priority,No immediate intervention
7340-KEFQE,0.0323,452.78,14.62,6289,Low Priority,No immediate intervention
9560-BBZXK,0.0323,400.09,12.92,6290,Low Priority,No immediate intervention
5982-XMDEX,0.0323,343.96,11.11,6291,Low Priority,No immediate intervention
4625-XMOYM,0.0323,342.45,11.06,6292,Low Priority,No immediate intervention
8234-GSZYK,0.0323,341.49,11.03,6293,Low Priority,No immediate intervention
1240-HCBOH,0.0323,340.84,11.01,6294,Low Priority,No immediate intervention
7096-ZNBZI,0.0323,340.0,10.98,6295,Low Priority,No immediate intervention
6651-RLGGM,0.0323,339.25,10.96,6296,Low Priority,No immediate intervention
0323-XWWTN,0.0323,339.22,10.96,6297,Low Priority,No immediate intervention
9953-ZMKSM,0.0323,336.4,10.87,6298,Low Priority,No immediate intervention
8946-BFWSG,0.0323,335.37,10.83,6299,Low Priority,No immediate intervention
4950-HKQTE,0.0323,335.29,10.83,6300,Low Priority,No immediate intervention
7225-IILWY,0.0323,334.53,10.81,6301,Low Priority,No immediate intervention
9365-CSLBQ,0.0323,334.53,10.81,6302,Low Priority,No immediate intervention
2097-YVPKN,0.0323,334.79,10.81,6303,Low Priority,No immediate intervention
5939-SXWHM,0.0323,334.07,10.79,6304,Low Priority,No immediate intervention
3521-HTQTV,0.0323,334.09,10.79,6305,Low Priority,No immediate intervention
7480-SPLEF,0.0323,334.1,10.79,6306,Low Priority,No immediate intervention
9838-BFCQT,0.0323,333.64,10.78,6307,Low Priority,No immediate intervention
6917-FIJHC,0.0323,333.89,10.78,6308,Low Priority,No immediate intervention
1705-GUHPV,0.0323,332.04,10.72,6309,Low Priority,No immediate intervention
7799-LGRDP,0.0323,331.54,10.71,6310,Low Priority,No immediate intervention
9717-IOAAF,0.0323,331.37,10.7,6311,Low Priority,No immediate intervention
1767-CJKBA,0.0323,331.3,10.7,6312,Low Priority,No immediate intervention
8774-GSBUN,0.0323,330.72,10.68,6313,Low Priority,No immediate intervention
8207-VVMYB,0.0323,330.62,10.68,6314,Low Priority,No immediate intervention
4312-KFRXN,0.0323,330.24,10.67,6315,Low Priority,No immediate intervention
5115-SQAAU,0.0323,330.27,10.67,6316,Low Priority,No immediate intervention
6199-IPCAO,0.0323,330.21,10.67,6317,Low Priority,No immediate intervention
3118-UHVVQ,0.0323,329.8,10.65,6318,Low Priority,No immediate intervention
3873-WOSBC,0.0323,329.66,10.65,6319,Low Priority,No immediate intervention
2050-ONYDQ,0.0323,329.37,10.64,6320,Low Priority,No immediate intervention
2509-TFPJU,0.0323,329.34,10.64,6321,Low Priority,No immediate intervention
8441-SHIPE,0.0323,329.16,10.63,6322,Low Priority,No immediate intervention
4213-HKBJO,0.0323,329.13,10.63,6323,Low Priority,No immediate intervention
4335-BSMJS,0.0323,328.8,10.62,6324,Low Priority,No immediate intervention
2452-MRMZF,0.0323,328.5,10.61,6325,Low Priority,No immediate intervention
5322-ZSMZY,0.0323,328.15,10.6,6326,Low Priority,No immediate intervention
8780-IHCRN,0.0323,327.85,10.59,6327,Low Priority,No immediate intervention
5854-KSRBJ,0.0323,327.71,10.59,6328,Low Priority,No immediate intervention
1080-BWSYE,0.0323,328.0,10.59,6329,Low Priority,No immediate intervention
6484-LATFU,0.0323,327.76,10.59,6330,Low Priority,No immediate intervention
8807-OPMBM,0.0323,327.63,10.58,6331,Low Priority,No immediate intervention
4231-LZUYM,0.0323,327.2,10.57,6332,Low Priority,No immediate intervention
3913-RDSJZ,0.0323,327.15,10.57,6333,Low Priority,No immediate intervention
3768-VHXQO,0.0323,326.9,10.56,6334,Low Priority,No immediate intervention
9108-EQPNQ,0.0323,326.92,10.56,6335,Low Priority,No immediate intervention
3027-YNWZU,0.0323,326.98,10.56,6336,Low Priority,No immediate intervention
3810-PJUHR,0.0323,326.61,10.55,6337,Low Priority,No immediate intervention
3696-DFHHB,0.0323,326.26,10.54,6338,Low Priority,No immediate intervention
7684-XSZIY,0.0323,325.98,10.53,6339,Low Priority,No immediate intervention
7554-NEWDD,0.0323,326.03,10.53,6340,Low Priority,No immediate intervention
7996-MHXLW,0.0323,326.1,10.53,6341,Low Priority,No immediate intervention
4707-MAXGU,0.0323,326.08,10.53,6342,Low Priority,No immediate intervention
6285-FTQBF,0.0323,325.66,10.52,6343,Low Priority,No immediate intervention
9337-SRRNI,0.0323,325.7,10.52,6344,Low Priority,No immediate intervention
2169-RRLFW,0.0323,325.33,10.51,6345,Low Priority,No immediate intervention
5598-IKHQQ,0.0323,325.41,10.51,6346,Low Priority,No immediate intervention
7980-MHFLQ,0.0323,325.42,10.51,6347,Low Priority,No immediate intervention
0795-XCCTE,0.0323,325.0,10.5,6348,Low Priority,No immediate intervention
5699-BNCAS,0.0323,325.11,10.5,6349,Low Priority,No immediate intervention
4176-RELJR,0.0323,325.18,10.5,6350,Low Priority,No immediate intervention
4367-NUYAO,0.0323,324.9,10.49,6351,Low Priority,No immediate intervention
2143-LJULT,0.0323,324.77,10.49,6352,Low Priority,No immediate intervention
9574-BOSMD,0.0323,324.69,10.49,6353,Low Priority,No immediate intervention
1299-AURJA,0.0323,324.84,10.49,6354,Low Priority,No immediate intervention
4458-KVRBJ,0.0323,324.5,10.48,6355,Low Priority,No immediate intervention
8532-UEFWH,0.0323,324.49,10.48,6356,Low Priority,No immediate intervention
0603-TPMIB,0.0323,324.61,10.48,6357,Low Priority,No immediate intervention
6370-ZVHDV,0.0323,324.44,10.48,6358,Low Priority,No immediate intervention
3967-VQOGC,0.0323,324.52,10.48,6359,Low Priority,No immediate intervention
1982-FEBTD,0.0323,324.39,10.48,6360,Low Priority,No immediate intervention
9087-EYCPR,0.0323,324.52,10.48,6361,Low Priority,No immediate intervention
2961-VNFKL,0.0323,324.09,10.47,6362,Low Priority,No immediate intervention
1926-QUZNN,0.0323,324.21,10.47,6363,Low Priority,No immediate intervention
2799-TSLAG,0.0323,324.09,10.47,6364,Low Priority,No immediate intervention
5075-JSDKI,0.0323,324.07,10.47,6365,Low Priority,No immediate intervention
7008-LZVOZ,0.0323,323.7,10.46,6366,Low Priority,No immediate intervention
1619-YWUBB,0.0323,323.84,10.46,6367,Low Priority,No immediate intervention
6976-BWGLQ,0.0323,323.82,10.46,6368,Low Priority,No immediate intervention
9397-TZSHA,0.0323,323.7,10.46,6369,Low Priority,No immediate intervention
6485-QXWWE,0.0323,323.56,10.45,6370,Low Priority,No immediate intervention
1073-XXCZD,0.0323,323.54,10.45,6371,Low Priority,No immediate intervention
4534-WGCIR,0.0323,323.42,10.45,6372,Low Priority,No immediate intervention
2072-ZVJJX,0.0323,323.52,10.45,6373,Low Priority,No immediate intervention
8735-SDUFN,0.0323,323.37,10.44,6374,Low Priority,No immediate intervention
3261-CQXOL,0.0323,323.33,10.44,6375,Low Priority,No immediate intervention
4521-WFJAI,0.0323,323.09,10.44,6376,Low Priority,No immediate intervention
5884-FBCTL,0.0323,323.22,10.44,6377,Low Priority,No immediate intervention
3129-AAQOU,0.0323,322.83,10.43,6378,Low Priority,No immediate intervention
6614-YWYSC,0.0323,322.76,10.43,6379,Low Priority,No immediate intervention
5666-MBJPT,0.0323,323.02,10.43,6380,Low Priority,No immediate intervention
1241-EZFMJ,0.0323,322.79,10.43,6381,Low Priority,No immediate intervention
0174-QRVVY,0.0323,322.6,10.42,6382,Low Priority,No immediate intervention
0394-YONDK,0.0323,322.7,10.42,6383,Low Priority,No immediate intervention
5995-LFTLE,0.0323,322.71,10.42,6384,Low Priority,No immediate intervention
2560-WBWXF,0.0323,322.45,10.42,6385,Low Priority,No immediate intervention
5743-KHMNA,0.0323,322.73,10.42,6386,Low Priority,No immediate intervention
5406-KGRMX,0.0323,322.31,10.41,6387,Low Priority,No immediate intervention
5296-PSYVW,0.0323,322.21,10.41,6388,Low Priority,No immediate intervention
6024-RUGGH,0.0323,322.33,10.41,6389,Low Priority,No immediate intervention
6292-TOSSS,0.0323,322.41,10.41,6390,Low Priority,No immediate intervention
0402-OAMEN,0.0323,322.0,10.4,6391,Low Priority,No immediate intervention
7115-IRDHS,0.0323,321.84,10.4,6392,Low Priority,No immediate intervention
1635-NZATJ,0.0323,321.99,10.4,6393,Low Priority,No immediate intervention
8092-NLTGF,0.0323,322.0,10.4,6394,Low Priority,No immediate intervention
0463-TXOAK,0.0323,321.89,10.4,6395,Low Priority,No immediate intervention
6010-DDPPW,0.0323,322.11,10.4,6396,Low Priority,No immediate intervention
2696-RZVZW,0.0323,321.89,10.4,6397,Low Priority,No immediate intervention
5334-AFQJB,0.0323,321.94,10.4,6398,Low Priority,No immediate intervention
8224-KDLKN,0.0323,322.03,10.4,6399,Low Priority,No immediate intervention
7161-DFHUF,0.0323,321.5,10.38,6400,Low Priority,No immediate intervention
4195-PNGZS,0.0323,321.22,10.38,6401,Low Priority,No immediate intervention
4193-IBKSW,0.0323,321.46,10.38,6402,Low Priority,No immediate intervention
2481-SBOYW,0.0323,321.32,10.38,6403,Low Priority,No immediate intervention
9153-BTBVV,0.0323,321.12,10.37,6404,Low Priority,No immediate intervention
5605-XNWEN,0.0323,321.01,10.37,6405,Low Priority,No immediate intervention
2908-WGAXL,0.0323,321.15,10.37,6406,Low Priority,No immediate intervention
0485-ZBSLN,0.0323,320.84,10.36,6407,Low Priority,No immediate intervention
9430-NKQLY,0.0323,320.78,10.36,6408,Low Priority,No immediate intervention
4836-WNFNO,0.0323,320.82,10.36,6409,Low Priority,No immediate intervention
6857-TKDJV,0.0323,320.69,10.36,6410,Low Priority,No immediate intervention
9661-JALZV,0.0323,320.71,10.36,6411,Low Priority,No immediate intervention
5356-KZCKT,0.0323,320.83,10.36,6412,Low Priority,No immediate intervention
3148-AOIQT,0.0323,320.74,10.36,6413,Low Priority,No immediate intervention
1468-DEFNC,0.0323,320.55,10.35,6414,Low Priority,No immediate intervention
4443-EMBNA,0.0323,320.51,10.35,6415,Low Priority,No immediate intervention
7711-GQBZC,0.0323,320.38,10.35,6416,Low Priority,No immediate intervention
9668-PUGNU,0.0323,320.06,10.34,6417,Low Priority,No immediate intervention
3836-FZSDJ,0.0323,320.03,10.34,6418,Low Priority,No immediate intervention
4565-NLZBV,0.0323,319.96,10.33,6419,Low Priority,No immediate intervention
5846-ABOBJ,0.0323,319.95,10.33,6420,Low Priority,No immediate intervention
8237-ULIXL,0.0323,319.76,10.33,6421,Low Priority,No immediate intervention
6181-AXXYF,0.0323,319.64,10.32,6422,Low Priority,No immediate intervention
0562-HKHML,0.0323,319.58,10.32,6423,Low Priority,No immediate intervention
3284-SVCRO,0.0323,319.51,10.32,6424,Low Priority,No immediate intervention
6407-GSJNL,0.0323,319.02,10.3,6425,Low Priority,No immediate intervention
8292-ITGYJ,0.0323,319.01,10.3,6426,Low Priority,No immediate intervention
1987-AUELQ,0.0323,318.9,10.3,6427,Low Priority,No immediate intervention
1555-HAPSU,0.0323,318.46,10.29,6428,Low Priority,No immediate intervention
3612-YVGSJ,0.0323,318.39,10.28,6429,Low Priority,No immediate intervention
8749-TZYEC,0.0323,318.31,10.28,6430,Low Priority,No immediate intervention
6134-KWTBV,0.0323,318.38,10.28,6431,Low Priority,No immediate intervention
8098-TDCBU,0.0323,317.96,10.27,6432,Low Priority,No immediate intervention
6963-KQYQB,0.0323,317.91,10.27,6433,Low Priority,No immediate intervention
8165-ZJRNM,0.0323,317.57,10.26,6434,Low Priority,No immediate intervention
0057-QBUQH,0.0323,317.73,10.26,6435,Low Priority,No immediate intervention
8612-GXIDD,0.0323,317.21,10.25,6436,Low Priority,No immediate intervention
0732-OCQOC,0.0323,317.16,10.24,6437,Low Priority,No immediate intervention
0971-QIFJK,0.0323,316.94,10.24,6438,Low Priority,No immediate intervention
9964-WBQDJ,0.0323,316.89,10.24,6439,Low Priority,No immediate intervention
6770-UAYGJ,0.0323,316.73,10.23,6440,Low Priority,No immediate intervention
4656-CAURT,0.0323,316.51,10.22,6441,Low Priority,No immediate intervention
3283-WCWXT,0.0323,316.39,10.22,6442,Low Priority,No immediate intervention
0480-KYJVA,0.0323,316.53,10.22,6443,Low Priority,No immediate intervention
4589-IUAJB,0.0323,316.07,10.21,6444,Low Priority,No immediate intervention
8007-YYPWD,0.0323,316.16,10.21,6445,Low Priority,No immediate intervention
5220-AGAAX,0.0323,315.78,10.2,6446,Low Priority,No immediate intervention
0071-NDAFP,0.0323,315.76,10.2,6447,Low Priority,No immediate intervention
5044-XDPYX,0.0323,315.56,10.19,6448,Low Priority,No immediate intervention
4018-PPNDW,0.0323,315.14,10.18,6449,Low Priority,No immediate intervention
3580-GICBM,0.0323,315.07,10.18,6450,Low Priority,No immediate intervention
1852-QSWCD,0.0323,315.03,10.18,6451,Low Priority,No immediate intervention
4896-CPRPF,0.0323,315.04,10.18,6452,Low Priority,No immediate intervention
5622-UEJFI,0.0323,315.29,10.18,6453,Low Priority,No immediate intervention
1131-QQZEB,0.0323,314.4,10.16,6454,Low Priority,No immediate intervention
7010-BRBUU,0.0323,314.52,10.16,6455,Low Priority,No immediate intervention
7503-EPSZW,0.0323,314.56,10.16,6456,Low Priority,No immediate intervention
6813-GZQCG,0.0323,314.33,10.15,6457,Low Priority,No immediate intervention
3812-LRZIR,0.0323,313.7,10.13,6458,Low Priority,No immediate intervention
4979-HPRFL,0.0323,313.64,10.13,6459,Low Priority,No immediate intervention
6518-KZXCB,0.0323,313.56,10.13,6460,Low Priority,No immediate intervention
2808-CHTDM,0.0323,313.48,10.13,6461,Low Priority,No immediate intervention
2511-ALLCS,0.0323,313.18,10.12,6462,Low Priority,No immediate intervention
1820-DJFPH,0.0323,313.36,10.12,6463,Low Priority,No immediate intervention
2263-SFSQZ,0.0323,313.11,10.11,6464,Low Priority,No immediate intervention
8028-PNXHQ,0.0323,313.08,10.11,6465,Low Priority,No immediate intervention
2995-YWTCD,0.0323,313.11,10.11,6466,Low Priority,No immediate intervention
3472-QPRCH,0.0323,312.62,10.1,6467,Low Priority,No immediate intervention
3088-FVYWK,0.0323,312.77,10.1,6468,Low Priority,No immediate intervention
2706-QZIHY,0.0323,312.47,10.09,6469,Low Priority,No immediate intervention
5249-QYHEX,0.0323,312.46,10.09,6470,Low Priority,No immediate intervention
3957-SQXML,0.0323,312.23,10.09,6471,Low Priority,No immediate intervention
7996-BPXHY,0.0323,312.28,10.09,6472,Low Priority,No immediate intervention
6609-MXJHJ,0.0323,312.31,10.09,6473,Low Priority,No immediate intervention
1535-VTJOQ,0.0323,312.46,10.09,6474,Low Priority,No immediate intervention
3896-ZVNET,0.0323,312.24,10.09,6475,Low Priority,No immediate intervention
2632-TACXW,0.0323,312.03,10.08,6476,Low Priority,No immediate intervention
1092-WPIVQ,0.0323,312.0,10.08,6477,Low Priority,No immediate intervention
7014-ZZXAW,0.0323,312.05,10.08,6478,Low Priority,No immediate intervention
6080-LNESI,0.0323,312.07,10.08,6479,Low Priority,No immediate intervention
3213-VVOLG,0.0323,311.92,10.08,6480,Low Priority,No immediate intervention
8219-VYBVI,0.0323,311.67,10.07,6481,Low Priority,No immediate intervention
4883-KCPZJ,0.0323,311.85,10.07,6482,Low Priority,No immediate intervention
8606-OEGQZ,0.0323,311.58,10.06,6483,Low Priority,No immediate intervention
1248-DYXUB,0.0323,311.53,10.06,6484,Low Priority,No immediate intervention
5549-ZGHFB,0.0323,311.51,10.06,6485,Low Priority,No immediate intervention
8966-KZXXA,0.0323,311.28,10.05,6486,Low Priority,No immediate intervention
6925-BAYGL,0.0323,311.26,10.05,6487,Low Priority,No immediate intervention
7951-QKZPL,0.0323,310.88,10.04,6488,Low Priority,No immediate intervention
8626-XHBIE,0.0323,310.84,10.04,6489,Low Priority,No immediate intervention
8874-EJNSR,0.0323,310.58,10.03,6490,Low Priority,No immediate intervention
8361-LBRDI,0.0323,310.38,10.03,6491,Low Priority,No immediate intervention
9650-VBUOG,0.0323,310.44,10.03,6492,Low Priority,No immediate intervention
6734-PSBAW,0.0323,310.6,10.03,6493,Low Priority,No immediate intervention
1734-ZMNTZ,0.0323,310.29,10.02,6494,Low Priority,No immediate intervention
5968-HYJRZ,0.0323,310.26,10.02,6495,Low Priority,No immediate intervention
1043-YCUTE,0.0323,310.34,10.02,6496,Low Priority,No immediate intervention
5197-YPYBZ,0.0323,310.24,10.02,6497,Low Priority,No immediate intervention
8515-OCTJS,0.0323,310.01,10.01,6498,Low Priority,No immediate intervention
9350-ZXYJC,0.0323,310.0,10.01,6499,Low Priority,No immediate intervention
7601-DHFWZ,0.0323,309.81,10.01,6500,Low Priority,No immediate intervention
4526-EXKKN,0.0323,309.82,10.01,6501,Low Priority,No immediate intervention
7527-QNRUS,0.0323,309.83,10.01,6502,Low Priority,No immediate intervention
0626-QXNGV,0.0323,309.27,9.99,6503,Low Priority,No immediate intervention
4652-ODEVH,0.0323,308.07,9.95,6504,Low Priority,No immediate intervention
4785-FCIFB,0.0323,307.85,9.94,6505,Low Priority,No immediate intervention
3785-KTYSH,0.0323,307.72,9.94,6506,Low Priority,No immediate intervention
9593-CVZKR,0.0323,307.84,9.94,6507,Low Priority,No immediate intervention
9648-BCHKM,0.0323,307.38,9.93,6508,Low Priority,No immediate intervention
3120-FAZKD,0.0323,307.41,9.93,6509,Low Priority,No immediate intervention
2207-RYYRL,0.0323,306.08,9.89,6510,Low Priority,No immediate intervention
2208-NKVVH,0.0323,305.98,9.88,6511,Low Priority,No immediate intervention
7608-RGIRO,0.0323,305.7,9.87,6512,Low Priority,No immediate intervention
4779-ZGICK,0.0323,305.37,9.86,6513,Low Priority,No immediate intervention
3460-TJBWI,0.0323,303.94,9.82,6514,Low Priority,No immediate intervention
9178-JHUVJ,0.0323,302.24,9.76,6515,Low Priority,No immediate intervention
8450-LUGUK,0.0323,301.75,9.75,6516,Low Priority,No immediate intervention
3389-KTRXV,0.0323,301.72,9.75,6517,Low Priority,No immediate intervention
3549-ZTMNH,0.0323,301.92,9.75,6518,Low Priority,No immediate intervention
8859-AXJZP,0.0323,299.04,9.66,6519,Low Priority,No immediate intervention
1970-KKFWL,0.0323,293.43,9.48,6520,Low Priority,No immediate intervention
1207-BLKSA,0.0323,273.64,8.84,6521,Low Priority,No immediate intervention
2569-WGERO,0.0323,273.19,8.82,6522,Low Priority,No immediate intervention
0640-YJTPY,0.0323,271.74,8.78,6523,Low Priority,No immediate intervention
3212-KXOCR,0.0323,270.84,8.75,6524,Low Priority,No immediate intervention
5793-YOLJN,0.0323,269.93,8.72,6525,Low Priority,No immediate intervention
6892-BOGQE,0.0323,269.2,8.7,6526,Low Priority,No immediate intervention
8544-JNBOX,0.0323,268.33,8.67,6527,Low Priority,No immediate intervention
7558-IMLMT,0.0323,268.28,8.67,6528,Low Priority,No immediate intervention
0397-ZXWQF,0.0323,266.83,8.62,6529,Low Priority,No immediate intervention
7647-GYYKX,0.0323,266.33,8.6,6530,Low Priority,No immediate intervention
8229-BUJHX,0.0323,266.24,8.6,6531,Low Priority,No immediate intervention
8838-GPHZP,0.0323,266.05,8.59,6532,Low Priority,No immediate intervention
1215-EXRMO,0.0323,265.91,8.59,6533,Low Priority,No immediate intervention
9798-OPFEM,0.0323,265.6,8.58,6534,Low Priority,No immediate intervention
8148-NLEGT,0.0323,265.71,8.58,6535,Low Priority,No immediate intervention
2804-ETQDK,0.0323,265.5,8.58,6536,Low Priority,No immediate intervention
2545-LXYVJ,0.0323,265.22,8.57,6537,Low Priority,No immediate intervention
1293-BSEUN,0.0323,265.4,8.57,6538,Low Priority,No immediate intervention
6340-DACFT,0.0323,265.22,8.57,6539,Low Priority,No immediate intervention
6980-IMXXE,0.0323,264.98,8.56,6540,Low Priority,No immediate intervention
6685-XSHHU,0.0323,264.77,8.55,6541,Low Priority,No immediate intervention
0508-SQWPL,0.0323,264.67,8.55,6542,Low Priority,No immediate intervention
0264-CNITK,0.0323,264.69,8.55,6543,Low Priority,No immediate intervention
7673-BQGKU,0.0323,264.77,8.55,6544,Low Priority,No immediate intervention
9173-IVZVP,0.0323,264.86,8.55,6545,Low Priority,No immediate intervention
0780-XNZFN,0.0323,264.86,8.55,6546,Low Priority,No immediate intervention
9257-AZMTZ,0.0323,264.47,8.54,6547,Low Priority,No immediate intervention
8174-LNWMW,0.0323,264.43,8.54,6548,Low Priority,No immediate intervention
6855-VLGOS,0.0323,264.25,8.54,6549,Low Priority,No immediate intervention
0794-YVSGE,0.0323,264.3,8.54,6550,Low Priority,No immediate intervention
8164-OCKUJ,0.0323,264.39,8.54,6551,Low Priority,No immediate intervention
0464-WJTKO,0.0323,264.44,8.54,6552,Low Priority,No immediate intervention
6585-WCEWR,0.0323,264.21,8.53,6553,Low Priority,No immediate intervention
7695-PKLCZ,0.0323,263.97,8.53,6554,Low Priority,No immediate intervention
2525-GVKQU,0.0323,264.13,8.53,6555,Low Priority,No immediate intervention
5848-FHRFC,0.0323,264.21,8.53,6556,Low Priority,No immediate intervention
0902-XKXPN,0.0323,263.69,8.52,6557,Low Priority,No immediate intervention
8701-DGLVH,0.0323,263.47,8.51,6558,Low Priority,No immediate intervention
5480-XTFFL,0.0323,263.28,8.5,6559,Low Priority,No immediate intervention
3662-FXJFO,0.0323,262.95,8.49,6560,Low Priority,No immediate intervention
0962-CQPWQ,0.0323,263.0,8.49,6561,Low Priority,No immediate intervention
7945-PRBVF,0.0323,262.84,8.49,6562,Low Priority,No immediate intervention
6139-ZZRBQ,0.0323,262.74,8.49,6563,Low Priority,No immediate intervention
9084-OAYKL,0.0323,262.48,8.48,6564,Low Priority,No immediate intervention
2888-ADFAO,0.0323,262.39,8.48,6565,Low Priority,No immediate intervention
1167-OYZJF,0.0323,262.08,8.47,6566,Low Priority,No immediate intervention
7463-IFMQU,0.0323,262.08,8.47,6567,Low Priority,No immediate intervention
4990-ALDGW,0.0323,262.22,8.47,6568,Low Priority,No immediate intervention
1955-IBMMB,0.0323,262.24,8.47,6569,Low Priority,No immediate intervention
3154-HMWUU,0.0323,261.84,8.46,6570,Low Priority,No immediate intervention
1862-QRWPE,0.0323,261.96,8.46,6571,Low Priority,No immediate intervention
3373-DIUUN,0.0323,261.8,8.46,6572,Low Priority,No immediate intervention
2400-FEQME,0.0323,261.99,8.46,6573,Low Priority,No immediate intervention
7268-WNTCP,0.0323,261.77,8.46,6574,Low Priority,No immediate intervention
8908-SLFCJ,0.0323,261.77,8.46,6575,Low Priority,No immediate intervention
8067-NIOYM,0.0323,261.6,8.45,6576,Low Priority,No immediate intervention
4807-IZYOZ,0.0323,261.43,8.44,6577,Low Priority,No immediate intervention
5146-YYFRZ,0.0323,261.25,8.44,6578,Low Priority,No immediate intervention
1927-QEWMY,0.0323,261.03,8.43,6579,Low Priority,No immediate intervention
2228-BZDEE,0.0323,260.84,8.43,6580,Low Priority,No immediate intervention
6619-RPLQZ,0.0323,260.93,8.43,6581,Low Priority,No immediate intervention
2429-AYKKO,0.0323,261.07,8.43,6582,Low Priority,No immediate intervention
6923-AQONU,0.0323,260.62,8.42,6583,Low Priority,No immediate intervention
6625-FLENO,0.0323,260.61,8.42,6584,Low Priority,No immediate intervention
2181-TIDSV,0.0323,260.55,8.42,6585,Low Priority,No immediate intervention
6828-HMKWP,0.0323,260.33,8.41,6586,Low Priority,No immediate intervention
9030-QGZNL,0.0323,260.23,8.41,6587,Low Priority,No immediate intervention
5821-MMEIL,0.0323,260.11,8.4,6588,Low Priority,No immediate intervention
5158-RIVOP,0.0323,260.09,8.4,6589,Low Priority,No immediate intervention
7083-MIOPC,0.0323,259.98,8.4,6590,Low Priority,No immediate intervention
0374-FIUCA,0.0323,259.93,8.4,6591,Low Priority,No immediate intervention
8380-MQINP,0.0323,259.68,8.39,6592,Low Priority,No immediate intervention
8727-JQFHV,0.0323,259.83,8.39,6593,Low Priority,No immediate intervention
7493-GVFIO,0.0323,259.29,8.38,6594,Low Priority,No immediate intervention
3774-VBNXY,0.0323,259.54,8.38,6595,Low Priority,No immediate intervention
7717-BICXI,0.0323,259.07,8.37,6596,Low Priority,No immediate intervention
4277-BWBML,0.0323,259.15,8.37,6597,Low Priority,No immediate intervention
4957-SREEC,0.0323,259.07,8.37,6598,Low Priority,No immediate intervention
0040-HALCW,0.0323,259.14,8.37,6599,Low Priority,No immediate intervention
0784-ZQJZX,0.0323,258.75,8.36,6600,Low Priority,No immediate intervention
1306-RPWXZ,0.0323,258.81,8.36,6601,Low Priority,No immediate intervention
9504-YAZWB,0.0323,258.9,8.36,6602,Low Priority,No immediate intervention
3678-MNGZX,0.0323,258.88,8.36,6603,Low Priority,No immediate intervention
7515-LODFU,0.0323,258.36,8.35,6604,Low Priority,No immediate intervention
3978-YNKDD,0.0323,258.42,8.35,6605,Low Priority,No immediate intervention
1843-TLSGD,0.0323,258.64,8.35,6606,Low Priority,No immediate intervention
0281-CNTZX,0.0323,258.63,8.35,6607,Low Priority,No immediate intervention
1574-DYCWE,0.0323,258.59,8.35,6608,Low Priority,No immediate intervention
5893-KCLGT,0.0323,258.16,8.34,6609,Low Priority,No immediate intervention
8402-OOOHJ,0.0323,258.33,8.34,6610,Low Priority,No immediate intervention
7033-CLAMM,0.0323,258.0,8.33,6611,Low Priority,No immediate intervention
0936-NQLJU,0.0323,257.77,8.33,6612,Low Priority,No immediate intervention
9537-JALFH,0.0323,257.87,8.33,6613,Low Priority,No immediate intervention
0318-ZOPWS,0.0323,257.69,8.32,6614,Low Priority,No immediate intervention
5656-JAMLX,0.0323,257.33,8.31,6615,Low Priority,No immediate intervention
7114-AEOZE,0.0323,256.84,8.3,6616,Low Priority,No immediate intervention
9507-HSMMZ,0.0323,256.99,8.3,6617,Low Priority,No immediate intervention
3170-NMYVV,0.0323,256.85,8.3,6618,Low Priority,No immediate intervention
7606-BPHHN,0.0323,256.89,8.3,6619,Low Priority,No immediate intervention
3642-BYHDO,0.0323,257.05,8.3,6620,Low Priority,No immediate intervention
0607-DAAHE,0.0323,256.55,8.29,6621,Low Priority,No immediate intervention
0847-HGRML,0.0323,256.57,8.29,6622,Low Priority,No immediate intervention
5542-NKVRU,0.0323,256.8,8.29,6623,Low Priority,No immediate intervention
5176-LMJXE,0.0323,256.78,8.29,6624,Low Priority,No immediate intervention
0442-TDYUO,0.0323,256.66,8.29,6625,Low Priority,No immediate intervention
4299-OPXEJ,0.0323,256.53,8.29,6626,Low Priority,No immediate intervention
5567-GZKQY,0.0323,256.33,8.28,6627,Low Priority,No immediate intervention
5902-WBLSE,0.0323,256.46,8.28,6628,Low Priority,No immediate intervention
7416-CKTEP,0.0323,256.2,8.28,6629,Low Priority,No immediate intervention
6345-FZOQH,0.0323,256.4,8.28,6630,Low Priority,No immediate intervention
9588-YRFHY,0.0323,256.2,8.28,6631,Low Priority,No immediate intervention
4821-WQOYN,0.0323,256.2,8.28,6632,Low Priority,No immediate intervention
3359-DSRKA,0.0323,255.9,8.27,6633,Low Priority,No immediate intervention
3507-GASNP,0.0323,256.19,8.27,6634,Low Priority,No immediate intervention
2346-LOCWC,0.0323,256.13,8.27,6635,Low Priority,No immediate intervention
4817-KEQSP,0.0323,256.08,8.27,6636,Low Priority,No immediate intervention
9135-HSWOC,0.0323,256.05,8.27,6637,Low Priority,No immediate intervention
8129-GMVGI,0.0323,255.82,8.26,6638,Low Priority,No immediate intervention
1399-OUPJN,0.0323,255.62,8.26,6639,Low Priority,No immediate intervention
6582-PLFUU,0.0323,255.55,8.25,6640,Low Priority,No immediate intervention
3274-NSDWE,0.0323,255.32,8.25,6641,Low Priority,No immediate intervention
6060-QBMGV,0.0323,255.5,8.25,6642,Low Priority,No immediate intervention
8434-VGEQQ,0.0323,255.46,8.25,6643,Low Priority,No immediate intervention
7969-FFOWG,0.0323,255.43,8.25,6644,Low Priority,No immediate intervention
2418-TPEUN,0.0323,255.04,8.24,6645,Low Priority,No immediate intervention
7205-BAIAD,0.0323,255.2,8.24,6646,Low Priority,No immediate intervention
3973-SKMLN,0.0323,255.26,8.24,6647,Low Priority,No immediate intervention
1657-DYMBM,0.0323,255.09,8.24,6648,Low Priority,No immediate intervention
8957-THMOA,0.0323,255.17,8.24,6649,Low Priority,No immediate intervention
2075-PUEPR,0.0323,254.73,8.23,6650,Low Priority,No immediate intervention
5529-GIBVH,0.0323,254.65,8.23,6651,Low Priority,No immediate intervention
6349-JDHQP,0.0323,254.9,8.23,6652,Low Priority,No immediate intervention
1460-UZPRJ,0.0323,254.77,8.23,6653,Low Priority,No immediate intervention
9371-BITHB,0.0323,254.76,8.23,6654,Low Priority,No immediate intervention
7876-DNYAP,0.0323,254.73,8.23,6655,Low Priority,No immediate intervention
6000-UKLWI,0.0323,254.94,8.23,6656,Low Priority,No immediate intervention
7157-SMCFK,0.0323,254.77,8.23,6657,Low Priority,No immediate intervention
0404-AHASP,0.0323,254.45,8.22,6658,Low Priority,No immediate intervention
1830-IPXVJ,0.0323,254.34,8.22,6659,Low Priority,No immediate intervention
1231-YNDEK,0.0323,254.36,8.22,6660,Low Priority,No immediate intervention
3777-XROBG,0.0323,254.42,8.22,6661,Low Priority,No immediate intervention
3457-PQBYH,0.0323,254.47,8.22,6662,Low Priority,No immediate intervention
1245-HARPS,0.0323,254.49,8.22,6663,Low Priority,No immediate intervention
5006-MXVRN,0.0323,254.29,8.21,6664,Low Priority,No immediate intervention
5730-DBDSI,0.0323,254.28,8.21,6665,Low Priority,No immediate intervention
1790-NESIO,0.0323,254.19,8.21,6666,Low Priority,No immediate intervention
6928-ONTRW,0.0323,254.32,8.21,6667,Low Priority,No immediate intervention
6698-OXETB,0.0323,254.08,8.21,6668,Low Priority,No immediate intervention
1395-WSWXR,0.0323,254.17,8.21,6669,Low Priority,No immediate intervention
3097-FQTVJ,0.0323,253.98,8.2,6670,Low Priority,No immediate intervention
3458-IDMFK,0.0323,254.02,8.2,6671,Low Priority,No immediate intervention
3646-ITDGM,0.0323,253.85,8.2,6672,Low Priority,No immediate intervention
2236-HILPA,0.0323,253.76,8.2,6673,Low Priority,No immediate intervention
2984-RGEYA,0.0323,253.78,8.2,6674,Low Priority,No immediate intervention
8750-QWZAJ,0.0323,253.86,8.2,6675,Low Priority,No immediate intervention
4086-WITJG,0.0323,253.93,8.2,6676,Low Priority,No immediate intervention
8859-DZTGQ,0.0323,253.9,8.2,6677,Low Priority,No immediate intervention
6217-KDYWC,0.0323,253.87,8.2,6678,Low Priority,No immediate intervention
8540-ZQGEA,0.0323,253.93,8.2,6679,Low Priority,No immediate intervention
4735-BJKOU,0.0323,253.94,8.2,6680,Low Priority,No immediate intervention
2718-YSKCS,0.0323,253.69,8.19,6681,Low Priority,No immediate intervention
0582-AVCLN,0.0323,253.64,8.19,6682,Low Priority,No immediate intervention
8232-UTFOZ,0.0323,253.46,8.19,6683,Low Priority,No immediate intervention
8285-ABVLB,0.0323,253.47,8.19,6684,Low Priority,No immediate intervention
1166-PQLGG,0.0323,253.5,8.19,6685,Low Priority,No immediate intervention
0704-VCUMB,0.0323,253.61,8.19,6686,Low Priority,No immediate intervention
1052-QJIBV,0.0323,253.6,8.19,6687,Low Priority,No immediate intervention
2900-PHPLN,0.0323,253.43,8.19,6688,Low Priority,No immediate intervention
3454-JFUBC,0.0323,253.6,8.19,6689,Low Priority,No immediate intervention
2346-CZYIL,0.0323,253.61,8.19,6690,Low Priority,No immediate intervention
4625-LAMOB,0.0323,253.54,8.19,6691,Low Priority,No immediate intervention
5124-EOGYE,0.0323,253.33,8.18,6692,Low Priority,No immediate intervention
6621-NRZAK,0.0323,253.35,8.18,6693,Low Priority,No immediate intervention
3173-WSSUE,0.0323,253.38,8.18,6694,Low Priority,No immediate intervention
1591-XWLGB,0.0323,253.22,8.18,6695,Low Priority,No immediate intervention
8711-LOBKY,0.0323,253.16,8.18,6696,Low Priority,No immediate intervention
2384-OVPSA,0.0323,253.14,8.18,6697,Low Priority,No immediate intervention
8755-OGKNA,0.0323,252.79,8.17,6698,Low Priority,No immediate intervention
0505-SPOOW,0.0323,253.09,8.17,6699,Low Priority,No immediate intervention
6961-MJKBO,0.0323,253.09,8.17,6700,Low Priority,No immediate intervention
4361-FEBGN,0.0323,252.95,8.17,6701,Low Priority,No immediate intervention
9800-OUIGR,0.0323,252.86,8.17,6702,Low Priority,No immediate intervention
7815-PDTHL,0.0323,252.97,8.17,6703,Low Priority,No immediate intervention
8747-UDCOI,0.0323,252.95,8.17,6704,Low Priority,No immediate intervention
5469-NUJUR,0.0323,252.74,8.16,6705,Low Priority,No immediate intervention
3996-ZNWYK,0.0323,252.57,8.16,6706,Low Priority,No immediate intervention
0932-YIXYU,0.0323,252.66,8.16,6707,Low Priority,No immediate intervention
3910-MRQOY,0.0323,252.73,8.16,6708,Low Priority,No immediate intervention
3070-FNFZQ,0.0323,252.72,8.16,6709,Low Priority,No immediate intervention
4825-FUREZ,0.0323,252.67,8.16,6710,Low Priority,No immediate intervention
9392-XBGTD,0.0323,252.49,8.16,6711,Low Priority,No immediate intervention
8577-QSOCG,0.0323,252.65,8.16,6712,Low Priority,No immediate intervention
9710-NJERN,0.0323,252.77,8.16,6713,Low Priority,No immediate intervention
0506-YLVKJ,0.0323,252.48,8.16,6714,Low Priority,No immediate intervention
3190-ITQXP,0.0323,252.61,8.16,6715,Low Priority,No immediate intervention
6518-PPLMZ,0.0323,252.17,8.15,6716,Low Priority,No immediate intervention
7321-KKSDU,0.0323,252.18,8.15,6717,Low Priority,No immediate intervention
8464-EETCQ,0.0323,252.26,8.15,6718,Low Priority,No immediate intervention
8966-SNIZF,0.0323,252.26,8.15,6719,Low Priority,No immediate intervention
9418-RUKPH,0.0323,252.38,8.15,6720,Low Priority,No immediate intervention
8559-WNQZS,0.0323,252.24,8.15,6721,Low Priority,No immediate intervention
1328-EUZHC,0.0323,252.01,8.14,6722,Low Priority,No immediate intervention
3239-TPHPZ,0.0323,252.11,8.14,6723,Low Priority,No immediate intervention
7267-FRMJW,0.0323,252.02,8.14,6724,Low Priority,No immediate intervention
6265-FRMTQ,0.0323,252.1,8.14,6725,Low Priority,No immediate intervention
8917-SZTTJ,0.0323,252.01,8.14,6726,Low Priority,No immediate intervention
7167-PCEYD,0.0323,251.98,8.14,6727,Low Priority,No immediate intervention
3976-HXHCE,0.0323,251.98,8.14,6728,Low Priority,No immediate intervention
9814-AOUDH,0.0323,251.99,8.14,6729,Low Priority,No immediate intervention
3769-MHZNV,0.0323,252.08,8.14,6730,Low Priority,No immediate intervention
1403-GYAFU,0.0323,252.01,8.14,6731,Low Priority,No immediate intervention
0042-RLHYP,0.0323,251.95,8.14,6732,Low Priority,No immediate intervention
2300-RQGOI,0.0323,251.84,8.13,6733,Low Priority,No immediate intervention
9950-MTGYX,0.0323,251.85,8.13,6734,Low Priority,No immediate intervention
0625-AFOHS,0.0323,251.76,8.13,6735,Low Priority,No immediate intervention
0613-WUXUM,0.0323,251.73,8.13,6736,Low Priority,No immediate intervention
2642-MAWLJ,0.0323,251.65,8.13,6737,Low Priority,No immediate intervention
2030-BTZRO,0.0323,251.79,8.13,6738,Low Priority,No immediate intervention
5014-GSOUQ,0.0323,251.85,8.13,6739,Low Priority,No immediate intervention
5845-BZZIB,0.0323,251.84,8.13,6740,Low Priority,No immediate intervention
9068-FHQHD,0.0323,251.54,8.12,6741,Low Priority,No immediate intervention
9565-AXSMR,0.0323,251.25,8.12,6742,Low Priority,No immediate intervention
7277-KAMWT,0.0323,251.45,8.12,6743,Low Priority,No immediate intervention
6696-YDAYZ,0.0323,251.34,8.12,6744,Low Priority,No immediate intervention
5057-RKGLH,0.0323,251.43,8.12,6745,Low Priority,No immediate intervention
5242-UOWHD,0.0323,251.51,8.12,6746,Low Priority,No immediate intervention
7596-IIWYC,0.0323,251.46,8.12,6747,Low Priority,No immediate intervention
9972-EWRJS,0.0323,251.3,8.12,6748,Low Priority,No immediate intervention
4609-KNNWG,0.0323,251.24,8.12,6749,Low Priority,No immediate intervention
3308-DGHKL,0.0323,251.47,8.12,6750,Low Priority,No immediate intervention
5787-KXGIY,0.0323,250.94,8.11,6751,Low Priority,No immediate intervention
6169-PPETC,0.0323,251.23,8.11,6752,Low Priority,No immediate intervention
1223-UNPKS,0.0323,251.05,8.11,6753,Low Priority,No immediate intervention
2007-QVGAW,0.0323,251.04,8.11,6754,Low Priority,No immediate intervention
1098-KFQEC,0.0323,251.22,8.11,6755,Low Priority,No immediate intervention
2607-DHDAK,0.0323,251.18,8.11,6756,Low Priority,No immediate intervention
4804-NCPET,0.0323,250.96,8.11,6757,Low Priority,No immediate intervention
4878-BUNFV,0.0323,250.97,8.11,6758,Low Priority,No immediate intervention
6551-VLJMV,0.0323,251.21,8.11,6759,Low Priority,No immediate intervention
2017-CCBLH,0.0323,251.01,8.11,6760,Low Priority,No immediate intervention
1099-GODLO,0.0323,250.66,8.1,6761,Low Priority,No immediate intervention
1764-VUUMT,0.0323,250.71,8.1,6762,Low Priority,No immediate intervention
2333-KWEWW,0.0323,250.75,8.1,6763,Low Priority,No immediate intervention
9081-WWXKP,0.0323,250.89,8.1,6764,Low Priority,No immediate intervention
0224-NIJLP,0.0323,250.84,8.1,6765,Low Priority,No immediate intervention
2848-YXSMW,0.0323,250.76,8.1,6766,Low Priority,No immediate intervention
0825-CPPQH,0.0323,250.77,8.1,6767,Low Priority,No immediate intervention
4884-LEVMQ,0.0323,250.43,8.09,6768,Low Priority,No immediate intervention
1087-GRUYI,0.0323,250.35,8.09,6769,Low Priority,No immediate intervention
9585-KKMFD,0.0323,250.52,8.09,6770,Low Priority,No immediate intervention
8388-DMKAE,0.0323,250.61,8.09,6771,Low Priority,No immediate intervention
9251-AWQGT,0.0323,250.32,8.09,6772,Low Priority,No immediate intervention
5296-BFCYD,0.0323,250.42,8.09,6773,Low Priority,No immediate intervention
1635-HDGFT,0.0323,250.6,8.09,6774,Low Priority,No immediate intervention
7293-LSCDV,0.0323,250.56,8.09,6775,Low Priority,No immediate intervention
8999-EXMNO,0.0323,250.48,8.09,6776,Low Priority,No immediate intervention
0301-KOBTQ,0.0323,250.57,8.09,6777,Low Priority,No immediate intervention
1945-XISKS,0.0323,250.37,8.09,6778,Low Priority,No immediate intervention
7729-XBTWX,0.0323,250.06,8.08,6779,Low Priority,No immediate intervention
3115-CZMZD,0.0323,250.27,8.08,6780,Low Priority,No immediate intervention
7602-DBTOU,0.0323,250.08,8.08,6781,Low Priority,No immediate intervention
3970-XGJDU,0.0323,249.83,8.07,6782,Low Priority,No immediate intervention
8514-VZHEB,0.0323,249.91,8.07,6783,Low Priority,No immediate intervention
1302-TPUBN,0.0323,249.74,8.07,6784,Low Priority,No immediate intervention
3717-FDJFU,0.0323,249.94,8.07,6785,Low Priority,No immediate intervention
0831-JNISG,0.0323,249.93,8.07,6786,Low Priority,No immediate intervention
2587-YNLES,0.0323,249.82,8.07,6787,Low Priority,No immediate intervention
3279-DYZQM,0.0323,249.53,8.06,6788,Low Priority,No immediate intervention
9385-EHGDO,0.0323,249.56,8.06,6789,Low Priority,No immediate intervention
3635-QQRQD,0.0323,249.4,8.06,6790,Low Priority,No immediate intervention
5231-FIQPA,0.0323,249.45,8.06,6791,Low Priority,No immediate intervention
2146-EGVDT,0.0323,249.15,8.05,6792,Low Priority,No immediate intervention
1494-EJZDW,0.0323,249.24,8.05,6793,Low Priority,No immediate intervention
2520-SGTTA,0.0323,249.13,8.05,6794,Low Priority,No immediate intervention
5799-JRCZO,0.0323,248.79,8.04,6795,Low Priority,No immediate intervention
9625-RZFUK,0.0323,249.03,8.04,6796,Low Priority,No immediate intervention
7328-ZJAJO,0.0323,248.77,8.04,6797,Low Priority,No immediate intervention
2796-NNUFI,0.0323,248.97,8.04,6798,Low Priority,No immediate intervention
6734-JDTTV,0.0323,248.64,8.03,6799,Low Priority,No immediate intervention
5310-NOOVA,0.0323,248.53,8.03,6800,Low Priority,No immediate intervention
5171-EPLKN,0.0323,248.63,8.03,6801,Low Priority,No immediate intervention
0064-SUDOG,0.0323,248.5,8.03,6802,Low Priority,No immediate intervention
6323-AYBRX,0.0323,248.69,8.03,6803,Low Priority,No immediate intervention
5726-CVNYA,0.0323,248.46,8.03,6804,Low Priority,No immediate intervention
2208-MPXIO,0.0323,248.45,8.02,6805,Low Priority,No immediate intervention
7064-JHXCE,0.0323,248.45,8.02,6806,Low Priority,No immediate intervention
8314-HTWVE,0.0323,248.35,8.02,6807,Low Priority,No immediate intervention
0754-EEBDC,0.0323,248.31,8.02,6808,Low Priority,No immediate intervention
8917-FAEMR,0.0323,248.45,8.02,6809,Low Priority,No immediate intervention
7634-HLQJR,0.0323,248.13,8.01,6810,Low Priority,No immediate intervention
2729-VNVAP,0.0323,248.13,8.01,6811,Low Priority,No immediate intervention
6848-HJTXY,0.0323,247.93,8.01,6812,Low Priority,No immediate intervention
2805-AUFQN,0.0323,247.54,8.0,6813,Low Priority,No immediate intervention
8347-GDTMP,0.0323,247.57,8.0,6814,Low Priority,No immediate intervention
8215-NGSPE,0.0323,247.68,8.0,6815,Low Priority,No immediate intervention
5346-BZCHP,0.0323,247.78,8.0,6816,Low Priority,No immediate intervention
6725-TPKJO,0.0323,247.74,8.0,6817,Low Priority,No immediate intervention
3498-LZGQZ,0.0323,247.82,8.0,6818,Low Priority,No immediate intervention
8896-RAZCR,0.0323,247.32,7.99,6819,Low Priority,No immediate intervention
1839-FBNFR,0.0323,247.24,7.99,6820,Low Priority,No immediate intervention
3620-EHIMZ,0.0323,247.0,7.98,6821,Low Priority,No immediate intervention
1241-FPMOF,0.0323,246.97,7.98,6822,Low Priority,No immediate intervention
2068-WWXQZ,0.0323,246.98,7.98,6823,Low Priority,No immediate intervention
9624-EGDEQ,0.0323,246.69,7.97,6824,Low Priority,No immediate intervention
7643-RCHXS,0.0323,246.78,7.97,6825,Low Priority,No immediate intervention
8043-PNYSD,0.0323,246.75,7.97,6826,Low Priority,No immediate intervention
9227-UAQFT,0.0323,246.75,7.97,6827,Low Priority,No immediate intervention
4703-MQYKT,0.0323,246.42,7.96,6828,Low Priority,No immediate intervention
7696-CFTAT,0.0323,246.56,7.96,6829,Low Priority,No immediate intervention
9916-AYHTC,0.0323,246.29,7.96,6830,Low Priority,No immediate intervention
7941-RCJOW,0.0323,246.0,7.95,6831,Low Priority,No immediate intervention
8857-CUPFQ,0.0323,246.23,7.95,6832,Low Priority,No immediate intervention
5063-IUOKK,0.0323,246.24,7.95,6833,Low Priority,No immediate intervention
2616-FLVQC,0.0323,246.05,7.95,6834,Low Priority,No immediate intervention
3865-ZFZIB,0.0323,246.27,7.95,6835,Low Priority,No immediate intervention
7977-HXJKU,0.0323,246.24,7.95,6836,Low Priority,No immediate intervention
7644-OMVMY,0.0323,245.85,7.94,6837,Low Priority,No immediate intervention
5970-GHJAW,0.0323,245.77,7.94,6838,Low Priority,No immediate intervention
0608-JDVEC,0.0323,245.89,7.94,6839,Low Priority,No immediate intervention
4452-ROHMO,0.0323,245.48,7.93,6840,Low Priority,No immediate intervention
9764-REAFF,0.0323,245.63,7.93,6841,Low Priority,No immediate intervention
3719-TDVQB,0.0323,245.3,7.92,6842,Low Priority,No immediate intervention
5148-HKFIR,0.0323,245.25,7.92,6843,Low Priority,No immediate intervention
2626-VEEWG,0.0323,245.12,7.92,6844,Low Priority,No immediate intervention
3352-RICWQ,0.0323,244.77,7.91,6845,Low Priority,No immediate intervention
9548-LERKT,0.0323,243.93,7.88,6846,Low Priority,No immediate intervention
7601-GNDYK,0.0323,243.73,7.87,6847,Low Priority,No immediate intervention
4698-KVLLG,0.0323,243.56,7.87,6848,Low Priority,No immediate intervention
7427-AUFPY,0.0323,243.65,7.87,6849,Low Priority,No immediate intervention
9500-WBGRP,0.0323,243.79,7.87,6850,Low Priority,No immediate intervention
5442-PPTJY,0.0323,243.77,7.87,6851,Low Priority,No immediate intervention
2675-IJRGJ,0.0323,243.34,7.86,6852,Low Priority,No immediate intervention
9424-CMPOG,0.0323,243.45,7.86,6853,Low Priority,No immediate intervention
1699-TLDLZ,0.0323,243.35,7.86,6854,Low Priority,No immediate intervention
3078-ZKNTS,0.0323,243.31,7.86,6855,Low Priority,No immediate intervention
0486-LGCCH,0.0323,243.44,7.86,6856,Low Priority,No immediate intervention
4335-UPJSI,0.0323,243.03,7.85,6857,Low Priority,No immediate intervention
5647-URDKA,0.0323,243.05,7.85,6858,Low Priority,No immediate intervention
5495-GPSRW,0.0323,243.01,7.85,6859,Low Priority,No immediate intervention
8148-WOCMK,0.0323,242.66,7.84,6860,Low Priority,No immediate intervention
5804-JMYIO,0.0323,242.67,7.84,6861,Low Priority,No immediate intervention
5696-EXCYS,0.0323,242.6,7.84,6862,Low Priority,No immediate intervention
2266-FUBDZ,0.0323,242.72,7.84,6863,Low Priority,No immediate intervention
2595-KIWPV,0.0323,242.62,7.84,6864,Low Priority,No immediate intervention
9975-GPKZU,0.0323,242.44,7.83,6865,Low Priority,No immediate intervention
6048-NJXHX,0.0323,241.98,7.82,6866,Low Priority,No immediate intervention
3721-WKIIL,0.0323,242.01,7.82,6867,Low Priority,No immediate intervention
2817-LVCPP,0.0323,241.97,7.82,6868,Low Priority,No immediate intervention
1106-HRLKZ,0.0323,242.01,7.82,6869,Low Priority,No immediate intervention
3525-DVKFN,0.0323,242.26,7.82,6870,Low Priority,No immediate intervention
1354-YZFNB,0.0323,242.15,7.82,6871,Low Priority,No immediate intervention
1709-EJDOX,0.0323,241.77,7.81,6872,Low Priority,No immediate intervention
1093-YSWCA,0.0323,241.75,7.81,6873,Low Priority,No immediate intervention
6368-TZZDT,0.0323,241.84,7.81,6874,Low Priority,No immediate intervention
9150-KPBJQ,0.0323,241.76,7.81,6875,Low Priority,No immediate intervention
4573-JKNAE,0.0323,241.79,7.81,6876,Low Priority,No immediate intervention
0354-VXMJC,0.0323,241.89,7.81,6877,Low Priority,No immediate intervention
1627-AFWVJ,0.0323,241.42,7.8,6878,Low Priority,No immediate intervention
2138-VFAPZ,0.0323,241.45,7.8,6879,Low Priority,No immediate intervention
9631-RXVJM,0.0323,241.51,7.8,6880,Low Priority,No immediate intervention
0854-UYHZD,0.0323,241.36,7.8,6881,Low Priority,No immediate intervention
1047-RNXZV,0.0323,241.08,7.79,6882,Low Priority,No immediate intervention
7552-KEYGT,0.0323,241.27,7.79,6883,Low Priority,No immediate intervention
1270-XKUCC,0.0323,240.93,7.78,6884,Low Priority,No immediate intervention
3546-GHEAE,0.0323,240.55,7.77,6885,Low Priority,No immediate intervention
9646-NMHXE,0.0323,240.24,7.76,6886,Low Priority,No immediate intervention
3451-VAWLI,0.0323,240.09,7.75,6887,Low Priority,No immediate intervention
2230-XTUWL,0.0323,239.98,7.75,6888,Low Priority,No immediate intervention
0839-QNXME,0.0323,239.92,7.75,6889,Low Priority,No immediate intervention
5093-FEGLU,0.0323,239.53,7.74,6890,Low Priority,No immediate intervention
8173-RXAYP,0.0323,239.54,7.74,6891,Low Priority,No immediate intervention
0362-RAOQO,0.0323,239.62,7.74,6892,Low Priority,No immediate intervention
9938-PRCVK,0.0323,239.53,7.74,6893,Low Priority,No immediate intervention
7242-EDTYC,0.0323,239.19,7.73,6894,Low Priority,No immediate intervention
2229-DPMBI,0.0323,239.26,7.73,6895,Low Priority,No immediate intervention
7337-CINUD,0.0323,239.34,7.73,6896,Low Priority,No immediate intervention
7196-LIWRH,0.0323,239.47,7.73,6897,Low Priority,No immediate intervention
7850-THJMU,0.0323,239.38,7.73,6898,Low Priority,No immediate intervention
3266-FTKHB,0.0323,239.15,7.72,6899,Low Priority,No immediate intervention
0386-CWRGM,0.0323,238.94,7.72,6900,Low Priority,No immediate intervention
2892-GESUL,0.0323,238.7,7.71,6901,Low Priority,No immediate intervention
1985-MBRYP,0.0323,238.58,7.71,6902,Low Priority,No immediate intervention
6425-JWTDV,0.0323,238.17,7.69,6903,Low Priority,No immediate intervention
8922-NPKBJ,0.0323,238.05,7.69,6904,Low Priority,No immediate intervention
4641-FROLU,0.0323,238.08,7.69,6905,Low Priority,No immediate intervention
0559-CKHUS,0.0323,237.67,7.68,6906,Low Priority,No immediate intervention
6762-NSODU,0.0323,237.91,7.68,6907,Low Priority,No immediate intervention
0164-XAIRP,0.0323,237.78,7.68,6908,Low Priority,No immediate intervention
1089-XZWHH,0.0323,237.67,7.68,6909,Low Priority,No immediate intervention
0206-OYVOC,0.0323,237.5,7.67,6910,Low Priority,No immediate intervention
3764-MNMOI,0.0323,237.0,7.66,6911,Low Priority,No immediate intervention
8143-ETQTI,0.0323,237.29,7.66,6912,Low Priority,No immediate intervention
4742-TXUEX,0.0323,236.7,7.65,6913,Low Priority,No immediate intervention
5859-HZYLF,0.0323,236.73,7.65,6914,Low Priority,No immediate intervention
5465-BUBFA,0.0323,236.39,7.64,6915,Low Priority,No immediate intervention
6479-SZPLM,0.0323,236.57,7.64,6916,Low Priority,No immediate intervention
2428-HYUNX,0.0323,236.3,7.63,6917,Low Priority,No immediate intervention
4475-NVTLU,0.0323,235.25,7.6,6918,Low Priority,No immediate intervention
0621-CXBKL,0.0323,235.21,7.6,6919,Low Priority,No immediate intervention
4774-HHGGS,0.0323,234.65,7.58,6920,Low Priority,No immediate intervention
7469-LKBCI,0.0323,233.73,7.55,6921,Low Priority,No immediate intervention
2005-DWQZJ,0.0323,232.65,7.51,6922,Low Priority,No immediate intervention
4635-EJYPD,0.0323,232.63,7.51,6923,Low Priority,No immediate intervention
7473-ZBDSN,0.0323,232.66,7.51,6924,Low Priority,No immediate intervention
4933-BSAIP,0.0323,232.43,7.51,6925,Low Priority,No immediate intervention
9945-PSVIP,0.0323,232.11,7.5,6926,Low Priority,No immediate intervention
1407-DIGZV,0.0323,232.35,7.5,6927,Low Priority,No immediate intervention
0827-ITJPH,0.0323,231.72,7.48,6928,Low Priority,No immediate intervention
5451-YHYPW,0.0,1746.53,0.0,6929,Valuable but Stable,Monitor and maintain relationship
5914-XRFQB,0.0,1731.92,0.0,6930,Valuable but Stable,Monitor and maintain relationship
5322-TEUJK,0.0,1696.14,0.0,6931,Valuable but Stable,Monitor and maintain relationship
8915-NNTRC,0.0,1666.41,0.0,6932,Valuable but Stable,Monitor and maintain relationship
0907-HQNTS,0.0,1723.99,0.0,6933,Valuable but Stable,Monitor and maintain relationship
3669-WHAFY,0.0,1767.08,0.0,6934,Valuable but Stable,Monitor and maintain relationship
5135-GRQJV,0.0,1722.73,0.0,6935,Valuable but Stable,Monitor and maintain relationship
3518-FSTWG,0.0,1591.15,0.0,6936,Valuable but Stable,Monitor and maintain relationship
8309-PPCED,0.0,1620.79,0.0,6937,Valuable but Stable,Monitor and maintain relationship
8853-TZDGH,0.0,1682.97,0.0,6938,Valuable but Stable,Monitor and maintain relationship
1352-HNSAW,0.0,1770.34,0.0,6939,Valuable but Stable,Monitor and maintain relationship
0266-GMEAO,0.0,1708.99,0.0,6940,Valuable but Stable,Monitor and maintain relationship
2469-DTSGX,0.0,1705.24,0.0,6941,Valuable but Stable,Monitor and maintain relationship
7923-IYJWY,0.0,1762.28,0.0,6942,Valuable but Stable,Monitor and maintain relationship
3892-NXAZG,0.0,1670.87,0.0,6943,Valuable but Stable,Monitor and maintain relationship
9351-HXDMR,0.0,1689.09,0.0,6944,Valuable but Stable,Monitor and maintain relationship
0106-UGRDO,0.0,1774.38,0.0,6945,Valuable but Stable,Monitor and maintain relationship
0835-JKADZ,0.0,1718.68,0.0,6946,Valuable but Stable,Monitor and maintain relationship
1320-GVNHT,0.0,1618.7,0.0,6947,Valuable but Stable,Monitor and maintain relationship
0675-NCDYU,0.0,1755.49,0.0,6948,Valuable but Stable,Monitor and maintain relationship
9924-JPRMC,0.0,1758.73,0.0,6949,Valuable but Stable,Monitor and maintain relationship
3726-TBHQT,0.0,1693.39,0.0,6950,Valuable but Stable,Monitor and maintain relationship
8606-CIQUL,0.0,1714.32,0.0,6951,Valuable but Stable,Monitor and maintain relationship
8454-AATJP,0.0,1690.05,0.0,6952,Valuable but Stable,Monitor and maintain relationship
9739-JLPQJ,0.0,1744.41,0.0,6953,Valuable but Stable,Monitor and maintain relationship
3258-SYSWS,0.0,1752.0,0.0,6954,Valuable but Stable,Monitor and maintain relationship
6993-YGFJV,0.0,1705.86,0.0,6955,Valuable but Stable,Monitor and maintain relationship
8823-RLPWL,0.0,1591.66,0.0,6956,Valuable but Stable,Monitor and maintain relationship
9070-BCKQP,0.0,1652.29,0.0,6957,Valuable but Stable,Monitor and maintain relationship
3520-FJGCV,0.0,1676.33,0.0,6958,Valuable but Stable,Monitor and maintain relationship
2368-GAKKQ,0.0,1747.4,0.0,6959,Valuable but Stable,Monitor and maintain relationship
0619-OLYUR,0.0,1708.92,0.0,6960,Valuable but Stable,Monitor and maintain relationship
4393-GEADV,0.0,1706.4,0.0,6961,Valuable but Stable,Monitor and maintain relationship
5304-EFJLP,0.0,1696.81,0.0,6962,Valuable but Stable,Monitor and maintain relationship
1480-BKXGA,0.0,1747.14,0.0,6963,Valuable but Stable,Monitor and maintain relationship
9031-ZVQPT,0.0,1679.08,0.0,6964,Valuable but Stable,Monitor and maintain relationship
7359-WWYJV,0.0,1670.3,0.0,6965,Valuable but Stable,Monitor and maintain relationship
9866-OCCKE,0.0,1671.47,0.0,6966,Valuable but Stable,Monitor and maintain relationship
6445-TNRXS,0.0,1722.93,0.0,6967,Valuable but Stable,Monitor and maintain relationship
6614-FHDBO,0.0,1633.3,0.0,6968,Valuable but Stable,Monitor and maintain relationship
8879-XUAHX,0.0,1755.11,0.0,6969,Valuable but Stable,Monitor and maintain relationship
3963-RYFNS,0.0,1793.78,0.0,6970,Valuable but Stable,Monitor and maintain relationship
3258-ZKPAI,0.0,1766.86,0.0,6971,Valuable but Stable,Monitor and maintain relationship
8975-SKGRX,0.0,1748.89,0.0,6972,Valuable but Stable,Monitor and maintain relationship
5183-KLYEM,0.0,1702.98,0.0,6973,Valuable but Stable,Monitor and maintain relationship
9861-PDSZP,0.0,1679.47,0.0,6974,Valuable but Stable,Monitor and maintain relationship
3580-HYCSP,0.0,1589.84,0.0,6975,Valuable but Stable,Monitor and maintain relationship
7602-MVRMB,0.0,1626.9,0.0,6976,Valuable but Stable,Monitor and maintain relationship
9298-WGMRW,0.0,1767.6,0.0,6977,Valuable but Stable,Monitor and maintain relationship
2380-DAMQP,0.0,1739.21,0.0,6978,Valuable but Stable,Monitor and maintain relationship
6007-TCTST,0.0,1756.99,0.0,6979,Valuable but Stable,Monitor and maintain relationship
4670-TABXH,0.0,1664.75,0.0,6980,Valuable but Stable,Monitor and maintain relationship
7569-NMZYQ,0.0,1763.25,0.0,6981,Valuable but Stable,Monitor and maintain relationship
7134-HBPBS,0.0,1623.46,0.0,6982,Valuable but Stable,Monitor and maintain relationship
4304-TSPVK,0.0,1754.0,0.0,6983,Valuable but Stable,Monitor and maintain relationship
5989-AXPUC,0.0,1777.24,0.0,6984,Valuable but Stable,Monitor and maintain relationship
6919-ELBGL,0.0,1716.64,0.0,6985,Valuable but Stable,Monitor and maintain relationship
3508-CFVZL,0.0,1701.92,0.0,6986,Valuable but Stable,Monitor and maintain relationship
7929-SKFGK,0.0,1687.05,0.0,6987,Valuable but Stable,Monitor and maintain relationship
2388-LAESQ,0.0,1755.76,0.0,6988,Valuable but Stable,Monitor and maintain relationship
1043-UXOVO,0.0,1711.22,0.0,6989,Valuable but Stable,Monitor and maintain relationship
6295-OSINB,0.0,1609.08,0.0,6990,Valuable but Stable,Monitor and maintain relationship
9680-NIAUV,0.0,1606.23,0.0,6991,Valuable but Stable,Monitor and maintain relationship
6859-QNXIQ,0.0,1721.21,0.0,6992,Valuable but Stable,Monitor and maintain relationship
0536-ACXIP,0.0,1614.17,0.0,6993,Valuable but Stable,Monitor and maintain relationship
0164-APGRB,0.0,1725.26,0.0,6994,Valuable but Stable,Monitor and maintain relationship
2121-JAFOM,0.0,1759.4,0.0,6995,Valuable but Stable,Monitor and maintain relationship
6650-BWFRT,0.0,1742.5,0.0,6996,Valuable but Stable,Monitor and maintain relationship
9802-CAQUT,0.0,1610.69,0.0,6997,Valuable but Stable,Monitor and maintain relationship
0013-SMEOE,0.0,1650.38,0.0,6998,Valuable but Stable,Monitor and maintain relationship
0017-IUDMW,0.0,1769.87,0.0,6999,Valuable but Stable,Monitor and maintain relationship
8628-MFKAX,0.0,1783.89,0.0,7000,Valuable but Stable,Monitor and maintain relationship
2193-SFWQW,0.0,1688.46,0.0,7001,Valuable but Stable,Monitor and maintain relationship
4376-KFVRS,0.0,1668.09,0.0,7002,Valuable but Stable,Monitor and maintain relationship
3810-DVDQQ,0.0,1770.79,0.0,7003,Valuable but Stable,Monitor and maintain relationship
1841-YSJGV,0.0,1656.86,0.0,7004,Valuable but Stable,Monitor and maintain relationship
0906-QVPMS,0.0,1708.58,0.0,7005,Valuable but Stable,Monitor and maintain relationship
7030-FZTFM,0.0,1663.31,0.0,7006,Valuable but Stable,Monitor and maintain relationship
1291-CUOCY,0.0,1638.68,0.0,7007,Valuable but Stable,Monitor and maintain relationship
7566-DSRLQ,0.0,1654.69,0.0,7008,Valuable but Stable,Monitor and maintain relationship
3795-CAWEX,0.0,1750.43,0.0,7009,Valuable but Stable,Monitor and maintain relationship
4829-ZLJTK,0.0,1717.85,0.0,7010,Valuable but Stable,Monitor and maintain relationship
7255-SSFBC,0.0,1695.71,0.0,7011,Valuable but Stable,Monitor and maintain relationship
5038-ETMLM,0.0,1744.8,0.0,7012,Valuable but Stable,Monitor and maintain relationship
9258-CNWAC,0.0,1679.55,0.0,7013,Valuable but Stable,Monitor and maintain relationship
2499-AJYUA,0.0,1642.18,0.0,7014,Valuable but Stable,Monitor and maintain relationship
8984-HPEMB,0.0,1766.54,0.0,7015,Valuable but Stable,Monitor and maintain relationship
8015-IHCGW,0.0,1782.1,0.0,7016,Valuable but Stable,Monitor and maintain relationship
2599-CIPQE,0.0,1673.35,0.0,7017,Valuable but Stable,Monitor and maintain relationship
2223-GDSHL,0.0,1747.92,0.0,7018,Valuable but Stable,Monitor and maintain relationship
3870-SPZSI,0.0,1710.84,0.0,7019,Valuable but Stable,Monitor and maintain relationship
9788-HNGUT,0.0,1721.64,0.0,7020,Valuable but Stable,Monitor and maintain relationship
3396-DKDEL,0.0,1758.12,0.0,7021,Valuable but Stable,Monitor and maintain relationship
8513-OLYGY,0.0,1719.78,0.0,7022,Valuable but Stable,Monitor and maintain relationship
1162-ECVII,0.0,1642.23,0.0,7023,Valuable but Stable,Monitor and maintain relationship
8263-QMNTJ,0.0,1760.65,0.0,7024,Valuable but Stable,Monitor and maintain relationship
1779-PWPMG,0.0,1753.87,0.0,7025,Valuable but Stable,Monitor and maintain relationship
0530-IJVDB,0.0,1738.69,0.0,7026,Valuable but Stable,Monitor and maintain relationship
9637-CDTKZ,0.0,1741.01,0.0,7027,Valuable but Stable,Monitor and maintain relationship
2040-XBAVJ,0.0,1683.74,0.0,7028,Valuable but Stable,Monitor and maintain relationship
9239-GZHZE,0.0,1737.0,0.0,7029,Valuable but Stable,Monitor and maintain relationship
6904-JLBGY,0.0,1754.17,0.0,7030,Valuable but Stable,Monitor and maintain relationship
4909-JOUPP,0.0,1661.35,0.0,7031,Valuable but Stable,Monitor and maintain relationship
8670-ERCJH,0.0,1717.92,0.0,7032,Valuable but Stable,Monitor and maintain relationship
3655-SNQYZ,0.0,1705.71,0.0,7033,Valuable but Stable,Monitor and maintain relationship
5954-BDFSG,0.0,1669.13,0.0,7034,Valuable but Stable,Monitor and maintain relationship
9127-FHJBZ,0.0,1753.11,0.0,7035,Valuable but Stable,Monitor and maintain relationship
8207-DMRVL,0.0,1662.96,0.0,7036,Valuable but Stable,Monitor and maintain relationship
0378-CJKPV,0.0,1723.35,0.0,7037,Valuable but Stable,Monitor and maintain relationship
3831-YCPUO,0.0,1660.11,0.0,7038,Valuable but Stable,Monitor and maintain relationship
8029-XYPWT,0.0,1750.18,0.0,7039,Valuable but Stable,Monitor and maintain relationship
5271-YNWVR,0.0,1737.33,0.0,7040,Valuable but Stable,Monitor and maintain relationship
1488-PBLJN,0.0,1777.59,0.0,7041,Valuable but Stable,Monitor and maintain relationship
5172-RKOCB,0.0,1654.68,0.0,7042,Valuable but Stable,Monitor and maintain relationship
7055-JCGNI,0.0,1693.86,0.0,7043,Valuable but Stable,Monitor and maintain relationship
